port,service_name,banner_text,os_fingerprint,vuln_score
3306,SMB,SMB version 2.3,Windows,7.25
3306,MongoDB,MongoDB version 4.8,Linux,4.29
3306,MariaDB,MariaDB version 8.0,Unix,5.47
3306,PostgreSQL,PostgreSQL version 4.3,Linux,6.78
3306,MongoDB,MongoDB version 3.6,Linux,4.15
3306,MariaDB,MariaDB version 3.8,Unix,4.15
80,Apache,Apache version 3.2,Unix,6.87
22,OpenSSH,OpenSSH version 8.3,Linux,5.65
21,vsftpd,vsftpd version 3.2,Windows,3.8
22,OpenSSH,OpenSSH version 9.4,Linux,5.31
3306,SMB,SMB version 4.9,Unix,5.8
3306,PostgreSQL,PostgreSQL version 4.7,Linux,3.8
80,Apache,Apache version 1.6,Windows,4.86
3306,MariaDB,MariaDB version 2.4,Unix,1.63
3306,Redis,Redis version 8.4,Unix,1.91
21,ProFTPD,ProFTPD version 6.0,Windows,5.66
21,ProFTPD,ProFTPD version 3.6,Linux,4.98
80,Apache,Apache version 4.8,Windows,4.97
3306,MySQL,MySQL version 4.8,Linux,3.14
3306,Redis,Redis version 4.0,Linux,2.38
22,OpenSSH,OpenSSH version 2.2,Linux,6.7
22,OpenSSH,OpenSSH version 1.7,Unix,4.16
22,OpenSSH,OpenSSH version 2.8,Linux,4.6
80,Apache,Apache version 5.1,Windows,2.36
80,nginx,nginx version 4.0,Linux,3.68
3306,MongoDB,MongoDB version 4.4,Unix,4.67
3306,SMB,SMB version 5.4,Windows,4.77
80,Apache,Apache version 6.8,Linux,5.06
3306,PostgreSQL,PostgreSQL version 5.4,Linux,3.6
80,Apache,Apache version 8.2,Windows,4.06
21,ProFTPD,ProFTPD version 1.3,Linux,5.6
3306,MySQL,MySQL version 9.9,Unix,7.28
3306,MySQL,MySQL version 8.4,Unix,4.48
21,vsftpd,vsftpd version 1.9,Windows,2.91
80,nginx,nginx version 1.1,Unix,5.73
80,LiteSpeed,LiteSpeed version 5.6,Unix,2.67
3306,MariaDB,MariaDB version 2.9,Windows,4.81
3306,MariaDB,MariaDB version 9.2,Linux,1.56
3306,PostgreSQL,PostgreSQL version 7.7,Linux,2.51
3306,MySQL,MySQL version 5.7,Windows,4.8
3306,MongoDB,MongoDB version 6.9,Windows,5.61
21,ProFTPD,ProFTPD version 9.2,Unix,6.76
21,vsftpd,vsftpd version 3.2,Unix,4.33
21,vsftpd,vsftpd version 4.9,Windows,4.05
3306,MongoDB,MongoDB version 8.4,Linux,2.28
80,LiteSpeed,LiteSpeed version 8.6,Unix,3.42
3306,MongoDB,MongoDB version 2.6,Windows,3.81
21,ProFTPD,ProFTPD version 2.5,Linux,8.09
80,LiteSpeed,LiteSpeed version 6.2,Windows,5.02
21,ProFTPD,ProFTPD version 2.2,Unix,3.86
3306,MariaDB,MariaDB version 6.6,Windows,4.99
3306,Redis,Redis version 2.5,Unix,3.92
80,LiteSpeed,LiteSpeed version 3.8,Linux,3.48
80,nginx,nginx version 9.5,Linux,5.42
80,nginx,nginx version 7.0,Linux,6.05
21,vsftpd,vsftpd version 6.9,Linux,5.9
21,ProFTPD,ProFTPD version 6.2,Unix,5.24
3306,MariaDB,MariaDB version 7.5,Unix,4.04
3306,SMB,SMB version 6.6,Linux,7.0
3306,PostgreSQL,PostgreSQL version 4.2,Windows,5.96
3306,Redis,Redis version 1.1,Linux,3.78
80,nginx,nginx version 9.7,Unix,4.22
3306,MariaDB,MariaDB version 8.3,Windows,2.84
3306,RDP,RDP version 9.6,Windows,4.71
80,nginx,nginx version 3.6,Unix,5.72
21,ProFTPD,ProFTPD version 4.5,Unix,8.53
3306,MySQL,MySQL version 4.8,Linux,4.39
3306,MongoDB,MongoDB version 5.5,Linux,6.01
3306,MariaDB,MariaDB version 8.1,Windows,5.04
80,LiteSpeed,LiteSpeed version 7.3,Windows,3.53
21,ProFTPD,ProFTPD version 2.0,Linux,7.04
80,nginx,nginx version 6.3,Windows,6.81
3306,PostgreSQL,PostgreSQL version 7.9,Windows,4.45
3306,MongoDB,MongoDB version 1.5,Unix,6.85
21,ProFTPD,ProFTPD version 9.1,Windows,2.57
3306,MongoDB,MongoDB version 5.2,Unix,5.73
3306,MongoDB,MongoDB version 6.4,Linux,4.63
3306,MongoDB,MongoDB version 1.3,Unix,4.05
3306,RDP,RDP version 2.0,Unix,6.64
3306,MySQL,MySQL version 2.7,Linux,1.52
80,nginx,nginx version 2.2,Linux,4.17
21,ProFTPD,ProFTPD version 9.1,Windows,7.04
80,LiteSpeed,LiteSpeed version 1.2,Windows,6.72
3306,RDP,RDP version 7.2,Linux,5.72
21,vsftpd,vsftpd version 7.5,Windows,3.29
3306,Redis,Redis version 3.4,Linux,3.75
80,LiteSpeed,LiteSpeed version 7.2,Linux,5.87
3306,MariaDB,MariaDB version 4.4,Windows,4.99
21,ProFTPD,ProFTPD version 9.0,Windows,5.71
3306,RDP,RDP version 7.2,Linux,7.27
3306,MySQL,MySQL version 7.8,Unix,4.65
21,ProFTPD,ProFTPD version 4.0,Linux,7.95
80,LiteSpeed,LiteSpeed version 1.9,Unix,3.45
3306,MongoDB,MongoDB version 6.2,Windows,4.01
3306,MongoDB,MongoDB version 1.5,Windows,3.91
22,OpenSSH,OpenSSH version 3.7,Unix,2.3
3306,Redis,Redis version 6.4,Unix,4.94
22,OpenSSH,OpenSSH version 4.1,Windows,4.89
21,ProFTPD,ProFTPD version 7.2,Unix,6.51
3306,SMB,SMB version 3.4,Linux,6.15
21,ProFTPD,ProFTPD version 7.4,Linux,4.38
22,OpenSSH,OpenSSH version 5.2,Windows,3.87
80,LiteSpeed,LiteSpeed version 9.4,Linux,3.99
3306,SMB,SMB version 4.6,Unix,5.3
21,ProFTPD,ProFTPD version 2.2,Windows,6.26
3306,PostgreSQL,PostgreSQL version 5.8,Linux,5.11
3306,MariaDB,MariaDB version 2.6,Unix,7.33
22,OpenSSH,OpenSSH version 1.9,Linux,4.76
3306,MongoDB,MongoDB version 2.7,Windows,4.89
80,LiteSpeed,LiteSpeed version 9.1,Unix,4.39
80,nginx,nginx version 2.5,Unix,1.62
21,ProFTPD,ProFTPD version 7.5,Unix,6.46
21,vsftpd,vsftpd version 4.0,Unix,4.59
80,nginx,nginx version 1.6,Windows,8.19
80,nginx,nginx version 5.1,Linux,4.21
3306,MySQL,MySQL version 6.9,Linux,4.95
21,ProFTPD,ProFTPD version 7.9,Linux,6.45
3306,MariaDB,MariaDB version 3.3,Windows,2.75
3306,Redis,Redis version 7.4,Windows,6.21
80,Apache,Apache version 7.9,Linux,5.63
80,nginx,nginx version 6.8,Unix,5.69
21,vsftpd,vsftpd version 7.7,Windows,3.14
3306,MongoDB,MongoDB version 3.0,Linux,6.6
3306,SMB,SMB version 7.1,Windows,4.4
22,OpenSSH,OpenSSH version 3.8,Linux,5.38
80,LiteSpeed,LiteSpeed version 5.5,Windows,7.79
3306,MongoDB,MongoDB version 5.8,Windows,3.01
80,Apache,Apache version 9.4,Windows,3.65
3306,MariaDB,MariaDB version 1.7,Linux,4.65
3306,SMB,SMB version 3.3,Windows,5.74
3306,Redis,Redis version 6.4,Windows,2.17
21,vsftpd,vsftpd version 5.7,Unix,4.6
3306,MongoDB,MongoDB version 8.4,Linux,2.91
3306,Redis,Redis version 3.1,Unix,5.21
21,vsftpd,vsftpd version 3.7,Linux,3.12
3306,MongoDB,MongoDB version 8.2,Windows,6.82
21,ProFTPD,ProFTPD version 4.9,Windows,5.33
22,OpenSSH,OpenSSH version 1.2,Linux,4.02
80,Apache,Apache version 3.9,Unix,5.72
80,LiteSpeed,LiteSpeed version 6.0,Linux,2.65
80,nginx,nginx version 7.5,Unix,4.84
80,nginx,nginx version 8.0,Unix,6.46
22,OpenSSH,OpenSSH version 7.6,Unix,2.09
3306,SMB,SMB version 8.7,Windows,6.78
21,vsftpd,vsftpd version 7.9,Windows,4.89
22,OpenSSH,OpenSSH version 1.0,Windows,5.67
21,ProFTPD,ProFTPD version 9.1,Unix,4.64
3306,MySQL,MySQL version 8.1,Unix,2.52
22,OpenSSH,OpenSSH version 7.8,Linux,5.28
3306,MySQL,MySQL version 5.2,Linux,4.95
3306,SMB,SMB version 6.4,Windows,6.88
80,nginx,nginx version 4.9,Linux,5.02
3306,Redis,Redis version 8.8,Unix,3.48
3306,MySQL,MySQL version 1.0,Windows,4.85
3306,Redis,Redis version 7.7,Linux,4.94
3306,PostgreSQL,PostgreSQL version 4.0,Linux,3.43
80,Apache,Apache version 9.4,Windows,7.3
80,Apache,Apache version 8.6,Windows,5.21
3306,MySQL,MySQL version 1.4,Linux,2.71
80,nginx,nginx version 9.5,Unix,5.48
3306,Redis,Redis version 9.5,Linux,3.04
3306,MySQL,MySQL version 7.0,Windows,5.68
80,Apache,Apache version 4.0,Windows,6.24
22,OpenSSH,OpenSSH version 2.8,Unix,3.27
3306,Redis,Redis version 9.3,Windows,5.95
3306,RDP,RDP version 9.4,Linux,7.12
22,OpenSSH,OpenSSH version 2.7,Windows,5.73
3306,MongoDB,MongoDB version 9.3,Unix,7.35
3306,Redis,Redis version 4.9,Linux,4.13
3306,MongoDB,MongoDB version 3.3,Windows,3.37
3306,RDP,RDP version 8.1,Linux,5.17
3306,MySQL,MySQL version 7.5,Unix,3.28
3306,SMB,SMB version 9.0,Linux,6.38
3306,PostgreSQL,PostgreSQL version 5.9,Linux,5.01
80,Apache,Apache version 1.3,Linux,4.92
3306,PostgreSQL,PostgreSQL version 1.9,Unix,5.74
80,nginx,nginx version 1.3,Linux,4.52
3306,PostgreSQL,PostgreSQL version 1.6,Linux,6.68
80,Apache,Apache version 7.5,Unix,4.1
80,Apache,Apache version 7.6,Unix,8.58
3306,SMB,SMB version 2.1,Unix,7.44
80,Apache,Apache version 2.3,Linux,3.21
80,nginx,nginx version 9.7,Unix,2.89
3306,Redis,Redis version 5.6,Linux,5.22
3306,SMB,SMB version 4.1,Unix,6.16
3306,MariaDB,MariaDB version 8.1,Windows,5.57
3306,MySQL,MySQL version 1.0,Linux,5.21
3306,PostgreSQL,PostgreSQL version 3.6,Unix,4.39
3306,PostgreSQL,PostgreSQL version 8.7,Linux,3.23
80,nginx,nginx version 3.7,Windows,2.23
3306,PostgreSQL,PostgreSQL version 4.2,Linux,3.83
80,LiteSpeed,LiteSpeed version 5.3,Unix,5.78
3306,RDP,RDP version 9.9,Linux,6.82
3306,RDP,RDP version 6.5,Unix,4.63
3306,MariaDB,MariaDB version 3.8,Windows,4.76
3306,PostgreSQL,PostgreSQL version 2.5,Unix,5.08
3306,SMB,SMB version 5.4,Unix,5.17
22,OpenSSH,OpenSSH version 2.9,Unix,4.73
3306,MongoDB,MongoDB version 9.0,Linux,4.59
3306,Redis,Redis version 4.3,Unix,2.79
3306,MongoDB,MongoDB version 3.1,Linux,5.04
3306,MariaDB,MariaDB version 2.2,Windows,5.34
3306,MySQL,MySQL version 9.8,Linux,6.12
3306,MySQL,MySQL version 5.1,Unix,6.08
80,nginx,nginx version 6.3,Unix,2.43
80,LiteSpeed,LiteSpeed version 7.0,Windows,3.09
3306,MongoDB,MongoDB version 2.4,Windows,5.27
3306,PostgreSQL,PostgreSQL version 8.9,Unix,5.27
3306,SMB,SMB version 1.3,Unix,7.27
21,ProFTPD,ProFTPD version 7.5,Linux,10.0
21,ProFTPD,ProFTPD version 5.0,Linux,7.36
80,nginx,nginx version 9.4,Unix,6.2
3306,MySQL,MySQL version 7.8,Unix,5.93
3306,MariaDB,MariaDB version 3.3,Windows,5.48
80,LiteSpeed,LiteSpeed version 1.9,Unix,4.03
21,vsftpd,vsftpd version 3.3,Windows,5.64
3306,RDP,RDP version 8.4,Linux,5.34
80,Apache,Apache version 4.9,Windows,4.14
3306,SMB,SMB version 1.2,Unix,5.77
3306,MariaDB,MariaDB version 7.1,Windows,4.62
3306,PostgreSQL,PostgreSQL version 8.4,Unix,7.97
3306,MariaDB,MariaDB version 1.5,Unix,1.7
3306,SMB,SMB version 3.7,Windows,7.53
80,LiteSpeed,LiteSpeed version 2.8,Linux,2.08
21,vsftpd,vsftpd version 2.9,Unix,3.79
3306,MySQL,MySQL version 6.6,Unix,6.13
80,LiteSpeed,LiteSpeed version 2.0,Windows,4.6
3306,Redis,Redis version 5.2,Windows,2.88
3306,MariaDB,MariaDB version 4.1,Unix,3.43
3306,Redis,Redis version 9.8,Linux,5.52
80,Apache,Apache version 7.0,Linux,3.4
80,Apache,Apache version 8.1,Unix,4.82
3306,MongoDB,MongoDB version 3.0,Windows,4.57
80,LiteSpeed,LiteSpeed version 5.8,Windows,3.52
3306,Redis,Redis version 2.4,Windows,7.72
80,Apache,Apache version 6.4,Windows,5.45
80,LiteSpeed,LiteSpeed version 7.0,Linux,1.46
3306,Redis,Redis version 7.8,Unix,4.78
22,OpenSSH,OpenSSH version 3.6,Unix,3.51
3306,PostgreSQL,PostgreSQL version 2.3,Linux,5.78
80,nginx,nginx version 8.3,Linux,3.31
3306,SMB,SMB version 9.6,Unix,6.33
22,OpenSSH,OpenSSH version 7.1,Unix,5.26
3306,RDP,RDP version 6.8,Unix,7.8
21,ProFTPD,ProFTPD version 6.4,Windows,4.7
3306,MariaDB,MariaDB version 6.2,Unix,4.0
3306,MariaDB,MariaDB version 7.8,Linux,3.79
80,LiteSpeed,LiteSpeed version 9.8,Linux,3.52
3306,SMB,SMB version 7.7,Windows,9.15
3306,MongoDB,MongoDB version 4.3,Linux,5.11
22,OpenSSH,OpenSSH version 6.1,Windows,2.61
3306,SMB,SMB version 1.0,Windows,7.88
3306,MongoDB,MongoDB version 9.5,Linux,7.68
3306,MongoDB,MongoDB version 2.3,Linux,6.05
21,ProFTPD,ProFTPD version 9.2,Linux,4.22
3306,MariaDB,MariaDB version 6.3,Linux,3.77
3306,SMB,SMB version 3.4,Unix,8.4
3306,MySQL,MySQL version 4.9,Linux,3.44
3306,RDP,RDP version 8.0,Windows,7.17
21,ProFTPD,ProFTPD version 8.3,Linux,7.66
3306,SMB,SMB version 4.5,Unix,5.11
80,LiteSpeed,LiteSpeed version 6.0,Windows,4.41
80,nginx,nginx version 7.6,Linux,0.0
3306,MongoDB,MongoDB version 4.2,Unix,2.96
22,OpenSSH,OpenSSH version 7.2,Unix,4.12
3306,SMB,SMB version 3.7,Linux,4.63
80,LiteSpeed,LiteSpeed version 4.3,Linux,6.95
21,ProFTPD,ProFTPD version 1.8,Linux,4.35
21,vsftpd,vsftpd version 5.6,Linux,3.84
3306,RDP,RDP version 1.4,Unix,6.7
21,vsftpd,vsftpd version 5.3,Linux,6.66
3306,SMB,SMB version 4.6,Linux,4.35
80,nginx,nginx version 4.6,Windows,6.24
21,vsftpd,vsftpd version 5.4,Linux,4.52
3306,RDP,RDP version 6.9,Unix,5.03
80,nginx,nginx version 5.3,Linux,5.19
3306,RDP,RDP version 1.2,Linux,6.8
80,nginx,nginx version 1.0,Windows,3.6
3306,MongoDB,MongoDB version 1.3,Windows,4.6
80,nginx,nginx version 5.7,Windows,3.92
3306,MongoDB,MongoDB version 7.7,Unix,4.67
80,LiteSpeed,LiteSpeed version 4.2,Windows,5.49
3306,MongoDB,MongoDB version 7.4,Unix,6.88
22,OpenSSH,OpenSSH version 7.2,Unix,2.64
22,OpenSSH,OpenSSH version 5.8,Unix,7.7
3306,SMB,SMB version 3.7,Unix,3.57
80,LiteSpeed,LiteSpeed version 2.2,Unix,4.27
3306,RDP,RDP version 6.5,Unix,7.38
3306,MySQL,MySQL version 5.7,Windows,4.92
3306,MySQL,MySQL version 1.1,Linux,3.57
22,OpenSSH,OpenSSH version 2.8,Windows,4.19
21,ProFTPD,ProFTPD version 4.7,Unix,5.76
22,OpenSSH,OpenSSH version 3.4,Unix,3.62
3306,SMB,SMB version 5.6,Unix,7.77
80,nginx,nginx version 8.0,Windows,5.04
3306,MySQL,MySQL version 8.9,Unix,3.46
3306,Redis,Redis version 7.4,Linux,5.85
3306,PostgreSQL,PostgreSQL version 3.2,Unix,4.96
21,vsftpd,vsftpd version 9.3,Windows,5.72
22,OpenSSH,OpenSSH version 6.4,Unix,5.44
21,ProFTPD,ProFTPD version 2.1,Linux,5.26
21,ProFTPD,ProFTPD version 2.2,Windows,5.66
80,Apache,Apache version 2.6,Unix,5.62
21,vsftpd,vsftpd version 3.7,Windows,5.42
21,vsftpd,vsftpd version 9.4,Linux,4.47
80,nginx,nginx version 4.5,Windows,4.68
22,OpenSSH,OpenSSH version 3.6,Linux,6.42
3306,MongoDB,MongoDB version 7.7,Unix,3.61
21,ProFTPD,ProFTPD version 9.8,Linux,7.32
3306,PostgreSQL,PostgreSQL version 2.9,Windows,4.2
21,ProFTPD,ProFTPD version 8.5,Unix,6.17
3306,MariaDB,MariaDB version 2.7,Windows,6.15
3306,MongoDB,MongoDB version 2.4,Windows,5.74
80,Apache,Apache version 5.7,Unix,5.72
3306,Redis,Redis version 6.3,Unix,6.46
80,Apache,Apache version 7.9,Linux,4.53
3306,RDP,RDP version 3.5,Linux,7.52
3306,RDP,RDP version 2.1,Unix,6.03
21,vsftpd,vsftpd version 6.3,Windows,4.99
3306,MySQL,MySQL version 4.1,Linux,4.3
3306,RDP,RDP version 2.9,Linux,6.65
22,OpenSSH,OpenSSH version 2.9,Unix,5.39
3306,MySQL,MySQL version 7.4,Unix,3.27
3306,SMB,SMB version 4.7,Unix,9.64
22,OpenSSH,OpenSSH version 4.5,Unix,2.99
3306,MySQL,MySQL version 5.7,Windows,2.68
21,ProFTPD,ProFTPD version 3.6,Unix,8.24
3306,MariaDB,MariaDB version 9.2,Linux,5.69
22,OpenSSH,OpenSSH version 4.9,Unix,5.44
80,nginx,nginx version 9.0,Linux,5.44
3306,SMB,SMB version 8.3,Linux,6.48
3306,MongoDB,MongoDB version 3.1,Linux,3.15
80,Apache,Apache version 2.8,Unix,4.61
80,nginx,nginx version 3.7,Unix,3.48
3306,PostgreSQL,PostgreSQL version 9.0,Unix,5.96
3306,MariaDB,MariaDB version 3.5,Windows,4.28
80,LiteSpeed,LiteSpeed version 6.1,Linux,3.26
21,ProFTPD,ProFTPD version 8.0,Windows,6.02
22,OpenSSH,OpenSSH version 8.7,Unix,5.12
3306,Redis,Redis version 1.9,Linux,3.65
3306,RDP,RDP version 3.0,Linux,5.27
3306,MariaDB,MariaDB version 7.3,Unix,4.87
3306,MongoDB,MongoDB version 2.3,Linux,4.87
3306,SMB,SMB version 6.3,Unix,5.74
3306,Redis,Redis version 4.8,Windows,3.79
3306,MariaDB,MariaDB version 3.6,Linux,4.85
80,Apache,Apache version 9.0,Windows,2.33
3306,Redis,Redis version 8.8,Linux,2.39
3306,Redis,Redis version 5.1,Windows,3.42
3306,MySQL,MySQL version 9.5,Windows,4.18
3306,MySQL,MySQL version 9.6,Windows,4.97
80,Apache,Apache version 3.3,Unix,6.71
21,vsftpd,vsftpd version 4.7,Linux,5.79
3306,RDP,RDP version 2.5,Windows,6.26
22,OpenSSH,OpenSSH version 9.4,Windows,4.47
3306,Redis,Redis version 2.3,Linux,3.0
3306,MongoDB,MongoDB version 9.0,Linux,4.47
3306,RDP,RDP version 5.6,Windows,6.07
22,OpenSSH,OpenSSH version 2.9,Unix,4.98
3306,MySQL,MySQL version 4.2,Windows,3.26
80,Apache,Apache version 8.3,Unix,5.28
3306,SMB,SMB version 4.2,Linux,8.8
3306,RDP,RDP version 5.5,Unix,6.34
3306,Redis,Redis version 4.4,Unix,5.1
3306,MySQL,MySQL version 4.4,Unix,5.54
3306,MariaDB,MariaDB version 4.3,Windows,3.9
3306,MongoDB,MongoDB version 2.6,Unix,4.84
21,ProFTPD,ProFTPD version 9.9,Windows,6.52
3306,MariaDB,MariaDB version 6.3,Unix,4.65
3306,MariaDB,MariaDB version 9.9,Linux,3.34
21,ProFTPD,ProFTPD version 5.3,Linux,6.54
3306,PostgreSQL,PostgreSQL version 7.9,Unix,5.25
3306,Redis,Redis version 7.4,Windows,6.68
3306,RDP,RDP version 7.5,Unix,7.94
80,LiteSpeed,LiteSpeed version 3.8,Windows,7.73
21,vsftpd,vsftpd version 1.2,Unix,3.35
80,Apache,Apache version 7.0,Linux,5.81
21,vsftpd,vsftpd version 5.4,Unix,4.78
80,nginx,nginx version 5.9,Unix,7.78
22,OpenSSH,OpenSSH version 2.5,Unix,3.29
22,OpenSSH,OpenSSH version 2.3,Unix,3.24
21,ProFTPD,ProFTPD version 7.3,Windows,5.6
80,Apache,Apache version 1.5,Linux,1.31
21,ProFTPD,ProFTPD version 3.7,Linux,5.71
3306,SMB,SMB version 2.6,Linux,5.36
3306,MySQL,MySQL version 5.2,Windows,4.73
80,LiteSpeed,LiteSpeed version 3.8,Windows,5.01
3306,RDP,RDP version 2.2,Linux,9.31
3306,SMB,SMB version 4.1,Unix,7.93
80,Apache,Apache version 9.0,Unix,3.63
80,LiteSpeed,LiteSpeed version 6.5,Linux,3.15
80,nginx,nginx version 7.5,Unix,5.24
3306,PostgreSQL,PostgreSQL version 2.5,Windows,2.52
21,ProFTPD,ProFTPD version 9.4,Unix,9.25
21,vsftpd,vsftpd version 5.2,Unix,6.27
21,ProFTPD,ProFTPD version 4.2,Windows,5.8
3306,PostgreSQL,PostgreSQL version 6.4,Linux,1.93
21,ProFTPD,ProFTPD version 2.1,Windows,8.53
80,LiteSpeed,LiteSpeed version 2.5,Unix,4.33
80,Apache,Apache version 9.6,Windows,6.36
3306,MySQL,MySQL version 2.0,Linux,2.11
80,nginx,nginx version 4.1,Unix,3.6
3306,PostgreSQL,PostgreSQL version 2.9,Windows,4.51
21,vsftpd,vsftpd version 7.0,Unix,4.57
3306,RDP,RDP version 1.8,Unix,5.82
80,LiteSpeed,LiteSpeed version 6.2,Unix,5.43
3306,SMB,SMB version 2.9,Windows,4.9
3306,MongoDB,MongoDB version 8.9,Linux,4.29
3306,MySQL,MySQL version 2.7,Linux,4.68
3306,MongoDB,MongoDB version 9.2,Unix,5.27
80,nginx,nginx version 7.0,Linux,5.57
80,LiteSpeed,LiteSpeed version 1.0,Linux,2.81
3306,SMB,SMB version 9.6,Windows,4.2
22,OpenSSH,OpenSSH version 7.1,Windows,6.42
3306,MariaDB,MariaDB version 4.0,Unix,5.0
22,OpenSSH,OpenSSH version 8.4,Linux,3.38
21,ProFTPD,ProFTPD version 2.1,Windows,8.83
3306,RDP,RDP version 5.6,Unix,6.67
3306,SMB,SMB version 3.5,Windows,8.27
80,nginx,nginx version 2.9,Unix,4.6
21,ProFTPD,ProFTPD version 2.6,Linux,9.59
3306,RDP,RDP version 2.0,Windows,9.13
80,nginx,nginx version 3.2,Linux,4.13
80,Apache,Apache version 3.0,Linux,5.96
3306,SMB,SMB version 3.5,Windows,7.47
3306,MongoDB,MongoDB version 6.9,Unix,6.55
3306,RDP,RDP version 1.5,Unix,5.05
22,OpenSSH,OpenSSH version 4.7,Linux,5.53
80,nginx,nginx version 7.3,Unix,6.09
3306,SMB,SMB version 6.6,Windows,3.86
80,LiteSpeed,LiteSpeed version 1.9,Windows,2.73
3306,Redis,Redis version 3.3,Unix,1.44
22,OpenSSH,OpenSSH version 7.1,Unix,4.1
3306,MariaDB,MariaDB version 1.4,Windows,5.58
3306,MySQL,MySQL version 7.9,Linux,6.75
21,vsftpd,vsftpd version 2.6,Windows,4.61
21,vsftpd,vsftpd version 7.1,Linux,6.94
21,vsftpd,vsftpd version 9.2,Windows,2.43
3306,MySQL,MySQL version 9.1,Linux,1.94
80,nginx,nginx version 2.3,Windows,4.42
3306,MongoDB,MongoDB version 5.4,Unix,5.08
80,Apache,Apache version 4.2,Unix,4.45
3306,MariaDB,MariaDB version 3.9,Unix,1.4
3306,PostgreSQL,PostgreSQL version 7.1,Linux,4.37
3306,MongoDB,MongoDB version 7.8,Unix,2.54
21,ProFTPD,ProFTPD version 6.9,Windows,7.5
3306,Redis,Redis version 1.5,Unix,5.05
3306,Redis,Redis version 4.1,Windows,3.09
3306,SMB,SMB version 3.4,Unix,5.73
3306,MongoDB,MongoDB version 4.7,Linux,2.91
3306,MySQL,MySQL version 9.9,Unix,4.41
3306,MariaDB,MariaDB version 5.0,Windows,5.93
3306,MongoDB,MongoDB version 3.7,Windows,3.02
3306,MongoDB,MongoDB version 3.8,Unix,5.26
3306,MySQL,MySQL version 5.8,Linux,3.7
3306,SMB,SMB version 8.6,Linux,5.31
3306,PostgreSQL,PostgreSQL version 3.5,Unix,4.34
3306,PostgreSQL,PostgreSQL version 2.4,Unix,2.95
80,nginx,nginx version 7.7,Unix,3.67
3306,MongoDB,MongoDB version 4.5,Unix,2.7
21,ProFTPD,ProFTPD version 3.5,Windows,9.45
3306,PostgreSQL,PostgreSQL version 3.7,Linux,4.55
3306,MongoDB,MongoDB version 2.0,Linux,3.45
21,vsftpd,vsftpd version 8.0,Unix,4.82
3306,MongoDB,MongoDB version 6.6,Unix,4.33
3306,MongoDB,MongoDB version 9.8,Linux,4.17
3306,MySQL,MySQL version 2.3,Linux,5.42
3306,SMB,SMB version 5.3,Windows,7.64
3306,MariaDB,MariaDB version 8.5,Linux,3.7
3306,MongoDB,MongoDB version 6.6,Linux,3.64
22,OpenSSH,OpenSSH version 8.9,Linux,4.09
21,ProFTPD,ProFTPD version 7.1,Windows,3.05
21,ProFTPD,ProFTPD version 4.0,Unix,4.23
3306,PostgreSQL,PostgreSQL version 8.1,Windows,6.55
3306,PostgreSQL,PostgreSQL version 8.0,Linux,6.97
21,ProFTPD,ProFTPD version 9.2,Unix,6.13
21,vsftpd,vsftpd version 9.2,Unix,5.36
80,nginx,nginx version 8.5,Unix,4.97
80,nginx,nginx version 2.6,Linux,9.12
3306,MongoDB,MongoDB version 3.7,Linux,6.18
80,Apache,Apache version 8.4,Windows,4.31
80,Apache,Apache version 9.5,Unix,3.07
3306,Redis,Redis version 1.7,Linux,2.09
22,OpenSSH,OpenSSH version 5.5,Windows,4.81
80,Apache,Apache version 4.0,Unix,3.37
3306,MySQL,MySQL version 6.6,Unix,2.37
3306,SMB,SMB version 9.0,Windows,5.53
80,nginx,nginx version 7.9,Windows,2.88
80,nginx,nginx version 4.8,Windows,7.03
80,nginx,nginx version 5.5,Linux,5.82
3306,Redis,Redis version 5.4,Windows,4.49
3306,MariaDB,MariaDB version 7.3,Unix,6.72
3306,MySQL,MySQL version 4.7,Unix,4.62
3306,Redis,Redis version 8.9,Linux,3.21
21,vsftpd,vsftpd version 3.5,Linux,6.78
80,nginx,nginx version 4.1,Linux,5.31
3306,MariaDB,MariaDB version 2.1,Unix,2.94
80,LiteSpeed,LiteSpeed version 6.7,Windows,4.21
3306,MySQL,MySQL version 7.1,Unix,3.19
3306,RDP,RDP version 6.6,Windows,4.43
21,vsftpd,vsftpd version 9.7,Windows,5.89
3306,RDP,RDP version 1.5,Linux,9.36
3306,MySQL,MySQL version 9.9,Linux,2.4
3306,RDP,RDP version 9.2,Linux,7.34
3306,Redis,Redis version 4.0,Windows,3.52
3306,MongoDB,MongoDB version 1.1,Windows,3.77
3306,PostgreSQL,PostgreSQL version 9.9,Unix,3.61
3306,RDP,RDP version 4.3,Windows,5.2
80,LiteSpeed,LiteSpeed version 5.3,Windows,4.57
3306,SMB,SMB version 5.8,Unix,5.25
21,ProFTPD,ProFTPD version 2.5,Unix,6.91
21,vsftpd,vsftpd version 6.3,Linux,4.42
80,nginx,nginx version 3.5,Unix,4.14
21,vsftpd,vsftpd version 6.1,Windows,3.14
3306,RDP,RDP version 4.3,Unix,5.63
3306,MariaDB,MariaDB version 9.2,Windows,5.63
3306,MySQL,MySQL version 6.5,Unix,5.25
3306,MySQL,MySQL version 6.0,Linux,3.03
3306,RDP,RDP version 7.4,Linux,6.65
3306,MariaDB,MariaDB version 7.0,Windows,5.63
80,LiteSpeed,LiteSpeed version 2.3,Linux,2.0
3306,Redis,Redis version 3.6,Linux,5.32
22,OpenSSH,OpenSSH version 3.4,Unix,3.51
3306,MySQL,MySQL version 7.4,Linux,5.36
3306,Redis,Redis version 5.3,Windows,3.36
80,Apache,Apache version 2.0,Unix,1.79
3306,SMB,SMB version 1.2,Unix,4.06
80,Apache,Apache version 2.9,Unix,4.57
3306,Redis,Redis version 5.4,Linux,4.89
3306,PostgreSQL,PostgreSQL version 6.1,Linux,3.14
3306,MySQL,MySQL version 1.9,Windows,5.46
80,LiteSpeed,LiteSpeed version 4.3,Unix,2.01
21,vsftpd,vsftpd version 9.7,Windows,4.4
21,ProFTPD,ProFTPD version 6.2,Linux,4.68
3306,Redis,Redis version 6.4,Windows,3.52
80,LiteSpeed,LiteSpeed version 4.3,Unix,4.57
21,vsftpd,vsftpd version 9.7,Unix,3.21
80,LiteSpeed,LiteSpeed version 7.2,Linux,3.92
3306,MongoDB,MongoDB version 6.0,Windows,6.01
3306,RDP,RDP version 1.9,Linux,5.63
3306,Redis,Redis version 1.1,Unix,5.75
3306,Redis,Redis version 4.4,Linux,2.81
80,LiteSpeed,LiteSpeed version 9.9,Windows,5.29
3306,SMB,SMB version 4.5,Unix,8.66
21,ProFTPD,ProFTPD version 6.0,Windows,2.79
3306,PostgreSQL,PostgreSQL version 3.0,Linux,3.3
21,vsftpd,vsftpd version 2.4,Unix,5.37
3306,PostgreSQL,PostgreSQL version 4.8,Windows,4.2
3306,MongoDB,MongoDB version 1.5,Unix,5.06
80,nginx,nginx version 5.2,Windows,3.59
80,Apache,Apache version 8.1,Unix,4.63
3306,MySQL,MySQL version 9.0,Unix,4.27
3306,PostgreSQL,PostgreSQL version 9.7,Windows,6.25
3306,MongoDB,MongoDB version 6.0,Unix,4.88
3306,PostgreSQL,PostgreSQL version 1.4,Unix,5.01
80,Apache,Apache version 8.7,Windows,3.88
3306,SMB,SMB version 2.8,Linux,5.77
80,LiteSpeed,LiteSpeed version 7.1,Linux,3.85
3306,PostgreSQL,PostgreSQL version 8.9,Windows,5.09
22,OpenSSH,OpenSSH version 3.4,Windows,3.87
80,nginx,nginx version 6.7,Unix,4.93
3306,RDP,RDP version 1.2,Windows,9.61
80,nginx,nginx version 5.2,Unix,5.81
3306,PostgreSQL,PostgreSQL version 2.9,Unix,4.01
3306,RDP,RDP version 5.9,Windows,8.3
3306,SMB,SMB version 5.0,Linux,5.89
3306,Redis,Redis version 6.7,Linux,1.44
21,ProFTPD,ProFTPD version 7.1,Linux,4.99
3306,MySQL,MySQL version 9.0,Linux,1.69
3306,SMB,SMB version 7.2,Windows,5.97
3306,RDP,RDP version 8.5,Windows,6.53
80,Apache,Apache version 1.5,Unix,7.01
80,Apache,Apache version 6.8,Unix,4.99
80,nginx,nginx version 6.9,Unix,4.17
21,ProFTPD,ProFTPD version 8.0,Unix,7.74
3306,MongoDB,MongoDB version 4.9,Linux,1.18
80,Apache,Apache version 8.7,Unix,4.85
3306,MySQL,MySQL version 8.5,Windows,5.66
80,LiteSpeed,LiteSpeed version 8.0,Linux,2.28
80,Apache,Apache version 7.0,Linux,6.22
21,vsftpd,vsftpd version 1.0,Windows,5.01
21,ProFTPD,ProFTPD version 2.6,Windows,5.88
3306,MariaDB,MariaDB version 7.7,Unix,5.45
3306,Redis,Redis version 1.9,Windows,7.91
21,ProFTPD,ProFTPD version 6.3,Unix,6.77
80,LiteSpeed,LiteSpeed version 5.3,Windows,4.87
80,Apache,Apache version 3.4,Unix,3.81
3306,RDP,RDP version 5.8,Linux,5.23
3306,MySQL,MySQL version 4.4,Unix,5.75
21,vsftpd,vsftpd version 2.6,Unix,3.22
3306,RDP,RDP version 9.6,Unix,6.61
80,Apache,Apache version 5.8,Unix,3.78
3306,MongoDB,MongoDB version 7.4,Windows,5.22
80,Apache,Apache version 1.5,Windows,5.0
22,OpenSSH,OpenSSH version 7.6,Linux,6.06
80,nginx,nginx version 3.5,Linux,3.73
21,ProFTPD,ProFTPD version 9.5,Linux,6.1
80,nginx,nginx version 1.7,Unix,3.03
3306,PostgreSQL,PostgreSQL version 6.2,Linux,3.83
22,OpenSSH,OpenSSH version 5.7,Windows,5.07
3306,RDP,RDP version 5.5,Windows,7.64
21,ProFTPD,ProFTPD version 9.1,Windows,5.12
3306,MongoDB,MongoDB version 5.5,Linux,5.8
3306,MongoDB,MongoDB version 7.7,Windows,6.53
3306,MongoDB,MongoDB version 1.2,Unix,5.12
3306,RDP,RDP version 6.6,Linux,9.32
80,nginx,nginx version 5.7,Unix,3.34
80,LiteSpeed,LiteSpeed version 8.6,Linux,2.63
80,Apache,Apache version 8.6,Unix,1.83
3306,RDP,RDP version 5.0,Linux,8.74
21,ProFTPD,ProFTPD version 7.4,Unix,7.48
80,Apache,Apache version 8.6,Linux,4.42
22,OpenSSH,OpenSSH version 1.4,Linux,4.92
3306,PostgreSQL,PostgreSQL version 4.8,Linux,2.81
21,ProFTPD,ProFTPD version 9.4,Windows,10.0
80,LiteSpeed,LiteSpeed version 4.5,Linux,4.69
3306,Redis,Redis version 9.6,Unix,4.66
3306,Redis,Redis version 1.6,Unix,5.59
3306,RDP,RDP version 9.3,Windows,7.22
21,vsftpd,vsftpd version 4.5,Linux,4.84
22,OpenSSH,OpenSSH version 7.7,Linux,3.31
22,OpenSSH,OpenSSH version 3.3,Windows,5.21
22,OpenSSH,OpenSSH version 8.5,Linux,7.32
3306,MariaDB,MariaDB version 3.2,Windows,6.52
80,LiteSpeed,LiteSpeed version 9.9,Unix,6.89
22,OpenSSH,OpenSSH version 6.6,Windows,3.73
3306,Redis,Redis version 4.8,Windows,3.02
80,LiteSpeed,LiteSpeed version 7.6,Linux,4.31
80,Apache,Apache version 9.7,Unix,4.58
80,LiteSpeed,LiteSpeed version 8.5,Unix,6.14
80,Apache,Apache version 3.5,Linux,1.96
3306,MongoDB,MongoDB version 1.7,Windows,6.79
22,OpenSSH,OpenSSH version 7.6,Unix,4.26
21,vsftpd,vsftpd version 3.4,Unix,3.86
21,ProFTPD,ProFTPD version 5.8,Windows,4.98
3306,RDP,RDP version 5.9,Linux,4.02
3306,SMB,SMB version 3.8,Linux,7.73
3306,SMB,SMB version 5.6,Windows,6.61
21,ProFTPD,ProFTPD version 3.6,Unix,4.57
3306,MongoDB,MongoDB version 6.2,Linux,2.56
80,nginx,nginx version 8.3,Unix,4.0
80,nginx,nginx version 4.2,Unix,7.0
3306,MariaDB,MariaDB version 9.8,Linux,4.11
21,ProFTPD,ProFTPD version 5.6,Unix,4.25
3306,MongoDB,MongoDB version 5.4,Windows,4.13
21,vsftpd,vsftpd version 7.6,Windows,4.09
22,OpenSSH,OpenSSH version 6.4,Unix,0.45
80,Apache,Apache version 9.0,Unix,4.42
3306,RDP,RDP version 6.7,Linux,6.15
3306,PostgreSQL,PostgreSQL version 5.9,Linux,5.54
80,LiteSpeed,LiteSpeed version 3.5,Windows,7.27
21,vsftpd,vsftpd version 8.1,Linux,6.19
3306,MariaDB,MariaDB version 5.0,Linux,4.1
22,OpenSSH,OpenSSH version 3.1,Unix,2.84
3306,PostgreSQL,PostgreSQL version 3.5,Linux,8.36
80,nginx,nginx version 1.5,Unix,4.59
3306,MongoDB,MongoDB version 7.1,Windows,4.52
21,vsftpd,vsftpd version 6.5,Unix,4.46
3306,Redis,Redis version 1.9,Windows,4.8
3306,MySQL,MySQL version 6.8,Windows,4.28
3306,MariaDB,MariaDB version 3.9,Windows,3.64
3306,MariaDB,MariaDB version 6.1,Unix,3.68
22,OpenSSH,OpenSSH version 4.2,Unix,4.45
3306,Redis,Redis version 6.7,Unix,3.68
3306,MariaDB,MariaDB version 6.9,Windows,3.43
21,ProFTPD,ProFTPD version 1.8,Linux,6.66
3306,PostgreSQL,PostgreSQL version 2.5,Unix,4.12
3306,RDP,RDP version 9.0,Unix,8.76
80,Apache,Apache version 8.2,Unix,0.52
80,Apache,Apache version 7.2,Unix,6.14
22,OpenSSH,OpenSSH version 5.3,Linux,6.37
3306,RDP,RDP version 3.5,Linux,3.39
3306,MySQL,MySQL version 5.9,Windows,3.99
3306,SMB,SMB version 2.7,Linux,5.94
3306,MySQL,MySQL version 2.0,Linux,2.39
3306,MariaDB,MariaDB version 1.9,Unix,3.33
3306,SMB,SMB version 2.7,Unix,4.83
3306,PostgreSQL,PostgreSQL version 4.3,Unix,7.13
21,vsftpd,vsftpd version 7.4,Windows,5.9
3306,MySQL,MySQL version 3.8,Windows,6.41
3306,MariaDB,MariaDB version 1.2,Linux,5.58
3306,Redis,Redis version 7.2,Linux,2.81
21,ProFTPD,ProFTPD version 4.2,Windows,5.71
3306,RDP,RDP version 1.6,Linux,7.23
80,LiteSpeed,LiteSpeed version 1.2,Linux,2.67
21,ProFTPD,ProFTPD version 7.6,Unix,7.57
22,OpenSSH,OpenSSH version 4.3,Linux,4.14
3306,MariaDB,MariaDB version 4.4,Linux,3.94
21,vsftpd,vsftpd version 4.6,Linux,5.57
80,Apache,Apache version 7.7,Linux,5.17
80,LiteSpeed,LiteSpeed version 2.8,Linux,3.96
3306,PostgreSQL,PostgreSQL version 8.4,Linux,6.24
80,Apache,Apache version 9.7,Linux,2.88
3306,Redis,Redis version 6.7,Windows,5.42
3306,Redis,Redis version 1.1,Unix,5.39
3306,MongoDB,MongoDB version 2.0,Windows,4.04
3306,MySQL,MySQL version 7.6,Unix,4.99
80,Apache,Apache version 4.3,Windows,2.62
22,OpenSSH,OpenSSH version 2.6,Windows,5.89
3306,MySQL,MySQL version 4.6,Windows,4.22
3306,MariaDB,MariaDB version 3.3,Windows,3.72
3306,Redis,Redis version 1.5,Linux,6.07
80,nginx,nginx version 6.3,Linux,3.44
3306,MySQL,MySQL version 3.7,Windows,2.39
80,nginx,nginx version 9.5,Linux,2.17
3306,MariaDB,MariaDB version 3.6,Linux,5.41
3306,MongoDB,MongoDB version 5.7,Linux,2.58
80,LiteSpeed,LiteSpeed version 4.6,Linux,7.13
80,nginx,nginx version 9.2,Windows,1.38
3306,MariaDB,MariaDB version 3.1,Windows,7.04
22,OpenSSH,OpenSSH version 6.7,Windows,4.82
3306,SMB,SMB version 1.2,Unix,6.35
3306,MySQL,MySQL version 5.2,Windows,3.68
80,LiteSpeed,LiteSpeed version 2.9,Unix,5.1
3306,RDP,RDP version 9.6,Linux,6.44
3306,RDP,RDP version 9.4,Windows,8.15
3306,RDP,RDP version 2.5,Unix,6.67
3306,MongoDB,MongoDB version 8.2,Unix,4.73
80,Apache,Apache version 7.4,Unix,3.95
80,LiteSpeed,LiteSpeed version 3.0,Unix,4.41
21,vsftpd,vsftpd version 8.0,Linux,4.96
80,LiteSpeed,LiteSpeed version 8.4,Windows,1.93
3306,PostgreSQL,PostgreSQL version 6.3,Linux,2.48
3306,Redis,Redis version 3.6,Unix,5.61
22,OpenSSH,OpenSSH version 4.4,Linux,4.76
21,vsftpd,vsftpd version 8.8,Linux,4.22
3306,SMB,SMB version 2.0,Windows,6.53
3306,Redis,Redis version 2.6,Linux,5.02
3306,MongoDB,MongoDB version 3.7,Linux,3.69
3306,MariaDB,MariaDB version 1.8,Linux,3.33
21,ProFTPD,ProFTPD version 6.2,Windows,6.79
3306,PostgreSQL,PostgreSQL version 7.3,Linux,3.03
22,OpenSSH,OpenSSH version 4.0,Unix,5.11
3306,Redis,Redis version 7.4,Unix,1.95
3306,MariaDB,MariaDB version 3.3,Unix,6.04
80,LiteSpeed,LiteSpeed version 4.6,Windows,5.21
3306,MySQL,MySQL version 3.7,Windows,4.88
22,OpenSSH,OpenSSH version 4.6,Unix,5.97
3306,MySQL,MySQL version 3.6,Unix,7.0
3306,MongoDB,MongoDB version 1.8,Windows,6.02
80,LiteSpeed,LiteSpeed version 7.3,Linux,1.74
21,ProFTPD,ProFTPD version 2.4,Windows,4.58
3306,PostgreSQL,PostgreSQL version 1.6,Linux,3.56
3306,SMB,SMB version 4.4,Unix,6.54
3306,Redis,Redis version 1.4,Unix,5.28
21,vsftpd,vsftpd version 6.8,Unix,3.41
3306,PostgreSQL,PostgreSQL version 9.2,Linux,4.78
3306,PostgreSQL,PostgreSQL version 1.4,Linux,3.37
3306,MariaDB,MariaDB version 9.8,Linux,3.58
80,Apache,Apache version 1.5,Linux,2.39
3306,MySQL,MySQL version 3.1,Unix,3.12
22,OpenSSH,OpenSSH version 2.0,Linux,2.47
3306,PostgreSQL,PostgreSQL version 9.3,Windows,3.04
3306,RDP,RDP version 8.0,Unix,8.08
80,Apache,Apache version 1.6,Windows,3.08
21,vsftpd,vsftpd version 6.2,Unix,8.45
3306,Redis,Redis version 2.6,Linux,5.24
80,LiteSpeed,LiteSpeed version 1.8,Linux,4.78
3306,RDP,RDP version 8.6,Unix,5.21
21,ProFTPD,ProFTPD version 1.3,Linux,7.55
80,LiteSpeed,LiteSpeed version 6.7,Linux,3.64
80,Apache,Apache version 5.8,Linux,4.68
80,Apache,Apache version 4.4,Linux,8.34
22,OpenSSH,OpenSSH version 1.4,Windows,4.36
80,nginx,nginx version 2.5,Windows,6.22
21,vsftpd,vsftpd version 3.6,Unix,3.45
3306,MongoDB,MongoDB version 5.0,Windows,4.45
3306,MongoDB,MongoDB version 2.6,Windows,7.16
3306,MariaDB,MariaDB version 6.5,Unix,3.56
3306,SMB,SMB version 1.2,Windows,9.22
80,LiteSpeed,LiteSpeed version 5.5,Unix,5.56
3306,RDP,RDP version 3.7,Linux,5.66
3306,MongoDB,MongoDB version 3.5,Linux,5.45
3306,RDP,RDP version 5.3,Unix,7.96
80,LiteSpeed,LiteSpeed version 4.0,Unix,5.43
80,LiteSpeed,LiteSpeed version 5.6,Unix,2.14
21,ProFTPD,ProFTPD version 6.0,Windows,5.41
3306,MariaDB,MariaDB version 8.8,Windows,4.13
3306,Redis,Redis version 4.1,Linux,4.39
22,OpenSSH,OpenSSH version 8.4,Unix,5.43
3306,MongoDB,MongoDB version 7.0,Windows,4.77
3306,RDP,RDP version 1.9,Unix,4.5
80,nginx,nginx version 7.4,Windows,5.07
3306,MySQL,MySQL version 9.0,Unix,5.42
80,Apache,Apache version 3.9,Windows,5.34
22,OpenSSH,OpenSSH version 5.8,Linux,6.12
3306,RDP,RDP version 7.3,Unix,7.75
3306,Redis,Redis version 8.2,Linux,5.19
3306,MariaDB,MariaDB version 1.6,Linux,4.39
80,nginx,nginx version 8.5,Unix,2.01
80,nginx,nginx version 7.3,Linux,5.14
3306,SMB,SMB version 3.5,Linux,6.81
3306,MySQL,MySQL version 6.1,Unix,4.91
3306,RDP,RDP version 6.1,Unix,4.58
80,LiteSpeed,LiteSpeed version 1.2,Unix,2.88
3306,RDP,RDP version 8.9,Linux,8.08
21,vsftpd,vsftpd version 7.5,Linux,4.44
3306,MongoDB,MongoDB version 9.5,Unix,5.52
3306,MongoDB,MongoDB version 7.9,Linux,4.54
3306,Redis,Redis version 3.1,Windows,4.54
80,Apache,Apache version 2.0,Windows,5.91
3306,MySQL,MySQL version 7.2,Windows,3.73
80,LiteSpeed,LiteSpeed version 5.7,Windows,4.64
3306,MongoDB,MongoDB version 5.4,Linux,3.81
3306,MongoDB,MongoDB version 8.0,Linux,3.85
3306,Redis,Redis version 4.4,Windows,4.04
80,LiteSpeed,LiteSpeed version 3.0,Windows,4.83
80,nginx,nginx version 9.1,Windows,3.78
3306,Redis,Redis version 1.3,Unix,6.38
21,vsftpd,vsftpd version 3.8,Unix,3.16
3306,Redis,Redis version 7.4,Windows,4.22
21,vsftpd,vsftpd version 8.4,Unix,3.84
3306,PostgreSQL,PostgreSQL version 5.1,Unix,6.67
3306,MongoDB,MongoDB version 3.9,Unix,4.79
3306,Redis,Redis version 5.5,Windows,6.05
3306,PostgreSQL,PostgreSQL version 3.7,Unix,2.27
22,OpenSSH,OpenSSH version 2.3,Linux,4.9
3306,SMB,SMB version 6.0,Linux,7.83
80,nginx,nginx version 6.3,Unix,4.62
3306,Redis,Redis version 1.1,Linux,6.1
3306,RDP,RDP version 1.2,Unix,5.72
22,OpenSSH,OpenSSH version 6.7,Unix,6.61
3306,MySQL,MySQL version 7.4,Unix,7.95
80,nginx,nginx version 3.8,Windows,3.96
80,Apache,Apache version 8.3,Unix,3.83
80,Apache,Apache version 5.1,Windows,6.68
22,OpenSSH,OpenSSH version 6.1,Unix,6.87
3306,SMB,SMB version 3.4,Windows,5.72
22,OpenSSH,OpenSSH version 2.7,Unix,3.87
80,LiteSpeed,LiteSpeed version 6.7,Linux,4.08
3306,Redis,Redis version 6.2,Windows,2.48
3306,Redis,Redis version 1.8,Linux,3.12
22,OpenSSH,OpenSSH version 3.5,Unix,2.99
21,ProFTPD,ProFTPD version 5.5,Unix,5.35
3306,MySQL,MySQL version 8.0,Linux,4.45
3306,MySQL,MySQL version 2.3,Unix,4.85
3306,Redis,Redis version 7.8,Windows,6.83
3306,MongoDB,MongoDB version 9.4,Windows,3.0
3306,Redis,Redis version 6.8,Unix,5.98
3306,SMB,SMB version 1.8,Unix,6.18
3306,RDP,RDP version 8.9,Linux,6.43
3306,MariaDB,MariaDB version 8.9,Linux,5.51
21,ProFTPD,ProFTPD version 3.2,Unix,4.82
21,vsftpd,vsftpd version 9.8,Unix,5.07
3306,PostgreSQL,PostgreSQL version 1.0,Linux,4.75
3306,Redis,Redis version 1.1,Windows,5.24
3306,RDP,RDP version 6.2,Linux,6.93
3306,SMB,SMB version 2.3,Linux,10.0
3306,RDP,RDP version 4.5,Unix,5.54
3306,PostgreSQL,PostgreSQL version 9.0,Linux,3.7
3306,Redis,Redis version 3.4,Unix,3.57
80,Apache,Apache version 8.1,Windows,3.67
80,nginx,nginx version 9.3,Unix,3.54
80,nginx,nginx version 1.7,Unix,6.28
3306,RDP,RDP version 3.8,Linux,8.63
3306,RDP,RDP version 5.7,Unix,5.64
21,vsftpd,vsftpd version 5.7,Windows,3.25
80,Apache,Apache version 8.7,Windows,5.21
3306,Redis,Redis version 5.7,Windows,3.67
3306,Redis,Redis version 5.8,Unix,5.45
80,LiteSpeed,LiteSpeed version 2.8,Unix,4.8
3306,MongoDB,MongoDB version 8.6,Linux,2.23
80,LiteSpeed,LiteSpeed version 8.9,Linux,6.82
22,OpenSSH,OpenSSH version 9.8,Windows,7.19
3306,MariaDB,MariaDB version 8.4,Linux,3.58
21,vsftpd,vsftpd version 7.2,Windows,3.92
80,nginx,nginx version 6.8,Windows,4.93
3306,Redis,Redis version 7.9,Linux,5.0
80,nginx,nginx version 8.1,Linux,5.49
3306,MySQL,MySQL version 9.7,Linux,7.52
80,LiteSpeed,LiteSpeed version 5.0,Linux,4.23
3306,Redis,Redis version 5.5,Unix,3.3
3306,RDP,RDP version 9.9,Windows,4.43
3306,MySQL,MySQL version 3.1,Linux,3.4
80,LiteSpeed,LiteSpeed version 9.9,Windows,4.45
3306,MongoDB,MongoDB version 4.6,Windows,7.19
80,Apache,Apache version 5.5,Windows,3.72
3306,RDP,RDP version 9.5,Unix,6.84
3306,RDP,RDP version 9.1,Windows,6.48
3306,PostgreSQL,PostgreSQL version 6.9,Linux,6.28
80,Apache,Apache version 9.2,Unix,8.29
3306,MariaDB,MariaDB version 2.8,Unix,3.7
3306,MySQL,MySQL version 5.6,Linux,3.77
22,OpenSSH,OpenSSH version 7.1,Linux,6.07
3306,Redis,Redis version 5.0,Linux,5.52
21,ProFTPD,ProFTPD version 2.8,Linux,9.27
80,Apache,Apache version 3.2,Linux,5.38
3306,MongoDB,MongoDB version 9.5,Unix,3.96
21,vsftpd,vsftpd version 6.1,Unix,5.39
80,nginx,nginx version 3.0,Linux,6.16
3306,Redis,Redis version 8.0,Linux,5.73
3306,MySQL,MySQL version 1.0,Unix,5.26
80,LiteSpeed,LiteSpeed version 1.2,Windows,6.1
80,Apache,Apache version 1.2,Windows,6.25
3306,PostgreSQL,PostgreSQL version 5.3,Unix,6.57
3306,MySQL,MySQL version 8.6,Unix,5.47
3306,MySQL,MySQL version 5.3,Linux,4.25
3306,SMB,SMB version 1.1,Unix,6.72
21,ProFTPD,ProFTPD version 8.4,Windows,8.31
80,nginx,nginx version 9.4,Windows,3.27
21,vsftpd,vsftpd version 2.7,Unix,5.05
21,ProFTPD,ProFTPD version 7.0,Unix,5.91
3306,MySQL,MySQL version 4.7,Linux,4.54
3306,MongoDB,MongoDB version 8.4,Windows,6.42
80,Apache,Apache version 8.8,Windows,4.79
80,nginx,nginx version 4.6,Windows,4.57
3306,MySQL,MySQL version 1.2,Unix,2.46
3306,MongoDB,MongoDB version 7.4,Unix,5.62
3306,MariaDB,MariaDB version 5.9,Unix,5.47
3306,Redis,Redis version 2.9,Linux,7.74
22,OpenSSH,OpenSSH version 9.7,Unix,4.04
3306,MariaDB,MariaDB version 5.9,Windows,4.83
21,vsftpd,vsftpd version 3.1,Windows,4.87
3306,MariaDB,MariaDB version 3.3,Linux,6.87
22,OpenSSH,OpenSSH version 6.8,Unix,4.36
3306,MongoDB,MongoDB version 1.9,Linux,4.92
3306,Redis,Redis version 9.2,Unix,5.41
80,nginx,nginx version 8.9,Windows,4.78
3306,RDP,RDP version 8.7,Windows,5.83
21,ProFTPD,ProFTPD version 8.8,Windows,6.79
3306,Redis,Redis version 8.6,Linux,6.11
80,LiteSpeed,LiteSpeed version 4.1,Unix,2.96
80,LiteSpeed,LiteSpeed version 8.4,Unix,4.7
3306,MySQL,MySQL version 4.1,Windows,3.45
3306,RDP,RDP version 2.8,Windows,8.29
21,vsftpd,vsftpd version 3.2,Windows,2.22
3306,SMB,SMB version 6.7,Unix,5.66
21,vsftpd,vsftpd version 2.0,Unix,5.07
80,LiteSpeed,LiteSpeed version 6.8,Linux,6.85
21,ProFTPD,ProFTPD version 6.8,Windows,6.4
3306,RDP,RDP version 3.6,Linux,5.67
80,LiteSpeed,LiteSpeed version 2.0,Windows,7.32
3306,MySQL,MySQL version 3.7,Linux,2.33
21,vsftpd,vsftpd version 3.3,Windows,1.2
3306,RDP,RDP version 6.6,Unix,7.16
3306,MySQL,MySQL version 5.3,Unix,3.75
80,LiteSpeed,LiteSpeed version 6.3,Linux,2.97
80,nginx,nginx version 9.6,Linux,5.56
21,ProFTPD,ProFTPD version 9.0,Linux,6.87
3306,MongoDB,MongoDB version 1.5,Linux,3.65
22,OpenSSH,OpenSSH version 7.9,Linux,2.58
3306,RDP,RDP version 6.1,Windows,7.81
3306,RDP,RDP version 8.1,Windows,7.48
3306,MongoDB,MongoDB version 2.5,Windows,4.35
80,Apache,Apache version 9.7,Linux,7.27
3306,PostgreSQL,PostgreSQL version 6.8,Linux,2.89
80,Apache,Apache version 5.0,Linux,2.21
3306,MongoDB,MongoDB version 3.0,Windows,3.46
80,Apache,Apache version 1.6,Windows,4.43
3306,SMB,SMB version 3.6,Unix,6.87
3306,RDP,RDP version 8.6,Linux,6.14
3306,MongoDB,MongoDB version 5.1,Windows,5.03
80,Apache,Apache version 2.7,Unix,2.62
3306,RDP,RDP version 3.7,Linux,8.67
3306,RDP,RDP version 6.4,Windows,6.38
3306,MariaDB,MariaDB version 7.5,Unix,6.18
21,ProFTPD,ProFTPD version 2.3,Linux,7.01
21,ProFTPD,ProFTPD version 5.6,Unix,7.19
21,ProFTPD,ProFTPD version 2.9,Windows,7.35
80,nginx,nginx version 6.9,Linux,5.17
3306,RDP,RDP version 1.3,Windows,7.46
80,LiteSpeed,LiteSpeed version 5.3,Unix,6.49
80,nginx,nginx version 1.3,Linux,4.79
21,vsftpd,vsftpd version 1.6,Linux,5.56
3306,SMB,SMB version 8.6,Linux,6.37
21,vsftpd,vsftpd version 7.2,Linux,6.66
3306,SMB,SMB version 1.5,Unix,5.49
80,Apache,Apache version 1.7,Windows,7.2
21,ProFTPD,ProFTPD version 3.4,Windows,6.44
80,Apache,Apache version 3.3,Unix,2.35
3306,RDP,RDP version 9.8,Unix,6.69
80,nginx,nginx version 9.0,Windows,3.48
80,Apache,Apache version 5.3,Unix,5.76
80,LiteSpeed,LiteSpeed version 6.7,Windows,3.52
22,OpenSSH,OpenSSH version 5.2,Linux,3.83
80,LiteSpeed,LiteSpeed version 4.8,Unix,1.67
80,LiteSpeed,LiteSpeed version 2.9,Linux,3.82
3306,Redis,Redis version 2.6,Windows,0.86
3306,MariaDB,MariaDB version 4.8,Windows,2.12
21,ProFTPD,ProFTPD version 8.6,Linux,7.64
21,ProFTPD,ProFTPD version 5.8,Unix,7.68
3306,Redis,Redis version 8.7,Unix,5.14
3306,MongoDB,MongoDB version 8.6,Unix,3.05
80,Apache,Apache version 6.7,Unix,4.43
3306,MySQL,MySQL version 5.9,Windows,4.49
80,Apache,Apache version 3.3,Windows,2.76
3306,MySQL,MySQL version 7.1,Linux,6.76
3306,MongoDB,MongoDB version 3.4,Windows,5.82
80,LiteSpeed,LiteSpeed version 4.7,Linux,4.17
3306,Redis,Redis version 5.4,Unix,4.54
80,Apache,Apache version 1.8,Unix,4.81
21,vsftpd,vsftpd version 7.4,Windows,1.44
3306,MySQL,MySQL version 8.9,Linux,4.13
3306,PostgreSQL,PostgreSQL version 6.4,Unix,3.48
21,vsftpd,vsftpd version 6.8,Unix,3.0
3306,MySQL,MySQL version 5.0,Linux,4.08
3306,MongoDB,MongoDB version 3.8,Windows,7.2
21,ProFTPD,ProFTPD version 8.1,Unix,7.46
3306,SMB,SMB version 3.2,Unix,5.64
3306,MySQL,MySQL version 3.7,Windows,5.36
3306,MariaDB,MariaDB version 2.9,Windows,6.6
3306,SMB,SMB version 2.3,Unix,7.89
22,OpenSSH,OpenSSH version 4.1,Windows,4.59
80,nginx,nginx version 3.4,Linux,3.53
3306,Redis,Redis version 5.6,Linux,5.55
22,OpenSSH,OpenSSH version 4.9,Linux,5.09
3306,RDP,RDP version 9.7,Windows,7.84
22,OpenSSH,OpenSSH version 4.8,Unix,5.45
3306,MySQL,MySQL version 1.6,Windows,6.07
3306,MongoDB,MongoDB version 4.9,Windows,3.7
80,Apache,Apache version 8.7,Unix,6.48
21,ProFTPD,ProFTPD version 2.7,Windows,6.8
21,vsftpd,vsftpd version 7.1,Linux,7.61
21,ProFTPD,ProFTPD version 2.7,Unix,5.47
80,nginx,nginx version 5.1,Linux,7.1
3306,RDP,RDP version 4.1,Linux,6.8
3306,MariaDB,MariaDB version 6.1,Linux,3.52
3306,SMB,SMB version 9.3,Windows,5.77
21,vsftpd,vsftpd version 5.8,Unix,4.02
21,vsftpd,vsftpd version 5.7,Windows,5.14
80,LiteSpeed,LiteSpeed version 5.8,Unix,5.28
80,nginx,nginx version 5.9,Linux,3.64
21,vsftpd,vsftpd version 8.1,Windows,4.46
80,Apache,Apache version 7.0,Windows,7.71
3306,MySQL,MySQL version 9.8,Linux,7.09
3306,RDP,RDP version 8.4,Linux,7.15
3306,RDP,RDP version 4.0,Windows,6.56
80,nginx,nginx version 8.0,Unix,4.68
3306,MySQL,MySQL version 9.5,Unix,5.42
3306,RDP,RDP version 8.2,Windows,4.97
3306,MongoDB,MongoDB version 4.2,Unix,4.11
80,nginx,nginx version 1.7,Unix,2.0
3306,SMB,SMB version 1.1,Unix,7.1
80,nginx,nginx version 1.1,Windows,5.47
21,ProFTPD,ProFTPD version 5.3,Windows,5.78
21,vsftpd,vsftpd version 1.1,Linux,6.86
80,LiteSpeed,LiteSpeed version 3.1,Windows,2.66
3306,Redis,Redis version 8.7,Unix,2.3
3306,PostgreSQL,PostgreSQL version 3.0,Unix,4.84
80,LiteSpeed,LiteSpeed version 3.8,Linux,6.07
80,nginx,nginx version 5.4,Unix,7.03
80,Apache,Apache version 8.6,Unix,3.81
80,nginx,nginx version 2.0,Windows,6.12
3306,MySQL,MySQL version 5.9,Windows,4.44
80,LiteSpeed,LiteSpeed version 7.2,Windows,4.24
3306,Redis,Redis version 7.9,Linux,5.83
3306,SMB,SMB version 3.3,Unix,7.48
3306,MySQL,MySQL version 2.7,Unix,2.14
3306,MongoDB,MongoDB version 9.7,Unix,6.71
80,LiteSpeed,LiteSpeed version 1.9,Windows,6.57
3306,RDP,RDP version 8.8,Windows,5.56
3306,MongoDB,MongoDB version 2.2,Unix,5.09
3306,RDP,RDP version 4.6,Unix,7.24
21,vsftpd,vsftpd version 3.7,Linux,4.89
21,vsftpd,vsftpd version 3.4,Unix,3.67
21,vsftpd,vsftpd version 1.3,Unix,3.49
3306,PostgreSQL,PostgreSQL version 4.4,Windows,4.46
3306,Redis,Redis version 3.5,Windows,6.26
21,vsftpd,vsftpd version 2.5,Windows,5.32
3306,RDP,RDP version 5.9,Windows,5.94
3306,MariaDB,MariaDB version 3.0,Unix,5.66
80,Apache,Apache version 3.2,Linux,0.23
80,nginx,nginx version 2.0,Windows,6.22
3306,Redis,Redis version 8.0,Linux,1.89
3306,RDP,RDP version 9.5,Windows,5.96
3306,RDP,RDP version 1.7,Linux,4.82
21,ProFTPD,ProFTPD version 6.4,Linux,4.56
80,Apache,Apache version 6.7,Unix,6.24
3306,RDP,RDP version 3.8,Unix,5.8
3306,PostgreSQL,PostgreSQL version 9.5,Linux,5.02
3306,PostgreSQL,PostgreSQL version 7.4,Linux,4.43
80,Apache,Apache version 8.5,Windows,5.22
80,LiteSpeed,LiteSpeed version 2.4,Windows,4.62
3306,SMB,SMB version 6.8,Unix,4.58
21,vsftpd,vsftpd version 1.0,Linux,5.99
3306,PostgreSQL,PostgreSQL version 3.5,Windows,3.76
3306,MariaDB,MariaDB version 5.6,Linux,2.17
3306,MongoDB,MongoDB version 1.8,Windows,3.86
21,vsftpd,vsftpd version 2.6,Unix,6.75
21,ProFTPD,ProFTPD version 8.4,Unix,7.78
3306,MongoDB,MongoDB version 9.8,Unix,3.98
22,OpenSSH,OpenSSH version 8.6,Unix,3.98
3306,SMB,SMB version 2.8,Windows,6.02
21,vsftpd,vsftpd version 8.0,Unix,7.62
3306,Redis,Redis version 4.2,Linux,5.07
80,Apache,Apache version 2.9,Unix,5.15
80,LiteSpeed,LiteSpeed version 2.2,Linux,6.05
3306,MariaDB,MariaDB version 8.7,Linux,4.86
80,nginx,nginx version 1.7,Linux,4.11
22,OpenSSH,OpenSSH version 8.4,Linux,4.21
3306,PostgreSQL,PostgreSQL version 6.0,Windows,4.39
80,LiteSpeed,LiteSpeed version 4.1,Unix,4.44
80,LiteSpeed,LiteSpeed version 4.5,Linux,5.59
3306,MySQL,MySQL version 9.6,Windows,4.58
3306,MariaDB,MariaDB version 7.1,Windows,5.6
3306,MongoDB,MongoDB version 7.1,Linux,4.38
80,LiteSpeed,LiteSpeed version 8.2,Windows,4.62
3306,MariaDB,MariaDB version 8.0,Windows,1.5
3306,RDP,RDP version 5.7,Linux,7.87
3306,MongoDB,MongoDB version 9.2,Linux,5.02
80,LiteSpeed,LiteSpeed version 5.9,Linux,6.0
21,ProFTPD,ProFTPD version 1.6,Linux,2.16
3306,MariaDB,MariaDB version 3.1,Unix,7.63
3306,MongoDB,MongoDB version 9.3,Windows,4.29
3306,MySQL,MySQL version 9.4,Windows,6.16
3306,Redis,Redis version 7.7,Windows,2.94
80,LiteSpeed,LiteSpeed version 9.6,Linux,5.42
22,OpenSSH,OpenSSH version 5.8,Linux,2.92
21,vsftpd,vsftpd version 3.8,Windows,3.56
3306,RDP,RDP version 8.1,Unix,9.37
21,vsftpd,vsftpd version 1.9,Windows,4.21
21,vsftpd,vsftpd version 7.8,Windows,4.83
80,Apache,Apache version 1.4,Windows,5.81
21,vsftpd,vsftpd version 6.1,Unix,5.24
3306,PostgreSQL,PostgreSQL version 8.0,Linux,4.73
3306,SMB,SMB version 3.5,Windows,7.05
21,ProFTPD,ProFTPD version 2.2,Windows,10.0
80,Apache,Apache version 6.3,Linux,4.41
3306,Redis,Redis version 3.6,Unix,4.8
80,Apache,Apache version 4.2,Windows,6.08
21,ProFTPD,ProFTPD version 2.2,Linux,8.16
3306,MongoDB,MongoDB version 5.2,Unix,6.28
3306,MySQL,MySQL version 2.6,Unix,5.46
3306,SMB,SMB version 3.1,Windows,4.79
21,vsftpd,vsftpd version 3.5,Windows,6.95
80,Apache,Apache version 2.7,Unix,2.78
3306,MongoDB,MongoDB version 1.4,Unix,4.95
21,ProFTPD,ProFTPD version 2.6,Unix,5.37
3306,MariaDB,MariaDB version 7.0,Unix,4.4
3306,MariaDB,MariaDB version 1.2,Linux,4.99
3306,MongoDB,MongoDB version 2.3,Windows,4.98
3306,MySQL,MySQL version 4.7,Windows,5.13
3306,MariaDB,MariaDB version 1.9,Linux,6.92
21,vsftpd,vsftpd version 2.6,Linux,5.18
3306,PostgreSQL,PostgreSQL version 4.4,Linux,4.13
80,LiteSpeed,LiteSpeed version 6.1,Linux,5.95
21,ProFTPD,ProFTPD version 3.3,Linux,8.28
3306,MySQL,MySQL version 7.5,Unix,2.66
22,OpenSSH,OpenSSH version 9.6,Windows,5.4
21,ProFTPD,ProFTPD version 2.1,Linux,7.55
3306,MySQL,MySQL version 1.2,Unix,4.05
3306,MySQL,MySQL version 7.3,Linux,6.56
21,vsftpd,vsftpd version 3.3,Windows,4.27
3306,MariaDB,MariaDB version 2.8,Unix,4.69
3306,RDP,RDP version 5.1,Linux,6.24
21,vsftpd,vsftpd version 1.1,Unix,4.52
80,Apache,Apache version 3.8,Windows,2.86
3306,SMB,SMB version 1.3,Unix,4.34
21,ProFTPD,ProFTPD version 4.2,Unix,8.89
3306,MongoDB,MongoDB version 5.5,Unix,3.23
3306,SMB,SMB version 7.9,Windows,5.01
21,vsftpd,vsftpd version 9.1,Linux,1.27
80,LiteSpeed,LiteSpeed version 6.6,Unix,3.54
80,Apache,Apache version 3.2,Windows,2.52
3306,PostgreSQL,PostgreSQL version 1.4,Unix,6.96
22,OpenSSH,OpenSSH version 2.8,Unix,6.01
22,OpenSSH,OpenSSH version 7.1,Unix,3.47
3306,MySQL,MySQL version 4.7,Unix,7.88
3306,RDP,RDP version 5.6,Unix,7.97
3306,Redis,Redis version 7.6,Unix,4.01
80,nginx,nginx version 8.1,Windows,0.75
3306,SMB,SMB version 8.6,Windows,9.94
3306,SMB,SMB version 7.8,Unix,4.42
22,OpenSSH,OpenSSH version 7.5,Linux,2.03
21,vsftpd,vsftpd version 7.1,Windows,6.03
3306,MySQL,MySQL version 5.0,Windows,8.16
3306,SMB,SMB version 6.3,Unix,8.58
80,LiteSpeed,LiteSpeed version 8.0,Windows,5.35
3306,Redis,Redis version 7.2,Linux,5.39
80,LiteSpeed,LiteSpeed version 2.2,Unix,5.78
3306,MongoDB,MongoDB version 7.8,Windows,5.64
3306,MySQL,MySQL version 2.7,Windows,4.92
3306,PostgreSQL,PostgreSQL version 4.5,Windows,4.66
3306,Redis,Redis version 3.6,Windows,4.41
3306,MySQL,MySQL version 9.6,Windows,3.37
3306,RDP,RDP version 6.2,Unix,6.08
80,LiteSpeed,LiteSpeed version 5.6,Unix,1.96
22,OpenSSH,OpenSSH version 5.2,Linux,4.35
3306,PostgreSQL,PostgreSQL version 1.3,Windows,3.02
80,Apache,Apache version 6.7,Windows,2.84
3306,MongoDB,MongoDB version 6.6,Linux,4.77
3306,RDP,RDP version 6.8,Linux,8.59
3306,SMB,SMB version 3.4,Linux,7.88
3306,SMB,SMB version 8.2,Linux,4.14
80,nginx,nginx version 1.9,Linux,3.02
3306,RDP,RDP version 6.8,Unix,7.91
3306,MongoDB,MongoDB version 2.8,Windows,3.03
21,vsftpd,vsftpd version 3.4,Windows,4.16
80,Apache,Apache version 5.2,Linux,5.33
21,vsftpd,vsftpd version 3.8,Windows,3.05
3306,Redis,Redis version 1.7,Unix,4.66
3306,Redis,Redis version 2.9,Windows,2.5
3306,MongoDB,MongoDB version 9.6,Unix,3.6
3306,MongoDB,MongoDB version 4.6,Linux,4.98
3306,RDP,RDP version 3.8,Linux,4.11
21,vsftpd,vsftpd version 3.1,Windows,5.16
80,Apache,Apache version 4.3,Windows,4.47
80,nginx,nginx version 2.2,Windows,5.33
3306,Redis,Redis version 3.3,Unix,4.84
3306,SMB,SMB version 3.9,Linux,8.55
80,Apache,Apache version 8.7,Windows,4.69
3306,MongoDB,MongoDB version 4.5,Windows,3.86
3306,MongoDB,MongoDB version 5.5,Windows,4.68
3306,SMB,SMB version 9.9,Windows,7.31
21,ProFTPD,ProFTPD version 4.2,Unix,6.57
3306,PostgreSQL,PostgreSQL version 1.7,Unix,4.56
3306,MariaDB,MariaDB version 8.4,Unix,3.45
22,OpenSSH,OpenSSH version 5.6,Linux,3.51
80,LiteSpeed,LiteSpeed version 6.7,Windows,2.4
21,vsftpd,vsftpd version 4.8,Linux,7.12
3306,MongoDB,MongoDB version 3.5,Windows,2.63
3306,SMB,SMB version 2.6,Linux,5.46
21,ProFTPD,ProFTPD version 6.7,Windows,5.42
80,nginx,nginx version 7.7,Windows,5.84
3306,MongoDB,MongoDB version 4.7,Unix,4.06
80,nginx,nginx version 8.2,Windows,6.37
3306,MariaDB,MariaDB version 1.2,Linux,3.49
3306,MariaDB,MariaDB version 9.0,Linux,4.92
21,ProFTPD,ProFTPD version 6.8,Linux,5.25
3306,SMB,SMB version 1.6,Linux,9.72
3306,SMB,SMB version 3.6,Linux,4.72
80,Apache,Apache version 4.5,Windows,4.96
3306,RDP,RDP version 1.2,Windows,7.45
3306,SMB,SMB version 5.3,Windows,7.12
3306,RDP,RDP version 6.4,Linux,6.22
3306,MySQL,MySQL version 5.3,Unix,4.31
21,ProFTPD,ProFTPD version 6.9,Linux,6.57
3306,Redis,Redis version 1.5,Linux,4.28
80,Apache,Apache version 2.7,Windows,5.95
21,vsftpd,vsftpd version 2.8,Windows,7.82
3306,Redis,Redis version 2.3,Windows,3.66
3306,MariaDB,MariaDB version 6.1,Windows,2.45
3306,MongoDB,MongoDB version 1.0,Windows,4.37
3306,RDP,RDP version 1.9,Windows,10.0
3306,MongoDB,MongoDB version 7.7,Linux,3.29
3306,MariaDB,MariaDB version 8.8,Linux,6.96
21,ProFTPD,ProFTPD version 3.9,Windows,9.02
3306,MySQL,MySQL version 3.2,Unix,3.67
3306,RDP,RDP version 9.0,Windows,7.35
80,LiteSpeed,LiteSpeed version 4.2,Linux,6.94
80,nginx,nginx version 2.5,Linux,3.93
3306,MongoDB,MongoDB version 1.4,Linux,4.19
3306,MySQL,MySQL version 8.0,Windows,3.63
3306,Redis,Redis version 3.2,Unix,2.98
21,vsftpd,vsftpd version 5.7,Linux,3.53
21,ProFTPD,ProFTPD version 4.7,Windows,4.66
3306,SMB,SMB version 6.9,Linux,6.55
22,OpenSSH,OpenSSH version 3.7,Linux,3.35
80,LiteSpeed,LiteSpeed version 2.3,Windows,4.85
80,LiteSpeed,LiteSpeed version 6.3,Linux,2.17
3306,Redis,Redis version 9.0,Windows,5.0
80,Apache,Apache version 1.5,Linux,5.75
3306,MySQL,MySQL version 4.4,Unix,1.51
80,Apache,Apache version 1.5,Windows,5.06
3306,MySQL,MySQL version 3.7,Unix,6.34
3306,MongoDB,MongoDB version 1.8,Unix,2.69
80,LiteSpeed,LiteSpeed version 2.8,Unix,7.01
3306,MySQL,MySQL version 2.3,Unix,5.13
3306,Redis,Redis version 3.6,Linux,3.44
80,LiteSpeed,LiteSpeed version 2.1,Unix,4.42
3306,PostgreSQL,PostgreSQL version 8.6,Unix,5.34
3306,MongoDB,MongoDB version 6.7,Windows,4.61
3306,Redis,Redis version 9.6,Unix,5.31
22,OpenSSH,OpenSSH version 7.0,Unix,3.12
21,ProFTPD,ProFTPD version 4.7,Unix,6.75
3306,PostgreSQL,PostgreSQL version 7.6,Windows,2.38
80,Apache,Apache version 6.9,Windows,4.33
21,vsftpd,vsftpd version 2.3,Linux,3.14
21,vsftpd,vsftpd version 9.5,Linux,3.4
80,LiteSpeed,LiteSpeed version 1.9,Unix,6.35
21,ProFTPD,ProFTPD version 7.5,Linux,8.14
3306,PostgreSQL,PostgreSQL version 5.2,Linux,5.41
3306,MySQL,MySQL version 8.9,Windows,2.86
3306,MariaDB,MariaDB version 8.5,Windows,4.03
3306,PostgreSQL,PostgreSQL version 6.2,Unix,6.32
3306,RDP,RDP version 6.7,Windows,6.71
3306,MySQL,MySQL version 5.9,Linux,7.98
3306,MariaDB,MariaDB version 9.1,Linux,5.09
22,OpenSSH,OpenSSH version 5.9,Windows,4.79
3306,SMB,SMB version 5.0,Windows,6.04
3306,SMB,SMB version 7.6,Unix,6.7
21,vsftpd,vsftpd version 7.1,Linux,4.27
3306,MongoDB,MongoDB version 4.0,Linux,5.56
3306,MySQL,MySQL version 6.4,Windows,5.94
3306,RDP,RDP version 5.2,Windows,5.32
3306,PostgreSQL,PostgreSQL version 4.3,Windows,2.5
21,vsftpd,vsftpd version 8.5,Unix,1.75
80,nginx,nginx version 9.2,Linux,5.26
21,ProFTPD,ProFTPD version 7.8,Windows,4.84
21,vsftpd,vsftpd version 1.4,Unix,1.27
80,nginx,nginx version 2.1,Linux,5.08
80,nginx,nginx version 4.2,Linux,8.24
21,ProFTPD,ProFTPD version 2.7,Unix,6.49
3306,MariaDB,MariaDB version 9.1,Windows,5.76
3306,MongoDB,MongoDB version 4.0,Linux,4.62
21,vsftpd,vsftpd version 3.4,Linux,4.35
3306,MySQL,MySQL version 7.7,Unix,5.88
21,ProFTPD,ProFTPD version 5.3,Unix,6.06
3306,MariaDB,MariaDB version 2.1,Unix,4.9
3306,SMB,SMB version 8.8,Linux,6.98
3306,MongoDB,MongoDB version 3.4,Windows,3.5
3306,RDP,RDP version 6.9,Linux,7.99
3306,SMB,SMB version 9.9,Windows,6.24
3306,RDP,RDP version 9.6,Unix,5.37
3306,Redis,Redis version 4.5,Unix,5.3
80,LiteSpeed,LiteSpeed version 8.2,Windows,3.15
3306,Redis,Redis version 2.1,Windows,4.54
21,ProFTPD,ProFTPD version 3.1,Linux,6.49
22,OpenSSH,OpenSSH version 3.4,Windows,6.13
3306,MongoDB,MongoDB version 8.5,Linux,5.21
3306,MariaDB,MariaDB version 2.4,Windows,4.46
3306,Redis,Redis version 8.4,Linux,5.73
21,vsftpd,vsftpd version 4.7,Windows,6.59
3306,PostgreSQL,PostgreSQL version 7.8,Windows,5.34
3306,PostgreSQL,PostgreSQL version 2.0,Unix,4.52
3306,MongoDB,MongoDB version 8.0,Linux,2.53
80,Apache,Apache version 5.7,Unix,2.9
3306,RDP,RDP version 8.7,Linux,6.04
21,ProFTPD,ProFTPD version 7.3,Unix,5.59
3306,PostgreSQL,PostgreSQL version 5.2,Linux,4.22
3306,PostgreSQL,PostgreSQL version 6.0,Windows,4.58
3306,Redis,Redis version 3.6,Linux,5.29
3306,SMB,SMB version 2.5,Unix,6.39
80,Apache,Apache version 4.4,Windows,5.23
3306,MongoDB,MongoDB version 2.6,Windows,4.6
3306,MongoDB,MongoDB version 8.4,Windows,1.54
3306,MySQL,MySQL version 9.2,Unix,3.09
21,ProFTPD,ProFTPD version 2.3,Windows,6.28
3306,RDP,RDP version 7.9,Linux,4.69
3306,MariaDB,MariaDB version 4.6,Linux,5.4
22,OpenSSH,OpenSSH version 2.3,Windows,6.8
3306,SMB,SMB version 6.9,Unix,8.33
3306,MongoDB,MongoDB version 2.2,Linux,4.18
21,ProFTPD,ProFTPD version 4.6,Linux,8.74
3306,MariaDB,MariaDB version 1.8,Unix,4.72
3306,SMB,SMB version 4.2,Unix,5.99
22,OpenSSH,OpenSSH version 9.3,Windows,3.58
3306,MongoDB,MongoDB version 8.5,Linux,4.05
21,vsftpd,vsftpd version 9.3,Linux,3.92
3306,MySQL,MySQL version 8.5,Windows,4.76
3306,PostgreSQL,PostgreSQL version 9.0,Linux,4.74
3306,SMB,SMB version 5.2,Windows,6.5
3306,MySQL,MySQL version 9.5,Windows,5.16
80,LiteSpeed,LiteSpeed version 7.1,Linux,6.29
3306,RDP,RDP version 9.6,Windows,7.92
21,ProFTPD,ProFTPD version 3.8,Windows,4.27
3306,RDP,RDP version 4.2,Unix,2.67
3306,SMB,SMB version 3.9,Windows,7.9
3306,MySQL,MySQL version 2.4,Unix,2.45
3306,RDP,RDP version 3.7,Unix,6.16
3306,PostgreSQL,PostgreSQL version 8.0,Windows,2.74
80,Apache,Apache version 8.7,Unix,1.8
21,vsftpd,vsftpd version 7.2,Windows,5.31
80,Apache,Apache version 9.4,Unix,5.64
80,Apache,Apache version 4.8,Linux,3.64
3306,MariaDB,MariaDB version 5.4,Linux,0.61
21,vsftpd,vsftpd version 2.0,Linux,3.68
80,Apache,Apache version 5.7,Linux,5.09
3306,PostgreSQL,PostgreSQL version 9.5,Unix,2.28
80,LiteSpeed,LiteSpeed version 5.5,Unix,4.78
3306,MySQL,MySQL version 5.2,Linux,4.48
80,LiteSpeed,LiteSpeed version 7.5,Windows,5.37
3306,SMB,SMB version 6.1,Windows,6.68
80,LiteSpeed,LiteSpeed version 2.0,Windows,3.04
21,vsftpd,vsftpd version 9.6,Linux,6.29
3306,RDP,RDP version 9.4,Linux,6.26
3306,PostgreSQL,PostgreSQL version 3.2,Windows,4.46
3306,SMB,SMB version 2.8,Linux,5.1
21,vsftpd,vsftpd version 4.5,Unix,3.84
3306,MariaDB,MariaDB version 2.6,Windows,3.17
21,ProFTPD,ProFTPD version 1.7,Windows,6.24
80,LiteSpeed,LiteSpeed version 8.6,Windows,7.07
21,vsftpd,vsftpd version 7.6,Unix,2.44
80,LiteSpeed,LiteSpeed version 1.1,Linux,2.08
3306,MariaDB,MariaDB version 7.6,Unix,6.71
80,LiteSpeed,LiteSpeed version 8.1,Linux,4.19
21,vsftpd,vsftpd version 5.3,Unix,3.5
3306,MongoDB,MongoDB version 7.0,Linux,6.06
3306,RDP,RDP version 4.1,Unix,5.59
3306,MongoDB,MongoDB version 4.4,Windows,7.24
21,ProFTPD,ProFTPD version 2.0,Unix,7.52
21,vsftpd,vsftpd version 9.8,Linux,3.77
3306,SMB,SMB version 7.8,Unix,9.74
22,OpenSSH,OpenSSH version 2.2,Unix,3.59
3306,MySQL,MySQL version 6.7,Unix,5.61
80,LiteSpeed,LiteSpeed version 8.5,Linux,4.95
21,vsftpd,vsftpd version 3.3,Linux,6.45
80,Apache,Apache version 4.8,Unix,6.84
3306,MariaDB,MariaDB version 1.7,Linux,4.55
80,LiteSpeed,LiteSpeed version 9.7,Windows,3.37
21,ProFTPD,ProFTPD version 9.5,Linux,7.19
3306,SMB,SMB version 1.7,Unix,5.48
3306,Redis,Redis version 6.8,Linux,7.52
80,nginx,nginx version 2.8,Windows,4.7
3306,RDP,RDP version 5.0,Windows,5.95
21,vsftpd,vsftpd version 4.3,Windows,4.78
21,vsftpd,vsftpd version 7.0,Unix,2.48
80,Apache,Apache version 9.4,Windows,3.04
21,vsftpd,vsftpd version 9.5,Unix,6.3
3306,PostgreSQL,PostgreSQL version 2.6,Unix,3.51
3306,PostgreSQL,PostgreSQL version 3.5,Linux,2.93
3306,MySQL,MySQL version 6.7,Windows,5.3
3306,SMB,SMB version 4.5,Windows,8.28
3306,MariaDB,MariaDB version 5.8,Unix,5.58
80,LiteSpeed,LiteSpeed version 6.4,Unix,5.99
21,vsftpd,vsftpd version 7.8,Unix,3.36
21,vsftpd,vsftpd version 9.0,Linux,2.37
3306,MongoDB,MongoDB version 5.3,Unix,6.75
3306,SMB,SMB version 7.0,Unix,6.02
22,OpenSSH,OpenSSH version 4.0,Unix,4.12
80,Apache,Apache version 4.4,Linux,6.49
3306,Redis,Redis version 8.9,Linux,5.33
21,ProFTPD,ProFTPD version 5.3,Unix,7.18
3306,MySQL,MySQL version 3.7,Unix,7.75
21,ProFTPD,ProFTPD version 9.8,Unix,5.53
21,ProFTPD,ProFTPD version 2.1,Windows,7.89
3306,Redis,Redis version 5.9,Unix,4.59
3306,MariaDB,MariaDB version 4.5,Unix,4.9
3306,SMB,SMB version 7.2,Windows,8.79
3306,MariaDB,MariaDB version 3.0,Unix,5.26
3306,SMB,SMB version 7.6,Linux,7.31
3306,RDP,RDP version 6.6,Unix,8.11
3306,PostgreSQL,PostgreSQL version 4.5,Unix,3.95
3306,MongoDB,MongoDB version 4.3,Windows,3.24
3306,MariaDB,MariaDB version 5.7,Unix,2.93
80,LiteSpeed,LiteSpeed version 2.4,Windows,1.55
3306,MySQL,MySQL version 4.4,Linux,7.58
3306,MongoDB,MongoDB version 8.3,Linux,2.85
80,LiteSpeed,LiteSpeed version 6.9,Linux,4.17
80,Apache,Apache version 9.5,Windows,4.08
3306,Redis,Redis version 5.6,Windows,4.96
80,nginx,nginx version 4.5,Linux,5.72
3306,MariaDB,MariaDB version 5.0,Windows,5.79
3306,MongoDB,MongoDB version 8.8,Windows,3.63
21,ProFTPD,ProFTPD version 5.1,Windows,6.25
80,LiteSpeed,LiteSpeed version 4.2,Windows,4.92
3306,MySQL,MySQL version 7.6,Linux,4.13
3306,RDP,RDP version 5.4,Linux,8.91
80,nginx,nginx version 2.0,Windows,5.24
3306,Redis,Redis version 3.7,Linux,5.6
3306,MariaDB,MariaDB version 6.1,Unix,5.49
3306,PostgreSQL,PostgreSQL version 8.5,Unix,6.26
3306,RDP,RDP version 6.9,Linux,6.77
21,ProFTPD,ProFTPD version 9.5,Linux,4.55
80,LiteSpeed,LiteSpeed version 8.5,Linux,5.1
21,vsftpd,vsftpd version 3.1,Windows,3.52
21,vsftpd,vsftpd version 2.7,Windows,3.71
80,Apache,Apache version 9.4,Unix,5.38
3306,PostgreSQL,PostgreSQL version 1.0,Windows,6.36
3306,Redis,Redis version 3.4,Linux,4.53
80,LiteSpeed,LiteSpeed version 4.5,Linux,4.96
3306,MariaDB,MariaDB version 5.4,Unix,7.05
21,ProFTPD,ProFTPD version 8.9,Windows,6.86
3306,MongoDB,MongoDB version 3.7,Unix,8.4
3306,MySQL,MySQL version 5.5,Windows,5.35
21,vsftpd,vsftpd version 2.1,Linux,1.86
21,ProFTPD,ProFTPD version 3.2,Linux,7.63
3306,PostgreSQL,PostgreSQL version 6.3,Unix,5.07
22,OpenSSH,OpenSSH version 1.1,Linux,6.43
80,Apache,Apache version 8.1,Linux,5.51
3306,RDP,RDP version 7.1,Unix,6.29
3306,RDP,RDP version 6.4,Windows,4.66
3306,MariaDB,MariaDB version 9.8,Windows,4.19
21,vsftpd,vsftpd version 9.6,Unix,3.22
80,nginx,nginx version 1.3,Linux,3.63
22,OpenSSH,OpenSSH version 7.6,Linux,5.38
3306,SMB,SMB version 5.3,Windows,9.0
3306,SMB,SMB version 5.7,Linux,7.09
3306,MySQL,MySQL version 1.7,Linux,2.71
21,vsftpd,vsftpd version 8.3,Linux,5.17
3306,MariaDB,MariaDB version 6.8,Windows,6.29
3306,MongoDB,MongoDB version 4.7,Unix,3.59
80,nginx,nginx version 9.7,Linux,4.3
80,nginx,nginx version 8.5,Windows,4.52
80,LiteSpeed,LiteSpeed version 4.0,Unix,3.32
3306,RDP,RDP version 3.1,Windows,7.47
3306,PostgreSQL,PostgreSQL version 7.3,Linux,4.32
3306,RDP,RDP version 4.8,Windows,7.13
22,OpenSSH,OpenSSH version 1.2,Linux,3.17
3306,MySQL,MySQL version 7.4,Windows,3.84
21,ProFTPD,ProFTPD version 1.7,Unix,7.58
3306,SMB,SMB version 1.1,Windows,5.94
3306,MariaDB,MariaDB version 1.2,Windows,7.09
80,nginx,nginx version 3.0,Windows,3.9
3306,Redis,Redis version 7.0,Linux,4.84
80,LiteSpeed,LiteSpeed version 1.2,Unix,5.9
3306,MariaDB,MariaDB version 1.9,Linux,2.37
3306,PostgreSQL,PostgreSQL version 2.8,Windows,1.86
3306,PostgreSQL,PostgreSQL version 8.2,Windows,2.21
80,Apache,Apache version 6.2,Linux,6.39
3306,SMB,SMB version 9.6,Windows,5.67
80,Apache,Apache version 9.1,Windows,8.34
80,Apache,Apache version 2.7,Windows,3.65
3306,SMB,SMB version 6.6,Linux,6.78
3306,PostgreSQL,PostgreSQL version 5.9,Unix,6.81
80,nginx,nginx version 4.8,Linux,7.51
22,OpenSSH,OpenSSH version 8.2,Linux,7.59
3306,MySQL,MySQL version 7.4,Windows,6.31
3306,MongoDB,MongoDB version 7.8,Linux,6.04
80,Apache,Apache version 1.4,Windows,5.39
21,vsftpd,vsftpd version 2.4,Linux,5.67
3306,SMB,SMB version 6.4,Unix,5.67
21,vsftpd,vsftpd version 8.6,Windows,3.27
3306,PostgreSQL,PostgreSQL version 8.0,Linux,4.49
3306,MariaDB,MariaDB version 8.6,Windows,4.24
80,LiteSpeed,LiteSpeed version 5.1,Linux,3.82
3306,MariaDB,MariaDB version 9.9,Windows,5.54
80,nginx,nginx version 9.8,Unix,5.93
3306,MongoDB,MongoDB version 4.4,Linux,4.63
3306,RDP,RDP version 5.4,Windows,8.72
3306,Redis,Redis version 2.0,Windows,2.79
3306,MySQL,MySQL version 3.4,Unix,4.21
80,LiteSpeed,LiteSpeed version 3.6,Linux,3.42
3306,MySQL,MySQL version 1.7,Unix,1.7
80,nginx,nginx version 3.6,Windows,4.38
80,LiteSpeed,LiteSpeed version 5.9,Linux,4.32
3306,MySQL,MySQL version 4.9,Linux,6.77
21,vsftpd,vsftpd version 7.4,Unix,5.45
3306,Redis,Redis version 4.6,Unix,2.96
3306,MongoDB,MongoDB version 2.7,Unix,7.28
80,Apache,Apache version 4.6,Windows,6.33
3306,SMB,SMB version 9.5,Windows,7.37
3306,Redis,Redis version 1.5,Windows,4.16
21,vsftpd,vsftpd version 7.2,Linux,3.06
80,Apache,Apache version 5.0,Windows,3.94
3306,Redis,Redis version 6.9,Windows,6.13
3306,Redis,Redis version 8.6,Linux,7.33
3306,RDP,RDP version 2.6,Unix,8.81
3306,RDP,RDP version 6.4,Windows,5.77
22,OpenSSH,OpenSSH version 4.9,Linux,2.82
22,OpenSSH,OpenSSH version 4.2,Linux,4.71
3306,SMB,SMB version 2.4,Unix,3.85
80,nginx,nginx version 5.4,Windows,4.98
80,Apache,Apache version 3.9,Windows,4.28
80,Apache,Apache version 4.6,Linux,3.8
3306,MariaDB,MariaDB version 9.3,Unix,2.11
22,OpenSSH,OpenSSH version 9.9,Windows,5.27
22,OpenSSH,OpenSSH version 3.5,Unix,3.7
3306,Redis,Redis version 3.3,Windows,2.75
80,Apache,Apache version 3.3,Unix,0.19
3306,RDP,RDP version 9.7,Linux,6.46
21,ProFTPD,ProFTPD version 7.6,Unix,9.16
22,OpenSSH,OpenSSH version 7.9,Linux,6.99
21,vsftpd,vsftpd version 1.6,Unix,3.81
3306,RDP,RDP version 2.4,Unix,5.6
80,nginx,nginx version 3.2,Linux,5.2
22,OpenSSH,OpenSSH version 7.0,Windows,3.0
3306,MySQL,MySQL version 4.5,Windows,4.95
80,Apache,Apache version 2.4,Unix,5.65
22,OpenSSH,OpenSSH version 7.2,Windows,6.34
3306,MySQL,MySQL version 7.4,Linux,4.35
80,LiteSpeed,LiteSpeed version 7.4,Unix,4.19
21,ProFTPD,ProFTPD version 2.7,Unix,5.18
21,ProFTPD,ProFTPD version 2.4,Linux,5.26
3306,Redis,Redis version 5.4,Linux,4.16
3306,PostgreSQL,PostgreSQL version 2.3,Unix,5.05
21,vsftpd,vsftpd version 6.4,Unix,5.87
3306,MySQL,MySQL version 5.3,Windows,3.3
80,nginx,nginx version 7.5,Linux,6.74
22,OpenSSH,OpenSSH version 4.1,Windows,4.09
3306,Redis,Redis version 6.0,Unix,4.47
80,LiteSpeed,LiteSpeed version 2.6,Windows,3.38
3306,Redis,Redis version 1.6,Linux,0.86
3306,RDP,RDP version 7.8,Unix,7.83
3306,MariaDB,MariaDB version 2.2,Unix,5.61
3306,RDP,RDP version 2.5,Unix,6.08
3306,MongoDB,MongoDB version 7.3,Unix,4.6
21,ProFTPD,ProFTPD version 5.9,Linux,7.27
22,OpenSSH,OpenSSH version 8.0,Windows,2.16
3306,RDP,RDP version 5.9,Windows,5.71
21,vsftpd,vsftpd version 5.0,Windows,5.69
3306,SMB,SMB version 3.1,Unix,4.62
22,OpenSSH,OpenSSH version 7.1,Windows,4.94
3306,RDP,RDP version 5.7,Linux,4.47
3306,MySQL,MySQL version 4.5,Unix,5.2
3306,MySQL,MySQL version 1.9,Linux,4.45
80,Apache,Apache version 9.7,Unix,2.08
3306,RDP,RDP version 3.0,Windows,8.25
3306,PostgreSQL,PostgreSQL version 6.9,Linux,3.4
21,ProFTPD,ProFTPD version 8.1,Unix,5.28
80,Apache,Apache version 9.7,Unix,4.8
21,ProFTPD,ProFTPD version 9.9,Windows,8.22
3306,MariaDB,MariaDB version 8.7,Windows,2.98
3306,MariaDB,MariaDB version 6.1,Unix,4.59
3306,MongoDB,MongoDB version 6.2,Unix,5.14
21,ProFTPD,ProFTPD version 3.9,Windows,7.54
3306,MongoDB,MongoDB version 2.1,Windows,4.76
80,Apache,Apache version 9.8,Linux,3.95
21,ProFTPD,ProFTPD version 4.9,Linux,5.26
80,LiteSpeed,LiteSpeed version 8.9,Unix,4.63
3306,Redis,Redis version 7.1,Unix,2.89
3306,SMB,SMB version 9.9,Windows,2.12
3306,MariaDB,MariaDB version 1.0,Linux,5.15
3306,MySQL,MySQL version 7.4,Unix,5.86
21,ProFTPD,ProFTPD version 2.9,Windows,2.96
80,LiteSpeed,LiteSpeed version 5.0,Linux,2.99
21,vsftpd,vsftpd version 2.6,Windows,5.43
3306,Redis,Redis version 4.5,Unix,7.59
3306,PostgreSQL,PostgreSQL version 4.6,Windows,4.53
3306,MongoDB,MongoDB version 4.3,Linux,3.41
3306,MySQL,MySQL version 4.8,Linux,4.23
3306,MySQL,MySQL version 1.8,Unix,6.56
80,LiteSpeed,LiteSpeed version 3.2,Linux,3.53
3306,MongoDB,MongoDB version 2.9,Windows,3.3
21,ProFTPD,ProFTPD version 7.8,Windows,5.78
3306,RDP,RDP version 9.3,Linux,5.07
3306,PostgreSQL,PostgreSQL version 3.4,Windows,4.68
80,Apache,Apache version 2.2,Windows,6.94
21,vsftpd,vsftpd version 5.7,Linux,4.98
80,nginx,nginx version 3.5,Windows,4.12
3306,RDP,RDP version 3.6,Windows,6.06
3306,Redis,Redis version 3.1,Linux,2.16
21,ProFTPD,ProFTPD version 1.9,Windows,7.82
3306,Redis,Redis version 4.5,Linux,4.38
80,Apache,Apache version 3.6,Unix,4.23
80,nginx,nginx version 1.9,Linux,9.29
80,LiteSpeed,LiteSpeed version 4.9,Windows,4.95
80,Apache,Apache version 9.5,Windows,3.37
3306,PostgreSQL,PostgreSQL version 9.1,Unix,3.86
3306,PostgreSQL,PostgreSQL version 2.7,Windows,6.22
22,OpenSSH,OpenSSH version 6.5,Windows,4.67
21,vsftpd,vsftpd version 3.7,Unix,2.34
3306,MongoDB,MongoDB version 6.8,Linux,5.88
3306,Redis,Redis version 1.5,Unix,3.5
80,Apache,Apache version 9.1,Unix,7.31
3306,MongoDB,MongoDB version 7.2,Windows,6.12
3306,SMB,SMB version 5.4,Unix,5.83
3306,MongoDB,MongoDB version 3.6,Unix,6.42
3306,MySQL,MySQL version 5.4,Windows,4.6
22,OpenSSH,OpenSSH version 5.4,Windows,5.78
21,ProFTPD,ProFTPD version 5.1,Linux,7.23
21,vsftpd,vsftpd version 2.4,Unix,3.23
21,ProFTPD,ProFTPD version 2.5,Unix,5.53
80,LiteSpeed,LiteSpeed version 3.4,Unix,6.04
3306,MySQL,MySQL version 3.8,Windows,4.0
3306,MySQL,MySQL version 9.5,Linux,3.89
3306,SMB,SMB version 1.4,Unix,5.07
21,ProFTPD,ProFTPD version 4.2,Linux,7.14
22,OpenSSH,OpenSSH version 5.8,Windows,7.59
3306,MongoDB,MongoDB version 8.1,Windows,2.9
3306,RDP,RDP version 6.2,Windows,6.54
21,ProFTPD,ProFTPD version 2.2,Unix,8.62
3306,MySQL,MySQL version 5.2,Windows,4.38
80,Apache,Apache version 9.8,Linux,5.18
22,OpenSSH,OpenSSH version 6.0,Linux,2.91
3306,MySQL,MySQL version 7.9,Unix,5.14
3306,MariaDB,MariaDB version 9.7,Linux,4.22
80,LiteSpeed,LiteSpeed version 5.0,Unix,5.98
3306,PostgreSQL,PostgreSQL version 9.4,Unix,6.28
21,vsftpd,vsftpd version 6.3,Unix,8.38
21,vsftpd,vsftpd version 4.9,Linux,5.37
3306,PostgreSQL,PostgreSQL version 8.1,Windows,4.99
80,LiteSpeed,LiteSpeed version 2.0,Unix,4.79
3306,Redis,Redis version 8.4,Windows,3.97
80,LiteSpeed,LiteSpeed version 6.7,Unix,5.01
3306,RDP,RDP version 6.3,Windows,6.06
3306,MongoDB,MongoDB version 4.7,Windows,4.75
80,LiteSpeed,LiteSpeed version 5.4,Linux,6.48
3306,SMB,SMB version 4.9,Linux,4.99
3306,MongoDB,MongoDB version 6.0,Linux,6.21
3306,MongoDB,MongoDB version 5.5,Linux,6.48
22,OpenSSH,OpenSSH version 8.6,Unix,4.32
3306,MongoDB,MongoDB version 2.0,Unix,1.32
21,ProFTPD,ProFTPD version 4.3,Unix,5.59
21,vsftpd,vsftpd version 4.8,Unix,6.45
3306,MariaDB,MariaDB version 1.1,Unix,4.47
22,OpenSSH,OpenSSH version 5.6,Unix,3.0
3306,Redis,Redis version 6.7,Windows,3.74
22,OpenSSH,OpenSSH version 1.7,Linux,5.76
3306,MariaDB,MariaDB version 7.1,Linux,5.32
80,Apache,Apache version 2.3,Linux,4.14
21,ProFTPD,ProFTPD version 3.6,Unix,5.95
21,vsftpd,vsftpd version 1.2,Linux,3.91
21,vsftpd,vsftpd version 1.0,Linux,3.12
80,nginx,nginx version 7.9,Linux,6.92
80,LiteSpeed,LiteSpeed version 8.6,Windows,4.02
21,vsftpd,vsftpd version 4.1,Windows,6.33
21,vsftpd,vsftpd version 5.8,Unix,6.78
21,ProFTPD,ProFTPD version 5.3,Unix,8.0
3306,RDP,RDP version 6.1,Unix,5.85
21,ProFTPD,ProFTPD version 1.7,Windows,7.11
3306,RDP,RDP version 1.3,Linux,6.46
80,Apache,Apache version 2.3,Linux,3.14
80,Apache,Apache version 6.3,Windows,4.99
80,LiteSpeed,LiteSpeed version 4.8,Linux,2.73
3306,MySQL,MySQL version 1.3,Windows,6.28
3306,MySQL,MySQL version 4.7,Unix,3.8
21,vsftpd,vsftpd version 6.6,Linux,4.8
3306,MariaDB,MariaDB version 8.0,Windows,4.92
80,nginx,nginx version 1.3,Unix,4.11
22,OpenSSH,OpenSSH version 9.7,Linux,5.38
3306,SMB,SMB version 5.3,Unix,5.79
3306,PostgreSQL,PostgreSQL version 2.7,Unix,5.81
3306,MySQL,MySQL version 8.8,Unix,2.48
21,ProFTPD,ProFTPD version 9.3,Linux,6.69
3306,MariaDB,MariaDB version 3.6,Windows,7.41
80,LiteSpeed,LiteSpeed version 1.9,Windows,3.0
3306,Redis,Redis version 3.4,Linux,3.48
3306,MongoDB,MongoDB version 4.3,Linux,5.27
3306,MongoDB,MongoDB version 3.1,Windows,4.77
3306,MongoDB,MongoDB version 7.0,Unix,5.03
21,vsftpd,vsftpd version 2.1,Windows,5.23
80,Apache,Apache version 5.7,Linux,5.45
3306,RDP,RDP version 4.5,Windows,8.16
3306,PostgreSQL,PostgreSQL version 9.0,Linux,5.11
80,nginx,nginx version 9.9,Linux,4.14
22,OpenSSH,OpenSSH version 3.2,Linux,5.51
3306,RDP,RDP version 6.0,Windows,9.35
3306,MongoDB,MongoDB version 8.9,Unix,4.3
3306,MongoDB,MongoDB version 3.8,Linux,3.04
3306,RDP,RDP version 8.0,Linux,8.16
3306,MariaDB,MariaDB version 1.3,Linux,4.32
21,vsftpd,vsftpd version 4.9,Windows,1.24
3306,SMB,SMB version 6.6,Unix,7.77
80,nginx,nginx version 6.8,Unix,3.7
3306,Redis,Redis version 1.2,Linux,4.36
21,ProFTPD,ProFTPD version 6.3,Windows,7.0
3306,SMB,SMB version 5.6,Unix,6.79
3306,MySQL,MySQL version 2.3,Unix,5.56
22,OpenSSH,OpenSSH version 7.3,Unix,3.85
21,vsftpd,vsftpd version 6.5,Unix,5.27
80,LiteSpeed,LiteSpeed version 9.0,Linux,4.11
21,ProFTPD,ProFTPD version 3.6,Windows,7.61
80,LiteSpeed,LiteSpeed version 8.7,Unix,5.42
22,OpenSSH,OpenSSH version 6.5,Windows,3.1
3306,PostgreSQL,PostgreSQL version 8.9,Linux,6.13
3306,MySQL,MySQL version 7.4,Windows,3.7
3306,Redis,Redis version 3.0,Windows,5.71
22,OpenSSH,OpenSSH version 4.4,Linux,5.05
3306,Redis,Redis version 8.6,Windows,7.26
3306,Redis,Redis version 3.6,Linux,4.16
3306,MySQL,MySQL version 8.0,Windows,3.98
3306,RDP,RDP version 8.7,Unix,6.47
80,Apache,Apache version 2.9,Windows,4.05
3306,RDP,RDP version 4.3,Unix,7.7
3306,SMB,SMB version 5.0,Windows,4.08
22,OpenSSH,OpenSSH version 6.9,Linux,2.92
3306,Redis,Redis version 6.8,Linux,2.9
80,Apache,Apache version 7.7,Windows,5.93
3306,MySQL,MySQL version 9.3,Linux,7.07
3306,PostgreSQL,PostgreSQL version 1.5,Windows,4.34
80,nginx,nginx version 4.5,Windows,4.25
3306,MariaDB,MariaDB version 8.8,Windows,4.61
3306,SMB,SMB version 9.0,Linux,8.24
3306,MySQL,MySQL version 9.3,Unix,3.11
3306,MariaDB,MariaDB version 1.5,Unix,4.86
21,ProFTPD,ProFTPD version 1.3,Linux,7.96
3306,PostgreSQL,PostgreSQL version 5.0,Linux,5.25
80,nginx,nginx version 2.1,Unix,4.78
21,vsftpd,vsftpd version 9.1,Unix,6.0
22,OpenSSH,OpenSSH version 7.8,Linux,0.45
3306,RDP,RDP version 3.7,Unix,7.52
3306,SMB,SMB version 7.4,Windows,5.52
3306,MongoDB,MongoDB version 8.2,Unix,1.75
22,OpenSSH,OpenSSH version 5.5,Windows,5.27
22,OpenSSH,OpenSSH version 7.7,Windows,6.56
80,LiteSpeed,LiteSpeed version 6.5,Windows,4.29
21,ProFTPD,ProFTPD version 4.2,Unix,7.93
3306,PostgreSQL,PostgreSQL version 9.6,Linux,6.92
21,ProFTPD,ProFTPD version 3.7,Linux,8.47
21,vsftpd,vsftpd version 1.0,Unix,6.96
21,vsftpd,vsftpd version 4.4,Unix,5.61
3306,PostgreSQL,PostgreSQL version 1.4,Unix,4.61
3306,MySQL,MySQL version 4.3,Windows,2.1
21,ProFTPD,ProFTPD version 6.0,Linux,6.13
80,Apache,Apache version 8.3,Unix,3.24
21,ProFTPD,ProFTPD version 7.2,Linux,9.76
3306,MongoDB,MongoDB version 2.6,Unix,4.24
3306,RDP,RDP version 4.5,Windows,6.68
3306,MariaDB,MariaDB version 4.0,Linux,5.33
80,nginx,nginx version 8.0,Unix,4.57
3306,SMB,SMB version 9.4,Linux,9.04
22,OpenSSH,OpenSSH version 5.7,Linux,3.57
3306,MongoDB,MongoDB version 8.2,Unix,4.79
80,Apache,Apache version 9.3,Linux,3.39
3306,MySQL,MySQL version 7.1,Unix,2.52
3306,MySQL,MySQL version 5.3,Windows,3.58
3306,MariaDB,MariaDB version 5.8,Windows,4.44
3306,Redis,Redis version 3.4,Windows,3.86
80,nginx,nginx version 9.2,Linux,3.46
3306,MariaDB,MariaDB version 1.0,Unix,2.39
3306,MariaDB,MariaDB version 8.0,Linux,4.38
3306,MySQL,MySQL version 4.0,Unix,2.24
3306,MariaDB,MariaDB version 4.2,Unix,5.64
3306,MySQL,MySQL version 9.4,Linux,4.62
3306,MySQL,MySQL version 2.7,Windows,2.31
80,Apache,Apache version 9.0,Unix,4.04
3306,MySQL,MySQL version 9.2,Linux,3.37
3306,MariaDB,MariaDB version 4.7,Windows,4.98
80,Apache,Apache version 1.6,Windows,6.51
3306,MySQL,MySQL version 2.3,Linux,1.69
80,LiteSpeed,LiteSpeed version 6.8,Linux,4.67
80,nginx,nginx version 7.0,Windows,4.26
3306,MySQL,MySQL version 9.7,Linux,5.51
22,OpenSSH,OpenSSH version 7.2,Linux,4.82
22,OpenSSH,OpenSSH version 9.1,Windows,3.37
80,nginx,nginx version 4.3,Unix,4.02
3306,MariaDB,MariaDB version 6.3,Linux,3.31
3306,SMB,SMB version 6.7,Linux,8.11
80,nginx,nginx version 2.9,Unix,4.53
80,LiteSpeed,LiteSpeed version 5.5,Windows,7.35
3306,RDP,RDP version 7.3,Windows,6.41
3306,MySQL,MySQL version 2.9,Windows,3.44
3306,RDP,RDP version 4.0,Linux,4.23
80,nginx,nginx version 5.3,Unix,1.8
80,Apache,Apache version 2.0,Windows,2.12
3306,Redis,Redis version 6.3,Unix,4.9
3306,MariaDB,MariaDB version 4.5,Linux,5.26
80,Apache,Apache version 6.9,Unix,2.13
21,vsftpd,vsftpd version 9.9,Unix,5.84
3306,MySQL,MySQL version 9.7,Windows,3.78
3306,MongoDB,MongoDB version 7.0,Windows,4.72
21,ProFTPD,ProFTPD version 1.4,Unix,8.92
22,OpenSSH,OpenSSH version 9.9,Unix,5.85
3306,Redis,Redis version 3.1,Unix,4.1
21,ProFTPD,ProFTPD version 5.0,Windows,5.16
3306,SMB,SMB version 8.2,Unix,3.27
80,nginx,nginx version 6.1,Windows,3.42
22,OpenSSH,OpenSSH version 4.1,Unix,4.18
21,vsftpd,vsftpd version 6.7,Linux,3.02
3306,Redis,Redis version 7.6,Linux,4.3
80,nginx,nginx version 2.3,Unix,4.62
3306,PostgreSQL,PostgreSQL version 4.0,Unix,4.16
3306,MongoDB,MongoDB version 4.8,Linux,3.52
3306,SMB,SMB version 7.8,Unix,6.75
22,OpenSSH,OpenSSH version 9.4,Unix,5.16
3306,SMB,SMB version 7.1,Linux,4.86
3306,MariaDB,MariaDB version 2.2,Unix,6.62
3306,MongoDB,MongoDB version 3.6,Unix,4.35
22,OpenSSH,OpenSSH version 5.6,Unix,4.53
3306,SMB,SMB version 3.8,Unix,7.56
3306,SMB,SMB version 3.7,Unix,6.85
3306,SMB,SMB version 5.7,Linux,7.93
80,LiteSpeed,LiteSpeed version 5.6,Linux,4.93
3306,MariaDB,MariaDB version 1.1,Linux,3.58
3306,MongoDB,MongoDB version 7.8,Windows,5.04
80,Apache,Apache version 3.2,Windows,2.78
21,ProFTPD,ProFTPD version 2.9,Windows,6.66
21,ProFTPD,ProFTPD version 2.6,Linux,6.45
3306,RDP,RDP version 4.0,Linux,6.19
3306,RDP,RDP version 2.5,Windows,6.31
3306,PostgreSQL,PostgreSQL version 9.5,Windows,1.68
3306,MongoDB,MongoDB version 7.6,Windows,3.68
22,OpenSSH,OpenSSH version 4.2,Windows,4.64
3306,MySQL,MySQL version 9.0,Windows,4.74
80,nginx,nginx version 8.0,Unix,2.96
21,ProFTPD,ProFTPD version 5.8,Linux,8.4
3306,Redis,Redis version 7.0,Windows,3.2
3306,MySQL,MySQL version 8.6,Windows,5.95
3306,RDP,RDP version 4.6,Windows,7.14
3306,SMB,SMB version 5.3,Linux,5.53
3306,RDP,RDP version 9.3,Unix,9.16
3306,MongoDB,MongoDB version 6.9,Unix,2.71
3306,MariaDB,MariaDB version 2.5,Unix,5.88
80,Apache,Apache version 4.3,Linux,6.0
3306,Redis,Redis version 9.3,Unix,3.49
3306,MariaDB,MariaDB version 5.5,Unix,6.59
3306,Redis,Redis version 3.7,Windows,4.12
21,ProFTPD,ProFTPD version 9.6,Linux,6.93
3306,MongoDB,MongoDB version 5.1,Windows,4.89
21,ProFTPD,ProFTPD version 8.6,Unix,6.3
22,OpenSSH,OpenSSH version 1.2,Unix,5.72
3306,MySQL,MySQL version 4.0,Windows,5.69
80,LiteSpeed,LiteSpeed version 4.3,Unix,1.88
22,OpenSSH,OpenSSH version 7.3,Windows,6.46
3306,SMB,SMB version 1.1,Linux,4.01
3306,MongoDB,MongoDB version 8.1,Linux,6.05
3306,MySQL,MySQL version 3.4,Linux,6.19
3306,MongoDB,MongoDB version 9.2,Unix,2.86
80,Apache,Apache version 4.9,Linux,3.88
22,OpenSSH,OpenSSH version 5.5,Linux,2.84
80,LiteSpeed,LiteSpeed version 4.9,Windows,4.18
3306,SMB,SMB version 8.9,Linux,6.04
80,nginx,nginx version 6.4,Unix,5.67
21,ProFTPD,ProFTPD version 8.3,Unix,8.47
21,vsftpd,vsftpd version 7.2,Unix,6.59
3306,MariaDB,MariaDB version 3.5,Linux,3.66
21,vsftpd,vsftpd version 2.0,Linux,4.19
3306,RDP,RDP version 2.1,Linux,3.97
80,Apache,Apache version 7.0,Unix,3.29
3306,PostgreSQL,PostgreSQL version 6.7,Unix,5.95
21,ProFTPD,ProFTPD version 2.4,Unix,8.92
3306,SMB,SMB version 9.2,Windows,4.65
80,nginx,nginx version 6.6,Linux,3.61
21,ProFTPD,ProFTPD version 7.1,Windows,6.46
80,Apache,Apache version 3.8,Unix,4.92
80,Apache,Apache version 5.8,Linux,3.29
80,LiteSpeed,LiteSpeed version 8.1,Windows,5.14
3306,RDP,RDP version 2.7,Windows,5.79
3306,MySQL,MySQL version 2.1,Windows,4.48
80,LiteSpeed,LiteSpeed version 2.0,Windows,5.32
3306,MariaDB,MariaDB version 4.4,Unix,4.51
3306,MongoDB,MongoDB version 8.2,Windows,3.85
3306,SMB,SMB version 5.9,Linux,6.34
3306,SMB,SMB version 8.1,Unix,6.37
80,nginx,nginx version 9.1,Windows,3.94
80,Apache,Apache version 7.2,Windows,4.11
21,ProFTPD,ProFTPD version 5.1,Unix,8.9
21,ProFTPD,ProFTPD version 8.4,Unix,7.34
3306,MariaDB,MariaDB version 3.0,Windows,4.06
3306,PostgreSQL,PostgreSQL version 1.4,Linux,5.55
80,nginx,nginx version 5.7,Unix,4.0
3306,PostgreSQL,PostgreSQL version 4.2,Windows,6.26
3306,SMB,SMB version 5.2,Linux,7.05
3306,SMB,SMB version 1.0,Linux,6.34
3306,MariaDB,MariaDB version 9.1,Unix,5.17
3306,SMB,SMB version 8.4,Windows,4.14
21,ProFTPD,ProFTPD version 2.1,Unix,4.81
3306,MongoDB,MongoDB version 6.8,Unix,2.71
80,LiteSpeed,LiteSpeed version 7.1,Linux,4.71
3306,MariaDB,MariaDB version 6.4,Linux,7.1
3306,RDP,RDP version 2.9,Windows,9.85
3306,RDP,RDP version 4.8,Linux,7.46
21,vsftpd,vsftpd version 1.2,Unix,5.25
3306,SMB,SMB version 4.3,Unix,3.8
21,ProFTPD,ProFTPD version 9.8,Linux,5.69
3306,RDP,RDP version 9.3,Windows,5.32
21,vsftpd,vsftpd version 9.3,Unix,3.57
3306,MySQL,MySQL version 4.9,Windows,4.25
3306,SMB,SMB version 3.5,Unix,5.79
3306,MariaDB,MariaDB version 9.4,Linux,1.53
80,LiteSpeed,LiteSpeed version 6.4,Windows,5.62
3306,SMB,SMB version 6.3,Unix,4.89
21,ProFTPD,ProFTPD version 1.7,Windows,6.86
3306,SMB,SMB version 7.0,Linux,9.61
80,LiteSpeed,LiteSpeed version 6.0,Linux,3.12
80,LiteSpeed,LiteSpeed version 6.2,Unix,0.7
3306,MongoDB,MongoDB version 1.3,Linux,4.07
21,ProFTPD,ProFTPD version 6.4,Unix,8.15
3306,MySQL,MySQL version 9.2,Windows,7.44
22,OpenSSH,OpenSSH version 5.5,Windows,2.66
3306,MongoDB,MongoDB version 9.0,Linux,5.25
21,vsftpd,vsftpd version 9.0,Linux,3.8
3306,Redis,Redis version 4.9,Unix,4.34
3306,SMB,SMB version 3.4,Unix,10.0
3306,RDP,RDP version 6.7,Unix,4.25
80,Apache,Apache version 9.4,Linux,4.88
21,ProFTPD,ProFTPD version 5.5,Unix,7.2
3306,SMB,SMB version 8.7,Unix,8.13
3306,PostgreSQL,PostgreSQL version 1.5,Windows,4.65
21,vsftpd,vsftpd version 2.6,Windows,4.96
3306,PostgreSQL,PostgreSQL version 9.0,Unix,3.91
80,nginx,nginx version 4.4,Unix,4.9
80,nginx,nginx version 6.0,Linux,3.99
3306,RDP,RDP version 4.2,Linux,7.43
3306,MongoDB,MongoDB version 5.4,Linux,3.95
3306,MySQL,MySQL version 8.2,Linux,5.07
3306,MongoDB,MongoDB version 7.2,Windows,4.46
3306,RDP,RDP version 8.0,Unix,8.19
80,Apache,Apache version 2.5,Windows,4.42
21,ProFTPD,ProFTPD version 2.9,Unix,3.84
3306,MongoDB,MongoDB version 5.3,Unix,6.39
21,vsftpd,vsftpd version 4.1,Linux,3.14
3306,MySQL,MySQL version 3.8,Windows,3.52
21,ProFTPD,ProFTPD version 7.7,Unix,5.61
21,vsftpd,vsftpd version 6.4,Unix,6.56
3306,SMB,SMB version 2.0,Linux,3.3
3306,RDP,RDP version 3.9,Unix,10.0
3306,MySQL,MySQL version 1.9,Linux,6.08
22,OpenSSH,OpenSSH version 9.9,Linux,4.83
3306,MariaDB,MariaDB version 4.4,Unix,4.42
3306,SMB,SMB version 7.9,Linux,6.93
3306,MariaDB,MariaDB version 7.1,Windows,5.28
3306,MySQL,MySQL version 7.5,Linux,5.47
3306,RDP,RDP version 9.2,Windows,7.33
3306,PostgreSQL,PostgreSQL version 9.3,Unix,4.63
3306,MariaDB,MariaDB version 4.2,Unix,4.2
3306,SMB,SMB version 3.7,Windows,6.27
3306,Redis,Redis version 7.9,Linux,4.21
3306,SMB,SMB version 3.5,Linux,8.2
21,ProFTPD,ProFTPD version 1.0,Windows,7.39
22,OpenSSH,OpenSSH version 8.8,Unix,0.09
3306,MongoDB,MongoDB version 3.8,Windows,5.48
3306,Redis,Redis version 5.9,Windows,4.79
3306,SMB,SMB version 5.7,Linux,6.47
3306,PostgreSQL,PostgreSQL version 3.2,Unix,3.92
3306,Redis,Redis version 3.1,Linux,6.19
3306,MySQL,MySQL version 6.0,Windows,5.92
80,nginx,nginx version 2.4,Unix,3.34
22,OpenSSH,OpenSSH version 9.7,Windows,5.11
80,nginx,nginx version 7.6,Linux,3.04
3306,MySQL,MySQL version 9.6,Unix,2.43
3306,MongoDB,MongoDB version 9.2,Linux,3.56
21,ProFTPD,ProFTPD version 9.0,Linux,7.79
21,vsftpd,vsftpd version 3.8,Linux,5.93
3306,RDP,RDP version 7.4,Unix,7.27
22,OpenSSH,OpenSSH version 9.2,Linux,5.59
80,nginx,nginx version 7.3,Unix,5.27
3306,MySQL,MySQL version 3.7,Unix,3.54
3306,MariaDB,MariaDB version 7.6,Unix,5.15
80,LiteSpeed,LiteSpeed version 6.2,Linux,5.7
3306,RDP,RDP version 7.4,Windows,7.63
80,LiteSpeed,LiteSpeed version 4.4,Linux,6.28
22,OpenSSH,OpenSSH version 6.1,Unix,5.56
3306,MariaDB,MariaDB version 6.1,Unix,5.03
3306,MongoDB,MongoDB version 4.0,Linux,6.11
21,ProFTPD,ProFTPD version 5.1,Linux,6.46
3306,Redis,Redis version 8.5,Unix,3.18
21,vsftpd,vsftpd version 4.0,Unix,4.26
3306,MariaDB,MariaDB version 3.0,Linux,3.38
3306,Redis,Redis version 7.7,Unix,3.49
3306,MongoDB,MongoDB version 1.5,Unix,4.28
80,nginx,nginx version 7.1,Windows,3.31
3306,SMB,SMB version 9.0,Unix,6.04
3306,MariaDB,MariaDB version 3.1,Windows,1.66
21,vsftpd,vsftpd version 3.6,Linux,4.82
3306,SMB,SMB version 4.9,Windows,6.5
3306,SMB,SMB version 8.7,Unix,5.27
3306,MySQL,MySQL version 7.2,Unix,5.49
3306,MariaDB,MariaDB version 8.1,Linux,5.91
3306,Redis,Redis version 4.1,Linux,2.09
3306,MySQL,MySQL version 7.0,Windows,3.36
80,LiteSpeed,LiteSpeed version 2.1,Linux,3.35
3306,RDP,RDP version 2.5,Linux,5.09
80,Apache,Apache version 6.1,Unix,5.74
80,LiteSpeed,LiteSpeed version 5.0,Windows,4.21
3306,RDP,RDP version 9.4,Unix,6.1
80,nginx,nginx version 6.1,Linux,1.49
3306,RDP,RDP version 3.9,Linux,7.45
3306,MySQL,MySQL version 7.8,Unix,2.64
3306,MariaDB,MariaDB version 4.2,Linux,4.59
3306,PostgreSQL,PostgreSQL version 1.7,Unix,4.92
80,Apache,Apache version 8.6,Linux,6.54
21,ProFTPD,ProFTPD version 1.2,Unix,4.54
3306,Redis,Redis version 6.3,Unix,0.0
80,LiteSpeed,LiteSpeed version 4.3,Windows,4.78
3306,MySQL,MySQL version 8.3,Unix,7.2
3306,SMB,SMB version 3.8,Unix,8.36
22,OpenSSH,OpenSSH version 9.1,Linux,4.81
21,vsftpd,vsftpd version 1.8,Unix,3.76
3306,RDP,RDP version 1.7,Windows,7.71
3306,Redis,Redis version 1.8,Windows,3.04
3306,RDP,RDP version 1.5,Unix,7.21
3306,MySQL,MySQL version 1.1,Unix,5.26
3306,RDP,RDP version 1.8,Linux,8.09
3306,Redis,Redis version 7.0,Linux,8.64
21,ProFTPD,ProFTPD version 2.2,Linux,7.09
3306,Redis,Redis version 5.4,Linux,3.74
21,ProFTPD,ProFTPD version 1.9,Unix,6.46
80,LiteSpeed,LiteSpeed version 5.0,Windows,1.85
3306,SMB,SMB version 2.0,Unix,5.46
3306,PostgreSQL,PostgreSQL version 1.7,Unix,3.89
3306,MongoDB,MongoDB version 5.7,Linux,3.71
3306,PostgreSQL,PostgreSQL version 1.1,Windows,4.73
80,nginx,nginx version 8.8,Linux,3.27
80,nginx,nginx version 8.2,Linux,6.18
3306,MySQL,MySQL version 7.8,Unix,4.5
3306,PostgreSQL,PostgreSQL version 5.4,Linux,4.49
3306,RDP,RDP version 7.9,Linux,6.01
3306,MariaDB,MariaDB version 3.8,Windows,4.73
21,vsftpd,vsftpd version 9.5,Windows,5.74
22,OpenSSH,OpenSSH version 2.4,Windows,3.2
21,ProFTPD,ProFTPD version 6.7,Unix,5.51
3306,Redis,Redis version 1.5,Linux,4.04
80,LiteSpeed,LiteSpeed version 6.5,Unix,2.48
22,OpenSSH,OpenSSH version 4.1,Windows,3.27
3306,MariaDB,MariaDB version 1.6,Windows,3.79
22,OpenSSH,OpenSSH version 3.3,Linux,5.81
3306,Redis,Redis version 7.8,Linux,4.89
3306,SMB,SMB version 6.7,Unix,6.79
3306,PostgreSQL,PostgreSQL version 6.9,Linux,5.78
21,vsftpd,vsftpd version 4.2,Linux,4.29
3306,PostgreSQL,PostgreSQL version 4.0,Linux,5.09
80,LiteSpeed,LiteSpeed version 7.7,Unix,4.35
3306,MySQL,MySQL version 7.9,Unix,4.9
21,vsftpd,vsftpd version 2.3,Windows,3.63
21,vsftpd,vsftpd version 6.0,Windows,0.84
80,Apache,Apache version 6.2,Windows,4.3
80,nginx,nginx version 6.6,Linux,6.63
3306,MySQL,MySQL version 1.0,Linux,5.89
3306,MySQL,MySQL version 9.0,Linux,5.95
3306,Redis,Redis version 7.1,Linux,6.35
80,LiteSpeed,LiteSpeed version 3.5,Linux,4.63
3306,SMB,SMB version 7.6,Linux,6.8
3306,SMB,SMB version 8.2,Linux,5.57
3306,MariaDB,MariaDB version 6.9,Windows,4.03
21,vsftpd,vsftpd version 7.5,Windows,5.42
3306,MariaDB,MariaDB version 8.7,Unix,6.31
21,vsftpd,vsftpd version 5.4,Unix,4.29
22,OpenSSH,OpenSSH version 7.3,Windows,3.82
21,vsftpd,vsftpd version 2.4,Unix,4.5
3306,Redis,Redis version 9.4,Unix,5.4
3306,MongoDB,MongoDB version 1.3,Unix,2.33
80,LiteSpeed,LiteSpeed version 3.5,Windows,1.06
3306,Redis,Redis version 6.9,Windows,3.67
3306,SMB,SMB version 2.1,Linux,4.67
3306,MariaDB,MariaDB version 9.6,Windows,3.74
3306,PostgreSQL,PostgreSQL version 1.5,Unix,4.28
3306,SMB,SMB version 4.8,Linux,5.82
80,nginx,nginx version 6.4,Linux,6.68
22,OpenSSH,OpenSSH version 8.8,Windows,4.99
3306,RDP,RDP version 9.5,Windows,6.95
3306,SMB,SMB version 8.7,Unix,7.43
3306,Redis,Redis version 1.1,Unix,2.79
3306,MySQL,MySQL version 8.8,Unix,6.06
80,LiteSpeed,LiteSpeed version 6.5,Linux,4.39
3306,RDP,RDP version 5.4,Unix,7.51
80,LiteSpeed,LiteSpeed version 8.9,Unix,2.89
3306,Redis,Redis version 4.2,Windows,2.17
80,LiteSpeed,LiteSpeed version 7.0,Linux,5.73
80,LiteSpeed,LiteSpeed version 9.7,Linux,5.06
80,LiteSpeed,LiteSpeed version 1.8,Unix,3.15
22,OpenSSH,OpenSSH version 2.3,Unix,3.2
3306,SMB,SMB version 8.6,Linux,8.19
3306,SMB,SMB version 2.9,Unix,4.72
80,LiteSpeed,LiteSpeed version 6.6,Unix,6.96
22,OpenSSH,OpenSSH version 6.2,Linux,3.15
3306,MariaDB,MariaDB version 5.2,Windows,5.46
21,ProFTPD,ProFTPD version 2.2,Windows,6.01
3306,Redis,Redis version 6.0,Windows,5.4
3306,MariaDB,MariaDB version 2.4,Windows,3.68
80,Apache,Apache version 9.2,Windows,4.26
80,nginx,nginx version 9.1,Linux,4.56
3306,MongoDB,MongoDB version 3.4,Linux,3.0
3306,MySQL,MySQL version 1.2,Linux,5.61
3306,Redis,Redis version 5.7,Linux,3.73
80,Apache,Apache version 3.8,Unix,4.16
80,LiteSpeed,LiteSpeed version 3.7,Unix,3.01
21,ProFTPD,ProFTPD version 1.8,Linux,2.66
3306,MariaDB,MariaDB version 9.0,Linux,4.21
3306,PostgreSQL,PostgreSQL version 2.1,Unix,8.12
22,OpenSSH,OpenSSH version 4.8,Linux,5.68
21,ProFTPD,ProFTPD version 8.0,Windows,6.47
3306,MariaDB,MariaDB version 5.4,Windows,4.11
22,OpenSSH,OpenSSH version 6.5,Unix,4.53
3306,MySQL,MySQL version 4.8,Linux,5.32
80,Apache,Apache version 1.3,Windows,2.73
3306,Redis,Redis version 7.2,Windows,6.17
3306,MySQL,MySQL version 8.6,Unix,5.57
3306,MongoDB,MongoDB version 4.0,Windows,5.58
21,vsftpd,vsftpd version 6.9,Linux,5.16
22,OpenSSH,OpenSSH version 9.1,Unix,4.53
3306,PostgreSQL,PostgreSQL version 6.4,Unix,5.51
3306,PostgreSQL,PostgreSQL version 1.7,Unix,5.39
3306,RDP,RDP version 6.8,Unix,5.97
3306,RDP,RDP version 9.9,Linux,5.64
21,ProFTPD,ProFTPD version 2.6,Unix,6.65
3306,PostgreSQL,PostgreSQL version 2.0,Unix,6.82
3306,PostgreSQL,PostgreSQL version 8.1,Unix,2.64
3306,MySQL,MySQL version 2.0,Unix,2.3
21,vsftpd,vsftpd version 7.6,Linux,4.75
3306,MariaDB,MariaDB version 5.7,Unix,4.58
22,OpenSSH,OpenSSH version 4.5,Linux,4.76
3306,SMB,SMB version 8.9,Windows,6.87
3306,MySQL,MySQL version 5.6,Unix,4.17
80,Apache,Apache version 6.0,Linux,6.73
3306,SMB,SMB version 4.9,Unix,4.1
3306,MongoDB,MongoDB version 6.5,Unix,3.26
3306,MySQL,MySQL version 6.2,Unix,4.35
3306,PostgreSQL,PostgreSQL version 2.4,Windows,2.04
3306,MySQL,MySQL version 3.6,Linux,4.24
80,nginx,nginx version 2.1,Linux,6.99
80,Apache,Apache version 7.6,Linux,4.53
3306,SMB,SMB version 5.2,Windows,6.85
3306,MySQL,MySQL version 1.4,Unix,2.61
3306,PostgreSQL,PostgreSQL version 6.9,Unix,3.58
80,LiteSpeed,LiteSpeed version 4.3,Linux,3.94
80,Apache,Apache version 8.1,Linux,4.02
3306,SMB,SMB version 8.8,Linux,8.42
3306,Redis,Redis version 3.1,Linux,5.34
80,nginx,nginx version 5.3,Windows,2.83
3306,PostgreSQL,PostgreSQL version 1.6,Windows,4.87
3306,MariaDB,MariaDB version 8.2,Windows,5.25
3306,Redis,Redis version 8.3,Linux,6.21
80,LiteSpeed,LiteSpeed version 1.3,Linux,6.87
3306,MongoDB,MongoDB version 8.2,Linux,2.98
80,Apache,Apache version 5.6,Linux,3.28
3306,MariaDB,MariaDB version 4.2,Unix,2.61
21,ProFTPD,ProFTPD version 7.6,Linux,6.15
3306,SMB,SMB version 4.1,Linux,7.2
3306,PostgreSQL,PostgreSQL version 6.9,Windows,5.98
3306,SMB,SMB version 1.0,Unix,6.39
21,vsftpd,vsftpd version 2.6,Windows,4.02
3306,MySQL,MySQL version 9.1,Windows,4.73
3306,MariaDB,MariaDB version 6.2,Windows,3.25
22,OpenSSH,OpenSSH version 2.5,Linux,7.63
3306,SMB,SMB version 4.4,Unix,4.09
3306,Redis,Redis version 5.4,Unix,4.78
21,ProFTPD,ProFTPD version 4.2,Windows,9.54
3306,MySQL,MySQL version 8.0,Windows,4.51
22,OpenSSH,OpenSSH version 2.0,Windows,4.21
3306,RDP,RDP version 2.1,Linux,5.96
80,Apache,Apache version 8.2,Linux,4.23
3306,Redis,Redis version 2.7,Windows,6.56
3306,MongoDB,MongoDB version 6.3,Windows,1.18
3306,PostgreSQL,PostgreSQL version 1.9,Linux,6.8
21,ProFTPD,ProFTPD version 8.5,Unix,4.36
80,Apache,Apache version 4.3,Unix,4.1
80,Apache,Apache version 6.1,Linux,3.86
21,ProFTPD,ProFTPD version 6.4,Linux,7.38
3306,MariaDB,MariaDB version 1.8,Unix,2.1
3306,MySQL,MySQL version 7.4,Linux,5.19
21,ProFTPD,ProFTPD version 3.9,Windows,9.54
3306,RDP,RDP version 3.6,Windows,4.46
80,Apache,Apache version 5.9,Linux,4.78
3306,PostgreSQL,PostgreSQL version 9.4,Linux,3.51
80,Apache,Apache version 2.9,Unix,5.14
22,OpenSSH,OpenSSH version 1.7,Linux,4.53
3306,MongoDB,MongoDB version 5.6,Windows,3.54
3306,SMB,SMB version 8.3,Windows,7.23
3306,Redis,Redis version 6.2,Linux,7.21
3306,MongoDB,MongoDB version 3.2,Linux,4.21
3306,MongoDB,MongoDB version 8.4,Unix,5.58
3306,RDP,RDP version 8.4,Unix,4.56
21,vsftpd,vsftpd version 1.6,Linux,3.07
3306,SMB,SMB version 7.0,Windows,7.21
22,OpenSSH,OpenSSH version 9.0,Windows,6.73
3306,MariaDB,MariaDB version 7.6,Linux,5.03
21,ProFTPD,ProFTPD version 3.6,Unix,6.03
3306,MySQL,MySQL version 2.7,Unix,4.5
3306,MySQL,MySQL version 6.6,Linux,2.62
3306,RDP,RDP version 2.6,Windows,7.41
3306,Redis,Redis version 1.2,Unix,5.82
21,ProFTPD,ProFTPD version 1.9,Linux,5.82
3306,SMB,SMB version 3.2,Windows,5.79
3306,RDP,RDP version 8.1,Windows,6.9
3306,MySQL,MySQL version 1.4,Unix,3.84
3306,RDP,RDP version 3.1,Unix,6.4
21,vsftpd,vsftpd version 4.9,Unix,7.65
3306,MySQL,MySQL version 7.1,Unix,4.13
3306,PostgreSQL,PostgreSQL version 2.6,Unix,3.96
21,ProFTPD,ProFTPD version 8.5,Linux,5.53
80,Apache,Apache version 9.1,Windows,5.62
3306,MySQL,MySQL version 9.5,Unix,4.23
3306,Redis,Redis version 4.5,Unix,3.53
3306,RDP,RDP version 5.0,Unix,8.48
80,Apache,Apache version 3.9,Linux,6.63
3306,SMB,SMB version 3.4,Unix,5.6
3306,MariaDB,MariaDB version 2.5,Linux,1.7
80,nginx,nginx version 9.7,Linux,6.01
3306,Redis,Redis version 3.0,Unix,3.47
80,Apache,Apache version 9.7,Windows,5.69
3306,MariaDB,MariaDB version 1.2,Windows,1.54
3306,MySQL,MySQL version 2.7,Unix,5.84
3306,SMB,SMB version 9.7,Linux,4.68
22,OpenSSH,OpenSSH version 4.5,Linux,5.6
3306,MySQL,MySQL version 1.7,Unix,4.52
3306,MySQL,MySQL version 6.0,Windows,3.07
80,nginx,nginx version 8.5,Linux,3.89
80,LiteSpeed,LiteSpeed version 8.8,Windows,5.53
80,nginx,nginx version 6.2,Linux,4.66
3306,PostgreSQL,PostgreSQL version 2.3,Windows,5.38
80,LiteSpeed,LiteSpeed version 9.4,Windows,7.46
3306,RDP,RDP version 7.6,Windows,4.15
3306,MySQL,MySQL version 8.0,Unix,6.93
3306,SMB,SMB version 6.1,Unix,6.66
3306,Redis,Redis version 4.7,Windows,3.15
21,ProFTPD,ProFTPD version 1.5,Linux,4.5
3306,PostgreSQL,PostgreSQL version 5.5,Windows,4.22
21,ProFTPD,ProFTPD version 3.6,Linux,7.88
21,ProFTPD,ProFTPD version 1.8,Linux,6.31
3306,MongoDB,MongoDB version 1.8,Windows,6.77
22,OpenSSH,OpenSSH version 5.5,Unix,2.32
3306,MariaDB,MariaDB version 6.9,Unix,4.48
3306,PostgreSQL,PostgreSQL version 3.1,Windows,2.62
3306,PostgreSQL,PostgreSQL version 1.2,Windows,5.05
22,OpenSSH,OpenSSH version 4.0,Unix,5.83
80,nginx,nginx version 4.1,Unix,3.87
80,nginx,nginx version 5.4,Windows,0.59
3306,Redis,Redis version 4.1,Windows,4.8
3306,SMB,SMB version 1.4,Unix,7.16
3306,MongoDB,MongoDB version 6.2,Unix,5.11
21,ProFTPD,ProFTPD version 5.2,Unix,8.35
21,vsftpd,vsftpd version 2.9,Windows,2.89
21,ProFTPD,ProFTPD version 8.7,Linux,7.52
3306,MySQL,MySQL version 7.8,Windows,6.29
3306,MongoDB,MongoDB version 5.1,Unix,1.83
3306,PostgreSQL,PostgreSQL version 8.8,Windows,4.98
3306,PostgreSQL,PostgreSQL version 3.5,Linux,3.74
22,OpenSSH,OpenSSH version 6.3,Windows,4.38
3306,MySQL,MySQL version 2.5,Unix,5.02
22,OpenSSH,OpenSSH version 7.2,Windows,3.77
3306,RDP,RDP version 4.2,Linux,5.49
21,vsftpd,vsftpd version 6.0,Unix,4.55
21,ProFTPD,ProFTPD version 6.0,Unix,4.87
3306,Redis,Redis version 8.4,Unix,2.87
80,Apache,Apache version 8.4,Linux,5.52
21,ProFTPD,ProFTPD version 4.1,Unix,4.78
3306,Redis,Redis version 7.5,Linux,5.5
21,vsftpd,vsftpd version 7.7,Windows,5.19
21,vsftpd,vsftpd version 8.2,Linux,1.91
3306,MongoDB,MongoDB version 2.5,Unix,3.48
3306,MariaDB,MariaDB version 5.0,Windows,6.29
21,vsftpd,vsftpd version 4.0,Linux,3.03
3306,PostgreSQL,PostgreSQL version 8.8,Linux,3.8
3306,MySQL,MySQL version 7.3,Windows,5.19
80,LiteSpeed,LiteSpeed version 5.7,Windows,5.68
80,Apache,Apache version 3.5,Unix,4.12
3306,MariaDB,MariaDB version 4.2,Windows,3.6
3306,MongoDB,MongoDB version 8.3,Windows,6.63
22,OpenSSH,OpenSSH version 1.2,Linux,7.11
22,OpenSSH,OpenSSH version 7.9,Unix,5.97
3306,MariaDB,MariaDB version 3.8,Unix,4.63
80,nginx,nginx version 1.6,Linux,3.29
3306,MySQL,MySQL version 9.2,Windows,3.25
3306,Redis,Redis version 9.6,Windows,5.28
3306,MongoDB,MongoDB version 2.1,Linux,5.13
80,Apache,Apache version 8.1,Linux,6.6
21,vsftpd,vsftpd version 4.1,Unix,5.48
3306,MySQL,MySQL version 8.7,Linux,2.25
3306,PostgreSQL,PostgreSQL version 4.8,Windows,6.08
80,Apache,Apache version 3.2,Windows,3.0
22,OpenSSH,OpenSSH version 2.3,Windows,3.92
21,ProFTPD,ProFTPD version 3.3,Linux,6.88
3306,MySQL,MySQL version 6.9,Unix,7.49
3306,RDP,RDP version 6.6,Windows,10.0
3306,Redis,Redis version 5.1,Linux,5.41
80,nginx,nginx version 4.7,Windows,4.23
22,OpenSSH,OpenSSH version 8.1,Windows,5.3
3306,RDP,RDP version 4.9,Windows,7.83
21,ProFTPD,ProFTPD version 6.2,Windows,6.02
80,LiteSpeed,LiteSpeed version 8.0,Unix,7.19
3306,MongoDB,MongoDB version 5.2,Linux,4.85
3306,Redis,Redis version 1.7,Linux,5.25
3306,RDP,RDP version 5.7,Windows,7.5
3306,MariaDB,MariaDB version 7.2,Linux,5.13
80,Apache,Apache version 6.9,Linux,5.76
3306,MongoDB,MongoDB version 3.7,Unix,3.57
21,ProFTPD,ProFTPD version 4.9,Unix,5.66
3306,MongoDB,MongoDB version 3.8,Windows,2.85
80,nginx,nginx version 7.8,Windows,5.16
3306,RDP,RDP version 2.9,Windows,7.67
80,LiteSpeed,LiteSpeed version 4.2,Windows,5.19
22,OpenSSH,OpenSSH version 8.8,Linux,7.01
22,OpenSSH,OpenSSH version 2.2,Windows,4.49
80,Apache,Apache version 1.0,Windows,5.5
21,ProFTPD,ProFTPD version 4.9,Linux,4.86
3306,PostgreSQL,PostgreSQL version 2.6,Windows,3.92
3306,SMB,SMB version 5.1,Windows,7.54
3306,MongoDB,MongoDB version 4.1,Windows,5.77
3306,Redis,Redis version 7.1,Linux,4.06
3306,RDP,RDP version 7.4,Linux,6.39
21,ProFTPD,ProFTPD version 7.5,Linux,4.22
3306,SMB,SMB version 4.2,Windows,5.96
21,vsftpd,vsftpd version 8.0,Unix,5.84
3306,MariaDB,MariaDB version 5.0,Windows,5.36
3306,SMB,SMB version 8.8,Windows,7.25
3306,MariaDB,MariaDB version 3.1,Windows,4.57
80,Apache,Apache version 2.9,Windows,4.51
3306,PostgreSQL,PostgreSQL version 2.4,Unix,3.51
21,ProFTPD,ProFTPD version 4.4,Unix,7.55
80,LiteSpeed,LiteSpeed version 9.1,Linux,5.13
80,Apache,Apache version 5.0,Linux,5.24
3306,Redis,Redis version 8.3,Windows,3.71
3306,Redis,Redis version 6.6,Windows,1.27
3306,MongoDB,MongoDB version 4.2,Linux,6.15
80,LiteSpeed,LiteSpeed version 7.4,Windows,3.78
3306,MariaDB,MariaDB version 2.7,Windows,3.21
3306,SMB,SMB version 6.2,Windows,7.54
21,ProFTPD,ProFTPD version 1.5,Unix,5.91
21,ProFTPD,ProFTPD version 5.9,Windows,8.09
3306,PostgreSQL,PostgreSQL version 6.6,Unix,5.43
3306,MariaDB,MariaDB version 7.2,Windows,5.53
21,ProFTPD,ProFTPD version 8.8,Linux,4.45
21,vsftpd,vsftpd version 4.7,Windows,6.32
3306,MySQL,MySQL version 9.3,Windows,4.89
80,Apache,Apache version 4.0,Unix,3.95
80,nginx,nginx version 3.7,Unix,4.72
21,vsftpd,vsftpd version 6.5,Linux,1.84
80,LiteSpeed,LiteSpeed version 8.6,Linux,5.11
3306,Redis,Redis version 8.6,Unix,2.96
21,vsftpd,vsftpd version 1.8,Unix,2.47
21,vsftpd,vsftpd version 7.7,Windows,2.22
3306,MariaDB,MariaDB version 4.2,Unix,6.17
80,LiteSpeed,LiteSpeed version 5.5,Linux,3.56
3306,MySQL,MySQL version 5.1,Linux,6.8
3306,MariaDB,MariaDB version 6.5,Unix,3.7
3306,RDP,RDP version 2.5,Linux,3.94
80,LiteSpeed,LiteSpeed version 3.8,Windows,2.83
3306,RDP,RDP version 8.0,Unix,8.35
3306,SMB,SMB version 6.6,Linux,6.27
3306,SMB,SMB version 7.7,Linux,5.68
3306,RDP,RDP version 8.8,Linux,6.74
80,Apache,Apache version 2.6,Linux,5.25
21,vsftpd,vsftpd version 9.2,Linux,6.18
3306,MongoDB,MongoDB version 1.5,Unix,6.67
80,nginx,nginx version 6.6,Linux,3.96
3306,Redis,Redis version 8.2,Windows,2.51
80,Apache,Apache version 2.7,Linux,3.88
3306,RDP,RDP version 7.2,Linux,6.89
80,Apache,Apache version 8.3,Windows,3.05
80,Apache,Apache version 7.4,Linux,3.06
3306,MongoDB,MongoDB version 1.5,Unix,5.02
21,vsftpd,vsftpd version 3.8,Windows,4.43
3306,MongoDB,MongoDB version 3.4,Windows,4.55
3306,MySQL,MySQL version 3.1,Linux,3.36
80,Apache,Apache version 3.5,Linux,4.15
3306,MySQL,MySQL version 7.2,Linux,3.11
80,nginx,nginx version 7.9,Windows,5.84
3306,SMB,SMB version 7.8,Linux,8.05
80,LiteSpeed,LiteSpeed version 9.4,Windows,1.73
3306,RDP,RDP version 1.1,Unix,5.11
22,OpenSSH,OpenSSH version 5.3,Unix,2.26
80,Apache,Apache version 5.5,Unix,3.52
21,ProFTPD,ProFTPD version 3.8,Unix,6.37
21,ProFTPD,ProFTPD version 2.7,Linux,4.33
3306,PostgreSQL,PostgreSQL version 2.2,Linux,3.12
3306,RDP,RDP version 5.6,Linux,4.99
3306,SMB,SMB version 9.3,Linux,6.81
3306,MongoDB,MongoDB version 3.6,Windows,4.6
80,Apache,Apache version 4.1,Unix,3.42
80,LiteSpeed,LiteSpeed version 8.4,Linux,4.77
80,LiteSpeed,LiteSpeed version 9.4,Windows,3.68
3306,PostgreSQL,PostgreSQL version 4.5,Unix,4.09
3306,MongoDB,MongoDB version 2.2,Unix,7.01
80,nginx,nginx version 6.8,Windows,6.51
3306,MongoDB,MongoDB version 8.9,Linux,2.55
3306,PostgreSQL,PostgreSQL version 1.6,Windows,5.74
80,LiteSpeed,LiteSpeed version 5.1,Unix,5.72
3306,PostgreSQL,PostgreSQL version 5.1,Unix,2.78
80,LiteSpeed,LiteSpeed version 2.6,Linux,5.73
21,ProFTPD,ProFTPD version 1.1,Unix,8.81
3306,MySQL,MySQL version 5.1,Linux,2.82
3306,Redis,Redis version 4.6,Linux,3.12
3306,SMB,SMB version 5.8,Windows,8.03
3306,RDP,RDP version 1.0,Windows,6.91
3306,SMB,SMB version 2.4,Windows,7.33
21,vsftpd,vsftpd version 6.3,Windows,5.01
3306,SMB,SMB version 3.5,Unix,7.09
3306,MySQL,MySQL version 2.7,Unix,2.51
3306,MySQL,MySQL version 1.8,Windows,6.07
22,OpenSSH,OpenSSH version 9.8,Unix,6.25
21,vsftpd,vsftpd version 8.1,Unix,4.16
3306,PostgreSQL,PostgreSQL version 3.0,Windows,4.43
80,nginx,nginx version 9.8,Unix,2.2
21,ProFTPD,ProFTPD version 6.4,Windows,7.27
3306,PostgreSQL,PostgreSQL version 1.4,Windows,5.36
80,nginx,nginx version 5.5,Windows,4.41
21,vsftpd,vsftpd version 7.4,Unix,6.19
80,nginx,nginx version 3.1,Unix,4.0
3306,Redis,Redis version 5.4,Windows,5.35
3306,Redis,Redis version 4.1,Windows,2.97
21,vsftpd,vsftpd version 3.8,Unix,4.46
22,OpenSSH,OpenSSH version 4.7,Unix,4.24
3306,PostgreSQL,PostgreSQL version 2.3,Linux,4.84
3306,SMB,SMB version 9.5,Unix,5.95
3306,Redis,Redis version 8.9,Unix,4.3
80,Apache,Apache version 2.0,Linux,5.74
3306,RDP,RDP version 9.9,Linux,5.84
3306,Redis,Redis version 3.9,Windows,2.09
3306,SMB,SMB version 6.9,Unix,9.12
3306,PostgreSQL,PostgreSQL version 6.8,Unix,6.57
3306,Redis,Redis version 7.3,Unix,2.56
80,Apache,Apache version 2.2,Windows,5.53
3306,MariaDB,MariaDB version 6.3,Windows,3.75
80,LiteSpeed,LiteSpeed version 4.0,Unix,4.9
80,LiteSpeed,LiteSpeed version 4.1,Windows,4.94
3306,SMB,SMB version 7.1,Linux,6.15
80,LiteSpeed,LiteSpeed version 2.0,Windows,3.32
3306,RDP,RDP version 7.1,Windows,5.46
22,OpenSSH,OpenSSH version 4.2,Linux,3.13
3306,RDP,RDP version 5.3,Linux,5.25
3306,MySQL,MySQL version 9.4,Windows,4.4
21,vsftpd,vsftpd version 1.4,Unix,3.43
21,vsftpd,vsftpd version 4.1,Windows,5.52
3306,PostgreSQL,PostgreSQL version 8.2,Windows,6.73
3306,PostgreSQL,PostgreSQL version 9.9,Windows,3.63
22,OpenSSH,OpenSSH version 4.0,Unix,4.86
22,OpenSSH,OpenSSH version 4.8,Unix,5.25
21,ProFTPD,ProFTPD version 7.0,Windows,7.21
3306,MongoDB,MongoDB version 9.2,Windows,4.61
3306,PostgreSQL,PostgreSQL version 4.1,Windows,5.61
21,ProFTPD,ProFTPD version 7.6,Unix,7.22
80,LiteSpeed,LiteSpeed version 4.5,Linux,2.64
80,LiteSpeed,LiteSpeed version 1.0,Windows,5.8
21,ProFTPD,ProFTPD version 2.1,Linux,7.83
3306,PostgreSQL,PostgreSQL version 3.4,Unix,3.36
3306,Redis,Redis version 6.8,Linux,4.56
3306,MongoDB,MongoDB version 8.9,Windows,5.52
3306,MongoDB,MongoDB version 9.6,Linux,4.19
80,LiteSpeed,LiteSpeed version 9.6,Windows,6.11
22,OpenSSH,OpenSSH version 4.4,Windows,8.05
3306,Redis,Redis version 6.1,Linux,3.32
80,nginx,nginx version 1.7,Unix,2.43
80,Apache,Apache version 8.5,Linux,4.96
3306,MySQL,MySQL version 1.5,Windows,5.58
3306,RDP,RDP version 8.3,Linux,6.15
3306,RDP,RDP version 8.2,Windows,8.68
80,LiteSpeed,LiteSpeed version 3.7,Linux,2.49
3306,MySQL,MySQL version 5.9,Unix,5.54
3306,SMB,SMB version 2.6,Unix,5.59
21,vsftpd,vsftpd version 6.9,Unix,7.08
22,OpenSSH,OpenSSH version 4.5,Unix,7.49
3306,MySQL,MySQL version 4.1,Linux,3.35
3306,Redis,Redis version 8.6,Unix,3.68
3306,SMB,SMB version 2.0,Unix,7.79
3306,SMB,SMB version 8.2,Unix,5.92
3306,MongoDB,MongoDB version 6.1,Unix,4.43
3306,Redis,Redis version 1.4,Unix,4.54
3306,SMB,SMB version 8.1,Windows,3.62
3306,PostgreSQL,PostgreSQL version 5.0,Windows,4.48
22,OpenSSH,OpenSSH version 2.0,Linux,3.47
3306,RDP,RDP version 2.4,Unix,5.76
3306,Redis,Redis version 3.7,Linux,6.67
80,LiteSpeed,LiteSpeed version 8.8,Unix,2.62
21,ProFTPD,ProFTPD version 3.8,Linux,7.72
80,nginx,nginx version 5.9,Linux,4.08
80,Apache,Apache version 8.2,Unix,4.08
3306,SMB,SMB version 1.0,Windows,7.69
80,nginx,nginx version 5.4,Linux,5.01
22,OpenSSH,OpenSSH version 3.0,Unix,5.36
21,vsftpd,vsftpd version 7.3,Windows,5.95
3306,MySQL,MySQL version 4.3,Linux,4.0
3306,MariaDB,MariaDB version 1.4,Unix,3.58
21,vsftpd,vsftpd version 4.6,Unix,2.87
21,vsftpd,vsftpd version 7.9,Unix,3.26
21,ProFTPD,ProFTPD version 5.4,Linux,10.0
3306,MongoDB,MongoDB version 9.2,Unix,6.37
80,nginx,nginx version 4.4,Linux,2.47
3306,Redis,Redis version 7.3,Unix,2.52
80,Apache,Apache version 7.3,Windows,5.22
3306,PostgreSQL,PostgreSQL version 6.1,Unix,5.32
80,Apache,Apache version 3.0,Linux,5.32
3306,MongoDB,MongoDB version 6.5,Linux,4.12
21,vsftpd,vsftpd version 2.9,Unix,4.31
80,LiteSpeed,LiteSpeed version 1.1,Windows,4.99
3306,Redis,Redis version 7.6,Windows,4.63
80,LiteSpeed,LiteSpeed version 8.9,Unix,1.17
3306,SMB,SMB version 2.6,Unix,6.16
3306,RDP,RDP version 8.4,Windows,5.22
3306,RDP,RDP version 1.0,Linux,6.76
80,LiteSpeed,LiteSpeed version 4.7,Linux,8.98
80,Apache,Apache version 7.8,Linux,5.05
80,LiteSpeed,LiteSpeed version 3.1,Windows,4.03
21,vsftpd,vsftpd version 9.4,Windows,5.88
21,ProFTPD,ProFTPD version 6.0,Linux,7.22
21,vsftpd,vsftpd version 6.1,Windows,5.13
21,ProFTPD,ProFTPD version 4.3,Unix,7.41
21,vsftpd,vsftpd version 1.7,Windows,7.58
3306,PostgreSQL,PostgreSQL version 7.6,Unix,2.8
3306,MariaDB,MariaDB version 6.0,Linux,5.21
3306,PostgreSQL,PostgreSQL version 1.0,Linux,3.11
3306,PostgreSQL,PostgreSQL version 8.1,Unix,5.33
21,vsftpd,vsftpd version 3.3,Linux,3.12
3306,MySQL,MySQL version 1.0,Linux,3.87
80,nginx,nginx version 4.8,Windows,4.06
3306,RDP,RDP version 6.4,Unix,7.96
3306,MySQL,MySQL version 9.7,Linux,5.88
80,Apache,Apache version 9.0,Linux,2.63
3306,MySQL,MySQL version 6.4,Unix,4.58
80,LiteSpeed,LiteSpeed version 9.9,Unix,3.44
22,OpenSSH,OpenSSH version 4.0,Linux,2.61
80,nginx,nginx version 5.2,Unix,4.17
3306,RDP,RDP version 8.3,Unix,6.04
3306,Redis,Redis version 7.4,Windows,8.14
3306,RDP,RDP version 4.0,Linux,7.15
3306,MariaDB,MariaDB version 6.0,Windows,2.43
21,vsftpd,vsftpd version 8.5,Windows,3.65
21,vsftpd,vsftpd version 3.3,Windows,6.03
3306,MySQL,MySQL version 2.8,Windows,7.63
21,vsftpd,vsftpd version 6.0,Windows,2.12
3306,MySQL,MySQL version 9.4,Unix,1.68
21,ProFTPD,ProFTPD version 2.5,Unix,9.31
3306,MongoDB,MongoDB version 2.4,Windows,5.08
22,OpenSSH,OpenSSH version 8.5,Unix,3.2
22,OpenSSH,OpenSSH version 5.3,Unix,5.3
3306,MongoDB,MongoDB version 9.8,Windows,0.55
80,nginx,nginx version 1.1,Unix,4.51
3306,PostgreSQL,PostgreSQL version 2.7,Windows,4.99
3306,MariaDB,MariaDB version 4.0,Unix,5.89
80,Apache,Apache version 9.3,Unix,2.98
3306,MariaDB,MariaDB version 8.7,Linux,4.63
3306,MySQL,MySQL version 2.5,Unix,3.11
80,LiteSpeed,LiteSpeed version 9.6,Windows,4.88
3306,Redis,Redis version 9.5,Unix,3.16
3306,MariaDB,MariaDB version 4.8,Linux,3.89
21,vsftpd,vsftpd version 3.9,Windows,3.01
3306,MongoDB,MongoDB version 6.9,Linux,5.48
3306,MariaDB,MariaDB version 3.1,Unix,5.79
80,LiteSpeed,LiteSpeed version 6.2,Unix,4.15
80,nginx,nginx version 6.7,Unix,4.56
3306,MariaDB,MariaDB version 4.1,Unix,2.33
80,nginx,nginx version 5.6,Unix,4.05
3306,MariaDB,MariaDB version 4.4,Windows,4.42
22,OpenSSH,OpenSSH version 9.0,Unix,8.43
80,Apache,Apache version 1.7,Linux,2.83
3306,PostgreSQL,PostgreSQL version 3.1,Windows,6.7
22,OpenSSH,OpenSSH version 5.2,Windows,6.0
22,OpenSSH,OpenSSH version 8.4,Unix,4.92
3306,MariaDB,MariaDB version 5.6,Unix,7.14
80,Apache,Apache version 2.6,Unix,5.06
21,ProFTPD,ProFTPD version 2.6,Unix,7.08
3306,MySQL,MySQL version 4.5,Unix,4.42
3306,Redis,Redis version 8.2,Unix,6.34
21,ProFTPD,ProFTPD version 9.8,Windows,8.14
21,vsftpd,vsftpd version 5.4,Windows,3.56
22,OpenSSH,OpenSSH version 4.3,Unix,2.52
80,Apache,Apache version 7.2,Windows,4.2
3306,PostgreSQL,PostgreSQL version 9.0,Unix,3.3
3306,MySQL,MySQL version 3.2,Linux,4.4
21,vsftpd,vsftpd version 7.8,Linux,6.36
21,ProFTPD,ProFTPD version 4.5,Linux,5.81
21,vsftpd,vsftpd version 1.3,Windows,4.44
80,nginx,nginx version 9.9,Unix,4.59
80,Apache,Apache version 9.4,Unix,5.77
3306,PostgreSQL,PostgreSQL version 3.0,Windows,1.13
80,LiteSpeed,LiteSpeed version 6.3,Unix,3.59
3306,MySQL,MySQL version 1.5,Windows,4.82
3306,MariaDB,MariaDB version 4.8,Windows,6.3
3306,PostgreSQL,PostgreSQL version 5.6,Linux,3.76
3306,Redis,Redis version 3.7,Windows,1.69
22,OpenSSH,OpenSSH version 2.4,Unix,5.43
3306,MariaDB,MariaDB version 2.7,Linux,3.55
3306,PostgreSQL,PostgreSQL version 3.6,Unix,2.72
3306,MongoDB,MongoDB version 7.7,Unix,3.56
3306,SMB,SMB version 5.5,Windows,6.22
3306,MariaDB,MariaDB version 6.9,Linux,3.59
22,OpenSSH,OpenSSH version 1.4,Unix,1.19
3306,MySQL,MySQL version 8.1,Linux,5.85
80,LiteSpeed,LiteSpeed version 6.3,Windows,6.41
21,vsftpd,vsftpd version 3.7,Windows,5.48
3306,PostgreSQL,PostgreSQL version 5.4,Unix,2.79
21,vsftpd,vsftpd version 1.1,Unix,4.2
80,LiteSpeed,LiteSpeed version 1.5,Linux,4.49
3306,MongoDB,MongoDB version 1.3,Windows,5.4
3306,MariaDB,MariaDB version 1.6,Windows,5.5
80,Apache,Apache version 9.0,Windows,3.4
3306,MariaDB,MariaDB version 6.6,Windows,4.62
3306,MariaDB,MariaDB version 6.1,Windows,5.19
3306,MongoDB,MongoDB version 6.0,Unix,6.68
80,LiteSpeed,LiteSpeed version 8.6,Windows,5.56
3306,PostgreSQL,PostgreSQL version 6.8,Windows,5.68
3306,Redis,Redis version 8.7,Linux,4.63
3306,RDP,RDP version 9.3,Unix,8.62
3306,PostgreSQL,PostgreSQL version 6.0,Windows,5.11
80,LiteSpeed,LiteSpeed version 1.1,Windows,3.21
80,LiteSpeed,LiteSpeed version 1.3,Windows,6.61
80,nginx,nginx version 5.1,Linux,5.55
3306,Redis,Redis version 4.9,Windows,3.84
3306,MariaDB,MariaDB version 2.1,Linux,3.78
3306,MariaDB,MariaDB version 2.8,Linux,4.94
80,Apache,Apache version 2.1,Windows,5.19
80,Apache,Apache version 3.7,Windows,4.8
3306,SMB,SMB version 2.0,Windows,6.97
21,ProFTPD,ProFTPD version 5.7,Windows,9.05
3306,Redis,Redis version 5.9,Windows,6.11
3306,Redis,Redis version 5.0,Windows,4.79
3306,RDP,RDP version 5.2,Unix,7.91
21,vsftpd,vsftpd version 5.7,Linux,2.95
3306,PostgreSQL,PostgreSQL version 7.2,Windows,5.1
80,nginx,nginx version 3.4,Linux,7.21
80,nginx,nginx version 2.9,Linux,4.17
80,Apache,Apache version 9.1,Linux,3.23
21,vsftpd,vsftpd version 4.8,Windows,3.52
3306,Redis,Redis version 8.7,Windows,2.87
80,LiteSpeed,LiteSpeed version 1.7,Linux,3.32
3306,PostgreSQL,PostgreSQL version 2.5,Unix,3.94
80,Apache,Apache version 4.6,Linux,2.39
3306,PostgreSQL,PostgreSQL version 7.9,Windows,4.52
3306,SMB,SMB version 4.2,Unix,7.85
80,Apache,Apache version 3.0,Linux,3.14
3306,SMB,SMB version 3.5,Linux,8.78
21,vsftpd,vsftpd version 9.6,Linux,5.27
80,LiteSpeed,LiteSpeed version 5.1,Windows,6.05
3306,SMB,SMB version 4.6,Unix,5.51
80,nginx,nginx version 5.7,Windows,5.78
3306,SMB,SMB version 5.7,Linux,4.86
3306,MongoDB,MongoDB version 8.1,Linux,5.84
3306,MySQL,MySQL version 9.5,Windows,4.76
3306,MySQL,MySQL version 3.6,Linux,5.33
3306,MariaDB,MariaDB version 8.9,Linux,2.74
21,ProFTPD,ProFTPD version 4.8,Unix,5.16
3306,SMB,SMB version 9.3,Linux,7.4
3306,MySQL,MySQL version 2.9,Unix,3.08
3306,Redis,Redis version 2.7,Linux,5.19
3306,RDP,RDP version 7.4,Windows,4.45
3306,Redis,Redis version 6.7,Unix,5.77
3306,MongoDB,MongoDB version 2.5,Linux,2.65
3306,RDP,RDP version 8.0,Unix,7.33
80,Apache,Apache version 9.4,Unix,5.44
22,OpenSSH,OpenSSH version 4.9,Windows,3.45
3306,SMB,SMB version 7.7,Windows,7.37
3306,RDP,RDP version 5.5,Unix,6.89
3306,MySQL,MySQL version 5.2,Unix,3.69
3306,Redis,Redis version 6.6,Linux,2.99
80,nginx,nginx version 7.7,Unix,1.56
80,nginx,nginx version 8.2,Windows,5.02
3306,MongoDB,MongoDB version 7.2,Unix,2.15
3306,MySQL,MySQL version 8.4,Windows,4.64
80,LiteSpeed,LiteSpeed version 3.3,Linux,4.1
3306,SMB,SMB version 3.0,Linux,7.52
22,OpenSSH,OpenSSH version 6.8,Linux,4.05
3306,MongoDB,MongoDB version 3.8,Windows,4.01
3306,Redis,Redis version 4.9,Unix,5.6
3306,Redis,Redis version 8.5,Linux,5.0
21,ProFTPD,ProFTPD version 9.9,Linux,6.97
3306,MariaDB,MariaDB version 4.8,Linux,5.2
3306,RDP,RDP version 6.0,Windows,4.2
21,ProFTPD,ProFTPD version 3.5,Linux,7.64
3306,Redis,Redis version 9.4,Unix,5.42
3306,SMB,SMB version 4.7,Linux,4.97
80,LiteSpeed,LiteSpeed version 4.7,Linux,4.13
3306,RDP,RDP version 9.0,Windows,6.44
80,Apache,Apache version 5.2,Windows,4.3
3306,RDP,RDP version 2.2,Linux,7.0
3306,SMB,SMB version 4.8,Windows,8.65
80,LiteSpeed,LiteSpeed version 5.6,Windows,6.12
3306,MariaDB,MariaDB version 1.4,Unix,2.53
21,ProFTPD,ProFTPD version 9.3,Windows,7.43
22,OpenSSH,OpenSSH version 7.2,Unix,6.49
3306,RDP,RDP version 4.9,Unix,7.08
3306,Redis,Redis version 6.2,Unix,6.14
3306,SMB,SMB version 8.9,Windows,9.52
3306,MariaDB,MariaDB version 2.1,Unix,6.04
21,ProFTPD,ProFTPD version 4.0,Linux,6.87
3306,SMB,SMB version 6.2,Unix,8.07
3306,Redis,Redis version 6.1,Windows,4.72
3306,RDP,RDP version 8.7,Linux,6.54
80,LiteSpeed,LiteSpeed version 5.1,Unix,3.97
21,vsftpd,vsftpd version 2.3,Linux,6.85
80,LiteSpeed,LiteSpeed version 1.9,Linux,3.27
22,OpenSSH,OpenSSH version 7.8,Unix,6.8
80,LiteSpeed,LiteSpeed version 7.4,Windows,5.25
3306,SMB,SMB version 2.0,Windows,4.4
3306,RDP,RDP version 1.1,Linux,7.05
80,nginx,nginx version 9.5,Unix,1.35
3306,RDP,RDP version 8.9,Linux,7.44
3306,RDP,RDP version 8.1,Unix,7.83
3306,RDP,RDP version 5.5,Linux,5.61
3306,RDP,RDP version 9.6,Windows,6.69
3306,MongoDB,MongoDB version 8.6,Windows,7.43
80,nginx,nginx version 4.3,Windows,3.74
80,nginx,nginx version 4.1,Windows,2.91
21,ProFTPD,ProFTPD version 6.2,Windows,8.72
3306,Redis,Redis version 5.9,Unix,7.44
21,ProFTPD,ProFTPD version 2.0,Windows,6.51
80,LiteSpeed,LiteSpeed version 2.7,Linux,6.02
21,ProFTPD,ProFTPD version 4.7,Unix,8.51
3306,PostgreSQL,PostgreSQL version 2.2,Unix,3.39
3306,Redis,Redis version 7.7,Windows,3.77
3306,SMB,SMB version 5.5,Linux,8.35
3306,MySQL,MySQL version 1.8,Linux,7.03
80,Apache,Apache version 9.5,Linux,5.34
3306,MongoDB,MongoDB version 9.2,Linux,3.18
80,LiteSpeed,LiteSpeed version 4.7,Unix,7.48
3306,MariaDB,MariaDB version 4.3,Linux,3.7
3306,PostgreSQL,PostgreSQL version 8.2,Linux,4.0
21,ProFTPD,ProFTPD version 9.5,Linux,7.01
21,ProFTPD,ProFTPD version 8.0,Windows,8.83
3306,RDP,RDP version 3.3,Windows,7.78
3306,MariaDB,MariaDB version 1.3,Linux,5.12
3306,PostgreSQL,PostgreSQL version 8.5,Linux,5.19
3306,PostgreSQL,PostgreSQL version 9.9,Unix,4.57
80,Apache,Apache version 5.9,Unix,5.34
22,OpenSSH,OpenSSH version 9.3,Unix,0.71
3306,MariaDB,MariaDB version 2.5,Unix,4.06
3306,MariaDB,MariaDB version 3.7,Windows,4.86
3306,Redis,Redis version 9.6,Windows,2.77
80,nginx,nginx version 2.0,Unix,5.08
3306,MongoDB,MongoDB version 9.5,Windows,4.19
3306,MongoDB,MongoDB version 6.8,Windows,7.13
3306,RDP,RDP version 8.8,Linux,8.86
21,vsftpd,vsftpd version 6.0,Windows,3.8
22,OpenSSH,OpenSSH version 6.5,Unix,4.27
3306,Redis,Redis version 4.2,Windows,4.39
3306,Redis,Redis version 1.4,Windows,3.82
3306,PostgreSQL,PostgreSQL version 7.8,Windows,4.79
21,ProFTPD,ProFTPD version 1.9,Linux,5.36
80,Apache,Apache version 9.6,Linux,2.8
3306,MySQL,MySQL version 8.8,Windows,5.43
3306,Redis,Redis version 9.5,Unix,5.44
21,vsftpd,vsftpd version 3.7,Unix,3.29
3306,MongoDB,MongoDB version 4.3,Windows,5.84
3306,MongoDB,MongoDB version 8.4,Unix,3.55
3306,MongoDB,MongoDB version 5.8,Windows,4.88
21,vsftpd,vsftpd version 6.9,Unix,5.73
3306,MySQL,MySQL version 4.1,Linux,4.45
3306,SMB,SMB version 9.2,Unix,7.18
3306,SMB,SMB version 4.4,Linux,5.73
3306,MySQL,MySQL version 2.3,Windows,4.21
3306,PostgreSQL,PostgreSQL version 9.3,Unix,4.19
3306,RDP,RDP version 1.6,Unix,5.38
3306,SMB,SMB version 3.6,Linux,6.23
22,OpenSSH,OpenSSH version 5.4,Unix,2.18
3306,MongoDB,MongoDB version 1.8,Unix,3.76
3306,Redis,Redis version 3.2,Linux,4.07
3306,SMB,SMB version 7.3,Linux,6.12
80,nginx,nginx version 9.9,Linux,4.14
3306,MongoDB,MongoDB version 4.7,Unix,4.41
21,ProFTPD,ProFTPD version 3.5,Windows,7.22
3306,MongoDB,MongoDB version 2.0,Linux,5.81
3306,MariaDB,MariaDB version 7.3,Unix,3.53
3306,RDP,RDP version 1.9,Unix,4.7
21,vsftpd,vsftpd version 3.6,Unix,2.94
21,ProFTPD,ProFTPD version 1.7,Windows,5.77
3306,MariaDB,MariaDB version 1.3,Unix,3.97
3306,SMB,SMB version 1.1,Linux,5.35
3306,RDP,RDP version 8.5,Unix,4.56
3306,PostgreSQL,PostgreSQL version 7.7,Windows,3.82
80,Apache,Apache version 3.4,Linux,4.77
80,nginx,nginx version 3.0,Unix,5.39
3306,MariaDB,MariaDB version 1.9,Unix,3.66
3306,Redis,Redis version 6.3,Windows,3.88
3306,SMB,SMB version 3.5,Linux,5.11
21,ProFTPD,ProFTPD version 8.6,Unix,6.45
21,vsftpd,vsftpd version 2.4,Linux,3.23
80,nginx,nginx version 2.9,Unix,5.36
3306,MongoDB,MongoDB version 9.5,Linux,1.82
21,ProFTPD,ProFTPD version 5.9,Linux,5.96
80,LiteSpeed,LiteSpeed version 8.3,Linux,4.95
80,LiteSpeed,LiteSpeed version 6.4,Windows,4.78
3306,MySQL,MySQL version 4.6,Windows,8.54
3306,RDP,RDP version 9.1,Linux,7.02
21,ProFTPD,ProFTPD version 5.6,Windows,4.99
3306,SMB,SMB version 5.8,Linux,6.36
3306,Redis,Redis version 4.9,Linux,1.84
22,OpenSSH,OpenSSH version 5.5,Linux,4.38
3306,RDP,RDP version 8.3,Unix,5.25
3306,SMB,SMB version 2.4,Unix,7.87
22,OpenSSH,OpenSSH version 7.9,Unix,3.68
21,vsftpd,vsftpd version 8.4,Linux,4.32
80,LiteSpeed,LiteSpeed version 8.9,Linux,3.55
3306,MongoDB,MongoDB version 1.2,Unix,7.11
3306,Redis,Redis version 6.3,Linux,4.02
80,Apache,Apache version 3.3,Linux,7.25
80,nginx,nginx version 3.3,Windows,5.72
3306,Redis,Redis version 2.8,Linux,5.22
3306,SMB,SMB version 4.0,Windows,7.05
21,ProFTPD,ProFTPD version 5.4,Unix,7.09
3306,MySQL,MySQL version 1.7,Windows,1.61
80,nginx,nginx version 7.3,Unix,4.08
3306,SMB,SMB version 3.1,Windows,7.77
21,vsftpd,vsftpd version 3.2,Linux,4.43
21,vsftpd,vsftpd version 6.0,Linux,2.39
3306,Redis,Redis version 3.5,Windows,4.42
80,LiteSpeed,LiteSpeed version 2.5,Linux,7.06
3306,MariaDB,MariaDB version 7.0,Linux,6.37
80,nginx,nginx version 1.1,Windows,4.41
22,OpenSSH,OpenSSH version 6.5,Windows,5.93
21,vsftpd,vsftpd version 2.0,Linux,3.95
21,vsftpd,vsftpd version 8.3,Windows,1.94
22,OpenSSH,OpenSSH version 5.8,Unix,3.11
80,LiteSpeed,LiteSpeed version 9.4,Linux,6.84
3306,RDP,RDP version 1.3,Unix,6.09
3306,MongoDB,MongoDB version 3.5,Linux,4.13
3306,MongoDB,MongoDB version 2.0,Linux,4.05
3306,SMB,SMB version 7.1,Unix,9.36
3306,MongoDB,MongoDB version 3.7,Linux,6.94
3306,RDP,RDP version 7.8,Windows,9.83
3306,SMB,SMB version 5.8,Unix,6.26
80,nginx,nginx version 6.3,Unix,4.94
80,Apache,Apache version 4.2,Windows,2.23
80,nginx,nginx version 6.5,Unix,6.72
3306,MySQL,MySQL version 2.9,Linux,2.75
3306,MySQL,MySQL version 2.2,Linux,4.83
3306,MariaDB,MariaDB version 1.1,Windows,2.85
3306,MariaDB,MariaDB version 2.9,Windows,3.62
21,vsftpd,vsftpd version 3.3,Unix,3.24
3306,MySQL,MySQL version 7.5,Unix,3.59
3306,PostgreSQL,PostgreSQL version 1.6,Windows,3.69
3306,MySQL,MySQL version 7.0,Linux,3.68
3306,PostgreSQL,PostgreSQL version 2.7,Linux,5.75
80,nginx,nginx version 9.2,Linux,2.84
80,Apache,Apache version 7.1,Linux,4.83
3306,MariaDB,MariaDB version 4.4,Windows,6.33
22,OpenSSH,OpenSSH version 2.6,Linux,3.73
3306,SMB,SMB version 2.2,Linux,5.42
21,ProFTPD,ProFTPD version 7.7,Unix,6.15
3306,Redis,Redis version 1.6,Unix,6.27
80,Apache,Apache version 3.9,Unix,4.79
3306,Redis,Redis version 7.8,Unix,3.7
3306,RDP,RDP version 5.7,Linux,7.23
3306,RDP,RDP version 6.9,Unix,4.85
80,LiteSpeed,LiteSpeed version 6.1,Unix,5.52
21,ProFTPD,ProFTPD version 5.9,Windows,7.11
21,ProFTPD,ProFTPD version 7.2,Unix,6.04
3306,Redis,Redis version 9.4,Unix,3.24
80,LiteSpeed,LiteSpeed version 4.8,Linux,3.17
3306,PostgreSQL,PostgreSQL version 9.3,Windows,5.3
22,OpenSSH,OpenSSH version 4.6,Linux,6.34
21,ProFTPD,ProFTPD version 7.0,Linux,5.54
3306,Redis,Redis version 8.2,Windows,5.19
22,OpenSSH,OpenSSH version 4.8,Unix,1.37
80,LiteSpeed,LiteSpeed version 4.8,Unix,3.62
21,ProFTPD,ProFTPD version 9.2,Unix,6.45
80,nginx,nginx version 1.0,Linux,3.14
3306,MariaDB,MariaDB version 1.8,Windows,3.1
21,vsftpd,vsftpd version 8.8,Unix,3.5
3306,PostgreSQL,PostgreSQL version 2.3,Windows,4.94
80,nginx,nginx version 1.9,Linux,4.22
80,nginx,nginx version 5.2,Linux,1.14
3306,SMB,SMB version 3.2,Linux,3.32
3306,Redis,Redis version 8.6,Unix,3.59
3306,RDP,RDP version 7.4,Windows,7.19
3306,Redis,Redis version 8.0,Linux,0.38
80,Apache,Apache version 5.5,Windows,3.75
3306,Redis,Redis version 8.2,Unix,3.71
3306,MongoDB,MongoDB version 3.9,Linux,6.58
80,nginx,nginx version 1.3,Linux,3.92
3306,Redis,Redis version 2.1,Linux,5.07
3306,RDP,RDP version 6.4,Unix,6.71
3306,PostgreSQL,PostgreSQL version 7.3,Unix,1.3
3306,RDP,RDP version 2.5,Windows,7.65
80,LiteSpeed,LiteSpeed version 2.8,Windows,4.82
3306,PostgreSQL,PostgreSQL version 5.5,Windows,5.26
3306,PostgreSQL,PostgreSQL version 7.1,Unix,10.0
3306,RDP,RDP version 3.2,Unix,3.37
3306,MySQL,MySQL version 4.4,Unix,7.09
3306,MySQL,MySQL version 1.7,Unix,4.07
3306,PostgreSQL,PostgreSQL version 6.0,Unix,4.93
21,vsftpd,vsftpd version 8.4,Unix,4.43
3306,MySQL,MySQL version 8.8,Windows,3.86
3306,PostgreSQL,PostgreSQL version 3.1,Linux,3.65
22,OpenSSH,OpenSSH version 4.6,Linux,4.99
3306,MariaDB,MariaDB version 7.2,Windows,2.22
80,nginx,nginx version 6.4,Linux,5.63
3306,MySQL,MySQL version 5.6,Windows,3.88
3306,RDP,RDP version 5.6,Windows,4.8
80,Apache,Apache version 3.6,Linux,3.82
80,Apache,Apache version 7.4,Unix,6.39
3306,MySQL,MySQL version 2.5,Unix,3.7
21,vsftpd,vsftpd version 4.9,Windows,5.04
80,nginx,nginx version 8.6,Windows,3.4
3306,MySQL,MySQL version 6.2,Unix,5.64
3306,MongoDB,MongoDB version 1.1,Linux,5.53
22,OpenSSH,OpenSSH version 3.2,Linux,7.27
3306,MongoDB,MongoDB version 5.8,Linux,4.24
3306,SMB,SMB version 8.0,Unix,7.5
3306,MariaDB,MariaDB version 7.6,Unix,4.65
3306,SMB,SMB version 7.2,Linux,8.44
80,Apache,Apache version 1.2,Linux,3.42
3306,SMB,SMB version 6.7,Unix,7.62
21,vsftpd,vsftpd version 4.1,Windows,4.21
80,nginx,nginx version 9.5,Linux,4.4
80,nginx,nginx version 8.8,Linux,4.64
3306,Redis,Redis version 2.0,Unix,4.88
3306,MongoDB,MongoDB version 6.6,Windows,4.33
3306,MySQL,MySQL version 2.0,Windows,4.82
22,OpenSSH,OpenSSH version 1.8,Unix,6.87
22,OpenSSH,OpenSSH version 7.6,Linux,5.98
80,Apache,Apache version 7.9,Linux,5.8
22,OpenSSH,OpenSSH version 8.1,Windows,3.82
21,vsftpd,vsftpd version 5.7,Linux,3.17
3306,RDP,RDP version 8.1,Linux,7.93
3306,Redis,Redis version 7.7,Windows,5.81
3306,Redis,Redis version 1.2,Windows,6.71
22,OpenSSH,OpenSSH version 8.9,Linux,3.59
80,nginx,nginx version 4.5,Windows,4.16
3306,MySQL,MySQL version 9.8,Linux,2.04
3306,MySQL,MySQL version 6.2,Linux,3.91
3306,MongoDB,MongoDB version 6.6,Linux,5.99
21,ProFTPD,ProFTPD version 4.7,Unix,5.8
80,nginx,nginx version 8.9,Windows,5.46
3306,MySQL,MySQL version 5.8,Linux,4.21
3306,MySQL,MySQL version 8.8,Unix,4.99
21,ProFTPD,ProFTPD version 2.6,Linux,4.78
80,nginx,nginx version 8.2,Windows,4.63
3306,MariaDB,MariaDB version 4.1,Unix,0.01
22,OpenSSH,OpenSSH version 6.7,Unix,4.22
80,LiteSpeed,LiteSpeed version 6.2,Linux,2.05
3306,MariaDB,MariaDB version 1.0,Windows,6.31
3306,Redis,Redis version 1.9,Linux,5.67
80,Apache,Apache version 1.4,Linux,5.2
80,Apache,Apache version 8.7,Linux,6.78
3306,PostgreSQL,PostgreSQL version 3.9,Windows,3.08
80,LiteSpeed,LiteSpeed version 6.0,Unix,7.12
3306,MariaDB,MariaDB version 5.3,Windows,5.9
80,LiteSpeed,LiteSpeed version 7.0,Unix,4.15
80,nginx,nginx version 3.5,Linux,6.2
3306,Redis,Redis version 9.0,Windows,2.84
21,vsftpd,vsftpd version 1.4,Unix,3.26
3306,MySQL,MySQL version 2.1,Unix,3.59
3306,RDP,RDP version 5.7,Linux,5.71
21,ProFTPD,ProFTPD version 8.9,Unix,4.92
3306,RDP,RDP version 3.5,Unix,8.33
80,nginx,nginx version 5.8,Unix,4.11
3306,MySQL,MySQL version 4.8,Unix,5.03
80,LiteSpeed,LiteSpeed version 1.7,Unix,3.64
21,ProFTPD,ProFTPD version 3.9,Unix,3.77
22,OpenSSH,OpenSSH version 8.8,Unix,4.91
21,ProFTPD,ProFTPD version 7.7,Linux,3.63
22,OpenSSH,OpenSSH version 6.4,Linux,4.4
3306,MySQL,MySQL version 2.1,Unix,2.45
3306,SMB,SMB version 6.3,Linux,9.48
3306,Redis,Redis version 1.6,Linux,5.87
3306,MySQL,MySQL version 9.2,Windows,4.66
21,vsftpd,vsftpd version 2.3,Unix,6.4
3306,Redis,Redis version 6.8,Unix,3.23
80,Apache,Apache version 5.8,Unix,5.32
80,LiteSpeed,LiteSpeed version 8.6,Windows,4.8
21,ProFTPD,ProFTPD version 3.2,Unix,6.9
3306,RDP,RDP version 3.5,Linux,8.41
3306,RDP,RDP version 8.3,Linux,7.6
80,nginx,nginx version 9.3,Linux,4.93
3306,MariaDB,MariaDB version 9.1,Windows,2.02
3306,RDP,RDP version 3.4,Windows,5.06
21,vsftpd,vsftpd version 8.0,Linux,4.32
80,LiteSpeed,LiteSpeed version 8.2,Linux,4.64
3306,Redis,Redis version 4.6,Unix,2.8
22,OpenSSH,OpenSSH version 2.7,Unix,8.12
80,nginx,nginx version 6.8,Windows,6.77
3306,PostgreSQL,PostgreSQL version 1.2,Unix,5.4
21,ProFTPD,ProFTPD version 5.2,Linux,6.61
3306,MongoDB,MongoDB version 6.3,Windows,4.18
22,OpenSSH,OpenSSH version 7.2,Windows,3.07
3306,MongoDB,MongoDB version 4.1,Windows,4.62
3306,SMB,SMB version 1.5,Linux,6.89
21,vsftpd,vsftpd version 6.5,Windows,2.64
80,LiteSpeed,LiteSpeed version 9.2,Windows,5.0
3306,PostgreSQL,PostgreSQL version 4.9,Unix,4.27
3306,Redis,Redis version 8.3,Linux,1.64
80,Apache,Apache version 1.0,Windows,3.21
3306,RDP,RDP version 1.5,Windows,5.88
3306,SMB,SMB version 5.6,Windows,9.33
3306,MongoDB,MongoDB version 1.9,Windows,5.33
3306,MongoDB,MongoDB version 8.2,Linux,2.5
21,ProFTPD,ProFTPD version 8.5,Unix,7.23
21,ProFTPD,ProFTPD version 9.2,Unix,4.18
80,Apache,Apache version 4.9,Windows,6.12
3306,MariaDB,MariaDB version 6.3,Unix,3.79
22,OpenSSH,OpenSSH version 5.8,Windows,4.36
3306,MySQL,MySQL version 3.3,Windows,6.49
21,vsftpd,vsftpd version 7.3,Windows,2.57
3306,SMB,SMB version 6.7,Linux,4.4
3306,MySQL,MySQL version 4.7,Linux,3.62
80,nginx,nginx version 9.3,Linux,6.06
3306,SMB,SMB version 1.7,Windows,4.22
80,Apache,Apache version 6.8,Unix,0.25
21,ProFTPD,ProFTPD version 4.2,Windows,5.82
80,LiteSpeed,LiteSpeed version 9.0,Unix,5.33
3306,MariaDB,MariaDB version 6.8,Linux,6.3
80,nginx,nginx version 8.5,Unix,3.81
3306,Redis,Redis version 6.3,Windows,3.88
3306,PostgreSQL,PostgreSQL version 2.7,Unix,6.23
3306,SMB,SMB version 3.6,Unix,3.7
3306,MariaDB,MariaDB version 6.3,Unix,3.92
80,Apache,Apache version 4.4,Windows,4.79
3306,PostgreSQL,PostgreSQL version 6.9,Linux,5.17
80,Apache,Apache version 3.4,Linux,3.74
3306,Redis,Redis version 5.1,Linux,4.55
21,vsftpd,vsftpd version 4.4,Windows,0.77
3306,MySQL,MySQL version 8.6,Windows,3.51
3306,MongoDB,MongoDB version 8.5,Unix,5.18
3306,SMB,SMB version 4.5,Windows,5.03
3306,PostgreSQL,PostgreSQL version 3.5,Windows,4.59
3306,PostgreSQL,PostgreSQL version 6.0,Unix,5.17
3306,MongoDB,MongoDB version 8.8,Unix,3.99
80,nginx,nginx version 7.4,Windows,4.76
21,ProFTPD,ProFTPD version 1.3,Windows,5.06
22,OpenSSH,OpenSSH version 5.0,Unix,4.19
80,Apache,Apache version 7.8,Unix,5.42
3306,MySQL,MySQL version 5.4,Linux,4.74
3306,SMB,SMB version 8.2,Linux,5.62
3306,Redis,Redis version 2.8,Windows,4.84
3306,MySQL,MySQL version 7.2,Windows,5.57
80,LiteSpeed,LiteSpeed version 8.2,Linux,1.43
3306,MariaDB,MariaDB version 6.1,Linux,6.24
21,vsftpd,vsftpd version 2.3,Windows,4.0
80,LiteSpeed,LiteSpeed version 5.9,Windows,5.14
80,LiteSpeed,LiteSpeed version 2.4,Unix,6.3
21,vsftpd,vsftpd version 9.8,Linux,2.44
3306,MySQL,MySQL version 4.7,Linux,3.44
22,OpenSSH,OpenSSH version 6.3,Windows,4.07
3306,MariaDB,MariaDB version 4.9,Linux,3.32
80,nginx,nginx version 2.8,Unix,7.1
80,Apache,Apache version 5.6,Linux,3.21
3306,PostgreSQL,PostgreSQL version 1.5,Windows,3.67
80,Apache,Apache version 9.9,Linux,4.81
3306,PostgreSQL,PostgreSQL version 1.4,Linux,2.7
21,vsftpd,vsftpd version 9.8,Windows,3.91
80,nginx,nginx version 3.1,Linux,4.98
21,ProFTPD,ProFTPD version 2.2,Linux,6.0
80,Apache,Apache version 1.4,Linux,4.36
3306,SMB,SMB version 9.2,Unix,5.71
3306,SMB,SMB version 9.4,Unix,4.23
80,LiteSpeed,LiteSpeed version 3.5,Unix,4.98
80,Apache,Apache version 7.9,Unix,7.13
80,nginx,nginx version 2.6,Linux,4.53
80,nginx,nginx version 4.3,Windows,4.84
3306,MySQL,MySQL version 5.1,Linux,5.54
80,LiteSpeed,LiteSpeed version 4.4,Linux,2.6
3306,MariaDB,MariaDB version 6.5,Windows,7.05
3306,SMB,SMB version 1.3,Windows,6.8
3306,PostgreSQL,PostgreSQL version 6.3,Linux,6.95
80,LiteSpeed,LiteSpeed version 3.8,Windows,3.4
3306,MariaDB,MariaDB version 9.5,Unix,7.23
3306,RDP,RDP version 1.9,Unix,7.66
3306,MariaDB,MariaDB version 6.7,Linux,5.33
3306,SMB,SMB version 8.2,Unix,6.85
3306,Redis,Redis version 1.3,Windows,4.13
80,Apache,Apache version 3.5,Unix,6.3
3306,Redis,Redis version 9.4,Linux,4.71
3306,Redis,Redis version 6.5,Windows,1.55
3306,Redis,Redis version 7.0,Windows,2.82
80,Apache,Apache version 1.4,Unix,4.22
3306,MySQL,MySQL version 2.6,Windows,4.96
3306,PostgreSQL,PostgreSQL version 1.4,Linux,4.42
80,Apache,Apache version 4.9,Linux,6.33
3306,MongoDB,MongoDB version 1.7,Unix,1.57
3306,MongoDB,MongoDB version 9.0,Unix,4.72
80,Apache,Apache version 8.2,Unix,1.77
3306,MongoDB,MongoDB version 7.6,Linux,5.64
3306,MongoDB,MongoDB version 1.6,Unix,4.36
80,nginx,nginx version 2.1,Windows,5.13
21,vsftpd,vsftpd version 1.1,Linux,3.2
3306,MySQL,MySQL version 6.9,Unix,6.42
3306,Redis,Redis version 2.2,Linux,6.06
22,OpenSSH,OpenSSH version 7.8,Unix,5.38
3306,MySQL,MySQL version 5.4,Windows,4.31
3306,MySQL,MySQL version 7.9,Unix,5.37
80,LiteSpeed,LiteSpeed version 9.4,Windows,3.44
3306,PostgreSQL,PostgreSQL version 2.0,Unix,5.78
3306,MySQL,MySQL version 7.1,Unix,6.97
80,Apache,Apache version 6.4,Windows,6.11
3306,MongoDB,MongoDB version 8.6,Unix,3.41
80,nginx,nginx version 6.5,Windows,5.04
3306,MariaDB,MariaDB version 7.8,Windows,2.56
3306,MariaDB,MariaDB version 1.7,Unix,5.36
3306,RDP,RDP version 2.9,Windows,7.18
21,ProFTPD,ProFTPD version 3.0,Linux,3.7
80,nginx,nginx version 6.6,Unix,2.76
3306,MySQL,MySQL version 3.5,Unix,4.08
80,nginx,nginx version 5.8,Windows,4.05
3306,PostgreSQL,PostgreSQL version 1.5,Linux,2.69
3306,SMB,SMB version 5.9,Linux,7.08
3306,MongoDB,MongoDB version 8.7,Unix,4.88
3306,RDP,RDP version 8.7,Unix,6.21
3306,MongoDB,MongoDB version 5.3,Windows,3.37
3306,PostgreSQL,PostgreSQL version 5.0,Linux,6.07
22,OpenSSH,OpenSSH version 7.9,Windows,6.98
3306,SMB,SMB version 9.0,Unix,5.77
3306,RDP,RDP version 1.2,Windows,5.58
3306,MongoDB,MongoDB version 9.7,Linux,5.24
80,Apache,Apache version 1.7,Windows,3.96
80,Apache,Apache version 7.0,Unix,4.29
3306,MySQL,MySQL version 7.4,Windows,5.61
22,OpenSSH,OpenSSH version 8.9,Linux,1.64
3306,SMB,SMB version 5.8,Windows,8.48
80,LiteSpeed,LiteSpeed version 5.0,Linux,4.61
3306,Redis,Redis version 8.2,Unix,3.88
3306,PostgreSQL,PostgreSQL version 3.1,Windows,4.37
3306,MariaDB,MariaDB version 8.8,Windows,4.44
80,LiteSpeed,LiteSpeed version 2.9,Linux,1.9
3306,MongoDB,MongoDB version 6.1,Unix,6.74
22,OpenSSH,OpenSSH version 8.2,Windows,4.56
3306,SMB,SMB version 2.2,Windows,7.16
21,ProFTPD,ProFTPD version 5.4,Unix,7.93
22,OpenSSH,OpenSSH version 5.9,Windows,2.97
21,ProFTPD,ProFTPD version 2.2,Windows,7.21
80,Apache,Apache version 2.0,Linux,4.1
3306,SMB,SMB version 9.1,Linux,7.77
3306,MySQL,MySQL version 1.5,Windows,1.31
21,ProFTPD,ProFTPD version 5.6,Windows,6.35
80,nginx,nginx version 1.5,Linux,3.6
3306,MongoDB,MongoDB version 9.2,Unix,5.15
22,OpenSSH,OpenSSH version 3.8,Linux,5.21
3306,Redis,Redis version 3.9,Linux,3.44
80,LiteSpeed,LiteSpeed version 1.9,Windows,3.43
21,vsftpd,vsftpd version 5.7,Linux,4.33
3306,SMB,SMB version 9.7,Unix,5.16
3306,MariaDB,MariaDB version 6.5,Windows,5.76
3306,Redis,Redis version 9.7,Unix,3.95
3306,Redis,Redis version 9.2,Linux,0.14
80,Apache,Apache version 7.9,Linux,3.94
21,ProFTPD,ProFTPD version 5.2,Linux,4.94
22,OpenSSH,OpenSSH version 7.7,Windows,2.05
3306,MongoDB,MongoDB version 6.0,Linux,2.64
3306,SMB,SMB version 9.4,Linux,6.66
80,Apache,Apache version 5.6,Linux,6.49
3306,Redis,Redis version 5.6,Linux,4.97
3306,PostgreSQL,PostgreSQL version 9.3,Linux,3.59
80,LiteSpeed,LiteSpeed version 1.9,Windows,5.18
3306,RDP,RDP version 6.2,Unix,5.81
3306,PostgreSQL,PostgreSQL version 7.4,Windows,3.46
80,Apache,Apache version 7.1,Linux,2.77
3306,MariaDB,MariaDB version 6.8,Unix,1.87
22,OpenSSH,OpenSSH version 4.5,Unix,3.92
80,LiteSpeed,LiteSpeed version 2.5,Unix,4.74
22,OpenSSH,OpenSSH version 5.8,Windows,4.36
3306,MariaDB,MariaDB version 1.4,Windows,3.88
3306,SMB,SMB version 3.2,Windows,5.08
80,nginx,nginx version 3.8,Windows,5.41
3306,RDP,RDP version 2.9,Unix,4.52
3306,MariaDB,MariaDB version 9.3,Unix,5.66
21,ProFTPD,ProFTPD version 1.5,Linux,5.0
3306,RDP,RDP version 9.2,Linux,5.37
3306,MariaDB,MariaDB version 6.7,Linux,2.3
22,OpenSSH,OpenSSH version 1.0,Unix,3.75
21,vsftpd,vsftpd version 2.6,Unix,5.96
3306,SMB,SMB version 3.6,Linux,7.27
80,nginx,nginx version 7.7,Windows,5.97
3306,MongoDB,MongoDB version 4.8,Windows,5.28
80,Apache,Apache version 2.2,Windows,2.84
80,LiteSpeed,LiteSpeed version 8.8,Linux,4.0
80,nginx,nginx version 4.0,Windows,3.33
3306,SMB,SMB version 5.3,Windows,8.5
21,ProFTPD,ProFTPD version 5.8,Linux,4.7
3306,PostgreSQL,PostgreSQL version 3.5,Windows,5.84
80,LiteSpeed,LiteSpeed version 3.8,Unix,5.84
3306,MySQL,MySQL version 9.9,Linux,7.24
3306,RDP,RDP version 4.7,Windows,5.89
3306,RDP,RDP version 5.4,Unix,7.57
3306,MongoDB,MongoDB version 8.2,Unix,7.92
21,vsftpd,vsftpd version 6.9,Windows,3.57
21,vsftpd,vsftpd version 6.1,Unix,2.2
3306,RDP,RDP version 4.1,Unix,3.68
3306,MariaDB,MariaDB version 2.8,Windows,5.57
21,ProFTPD,ProFTPD version 7.9,Windows,3.68
3306,PostgreSQL,PostgreSQL version 1.2,Windows,3.94
22,OpenSSH,OpenSSH version 6.9,Unix,5.16
3306,MongoDB,MongoDB version 7.0,Windows,4.78
22,OpenSSH,OpenSSH version 5.6,Windows,5.14
3306,MongoDB,MongoDB version 1.1,Windows,4.83
80,nginx,nginx version 2.5,Unix,6.42
3306,SMB,SMB version 4.9,Linux,5.07
21,vsftpd,vsftpd version 5.4,Unix,3.48
3306,MySQL,MySQL version 6.1,Windows,3.34
3306,Redis,Redis version 4.9,Linux,5.75
3306,RDP,RDP version 9.8,Unix,7.85
80,nginx,nginx version 8.3,Unix,5.18
80,LiteSpeed,LiteSpeed version 2.4,Windows,6.28
21,ProFTPD,ProFTPD version 8.0,Linux,4.73
3306,Redis,Redis version 2.2,Unix,7.0
3306,MariaDB,MariaDB version 2.2,Unix,6.78
80,LiteSpeed,LiteSpeed version 1.6,Windows,5.6
3306,RDP,RDP version 4.3,Linux,9.17
80,Apache,Apache version 8.8,Linux,2.02
3306,PostgreSQL,PostgreSQL version 5.0,Windows,3.71
80,Apache,Apache version 2.0,Windows,3.4
3306,Redis,Redis version 2.1,Linux,5.58
3306,RDP,RDP version 5.2,Unix,4.92
3306,Redis,Redis version 1.1,Windows,5.64
3306,MySQL,MySQL version 5.0,Linux,6.56
3306,MariaDB,MariaDB version 5.3,Unix,5.54
21,vsftpd,vsftpd version 1.8,Windows,4.93
3306,MariaDB,MariaDB version 6.2,Linux,3.02
3306,SMB,SMB version 9.7,Unix,5.23
80,Apache,Apache version 4.0,Unix,6.37
21,vsftpd,vsftpd version 8.6,Unix,5.67
3306,MySQL,MySQL version 6.2,Linux,4.44
80,Apache,Apache version 7.5,Linux,3.87
22,OpenSSH,OpenSSH version 5.1,Windows,1.46
80,nginx,nginx version 7.7,Unix,2.89
22,OpenSSH,OpenSSH version 4.6,Windows,7.37
21,ProFTPD,ProFTPD version 2.9,Unix,4.58
80,LiteSpeed,LiteSpeed version 1.7,Windows,4.78
3306,Redis,Redis version 3.9,Unix,6.01
21,vsftpd,vsftpd version 6.8,Windows,2.62
3306,MySQL,MySQL version 7.8,Linux,4.78
80,LiteSpeed,LiteSpeed version 8.2,Linux,5.91
21,ProFTPD,ProFTPD version 4.8,Unix,6.52
3306,Redis,Redis version 7.8,Unix,8.8
3306,MongoDB,MongoDB version 8.3,Windows,2.0
22,OpenSSH,OpenSSH version 4.4,Linux,6.09
3306,SMB,SMB version 6.7,Unix,6.24
3306,MongoDB,MongoDB version 7.4,Windows,5.66
80,Apache,Apache version 8.2,Linux,5.16
3306,RDP,RDP version 5.2,Linux,5.4
3306,PostgreSQL,PostgreSQL version 6.3,Linux,4.84
80,Apache,Apache version 5.8,Unix,1.71
3306,MySQL,MySQL version 1.0,Windows,5.4
3306,RDP,RDP version 1.7,Windows,6.95
3306,MySQL,MySQL version 1.9,Unix,5.46
80,Apache,Apache version 7.9,Windows,6.09
3306,RDP,RDP version 7.1,Linux,7.05
80,nginx,nginx version 7.3,Unix,4.72
80,LiteSpeed,LiteSpeed version 6.4,Windows,3.18
80,nginx,nginx version 5.0,Windows,3.43
3306,RDP,RDP version 2.4,Linux,8.28
3306,MariaDB,MariaDB version 5.2,Windows,6.65
3306,MariaDB,MariaDB version 2.1,Unix,4.14
21,ProFTPD,ProFTPD version 3.2,Windows,6.57
3306,SMB,SMB version 8.0,Windows,5.14
80,LiteSpeed,LiteSpeed version 2.3,Unix,6.26
80,Apache,Apache version 2.1,Linux,5.5
3306,Redis,Redis version 7.8,Windows,7.41
3306,MongoDB,MongoDB version 4.5,Windows,3.18
3306,RDP,RDP version 5.5,Unix,5.93
22,OpenSSH,OpenSSH version 9.7,Linux,4.85
21,ProFTPD,ProFTPD version 8.1,Linux,7.47
80,LiteSpeed,LiteSpeed version 6.1,Linux,4.18
3306,MongoDB,MongoDB version 2.4,Linux,3.19
21,vsftpd,vsftpd version 6.7,Linux,5.82
3306,RDP,RDP version 9.2,Windows,7.58
3306,Redis,Redis version 9.0,Windows,3.13
80,Apache,Apache version 6.5,Linux,6.53
80,LiteSpeed,LiteSpeed version 1.3,Linux,6.26
80,LiteSpeed,LiteSpeed version 3.8,Unix,4.7
80,LiteSpeed,LiteSpeed version 6.7,Unix,4.62
80,Apache,Apache version 3.1,Windows,5.33
3306,PostgreSQL,PostgreSQL version 1.9,Unix,3.21
3306,Redis,Redis version 6.6,Linux,4.55
21,ProFTPD,ProFTPD version 2.8,Unix,3.27
3306,MongoDB,MongoDB version 5.0,Windows,5.81
3306,RDP,RDP version 8.9,Windows,4.16
3306,MySQL,MySQL version 6.2,Windows,6.76
22,OpenSSH,OpenSSH version 9.5,Linux,4.0
3306,SMB,SMB version 3.7,Unix,6.18
80,Apache,Apache version 6.1,Windows,3.56
3306,RDP,RDP version 1.9,Windows,6.07
3306,PostgreSQL,PostgreSQL version 6.8,Linux,6.63
22,OpenSSH,OpenSSH version 8.9,Unix,0.77
3306,PostgreSQL,PostgreSQL version 2.0,Linux,6.42
21,ProFTPD,ProFTPD version 9.3,Unix,7.01
3306,RDP,RDP version 9.9,Unix,4.69
3306,Redis,Redis version 1.5,Linux,2.89
3306,SMB,SMB version 7.3,Unix,9.01
3306,Redis,Redis version 2.4,Windows,3.08
3306,MongoDB,MongoDB version 9.7,Unix,2.77
80,Apache,Apache version 4.3,Windows,6.21
21,ProFTPD,ProFTPD version 1.2,Windows,7.01
21,vsftpd,vsftpd version 8.2,Windows,3.09
3306,MongoDB,MongoDB version 7.9,Unix,4.82
3306,SMB,SMB version 4.6,Windows,4.96
3306,RDP,RDP version 6.7,Linux,8.15
3306,RDP,RDP version 3.4,Windows,8.09
3306,MariaDB,MariaDB version 3.5,Windows,5.3
21,vsftpd,vsftpd version 2.0,Linux,5.04
22,OpenSSH,OpenSSH version 5.3,Linux,7.14
80,LiteSpeed,LiteSpeed version 1.4,Windows,4.5
3306,PostgreSQL,PostgreSQL version 9.9,Linux,2.73
3306,MySQL,MySQL version 6.2,Linux,5.17
80,nginx,nginx version 8.5,Linux,7.63
80,Apache,Apache version 2.2,Linux,2.98
22,OpenSSH,OpenSSH version 7.6,Unix,3.96
3306,RDP,RDP version 3.0,Unix,7.12
3306,SMB,SMB version 9.2,Linux,6.42
3306,SMB,SMB version 5.4,Windows,5.03
3306,PostgreSQL,PostgreSQL version 7.2,Unix,6.18
21,ProFTPD,ProFTPD version 7.5,Windows,9.98
22,OpenSSH,OpenSSH version 8.7,Linux,4.79
3306,RDP,RDP version 2.8,Linux,5.14
21,ProFTPD,ProFTPD version 6.7,Windows,4.18
3306,Redis,Redis version 5.9,Linux,4.89
3306,MariaDB,MariaDB version 1.2,Unix,6.16
3306,SMB,SMB version 7.2,Windows,7.21
80,Apache,Apache version 7.1,Windows,4.5
3306,RDP,RDP version 7.0,Windows,5.62
3306,MariaDB,MariaDB version 2.4,Windows,2.86
3306,SMB,SMB version 3.5,Linux,7.75
3306,PostgreSQL,PostgreSQL version 6.0,Unix,5.87
3306,MongoDB,MongoDB version 1.7,Linux,2.18
3306,Redis,Redis version 9.0,Windows,6.88
80,LiteSpeed,LiteSpeed version 3.5,Unix,5.36
3306,Redis,Redis version 6.2,Unix,6.6
21,ProFTPD,ProFTPD version 6.6,Unix,4.49
3306,MySQL,MySQL version 4.7,Linux,2.45
80,nginx,nginx version 2.4,Linux,4.28
3306,PostgreSQL,PostgreSQL version 9.3,Linux,5.25
3306,MongoDB,MongoDB version 4.0,Unix,7.19
3306,SMB,SMB version 1.7,Windows,7.56
3306,SMB,SMB version 3.1,Unix,6.14
22,OpenSSH,OpenSSH version 9.1,Linux,2.96
80,Apache,Apache version 7.7,Linux,6.35
3306,Redis,Redis version 8.5,Windows,3.05
80,nginx,nginx version 6.0,Unix,6.94
3306,PostgreSQL,PostgreSQL version 5.0,Unix,4.07
3306,PostgreSQL,PostgreSQL version 5.9,Linux,6.89
21,vsftpd,vsftpd version 4.0,Unix,5.52
3306,Redis,Redis version 9.5,Windows,4.29
80,LiteSpeed,LiteSpeed version 2.9,Unix,3.72
22,OpenSSH,OpenSSH version 6.7,Unix,3.99
3306,RDP,RDP version 3.8,Linux,7.14
22,OpenSSH,OpenSSH version 5.2,Windows,4.62
22,OpenSSH,OpenSSH version 5.0,Linux,3.61
3306,MySQL,MySQL version 2.7,Unix,4.25
3306,MariaDB,MariaDB version 4.6,Linux,4.62
3306,SMB,SMB version 7.1,Linux,3.31
80,nginx,nginx version 3.3,Unix,5.19
21,vsftpd,vsftpd version 2.1,Unix,3.03
3306,RDP,RDP version 8.5,Windows,4.77
3306,MariaDB,MariaDB version 5.7,Windows,1.97
80,Apache,Apache version 1.3,Unix,1.81
3306,RDP,RDP version 1.1,Unix,4.47
80,LiteSpeed,LiteSpeed version 8.3,Linux,3.44
21,ProFTPD,ProFTPD version 4.2,Linux,9.43
3306,MySQL,MySQL version 8.4,Unix,3.71
22,OpenSSH,OpenSSH version 7.3,Unix,4.77
3306,MariaDB,MariaDB version 6.4,Unix,5.1
3306,PostgreSQL,PostgreSQL version 2.8,Windows,4.7
80,LiteSpeed,LiteSpeed version 2.3,Unix,4.38
3306,RDP,RDP version 8.5,Linux,4.71
3306,SMB,SMB version 4.3,Linux,8.68
3306,MongoDB,MongoDB version 7.5,Windows,7.21
21,ProFTPD,ProFTPD version 3.1,Unix,3.98
80,Apache,Apache version 5.7,Windows,2.96
3306,MariaDB,MariaDB version 6.0,Windows,4.08
3306,RDP,RDP version 2.7,Windows,5.05
3306,MySQL,MySQL version 2.2,Linux,5.26
80,LiteSpeed,LiteSpeed version 7.5,Unix,3.41
80,nginx,nginx version 4.7,Unix,7.75
80,nginx,nginx version 2.9,Unix,6.29
3306,RDP,RDP version 1.3,Unix,6.82
80,nginx,nginx version 1.9,Unix,6.04
3306,SMB,SMB version 7.8,Linux,8.16
3306,PostgreSQL,PostgreSQL version 2.6,Unix,3.65
21,ProFTPD,ProFTPD version 4.4,Unix,5.28
21,ProFTPD,ProFTPD version 9.7,Linux,6.62
80,nginx,nginx version 7.5,Windows,5.79
22,OpenSSH,OpenSSH version 8.6,Unix,4.71
3306,RDP,RDP version 9.2,Linux,4.13
3306,SMB,SMB version 3.1,Linux,5.3
3306,Redis,Redis version 1.6,Windows,4.39
80,Apache,Apache version 8.5,Linux,4.39
22,OpenSSH,OpenSSH version 9.5,Windows,7.46
21,ProFTPD,ProFTPD version 9.1,Unix,4.42
3306,PostgreSQL,PostgreSQL version 8.2,Linux,5.26
3306,MySQL,MySQL version 8.3,Windows,6.73
22,OpenSSH,OpenSSH version 6.8,Unix,7.91
3306,RDP,RDP version 2.7,Windows,5.89
21,ProFTPD,ProFTPD version 7.6,Linux,7.24
3306,MySQL,MySQL version 4.1,Linux,5.35
3306,SMB,SMB version 4.1,Unix,6.79
3306,MongoDB,MongoDB version 4.6,Unix,4.35
3306,RDP,RDP version 5.2,Linux,7.15
3306,MySQL,MySQL version 4.2,Windows,0.7
3306,SMB,SMB version 6.1,Windows,7.52
3306,MongoDB,MongoDB version 7.8,Unix,4.69
3306,RDP,RDP version 1.2,Linux,6.17
21,ProFTPD,ProFTPD version 6.7,Windows,9.57
80,nginx,nginx version 4.9,Windows,3.49
80,LiteSpeed,LiteSpeed version 4.7,Windows,3.9
21,ProFTPD,ProFTPD version 6.7,Windows,9.49
21,vsftpd,vsftpd version 6.4,Windows,3.25
3306,RDP,RDP version 9.3,Linux,5.67
3306,SMB,SMB version 3.0,Linux,6.28
3306,SMB,SMB version 2.8,Unix,7.76
80,Apache,Apache version 9.4,Windows,4.81
3306,MySQL,MySQL version 6.6,Linux,2.56
3306,PostgreSQL,PostgreSQL version 3.6,Unix,3.7
21,ProFTPD,ProFTPD version 9.6,Windows,5.59
22,OpenSSH,OpenSSH version 2.0,Windows,4.38
3306,MySQL,MySQL version 4.0,Linux,5.14
80,nginx,nginx version 3.4,Linux,5.13
3306,MySQL,MySQL version 1.2,Linux,1.84
21,ProFTPD,ProFTPD version 6.5,Linux,8.1
3306,Redis,Redis version 4.8,Windows,4.88
3306,SMB,SMB version 9.0,Windows,8.58
80,nginx,nginx version 7.3,Unix,5.17
80,LiteSpeed,LiteSpeed version 1.7,Unix,6.15
80,nginx,nginx version 9.9,Unix,5.2
21,vsftpd,vsftpd version 7.6,Unix,6.52
3306,MongoDB,MongoDB version 7.5,Linux,5.28
80,LiteSpeed,LiteSpeed version 7.8,Unix,4.35
3306,RDP,RDP version 6.2,Linux,9.91
80,nginx,nginx version 6.1,Linux,5.83
3306,Redis,Redis version 1.4,Linux,5.36
3306,PostgreSQL,PostgreSQL version 5.4,Linux,2.59
3306,Redis,Redis version 8.7,Linux,2.57
21,vsftpd,vsftpd version 8.6,Unix,4.94
80,LiteSpeed,LiteSpeed version 5.7,Linux,4.72
80,nginx,nginx version 2.9,Windows,3.58
80,LiteSpeed,LiteSpeed version 6.5,Unix,4.71
80,Apache,Apache version 3.9,Linux,6.88
80,nginx,nginx version 3.2,Linux,5.54
22,OpenSSH,OpenSSH version 8.2,Linux,2.79
3306,MongoDB,MongoDB version 2.7,Windows,4.33
22,OpenSSH,OpenSSH version 4.2,Linux,3.29
80,nginx,nginx version 8.1,Linux,3.92
22,OpenSSH,OpenSSH version 2.5,Windows,3.88
80,Apache,Apache version 6.6,Windows,3.78
3306,MariaDB,MariaDB version 3.3,Linux,2.62
3306,MySQL,MySQL version 6.0,Linux,4.31
3306,MySQL,MySQL version 3.1,Windows,3.66
80,nginx,nginx version 6.6,Unix,0.11
3306,MongoDB,MongoDB version 9.2,Unix,7.58
22,OpenSSH,OpenSSH version 1.9,Windows,6.13
21,vsftpd,vsftpd version 9.5,Linux,3.94
80,Apache,Apache version 4.8,Windows,4.53
3306,RDP,RDP version 5.2,Windows,4.74
3306,MariaDB,MariaDB version 3.7,Linux,7.04
3306,MongoDB,MongoDB version 1.1,Windows,7.35
3306,PostgreSQL,PostgreSQL version 4.7,Linux,4.74
80,Apache,Apache version 7.6,Windows,6.04
3306,MariaDB,MariaDB version 5.5,Windows,4.76
3306,MongoDB,MongoDB version 2.6,Unix,2.49
3306,RDP,RDP version 2.2,Windows,5.88
3306,MongoDB,MongoDB version 9.2,Linux,4.7
3306,RDP,RDP version 2.3,Windows,5.82
3306,Redis,Redis version 3.5,Windows,4.17
3306,PostgreSQL,PostgreSQL version 6.8,Windows,4.36
80,LiteSpeed,LiteSpeed version 7.6,Unix,4.38
80,Apache,Apache version 8.8,Unix,4.58
3306,MySQL,MySQL version 1.8,Unix,2.91
3306,SMB,SMB version 3.4,Linux,5.42
3306,PostgreSQL,PostgreSQL version 9.9,Linux,2.57
21,vsftpd,vsftpd version 6.1,Unix,5.97
3306,MongoDB,MongoDB version 1.5,Windows,1.34
21,vsftpd,vsftpd version 5.1,Unix,6.23
3306,MySQL,MySQL version 2.4,Linux,6.58
3306,PostgreSQL,PostgreSQL version 1.5,Windows,4.05
3306,RDP,RDP version 1.7,Windows,2.6
3306,Redis,Redis version 7.6,Linux,3.96
80,Apache,Apache version 1.9,Unix,4.4
80,nginx,nginx version 6.6,Windows,2.98
21,ProFTPD,ProFTPD version 8.8,Unix,5.73
3306,Redis,Redis version 1.8,Linux,6.8
3306,PostgreSQL,PostgreSQL version 3.0,Windows,5.5
21,ProFTPD,ProFTPD version 8.2,Unix,5.11
22,OpenSSH,OpenSSH version 2.0,Linux,2.1
3306,RDP,RDP version 4.0,Windows,6.01
3306,PostgreSQL,PostgreSQL version 3.7,Windows,4.18
3306,MongoDB,MongoDB version 7.9,Windows,5.24
3306,Redis,Redis version 3.3,Windows,3.7
21,ProFTPD,ProFTPD version 6.4,Unix,7.27
21,ProFTPD,ProFTPD version 2.0,Unix,9.4
21,ProFTPD,ProFTPD version 2.7,Unix,7.72
80,nginx,nginx version 7.5,Linux,4.43
3306,PostgreSQL,PostgreSQL version 9.2,Unix,4.23
3306,Redis,Redis version 1.4,Linux,3.96
22,OpenSSH,OpenSSH version 1.8,Windows,6.27
3306,RDP,RDP version 5.6,Unix,5.56
3306,SMB,SMB version 6.2,Linux,6.57
3306,MariaDB,MariaDB version 7.3,Linux,4.58
80,LiteSpeed,LiteSpeed version 8.9,Windows,3.75
3306,Redis,Redis version 1.0,Windows,2.44
3306,MongoDB,MongoDB version 1.8,Unix,4.98
21,vsftpd,vsftpd version 7.2,Linux,4.41
80,nginx,nginx version 6.1,Linux,5.25
80,nginx,nginx version 9.8,Linux,3.7
3306,MongoDB,MongoDB version 4.5,Windows,6.33
3306,Redis,Redis version 4.9,Unix,3.18
21,ProFTPD,ProFTPD version 9.8,Windows,9.07
22,OpenSSH,OpenSSH version 8.8,Linux,1.88
3306,PostgreSQL,PostgreSQL version 2.5,Linux,5.15
80,LiteSpeed,LiteSpeed version 5.4,Unix,5.21
21,vsftpd,vsftpd version 1.5,Windows,3.31
3306,PostgreSQL,PostgreSQL version 2.7,Windows,5.14
22,OpenSSH,OpenSSH version 5.0,Unix,6.42
21,vsftpd,vsftpd version 6.8,Unix,1.17
80,Apache,Apache version 9.1,Linux,5.25
21,vsftpd,vsftpd version 9.1,Unix,0.76
22,OpenSSH,OpenSSH version 3.7,Windows,3.05
21,vsftpd,vsftpd version 5.4,Windows,6.94
3306,SMB,SMB version 5.8,Linux,5.63
21,ProFTPD,ProFTPD version 2.4,Windows,4.74
3306,MongoDB,MongoDB version 7.2,Linux,4.2
80,LiteSpeed,LiteSpeed version 4.6,Unix,7.6
3306,RDP,RDP version 9.6,Linux,3.75
21,ProFTPD,ProFTPD version 4.3,Windows,4.92
80,Apache,Apache version 2.2,Windows,6.75
3306,SMB,SMB version 1.9,Linux,9.29
3306,MariaDB,MariaDB version 8.2,Unix,4.34
21,vsftpd,vsftpd version 1.5,Windows,2.64
21,vsftpd,vsftpd version 5.6,Unix,7.64
3306,RDP,RDP version 7.5,Linux,8.89
3306,Redis,Redis version 3.2,Unix,5.52
3306,MariaDB,MariaDB version 1.6,Unix,3.28
80,Apache,Apache version 9.3,Windows,4.43
22,OpenSSH,OpenSSH version 2.5,Windows,4.26
3306,RDP,RDP version 5.3,Windows,7.0
3306,MySQL,MySQL version 3.2,Linux,6.68
80,Apache,Apache version 5.5,Windows,5.82
21,ProFTPD,ProFTPD version 7.7,Unix,4.88
80,nginx,nginx version 8.4,Linux,6.56
3306,Redis,Redis version 8.5,Linux,4.97
3306,MongoDB,MongoDB version 8.8,Unix,5.53
21,vsftpd,vsftpd version 5.5,Unix,6.7
3306,MySQL,MySQL version 3.6,Windows,2.83
80,nginx,nginx version 8.1,Windows,4.45
3306,Redis,Redis version 1.4,Unix,3.7
3306,SMB,SMB version 7.3,Linux,4.15
21,ProFTPD,ProFTPD version 1.5,Linux,7.02
21,vsftpd,vsftpd version 5.9,Windows,8.27
3306,RDP,RDP version 8.9,Linux,3.74
3306,Redis,Redis version 4.7,Linux,4.45
80,nginx,nginx version 7.8,Windows,5.46
80,Apache,Apache version 9.2,Windows,4.68
3306,RDP,RDP version 8.9,Unix,6.33
3306,SMB,SMB version 6.4,Windows,4.55
80,Apache,Apache version 3.6,Linux,4.85
80,Apache,Apache version 2.0,Windows,3.36
3306,MySQL,MySQL version 7.3,Unix,1.22
3306,PostgreSQL,PostgreSQL version 4.1,Windows,6.29
80,LiteSpeed,LiteSpeed version 6.1,Linux,5.94
3306,Redis,Redis version 5.7,Windows,4.58
3306,MySQL,MySQL version 6.1,Linux,4.84
3306,RDP,RDP version 5.8,Unix,8.11
3306,MongoDB,MongoDB version 5.3,Windows,4.84
3306,PostgreSQL,PostgreSQL version 6.1,Unix,5.86
80,Apache,Apache version 8.1,Windows,4.05
21,ProFTPD,ProFTPD version 3.0,Windows,8.47
3306,SMB,SMB version 7.7,Windows,6.98
3306,MariaDB,MariaDB version 8.2,Windows,4.79
3306,PostgreSQL,PostgreSQL version 7.5,Unix,2.59
80,Apache,Apache version 4.4,Windows,4.93
3306,PostgreSQL,PostgreSQL version 6.4,Unix,3.25
80,Apache,Apache version 1.3,Windows,3.54
21,ProFTPD,ProFTPD version 7.0,Unix,5.28
3306,MySQL,MySQL version 4.5,Windows,2.9
3306,MariaDB,MariaDB version 2.0,Unix,7.69
3306,MySQL,MySQL version 7.0,Linux,6.5
21,ProFTPD,ProFTPD version 2.1,Windows,9.38
21,ProFTPD,ProFTPD version 4.6,Linux,4.67
3306,Redis,Redis version 9.4,Windows,4.61
22,OpenSSH,OpenSSH version 9.2,Linux,2.56
80,LiteSpeed,LiteSpeed version 5.4,Windows,3.46
21,vsftpd,vsftpd version 1.8,Windows,3.12
22,OpenSSH,OpenSSH version 4.3,Windows,6.36
3306,SMB,SMB version 9.4,Windows,5.91
21,ProFTPD,ProFTPD version 7.0,Windows,8.1
80,nginx,nginx version 4.3,Unix,5.41
80,nginx,nginx version 8.2,Unix,7.96
3306,PostgreSQL,PostgreSQL version 5.0,Unix,2.28
80,nginx,nginx version 5.4,Linux,6.39
3306,MySQL,MySQL version 5.6,Unix,6.22
3306,RDP,RDP version 7.8,Windows,5.04
80,Apache,Apache version 9.6,Unix,6.01
3306,MySQL,MySQL version 5.7,Unix,5.0
3306,MongoDB,MongoDB version 3.7,Linux,4.16
3306,MariaDB,MariaDB version 3.7,Windows,3.26
21,vsftpd,vsftpd version 5.1,Windows,3.42
80,Apache,Apache version 6.0,Unix,7.57
3306,MySQL,MySQL version 7.9,Linux,4.5
22,OpenSSH,OpenSSH version 3.0,Unix,5.67
3306,SMB,SMB version 6.7,Windows,5.31
3306,SMB,SMB version 6.1,Linux,5.33
3306,PostgreSQL,PostgreSQL version 3.1,Unix,6.12
80,nginx,nginx version 6.1,Unix,2.48
3306,MySQL,MySQL version 4.5,Linux,3.88
80,nginx,nginx version 5.9,Linux,4.55
3306,PostgreSQL,PostgreSQL version 8.5,Linux,4.67
21,ProFTPD,ProFTPD version 9.0,Linux,6.23
3306,PostgreSQL,PostgreSQL version 3.6,Unix,5.09
21,ProFTPD,ProFTPD version 3.0,Linux,7.54
80,Apache,Apache version 1.8,Windows,5.6
3306,MariaDB,MariaDB version 2.0,Windows,3.02
3306,RDP,RDP version 6.4,Windows,6.07
80,LiteSpeed,LiteSpeed version 2.0,Linux,6.29
3306,MongoDB,MongoDB version 3.3,Linux,5.84
3306,MySQL,MySQL version 7.6,Unix,2.44
80,nginx,nginx version 9.9,Unix,5.03
80,LiteSpeed,LiteSpeed version 9.1,Windows,1.53
3306,Redis,Redis version 6.5,Unix,4.57
21,vsftpd,vsftpd version 7.5,Linux,7.35
3306,MongoDB,MongoDB version 9.2,Linux,3.08
21,ProFTPD,ProFTPD version 8.6,Windows,5.25
3306,SMB,SMB version 1.9,Windows,7.65
80,nginx,nginx version 7.3,Windows,2.19
21,vsftpd,vsftpd version 8.2,Windows,3.55
22,OpenSSH,OpenSSH version 8.8,Unix,5.39
80,Apache,Apache version 5.3,Unix,3.55
3306,MariaDB,MariaDB version 1.1,Windows,4.15
3306,MariaDB,MariaDB version 2.8,Unix,5.62
21,vsftpd,vsftpd version 5.1,Unix,5.13
21,vsftpd,vsftpd version 7.5,Linux,4.9
80,nginx,nginx version 4.8,Unix,3.99
21,vsftpd,vsftpd version 3.3,Windows,5.06
80,Apache,Apache version 5.4,Unix,4.31
3306,MySQL,MySQL version 9.2,Unix,5.19
3306,MongoDB,MongoDB version 2.7,Windows,3.75
22,OpenSSH,OpenSSH version 7.7,Windows,4.23
3306,Redis,Redis version 9.3,Linux,3.02
3306,MariaDB,MariaDB version 1.6,Windows,4.45
80,Apache,Apache version 6.2,Unix,3.28
80,Apache,Apache version 7.6,Linux,2.83
80,nginx,nginx version 4.5,Windows,4.89
22,OpenSSH,OpenSSH version 2.4,Windows,4.82
3306,RDP,RDP version 6.8,Unix,7.67
3306,RDP,RDP version 2.7,Windows,5.85
3306,RDP,RDP version 1.8,Unix,7.11
3306,MySQL,MySQL version 6.0,Unix,5.33
3306,MariaDB,MariaDB version 5.1,Unix,5.17
21,vsftpd,vsftpd version 8.5,Linux,3.26
3306,SMB,SMB version 3.3,Linux,6.72
80,LiteSpeed,LiteSpeed version 7.5,Windows,5.05
3306,MariaDB,MariaDB version 6.2,Unix,4.51
3306,MySQL,MySQL version 6.3,Linux,1.37
21,ProFTPD,ProFTPD version 1.1,Windows,6.74
3306,MySQL,MySQL version 8.2,Windows,7.82
22,OpenSSH,OpenSSH version 2.9,Unix,3.96
80,nginx,nginx version 1.8,Unix,3.41
21,vsftpd,vsftpd version 6.2,Linux,5.06
21,vsftpd,vsftpd version 6.4,Unix,4.97
3306,PostgreSQL,PostgreSQL version 2.3,Unix,6.29
3306,RDP,RDP version 1.7,Unix,4.61
3306,MariaDB,MariaDB version 4.1,Linux,5.6
21,ProFTPD,ProFTPD version 5.3,Linux,7.39
21,ProFTPD,ProFTPD version 5.9,Linux,6.29
3306,SMB,SMB version 7.5,Unix,7.01
21,ProFTPD,ProFTPD version 6.5,Windows,8.04
3306,SMB,SMB version 1.8,Windows,7.81
3306,SMB,SMB version 5.7,Unix,4.79
80,LiteSpeed,LiteSpeed version 2.7,Linux,5.73
3306,MariaDB,MariaDB version 9.8,Windows,4.4
80,LiteSpeed,LiteSpeed version 9.6,Windows,4.61
22,OpenSSH,OpenSSH version 8.3,Unix,4.61
3306,PostgreSQL,PostgreSQL version 2.6,Unix,4.27
80,Apache,Apache version 8.0,Linux,6.29
22,OpenSSH,OpenSSH version 1.2,Unix,4.37
21,vsftpd,vsftpd version 4.9,Linux,2.82
80,nginx,nginx version 9.4,Windows,3.91
3306,MySQL,MySQL version 6.3,Windows,4.77
22,OpenSSH,OpenSSH version 1.4,Unix,6.34
80,nginx,nginx version 6.1,Linux,5.4
3306,MongoDB,MongoDB version 6.9,Windows,3.22
80,LiteSpeed,LiteSpeed version 5.2,Windows,8.23
3306,MongoDB,MongoDB version 6.8,Unix,4.9
21,ProFTPD,ProFTPD version 9.1,Windows,8.41
80,nginx,nginx version 8.8,Unix,4.27
3306,RDP,RDP version 7.5,Windows,7.3
3306,Redis,Redis version 9.0,Unix,5.76
80,nginx,nginx version 4.9,Windows,6.33
3306,RDP,RDP version 5.0,Linux,8.09
21,vsftpd,vsftpd version 9.6,Windows,5.81
21,ProFTPD,ProFTPD version 6.8,Linux,6.03
3306,MySQL,MySQL version 4.9,Windows,3.64
3306,MariaDB,MariaDB version 4.6,Windows,5.0
3306,RDP,RDP version 5.3,Windows,7.9
22,OpenSSH,OpenSSH version 2.0,Windows,4.17
80,nginx,nginx version 2.7,Linux,6.1
3306,MySQL,MySQL version 1.9,Linux,6.68
80,Apache,Apache version 6.5,Unix,3.13
22,OpenSSH,OpenSSH version 3.0,Linux,3.24
3306,PostgreSQL,PostgreSQL version 1.7,Unix,4.29
3306,MongoDB,MongoDB version 2.8,Unix,4.96
3306,MongoDB,MongoDB version 8.3,Unix,3.71
21,ProFTPD,ProFTPD version 2.8,Unix,8.53
80,LiteSpeed,LiteSpeed version 3.2,Windows,5.14
21,ProFTPD,ProFTPD version 3.2,Windows,6.56
3306,SMB,SMB version 2.2,Linux,4.35
21,vsftpd,vsftpd version 7.0,Linux,2.53
21,ProFTPD,ProFTPD version 8.5,Windows,6.92
3306,MySQL,MySQL version 2.4,Linux,1.3
21,vsftpd,vsftpd version 4.6,Unix,6.02
80,LiteSpeed,LiteSpeed version 3.8,Windows,4.26
80,Apache,Apache version 3.6,Linux,9.36
3306,MariaDB,MariaDB version 9.4,Windows,7.96
21,vsftpd,vsftpd version 8.1,Linux,4.23
21,ProFTPD,ProFTPD version 6.7,Windows,6.34
3306,SMB,SMB version 3.5,Unix,7.99
3306,RDP,RDP version 9.5,Linux,9.05
21,ProFTPD,ProFTPD version 8.7,Windows,4.04
3306,Redis,Redis version 5.8,Unix,1.82
3306,MariaDB,MariaDB version 7.0,Linux,3.57
3306,SMB,SMB version 3.9,Windows,7.37
3306,PostgreSQL,PostgreSQL version 1.8,Unix,5.25
80,Apache,Apache version 9.2,Windows,6.1
21,ProFTPD,ProFTPD version 6.8,Unix,4.7
3306,PostgreSQL,PostgreSQL version 6.2,Linux,1.03
3306,MongoDB,MongoDB version 9.3,Linux,5.79
3306,PostgreSQL,PostgreSQL version 2.1,Linux,3.26
3306,MariaDB,MariaDB version 9.1,Unix,1.47
3306,Redis,Redis version 1.5,Linux,4.72
21,ProFTPD,ProFTPD version 8.4,Windows,7.69
3306,RDP,RDP version 5.5,Linux,6.32
3306,RDP,RDP version 8.9,Windows,5.81
21,vsftpd,vsftpd version 8.7,Linux,4.26
3306,MySQL,MySQL version 8.4,Unix,3.94
22,OpenSSH,OpenSSH version 4.7,Windows,2.48
80,LiteSpeed,LiteSpeed version 1.0,Windows,3.43
21,vsftpd,vsftpd version 9.7,Unix,5.28
21,ProFTPD,ProFTPD version 9.2,Unix,6.98
3306,MongoDB,MongoDB version 1.0,Linux,4.75
3306,MySQL,MySQL version 2.0,Windows,3.01
3306,PostgreSQL,PostgreSQL version 1.8,Unix,4.23
3306,MongoDB,MongoDB version 6.4,Linux,1.23
3306,MySQL,MySQL version 8.1,Linux,4.77
21,ProFTPD,ProFTPD version 7.0,Windows,8.64
3306,RDP,RDP version 7.0,Unix,4.29
3306,PostgreSQL,PostgreSQL version 7.1,Unix,3.62
22,OpenSSH,OpenSSH version 5.2,Unix,4.99
3306,RDP,RDP version 7.8,Linux,8.38
80,Apache,Apache version 5.9,Linux,3.83
3306,MySQL,MySQL version 5.5,Unix,3.46
80,Apache,Apache version 4.2,Windows,1.55
80,Apache,Apache version 5.7,Windows,4.66
3306,MySQL,MySQL version 7.8,Unix,7.56
3306,MariaDB,MariaDB version 3.5,Windows,4.92
3306,MongoDB,MongoDB version 2.4,Unix,4.47
21,vsftpd,vsftpd version 4.3,Linux,4.98
3306,RDP,RDP version 3.6,Windows,6.48
3306,MongoDB,MongoDB version 7.9,Windows,3.28
80,nginx,nginx version 1.5,Unix,5.73
3306,MySQL,MySQL version 7.6,Windows,4.84
3306,Redis,Redis version 7.4,Unix,4.53
3306,Redis,Redis version 5.2,Windows,3.04
80,Apache,Apache version 7.9,Linux,6.46
3306,PostgreSQL,PostgreSQL version 2.7,Unix,5.5
3306,MySQL,MySQL version 2.1,Unix,3.67
21,ProFTPD,ProFTPD version 8.6,Linux,8.0
21,ProFTPD,ProFTPD version 3.2,Windows,5.75
3306,MySQL,MySQL version 5.8,Unix,3.33
3306,PostgreSQL,PostgreSQL version 9.7,Linux,3.36
80,nginx,nginx version 5.7,Windows,1.84
80,Apache,Apache version 3.7,Windows,5.21
3306,SMB,SMB version 7.6,Windows,3.75
3306,PostgreSQL,PostgreSQL version 1.1,Linux,2.66
3306,MySQL,MySQL version 4.3,Unix,1.39
3306,MariaDB,MariaDB version 9.4,Windows,4.37
21,ProFTPD,ProFTPD version 6.2,Windows,6.27
3306,MongoDB,MongoDB version 8.9,Windows,4.01
3306,SMB,SMB version 4.2,Windows,4.94
80,LiteSpeed,LiteSpeed version 3.4,Linux,2.74
22,OpenSSH,OpenSSH version 8.8,Unix,5.2
3306,Redis,Redis version 3.4,Unix,3.67
80,Apache,Apache version 9.1,Windows,4.97
21,ProFTPD,ProFTPD version 1.3,Windows,5.17
3306,MariaDB,MariaDB version 1.2,Windows,4.77
3306,SMB,SMB version 2.4,Windows,8.45
3306,SMB,SMB version 3.3,Linux,7.38
21,ProFTPD,ProFTPD version 8.4,Unix,5.88
80,Apache,Apache version 7.7,Linux,4.89
80,Apache,Apache version 5.1,Windows,4.14
3306,MongoDB,MongoDB version 2.5,Linux,4.51
3306,SMB,SMB version 1.2,Linux,6.01
3306,MongoDB,MongoDB version 2.4,Linux,4.25
3306,SMB,SMB version 1.1,Unix,6.82
3306,PostgreSQL,PostgreSQL version 2.4,Linux,3.01
3306,SMB,SMB version 7.7,Unix,4.98
3306,Redis,Redis version 5.9,Linux,2.42
3306,PostgreSQL,PostgreSQL version 2.6,Windows,2.1
21,ProFTPD,ProFTPD version 7.1,Windows,4.67
3306,MongoDB,MongoDB version 8.5,Linux,4.74
80,Apache,Apache version 1.3,Windows,3.16
3306,PostgreSQL,PostgreSQL version 8.1,Linux,5.27
3306,MariaDB,MariaDB version 8.7,Unix,4.55
22,OpenSSH,OpenSSH version 8.5,Windows,1.55
3306,RDP,RDP version 2.8,Windows,7.48
3306,MariaDB,MariaDB version 5.2,Linux,5.72
80,Apache,Apache version 9.8,Windows,3.01
3306,MariaDB,MariaDB version 6.7,Unix,5.13
80,Apache,Apache version 5.3,Unix,3.22
3306,Redis,Redis version 3.2,Unix,4.65
3306,PostgreSQL,PostgreSQL version 6.8,Unix,2.6
3306,PostgreSQL,PostgreSQL version 3.8,Windows,1.81
80,Apache,Apache version 8.2,Windows,3.93
80,nginx,nginx version 1.6,Unix,4.31
3306,PostgreSQL,PostgreSQL version 7.9,Windows,3.9
3306,MariaDB,MariaDB version 9.9,Unix,2.72
3306,MongoDB,MongoDB version 1.2,Windows,3.9
21,vsftpd,vsftpd version 5.5,Windows,4.9
80,Apache,Apache version 9.9,Windows,4.43
3306,PostgreSQL,PostgreSQL version 9.3,Windows,4.77
80,Apache,Apache version 2.5,Linux,3.49
3306,Redis,Redis version 1.7,Linux,6.26
3306,Redis,Redis version 2.0,Unix,2.74
3306,MariaDB,MariaDB version 6.0,Unix,5.23
3306,SMB,SMB version 6.3,Linux,8.27
80,LiteSpeed,LiteSpeed version 4.8,Linux,5.22
21,ProFTPD,ProFTPD version 9.6,Linux,6.2
80,nginx,nginx version 1.6,Windows,3.71
3306,SMB,SMB version 7.0,Unix,8.05
80,nginx,nginx version 3.3,Linux,2.37
3306,SMB,SMB version 1.0,Unix,5.04
3306,MongoDB,MongoDB version 1.5,Unix,3.9
21,vsftpd,vsftpd version 6.1,Unix,6.36
3306,MariaDB,MariaDB version 8.0,Windows,5.07
3306,PostgreSQL,PostgreSQL version 2.2,Unix,3.05
21,vsftpd,vsftpd version 7.8,Unix,4.03
3306,MySQL,MySQL version 2.0,Linux,3.58
3306,MySQL,MySQL version 3.5,Unix,3.44
3306,SMB,SMB version 9.0,Linux,7.97
80,Apache,Apache version 8.7,Windows,2.44
21,ProFTPD,ProFTPD version 2.2,Windows,8.91
3306,SMB,SMB version 1.4,Unix,7.74
3306,Redis,Redis version 4.0,Linux,6.14
3306,MongoDB,MongoDB version 9.1,Linux,3.81
21,ProFTPD,ProFTPD version 5.6,Linux,6.28
80,Apache,Apache version 5.9,Unix,2.35
80,Apache,Apache version 6.5,Unix,3.71
3306,RDP,RDP version 1.5,Linux,7.24
3306,PostgreSQL,PostgreSQL version 2.5,Windows,6.44
3306,Redis,Redis version 7.8,Unix,2.84
3306,MongoDB,MongoDB version 6.9,Unix,3.95
21,ProFTPD,ProFTPD version 6.1,Windows,6.27
3306,MySQL,MySQL version 4.2,Linux,2.41
21,ProFTPD,ProFTPD version 7.8,Windows,7.39
3306,MySQL,MySQL version 1.1,Windows,3.41
3306,MySQL,MySQL version 2.9,Unix,4.21
21,vsftpd,vsftpd version 4.1,Linux,3.82
21,ProFTPD,ProFTPD version 6.7,Unix,5.32
3306,MongoDB,MongoDB version 1.8,Windows,4.49
21,vsftpd,vsftpd version 7.0,Unix,4.18
3306,SMB,SMB version 8.4,Unix,5.94
3306,RDP,RDP version 9.2,Unix,5.41
3306,RDP,RDP version 5.0,Windows,6.98
3306,MongoDB,MongoDB version 3.9,Linux,6.98
3306,MongoDB,MongoDB version 5.0,Unix,4.71
3306,MongoDB,MongoDB version 9.6,Unix,5.99
22,OpenSSH,OpenSSH version 7.5,Linux,2.41
22,OpenSSH,OpenSSH version 6.6,Windows,4.74
21,vsftpd,vsftpd version 8.7,Linux,2.85
80,LiteSpeed,LiteSpeed version 6.0,Unix,2.28
80,nginx,nginx version 2.2,Windows,3.39
3306,Redis,Redis version 8.5,Unix,6.29
3306,RDP,RDP version 7.3,Windows,7.93
80,Apache,Apache version 4.2,Windows,4.86
3306,RDP,RDP version 7.8,Linux,4.2
3306,MySQL,MySQL version 8.6,Linux,4.21
3306,RDP,RDP version 4.6,Windows,6.95
3306,SMB,SMB version 1.5,Unix,6.76
80,LiteSpeed,LiteSpeed version 6.6,Windows,1.73
3306,SMB,SMB version 5.3,Windows,5.16
21,ProFTPD,ProFTPD version 7.7,Unix,6.4
21,ProFTPD,ProFTPD version 6.9,Windows,7.3
3306,Redis,Redis version 5.1,Linux,1.21
3306,Redis,Redis version 6.9,Linux,4.26
21,vsftpd,vsftpd version 9.0,Linux,4.71
3306,MySQL,MySQL version 5.1,Unix,5.77
22,OpenSSH,OpenSSH version 9.5,Unix,5.54
80,Apache,Apache version 9.2,Linux,5.37
80,LiteSpeed,LiteSpeed version 4.1,Unix,3.3
3306,MySQL,MySQL version 2.6,Unix,1.64
80,LiteSpeed,LiteSpeed version 5.9,Unix,3.91
80,nginx,nginx version 4.8,Unix,6.0
3306,RDP,RDP version 6.0,Windows,8.59
80,Apache,Apache version 2.3,Unix,5.57
3306,SMB,SMB version 6.8,Windows,7.14
80,nginx,nginx version 2.2,Windows,5.07
3306,MySQL,MySQL version 9.3,Unix,3.67
80,LiteSpeed,LiteSpeed version 8.2,Linux,4.3
21,ProFTPD,ProFTPD version 5.8,Unix,9.0
3306,RDP,RDP version 8.6,Windows,5.09
21,ProFTPD,ProFTPD version 6.4,Linux,8.92
3306,MongoDB,MongoDB version 9.2,Linux,4.02
21,ProFTPD,ProFTPD version 3.6,Linux,8.49
21,ProFTPD,ProFTPD version 6.2,Unix,4.39
3306,MySQL,MySQL version 6.9,Unix,5.38
3306,SMB,SMB version 5.4,Windows,5.39
3306,MariaDB,MariaDB version 4.5,Linux,2.38
3306,MongoDB,MongoDB version 7.0,Linux,4.83
80,Apache,Apache version 9.4,Windows,6.01
80,LiteSpeed,LiteSpeed version 4.8,Linux,3.23
3306,MySQL,MySQL version 4.9,Windows,2.25
21,vsftpd,vsftpd version 7.2,Windows,4.36
80,LiteSpeed,LiteSpeed version 1.0,Unix,4.37
21,vsftpd,vsftpd version 3.9,Unix,5.32
3306,MariaDB,MariaDB version 7.7,Linux,5.92
21,vsftpd,vsftpd version 3.1,Unix,4.41
3306,MySQL,MySQL version 6.0,Windows,7.28
80,Apache,Apache version 6.4,Windows,4.84
21,ProFTPD,ProFTPD version 8.9,Windows,5.98
21,ProFTPD,ProFTPD version 8.2,Linux,4.08
3306,SMB,SMB version 5.0,Unix,6.11
21,ProFTPD,ProFTPD version 6.5,Unix,6.0
3306,MongoDB,MongoDB version 4.1,Unix,5.94
3306,SMB,SMB version 1.5,Windows,7.19
3306,MongoDB,MongoDB version 7.4,Windows,2.73
80,Apache,Apache version 7.3,Linux,4.76
80,Apache,Apache version 8.5,Unix,5.51
80,nginx,nginx version 9.0,Unix,6.79
3306,Redis,Redis version 5.8,Linux,5.83
3306,RDP,RDP version 4.2,Linux,7.64
3306,PostgreSQL,PostgreSQL version 3.0,Unix,4.59
80,LiteSpeed,LiteSpeed version 7.1,Windows,5.08
3306,PostgreSQL,PostgreSQL version 4.0,Unix,6.37
80,Apache,Apache version 3.4,Unix,2.5
3306,MySQL,MySQL version 2.6,Windows,3.98
3306,MongoDB,MongoDB version 9.7,Windows,3.34
3306,MongoDB,MongoDB version 1.4,Unix,5.07
3306,MongoDB,MongoDB version 4.3,Linux,6.35
3306,Redis,Redis version 5.4,Windows,3.6
22,OpenSSH,OpenSSH version 1.1,Unix,0.91
80,nginx,nginx version 9.6,Unix,3.88
3306,MongoDB,MongoDB version 3.2,Windows,5.87
21,vsftpd,vsftpd version 9.2,Linux,5.31
3306,MongoDB,MongoDB version 8.8,Linux,5.14
3306,PostgreSQL,PostgreSQL version 2.1,Linux,4.08
21,ProFTPD,ProFTPD version 6.5,Windows,4.58
21,ProFTPD,ProFTPD version 7.4,Linux,7.27
3306,Redis,Redis version 9.9,Linux,3.25
3306,MySQL,MySQL version 9.7,Unix,7.78
21,vsftpd,vsftpd version 2.5,Unix,5.36
21,ProFTPD,ProFTPD version 4.3,Windows,5.63
3306,PostgreSQL,PostgreSQL version 6.3,Unix,3.58
80,Apache,Apache version 9.5,Linux,4.36
80,nginx,nginx version 9.9,Unix,4.14
3306,MongoDB,MongoDB version 8.8,Windows,6.18
3306,Redis,Redis version 5.3,Unix,4.78
80,nginx,nginx version 8.8,Linux,3.4
21,ProFTPD,ProFTPD version 6.1,Windows,9.34
3306,MySQL,MySQL version 9.0,Unix,4.57
80,LiteSpeed,LiteSpeed version 5.3,Unix,5.65
21,vsftpd,vsftpd version 2.3,Unix,3.59
22,OpenSSH,OpenSSH version 7.9,Windows,5.04
21,vsftpd,vsftpd version 4.6,Unix,4.97
22,OpenSSH,OpenSSH version 3.5,Windows,1.67
3306,MariaDB,MariaDB version 7.2,Windows,7.52
3306,MongoDB,MongoDB version 4.5,Windows,6.44
3306,Redis,Redis version 7.1,Unix,3.9
80,nginx,nginx version 9.1,Linux,2.85
3306,MySQL,MySQL version 2.2,Unix,5.02
80,Apache,Apache version 2.8,Windows,4.63
3306,MySQL,MySQL version 5.1,Windows,5.03
21,ProFTPD,ProFTPD version 2.0,Windows,6.79
80,nginx,nginx version 7.9,Unix,5.26
21,ProFTPD,ProFTPD version 6.1,Linux,8.67
3306,MongoDB,MongoDB version 1.0,Windows,5.35
3306,MongoDB,MongoDB version 9.5,Unix,2.93
3306,MariaDB,MariaDB version 3.2,Linux,6.54
22,OpenSSH,OpenSSH version 6.4,Linux,6.96
3306,Redis,Redis version 2.5,Linux,9.23
3306,Redis,Redis version 9.0,Linux,2.81
3306,MySQL,MySQL version 1.4,Windows,4.86
3306,RDP,RDP version 5.4,Windows,3.38
22,OpenSSH,OpenSSH version 8.7,Unix,5.33
3306,Redis,Redis version 2.1,Unix,3.68
3306,MySQL,MySQL version 6.9,Linux,7.39
3306,MongoDB,MongoDB version 2.3,Unix,3.34
22,OpenSSH,OpenSSH version 5.1,Unix,1.97
80,LiteSpeed,LiteSpeed version 3.9,Windows,3.79
80,LiteSpeed,LiteSpeed version 3.0,Linux,1.54
22,OpenSSH,OpenSSH version 1.2,Windows,5.63
80,LiteSpeed,LiteSpeed version 5.1,Unix,1.4
3306,RDP,RDP version 1.8,Windows,6.54
3306,SMB,SMB version 3.0,Unix,3.38
3306,RDP,RDP version 3.0,Unix,6.02
3306,RDP,RDP version 8.1,Unix,8.97
80,LiteSpeed,LiteSpeed version 3.8,Linux,5.04
3306,SMB,SMB version 6.5,Unix,5.2
21,ProFTPD,ProFTPD version 8.0,Windows,6.45
3306,SMB,SMB version 7.8,Unix,6.53
3306,SMB,SMB version 1.5,Windows,7.21
3306,SMB,SMB version 7.7,Linux,4.45
3306,Redis,Redis version 7.3,Unix,5.39
3306,SMB,SMB version 1.3,Windows,2.44
3306,Redis,Redis version 8.9,Windows,3.56
80,nginx,nginx version 1.1,Unix,3.77
3306,MongoDB,MongoDB version 8.4,Unix,5.45
80,nginx,nginx version 1.6,Windows,4.53
80,LiteSpeed,LiteSpeed version 5.4,Windows,2.39
80,Apache,Apache version 3.7,Windows,3.02
3306,MongoDB,MongoDB version 6.7,Linux,4.8
3306,Redis,Redis version 2.7,Linux,4.38
3306,RDP,RDP version 5.6,Windows,5.63
3306,MongoDB,MongoDB version 5.4,Linux,3.78
80,LiteSpeed,LiteSpeed version 8.4,Windows,5.54
22,OpenSSH,OpenSSH version 3.5,Windows,3.72
3306,MongoDB,MongoDB version 2.4,Unix,4.37
80,Apache,Apache version 9.6,Unix,7.75
22,OpenSSH,OpenSSH version 5.3,Linux,2.36
80,LiteSpeed,LiteSpeed version 8.8,Linux,1.72
3306,RDP,RDP version 7.0,Windows,7.68
80,Apache,Apache version 9.6,Windows,3.48
3306,PostgreSQL,PostgreSQL version 2.2,Linux,4.02
22,OpenSSH,OpenSSH version 3.2,Windows,3.33
80,LiteSpeed,LiteSpeed version 9.1,Linux,4.11
80,nginx,nginx version 8.1,Windows,6.9
3306,MySQL,MySQL version 7.7,Unix,5.7
3306,RDP,RDP version 7.6,Linux,7.79
80,Apache,Apache version 8.7,Unix,2.38
21,vsftpd,vsftpd version 6.2,Unix,2.77
80,nginx,nginx version 6.4,Windows,0.24
3306,MySQL,MySQL version 5.9,Linux,3.29
3306,MariaDB,MariaDB version 5.5,Linux,5.94
3306,MariaDB,MariaDB version 9.4,Linux,5.28
21,ProFTPD,ProFTPD version 1.1,Unix,6.17
3306,MySQL,MySQL version 5.1,Unix,4.47
3306,PostgreSQL,PostgreSQL version 8.5,Linux,3.47
80,LiteSpeed,LiteSpeed version 8.7,Linux,4.81
80,nginx,nginx version 5.7,Linux,5.65
3306,PostgreSQL,PostgreSQL version 1.4,Unix,2.08
3306,SMB,SMB version 7.5,Unix,6.95
3306,Redis,Redis version 7.1,Linux,5.9
3306,RDP,RDP version 8.3,Unix,5.88
21,ProFTPD,ProFTPD version 3.9,Unix,7.55
80,LiteSpeed,LiteSpeed version 3.3,Windows,8.72
3306,RDP,RDP version 1.9,Windows,6.34
80,Apache,Apache version 5.5,Unix,5.09
3306,Redis,Redis version 9.4,Windows,3.39
21,ProFTPD,ProFTPD version 1.9,Linux,6.77
22,OpenSSH,OpenSSH version 7.9,Linux,5.19
80,LiteSpeed,LiteSpeed version 9.8,Windows,4.79
3306,MongoDB,MongoDB version 3.4,Unix,2.97
3306,PostgreSQL,PostgreSQL version 8.3,Windows,4.81
21,vsftpd,vsftpd version 5.0,Linux,6.69
3306,Redis,Redis version 9.6,Windows,5.17
3306,SMB,SMB version 7.4,Unix,7.94
3306,SMB,SMB version 3.6,Windows,6.14
21,vsftpd,vsftpd version 7.7,Windows,5.62
3306,RDP,RDP version 7.3,Unix,6.92
3306,RDP,RDP version 5.3,Unix,5.07
80,Apache,Apache version 7.5,Windows,4.98
80,nginx,nginx version 6.6,Linux,3.01
80,nginx,nginx version 5.0,Linux,3.55
21,ProFTPD,ProFTPD version 7.4,Linux,6.78
80,nginx,nginx version 3.7,Unix,4.95
3306,MongoDB,MongoDB version 2.7,Linux,2.72
3306,SMB,SMB version 6.8,Unix,8.08
3306,MySQL,MySQL version 6.5,Linux,5.36
3306,MySQL,MySQL version 4.9,Linux,3.44
3306,MySQL,MySQL version 8.1,Unix,2.19
3306,MongoDB,MongoDB version 5.7,Linux,4.28
3306,Redis,Redis version 1.8,Unix,3.83
3306,PostgreSQL,PostgreSQL version 4.1,Linux,4.67
3306,MongoDB,MongoDB version 2.8,Windows,3.96
80,LiteSpeed,LiteSpeed version 5.3,Unix,1.49
80,LiteSpeed,LiteSpeed version 2.9,Unix,3.92
3306,MariaDB,MariaDB version 2.5,Linux,4.04
22,OpenSSH,OpenSSH version 4.5,Windows,5.45
80,nginx,nginx version 6.2,Windows,3.45
22,OpenSSH,OpenSSH version 1.2,Unix,7.02
3306,MongoDB,MongoDB version 7.7,Linux,1.63
80,Apache,Apache version 1.1,Windows,6.47
80,Apache,Apache version 8.9,Windows,4.16
3306,MongoDB,MongoDB version 4.8,Unix,5.79
22,OpenSSH,OpenSSH version 6.3,Linux,4.62
80,nginx,nginx version 9.0,Unix,6.21
3306,RDP,RDP version 3.4,Windows,5.92
21,vsftpd,vsftpd version 6.0,Windows,2.85
3306,MySQL,MySQL version 5.4,Linux,6.63
3306,MongoDB,MongoDB version 1.5,Windows,4.33
80,nginx,nginx version 4.3,Linux,4.83
22,OpenSSH,OpenSSH version 6.0,Unix,6.35
3306,MySQL,MySQL version 6.0,Windows,2.95
80,Apache,Apache version 8.1,Windows,5.39
22,OpenSSH,OpenSSH version 4.0,Linux,3.62
3306,RDP,RDP version 9.0,Unix,6.3
21,ProFTPD,ProFTPD version 6.9,Linux,6.61
22,OpenSSH,OpenSSH version 5.3,Windows,2.25
3306,PostgreSQL,PostgreSQL version 4.3,Windows,3.33
21,ProFTPD,ProFTPD version 2.1,Linux,8.53
3306,PostgreSQL,PostgreSQL version 4.5,Unix,5.83
3306,Redis,Redis version 1.2,Unix,4.41
21,ProFTPD,ProFTPD version 9.1,Linux,6.86
3306,MongoDB,MongoDB version 3.9,Linux,4.06
21,ProFTPD,ProFTPD version 7.9,Windows,8.53
3306,RDP,RDP version 2.8,Windows,6.2
3306,RDP,RDP version 3.9,Linux,6.85
21,ProFTPD,ProFTPD version 3.2,Unix,8.22
21,ProFTPD,ProFTPD version 4.7,Windows,5.33
3306,SMB,SMB version 5.0,Windows,8.84
3306,PostgreSQL,PostgreSQL version 3.4,Linux,2.2
3306,MongoDB,MongoDB version 3.6,Linux,6.94
3306,Redis,Redis version 6.1,Unix,3.94
22,OpenSSH,OpenSSH version 6.3,Linux,4.14
3306,MariaDB,MariaDB version 9.3,Linux,1.66
21,ProFTPD,ProFTPD version 8.1,Windows,5.82
3306,SMB,SMB version 9.1,Unix,4.94
80,Apache,Apache version 6.6,Linux,3.59
3306,MongoDB,MongoDB version 3.3,Linux,4.29
3306,Redis,Redis version 7.5,Windows,5.94
3306,MySQL,MySQL version 1.6,Windows,4.81
22,OpenSSH,OpenSSH version 1.7,Windows,4.96
3306,PostgreSQL,PostgreSQL version 7.3,Windows,2.86
3306,PostgreSQL,PostgreSQL version 8.0,Linux,3.18
3306,MySQL,MySQL version 2.6,Unix,7.2
3306,Redis,Redis version 8.2,Unix,3.4
80,Apache,Apache version 6.2,Unix,6.98
80,Apache,Apache version 1.5,Windows,4.14
3306,MariaDB,MariaDB version 5.3,Linux,4.5
80,LiteSpeed,LiteSpeed version 6.4,Linux,6.11
3306,RDP,RDP version 2.9,Unix,8.41
3306,MariaDB,MariaDB version 7.0,Unix,4.33
3306,PostgreSQL,PostgreSQL version 7.0,Unix,3.92
3306,SMB,SMB version 3.5,Windows,6.42
3306,MariaDB,MariaDB version 4.4,Linux,5.01
21,ProFTPD,ProFTPD version 3.8,Windows,7.84
80,LiteSpeed,LiteSpeed version 6.6,Unix,4.51
3306,MySQL,MySQL version 9.1,Windows,5.43
80,Apache,Apache version 4.1,Unix,6.96
80,nginx,nginx version 6.2,Linux,5.07
3306,MySQL,MySQL version 5.3,Windows,4.97
21,ProFTPD,ProFTPD version 2.4,Unix,4.22
80,nginx,nginx version 4.6,Linux,0.55
3306,Redis,Redis version 8.1,Windows,5.08
80,Apache,Apache version 7.4,Windows,4.36
3306,RDP,RDP version 4.4,Linux,5.73
3306,Redis,Redis version 8.9,Windows,4.87
21,ProFTPD,ProFTPD version 1.6,Windows,6.41
22,OpenSSH,OpenSSH version 8.9,Unix,6.19
21,vsftpd,vsftpd version 5.3,Windows,4.63
3306,SMB,SMB version 1.8,Windows,5.38
80,Apache,Apache version 4.1,Unix,5.99
3306,SMB,SMB version 7.0,Unix,6.17
22,OpenSSH,OpenSSH version 7.0,Windows,5.29
80,LiteSpeed,LiteSpeed version 5.8,Windows,3.78
21,ProFTPD,ProFTPD version 9.3,Linux,5.53
21,ProFTPD,ProFTPD version 2.7,Unix,6.63
3306,MongoDB,MongoDB version 2.7,Unix,4.52
80,LiteSpeed,LiteSpeed version 6.4,Linux,5.22
3306,MySQL,MySQL version 4.6,Unix,4.1
21,vsftpd,vsftpd version 9.8,Unix,1.75
22,OpenSSH,OpenSSH version 1.6,Unix,3.85
3306,RDP,RDP version 1.4,Unix,7.69
3306,Redis,Redis version 5.0,Unix,4.05
3306,MariaDB,MariaDB version 2.6,Windows,4.13
3306,SMB,SMB version 1.4,Linux,7.98
3306,SMB,SMB version 7.2,Linux,5.43
3306,Redis,Redis version 6.0,Linux,2.19
3306,MariaDB,MariaDB version 5.1,Linux,4.26
80,LiteSpeed,LiteSpeed version 5.3,Unix,3.77
80,Apache,Apache version 6.9,Windows,3.05
3306,MariaDB,MariaDB version 5.7,Windows,4.24
3306,RDP,RDP version 5.9,Windows,7.24
80,nginx,nginx version 7.2,Windows,4.49
21,ProFTPD,ProFTPD version 8.3,Linux,6.96
3306,Redis,Redis version 1.7,Unix,7.22
3306,RDP,RDP version 8.2,Linux,5.99
3306,Redis,Redis version 9.9,Unix,4.92
3306,MongoDB,MongoDB version 5.1,Unix,3.74
21,ProFTPD,ProFTPD version 8.2,Windows,5.23
3306,Redis,Redis version 8.2,Windows,3.62
3306,MongoDB,MongoDB version 9.7,Linux,3.78
80,Apache,Apache version 1.0,Linux,5.04
22,OpenSSH,OpenSSH version 3.6,Linux,8.02
80,nginx,nginx version 7.6,Linux,3.43
80,Apache,Apache version 7.4,Linux,3.88
3306,Redis,Redis version 3.3,Unix,4.41
3306,MySQL,MySQL version 5.8,Linux,5.09
3306,MySQL,MySQL version 2.6,Windows,4.9
80,nginx,nginx version 6.6,Linux,6.43
80,Apache,Apache version 9.9,Linux,0.86
3306,PostgreSQL,PostgreSQL version 8.4,Linux,0.92
3306,MySQL,MySQL version 6.7,Unix,3.76
3306,MongoDB,MongoDB version 4.0,Linux,6.15
3306,RDP,RDP version 7.9,Linux,4.15
3306,Redis,Redis version 4.8,Windows,0.0
22,OpenSSH,OpenSSH version 4.5,Windows,5.36
3306,MariaDB,MariaDB version 5.5,Unix,4.87
3306,SMB,SMB version 5.4,Linux,4.86
3306,Redis,Redis version 3.0,Linux,3.02
80,Apache,Apache version 2.3,Unix,3.05
80,nginx,nginx version 4.0,Unix,4.67
80,nginx,nginx version 8.5,Linux,3.56
3306,MySQL,MySQL version 8.5,Windows,5.24
3306,PostgreSQL,PostgreSQL version 2.3,Windows,0.22
3306,MySQL,MySQL version 5.6,Unix,3.21
80,Apache,Apache version 8.9,Unix,2.81
3306,Redis,Redis version 1.8,Unix,4.12
3306,SMB,SMB version 5.1,Unix,5.69
3306,PostgreSQL,PostgreSQL version 5.5,Unix,5.7
3306,SMB,SMB version 8.0,Linux,3.71
80,Apache,Apache version 1.4,Windows,4.57
3306,MongoDB,MongoDB version 3.7,Windows,5.34
3306,MySQL,MySQL version 6.1,Unix,7.28
21,ProFTPD,ProFTPD version 3.4,Windows,5.78
22,OpenSSH,OpenSSH version 8.8,Unix,4.99
3306,SMB,SMB version 7.5,Unix,3.79
3306,PostgreSQL,PostgreSQL version 3.3,Linux,0.91
3306,Redis,Redis version 1.1,Linux,5.77
80,Apache,Apache version 1.0,Windows,4.49
22,OpenSSH,OpenSSH version 5.8,Unix,6.27
3306,MySQL,MySQL version 2.5,Unix,2.44
3306,SMB,SMB version 1.8,Windows,7.28
3306,RDP,RDP version 6.4,Unix,9.3
21,ProFTPD,ProFTPD version 6.4,Windows,7.13
3306,RDP,RDP version 3.7,Windows,6.91
3306,RDP,RDP version 4.2,Unix,6.51
3306,MariaDB,MariaDB version 4.3,Unix,2.14
80,nginx,nginx version 4.2,Linux,6.53
80,LiteSpeed,LiteSpeed version 3.8,Windows,3.58
3306,MariaDB,MariaDB version 6.4,Linux,5.26
21,vsftpd,vsftpd version 2.9,Windows,2.16
3306,RDP,RDP version 8.5,Unix,4.73
21,ProFTPD,ProFTPD version 9.9,Windows,8.65
21,ProFTPD,ProFTPD version 1.9,Unix,5.98
3306,MariaDB,MariaDB version 1.6,Linux,6.68
21,vsftpd,vsftpd version 5.0,Linux,4.38
3306,MariaDB,MariaDB version 7.4,Windows,1.74
22,OpenSSH,OpenSSH version 1.5,Windows,5.84
3306,MariaDB,MariaDB version 8.6,Windows,3.62
3306,RDP,RDP version 2.5,Unix,7.55
3306,RDP,RDP version 3.3,Linux,6.54
3306,MariaDB,MariaDB version 5.2,Linux,2.19
3306,RDP,RDP version 8.2,Unix,6.75
3306,MariaDB,MariaDB version 2.8,Unix,7.79
3306,Redis,Redis version 4.3,Unix,5.24
3306,MongoDB,MongoDB version 9.6,Unix,4.41
3306,MySQL,MySQL version 3.5,Windows,6.11
3306,PostgreSQL,PostgreSQL version 2.4,Linux,4.82
80,Apache,Apache version 9.6,Windows,4.81
3306,SMB,SMB version 2.0,Linux,4.86
3306,SMB,SMB version 7.7,Linux,6.85
22,OpenSSH,OpenSSH version 7.9,Windows,6.05
80,nginx,nginx version 6.6,Linux,3.25
3306,SMB,SMB version 7.7,Linux,8.64
3306,RDP,RDP version 3.8,Windows,6.36
3306,MongoDB,MongoDB version 4.1,Windows,3.17
3306,MariaDB,MariaDB version 7.4,Linux,6.0
3306,MariaDB,MariaDB version 9.9,Unix,4.07
22,OpenSSH,OpenSSH version 3.7,Linux,5.64
3306,MongoDB,MongoDB version 5.9,Windows,4.06
3306,Redis,Redis version 6.0,Unix,4.41
80,nginx,nginx version 6.3,Linux,5.24
22,OpenSSH,OpenSSH version 1.5,Unix,4.94
3306,MongoDB,MongoDB version 6.8,Linux,1.51
22,OpenSSH,OpenSSH version 8.1,Windows,2.82
80,nginx,nginx version 1.7,Windows,5.89
22,OpenSSH,OpenSSH version 3.4,Windows,4.3
21,vsftpd,vsftpd version 8.0,Unix,3.71
3306,SMB,SMB version 6.9,Unix,4.46
80,nginx,nginx version 2.4,Linux,2.88
80,LiteSpeed,LiteSpeed version 8.0,Unix,1.47
3306,PostgreSQL,PostgreSQL version 4.0,Unix,4.35
3306,SMB,SMB version 2.1,Unix,5.6
22,OpenSSH,OpenSSH version 3.7,Linux,3.05
80,LiteSpeed,LiteSpeed version 1.3,Linux,4.4
22,OpenSSH,OpenSSH version 2.3,Windows,5.05
80,nginx,nginx version 2.2,Unix,7.64
22,OpenSSH,OpenSSH version 8.4,Windows,2.23
3306,MariaDB,MariaDB version 3.5,Windows,6.24
22,OpenSSH,OpenSSH version 5.2,Windows,5.96
3306,PostgreSQL,PostgreSQL version 3.5,Linux,3.33
80,nginx,nginx version 6.2,Unix,4.8
80,nginx,nginx version 9.7,Unix,3.81
21,vsftpd,vsftpd version 2.8,Unix,4.78
3306,SMB,SMB version 9.0,Linux,8.76
80,nginx,nginx version 6.2,Unix,5.41
3306,MySQL,MySQL version 1.7,Unix,5.26
3306,SMB,SMB version 9.5,Unix,5.85
80,LiteSpeed,LiteSpeed version 3.3,Windows,2.27
21,vsftpd,vsftpd version 8.5,Linux,4.19
3306,MySQL,MySQL version 9.9,Unix,6.31
3306,Redis,Redis version 8.1,Unix,2.21
21,ProFTPD,ProFTPD version 2.2,Unix,4.92
3306,RDP,RDP version 8.7,Unix,6.69
3306,MongoDB,MongoDB version 5.3,Windows,3.02
3306,PostgreSQL,PostgreSQL version 9.4,Linux,3.31
80,Apache,Apache version 2.1,Unix,3.86
3306,MariaDB,MariaDB version 5.7,Windows,2.45
80,LiteSpeed,LiteSpeed version 4.6,Unix,3.04
80,LiteSpeed,LiteSpeed version 9.4,Windows,5.56
3306,MySQL,MySQL version 7.4,Unix,2.54
3306,Redis,Redis version 7.0,Unix,2.1
3306,PostgreSQL,PostgreSQL version 6.7,Windows,3.55
3306,MariaDB,MariaDB version 7.8,Windows,5.6
80,nginx,nginx version 6.3,Windows,4.2
80,Apache,Apache version 2.1,Windows,3.8
3306,MongoDB,MongoDB version 2.7,Unix,4.57
3306,MongoDB,MongoDB version 5.2,Unix,1.88
3306,MongoDB,MongoDB version 8.4,Unix,5.24
3306,Redis,Redis version 1.6,Linux,5.08
3306,SMB,SMB version 2.2,Unix,5.89
80,nginx,nginx version 4.4,Unix,6.01
3306,MySQL,MySQL version 6.8,Windows,2.81
3306,MySQL,MySQL version 4.1,Linux,6.19
3306,RDP,RDP version 4.0,Windows,6.73
3306,MongoDB,MongoDB version 3.9,Linux,4.0
3306,MongoDB,MongoDB version 9.4,Unix,4.47
22,OpenSSH,OpenSSH version 4.5,Unix,4.34
80,Apache,Apache version 7.4,Windows,6.33
3306,MongoDB,MongoDB version 7.5,Linux,2.88
22,OpenSSH,OpenSSH version 7.3,Unix,3.36
21,vsftpd,vsftpd version 6.1,Linux,6.05
3306,RDP,RDP version 6.6,Linux,5.61
80,nginx,nginx version 7.9,Linux,5.85
3306,MariaDB,MariaDB version 2.5,Unix,7.05
3306,SMB,SMB version 3.6,Linux,5.9
80,Apache,Apache version 3.5,Unix,5.52
3306,MongoDB,MongoDB version 5.5,Windows,2.77
3306,PostgreSQL,PostgreSQL version 2.8,Windows,5.63
3306,MySQL,MySQL version 8.4,Unix,4.8
3306,Redis,Redis version 6.0,Linux,5.21
21,ProFTPD,ProFTPD version 2.7,Unix,5.53
80,nginx,nginx version 4.8,Windows,2.01
80,nginx,nginx version 7.6,Linux,5.25
80,Apache,Apache version 7.9,Unix,1.4
3306,RDP,RDP version 2.7,Unix,6.02
21,ProFTPD,ProFTPD version 3.2,Linux,7.91
3306,Redis,Redis version 5.5,Linux,4.79
80,nginx,nginx version 7.4,Windows,7.42
22,OpenSSH,OpenSSH version 4.7,Linux,6.04
3306,MongoDB,MongoDB version 8.2,Linux,3.52
80,Apache,Apache version 3.8,Windows,4.54
3306,RDP,RDP version 2.4,Unix,6.43
22,OpenSSH,OpenSSH version 3.5,Unix,2.13
21,ProFTPD,ProFTPD version 9.0,Unix,5.09
80,nginx,nginx version 1.7,Linux,3.66
21,ProFTPD,ProFTPD version 7.0,Linux,3.45
3306,MySQL,MySQL version 1.9,Linux,4.57
3306,SMB,SMB version 6.1,Linux,6.13
21,ProFTPD,ProFTPD version 2.1,Windows,3.99
80,LiteSpeed,LiteSpeed version 9.8,Linux,5.11
21,ProFTPD,ProFTPD version 3.7,Unix,7.57
21,ProFTPD,ProFTPD version 5.1,Unix,6.84
80,LiteSpeed,LiteSpeed version 6.7,Windows,4.01
80,LiteSpeed,LiteSpeed version 7.0,Unix,5.39
3306,PostgreSQL,PostgreSQL version 6.6,Unix,5.52
80,nginx,nginx version 4.8,Windows,4.96
80,nginx,nginx version 8.0,Unix,3.26
3306,SMB,SMB version 8.5,Linux,6.91
3306,MariaDB,MariaDB version 9.4,Windows,6.29
3306,MySQL,MySQL version 3.8,Linux,3.61
80,Apache,Apache version 9.1,Windows,7.65
22,OpenSSH,OpenSSH version 9.4,Linux,3.71
80,Apache,Apache version 8.8,Unix,4.55
80,nginx,nginx version 1.3,Windows,3.49
3306,MongoDB,MongoDB version 5.6,Windows,4.83
21,vsftpd,vsftpd version 2.8,Windows,1.89
22,OpenSSH,OpenSSH version 1.6,Linux,3.68
3306,RDP,RDP version 6.6,Linux,4.86
80,nginx,nginx version 1.9,Windows,4.7
3306,MariaDB,MariaDB version 4.1,Linux,5.99
3306,MongoDB,MongoDB version 2.6,Unix,5.47
3306,Redis,Redis version 2.3,Linux,0.94
3306,MariaDB,MariaDB version 4.6,Unix,7.56
80,LiteSpeed,LiteSpeed version 6.5,Windows,4.94
3306,MongoDB,MongoDB version 2.1,Windows,3.34
3306,PostgreSQL,PostgreSQL version 2.0,Windows,4.74
3306,Redis,Redis version 4.7,Unix,4.76
3306,Redis,Redis version 8.2,Windows,3.5
80,LiteSpeed,LiteSpeed version 7.3,Unix,4.8
3306,RDP,RDP version 8.1,Windows,5.59
3306,SMB,SMB version 4.0,Unix,5.89
22,OpenSSH,OpenSSH version 7.3,Linux,3.47
3306,RDP,RDP version 3.7,Unix,4.35
21,ProFTPD,ProFTPD version 5.2,Unix,6.72
22,OpenSSH,OpenSSH version 8.1,Unix,5.38
3306,MongoDB,MongoDB version 4.9,Unix,5.27
21,ProFTPD,ProFTPD version 2.8,Unix,7.73
21,ProFTPD,ProFTPD version 4.3,Unix,6.99
3306,MongoDB,MongoDB version 7.4,Linux,3.7
3306,MariaDB,MariaDB version 4.2,Unix,5.76
3306,MariaDB,MariaDB version 7.7,Unix,2.46
3306,SMB,SMB version 9.7,Unix,5.15
21,ProFTPD,ProFTPD version 7.2,Linux,5.05
80,nginx,nginx version 2.6,Windows,6.12
3306,RDP,RDP version 3.3,Windows,7.91
3306,MySQL,MySQL version 3.7,Windows,5.23
21,vsftpd,vsftpd version 6.6,Windows,6.11
21,ProFTPD,ProFTPD version 6.0,Windows,5.18
3306,MySQL,MySQL version 8.6,Linux,5.02
21,ProFTPD,ProFTPD version 1.9,Windows,6.31
3306,MySQL,MySQL version 1.8,Linux,5.77
80,LiteSpeed,LiteSpeed version 4.9,Unix,4.33
3306,MySQL,MySQL version 9.7,Linux,3.92
3306,MariaDB,MariaDB version 1.4,Linux,5.31
80,Apache,Apache version 3.8,Linux,5.81
3306,RDP,RDP version 3.0,Windows,5.5
80,LiteSpeed,LiteSpeed version 3.0,Unix,4.41
3306,RDP,RDP version 8.7,Unix,4.91
3306,MariaDB,MariaDB version 8.9,Unix,0.75
3306,MongoDB,MongoDB version 1.3,Windows,4.8
3306,SMB,SMB version 3.4,Windows,7.41
3306,MongoDB,MongoDB version 5.1,Windows,4.89
3306,SMB,SMB version 9.9,Windows,3.58
3306,MongoDB,MongoDB version 3.7,Windows,3.97
3306,MariaDB,MariaDB version 1.9,Windows,1.17
80,LiteSpeed,LiteSpeed version 3.0,Windows,6.55
3306,MySQL,MySQL version 4.5,Linux,2.87
21,ProFTPD,ProFTPD version 7.0,Unix,8.38
3306,RDP,RDP version 9.9,Unix,7.92
21,vsftpd,vsftpd version 9.4,Linux,3.15
21,ProFTPD,ProFTPD version 3.8,Linux,4.8
3306,MongoDB,MongoDB version 4.9,Unix,5.03
3306,Redis,Redis version 8.8,Unix,3.23
3306,MongoDB,MongoDB version 7.6,Unix,4.65
80,LiteSpeed,LiteSpeed version 7.4,Windows,3.78
22,OpenSSH,OpenSSH version 9.1,Linux,1.83
21,ProFTPD,ProFTPD version 3.6,Unix,3.15
21,vsftpd,vsftpd version 6.8,Linux,4.84
80,LiteSpeed,LiteSpeed version 7.9,Unix,3.66
3306,MariaDB,MariaDB version 3.4,Linux,3.67
3306,PostgreSQL,PostgreSQL version 5.8,Unix,5.54
80,nginx,nginx version 4.3,Windows,6.26
80,LiteSpeed,LiteSpeed version 4.4,Unix,4.09
22,OpenSSH,OpenSSH version 8.2,Linux,3.99
80,Apache,Apache version 2.0,Linux,5.25
21,vsftpd,vsftpd version 6.8,Linux,2.46
21,vsftpd,vsftpd version 2.3,Unix,4.83
22,OpenSSH,OpenSSH version 8.5,Unix,5.33
21,ProFTPD,ProFTPD version 9.4,Windows,7.52
3306,RDP,RDP version 5.9,Linux,3.59
80,nginx,nginx version 2.5,Unix,3.36
80,LiteSpeed,LiteSpeed version 4.8,Unix,3.18
22,OpenSSH,OpenSSH version 7.1,Unix,4.65
3306,MongoDB,MongoDB version 1.1,Unix,5.22
21,ProFTPD,ProFTPD version 3.2,Unix,8.75
21,vsftpd,vsftpd version 7.2,Windows,3.76
80,nginx,nginx version 8.5,Unix,3.75
3306,MariaDB,MariaDB version 7.9,Unix,6.22
3306,RDP,RDP version 9.8,Unix,6.94
3306,Redis,Redis version 4.2,Linux,6.4
21,vsftpd,vsftpd version 3.6,Unix,4.93
3306,MariaDB,MariaDB version 2.1,Linux,2.76
80,LiteSpeed,LiteSpeed version 8.8,Unix,2.5
21,ProFTPD,ProFTPD version 1.1,Windows,4.17
80,Apache,Apache version 3.7,Unix,5.49
80,Apache,Apache version 8.8,Linux,6.28
21,vsftpd,vsftpd version 2.9,Windows,7.27
3306,Redis,Redis version 1.9,Windows,5.76
80,LiteSpeed,LiteSpeed version 2.2,Unix,6.24
3306,RDP,RDP version 1.1,Linux,5.63
21,vsftpd,vsftpd version 9.1,Linux,2.77
21,ProFTPD,ProFTPD version 7.5,Linux,7.78
3306,MySQL,MySQL version 4.4,Linux,5.13
21,ProFTPD,ProFTPD version 9.8,Linux,6.66
3306,MySQL,MySQL version 8.2,Windows,5.08
3306,RDP,RDP version 4.0,Unix,6.98
80,Apache,Apache version 3.0,Windows,6.43
3306,MongoDB,MongoDB version 1.9,Unix,6.44
80,LiteSpeed,LiteSpeed version 9.8,Unix,5.32
80,nginx,nginx version 5.9,Unix,5.77
80,nginx,nginx version 5.3,Linux,5.27
3306,Redis,Redis version 8.0,Unix,3.81
3306,Redis,Redis version 8.6,Unix,5.63
22,OpenSSH,OpenSSH version 6.0,Windows,2.41
3306,RDP,RDP version 8.1,Windows,8.08
80,nginx,nginx version 4.6,Unix,2.71
3306,MySQL,MySQL version 4.5,Linux,4.93
3306,RDP,RDP version 8.3,Windows,5.23
80,LiteSpeed,LiteSpeed version 6.5,Linux,5.33
3306,MongoDB,MongoDB version 5.4,Unix,4.45
3306,PostgreSQL,PostgreSQL version 6.8,Linux,2.11
21,vsftpd,vsftpd version 3.1,Unix,5.13
3306,PostgreSQL,PostgreSQL version 2.3,Linux,3.63
21,vsftpd,vsftpd version 7.5,Linux,5.82
3306,MongoDB,MongoDB version 7.9,Windows,4.5
3306,PostgreSQL,PostgreSQL version 4.2,Unix,5.09
3306,MySQL,MySQL version 2.6,Windows,3.06
3306,Redis,Redis version 3.7,Windows,3.62
3306,RDP,RDP version 5.7,Linux,5.81
21,vsftpd,vsftpd version 8.3,Windows,5.79
3306,MySQL,MySQL version 3.4,Unix,7.02
3306,SMB,SMB version 5.2,Linux,5.29
3306,RDP,RDP version 9.7,Unix,8.12
21,ProFTPD,ProFTPD version 6.1,Unix,3.25
3306,SMB,SMB version 5.0,Windows,4.71
3306,PostgreSQL,PostgreSQL version 4.1,Linux,3.06
21,ProFTPD,ProFTPD version 5.3,Windows,4.47
80,LiteSpeed,LiteSpeed version 7.4,Windows,2.12
80,nginx,nginx version 4.8,Unix,5.12
3306,MySQL,MySQL version 9.0,Linux,4.18
3306,MariaDB,MariaDB version 2.8,Windows,5.07
3306,Redis,Redis version 6.7,Windows,5.54
3306,RDP,RDP version 6.5,Windows,6.9
80,Apache,Apache version 1.4,Linux,5.49
80,Apache,Apache version 3.8,Linux,4.4
21,ProFTPD,ProFTPD version 1.9,Linux,4.72
3306,MariaDB,MariaDB version 7.8,Linux,6.09
3306,MongoDB,MongoDB version 5.2,Unix,3.62
80,LiteSpeed,LiteSpeed version 1.8,Unix,3.1
22,OpenSSH,OpenSSH version 8.8,Unix,4.23
80,LiteSpeed,LiteSpeed version 1.6,Unix,3.13
3306,RDP,RDP version 4.2,Windows,5.87
21,ProFTPD,ProFTPD version 8.6,Linux,7.02
22,OpenSSH,OpenSSH version 2.5,Linux,5.02
3306,MySQL,MySQL version 7.0,Unix,3.15
80,nginx,nginx version 6.0,Unix,3.77
3306,RDP,RDP version 4.4,Linux,8.11
3306,RDP,RDP version 2.9,Unix,7.24
21,ProFTPD,ProFTPD version 7.0,Linux,9.61
3306,MongoDB,MongoDB version 4.7,Windows,6.27
3306,RDP,RDP version 7.2,Linux,8.22
3306,MySQL,MySQL version 1.7,Unix,2.42
3306,PostgreSQL,PostgreSQL version 4.3,Windows,5.65
21,vsftpd,vsftpd version 2.8,Windows,4.42
3306,Redis,Redis version 6.3,Linux,3.67
21,ProFTPD,ProFTPD version 1.2,Windows,6.75
3306,MySQL,MySQL version 7.9,Windows,5.92
3306,SMB,SMB version 1.2,Unix,7.25
3306,MariaDB,MariaDB version 4.5,Unix,3.18
3306,Redis,Redis version 6.6,Linux,5.61
3306,SMB,SMB version 2.7,Windows,5.54
3306,MySQL,MySQL version 1.9,Linux,4.83
21,ProFTPD,ProFTPD version 6.3,Linux,6.04
3306,RDP,RDP version 6.3,Windows,6.17
80,nginx,nginx version 6.8,Linux,5.65
21,ProFTPD,ProFTPD version 6.1,Windows,4.94
21,vsftpd,vsftpd version 9.7,Unix,7.42
3306,RDP,RDP version 6.5,Windows,3.77
21,vsftpd,vsftpd version 5.8,Unix,3.6
80,LiteSpeed,LiteSpeed version 1.4,Linux,5.06
22,OpenSSH,OpenSSH version 7.0,Windows,5.38
21,vsftpd,vsftpd version 2.1,Windows,4.35
3306,MySQL,MySQL version 5.6,Unix,4.41
3306,MongoDB,MongoDB version 1.4,Windows,5.12
21,ProFTPD,ProFTPD version 8.4,Windows,6.15
3306,PostgreSQL,PostgreSQL version 9.2,Windows,6.59
80,nginx,nginx version 6.3,Windows,5.76
21,vsftpd,vsftpd version 6.7,Linux,5.81
21,ProFTPD,ProFTPD version 9.3,Linux,5.05
3306,SMB,SMB version 2.0,Windows,6.38
21,ProFTPD,ProFTPD version 1.5,Unix,6.05
3306,MySQL,MySQL version 6.9,Linux,2.99
3306,Redis,Redis version 4.7,Windows,5.04
3306,Redis,Redis version 4.5,Linux,3.69
80,Apache,Apache version 2.5,Windows,5.48
3306,RDP,RDP version 6.5,Unix,4.89
3306,PostgreSQL,PostgreSQL version 3.2,Linux,7.08
22,OpenSSH,OpenSSH version 7.4,Windows,3.16
3306,MariaDB,MariaDB version 2.8,Linux,4.83
3306,MariaDB,MariaDB version 4.1,Linux,5.69
21,ProFTPD,ProFTPD version 8.7,Unix,5.64
3306,MySQL,MySQL version 7.0,Linux,5.78
3306,SMB,SMB version 2.5,Linux,4.66
3306,RDP,RDP version 2.7,Windows,8.68
3306,MariaDB,MariaDB version 3.8,Linux,4.52
3306,PostgreSQL,PostgreSQL version 7.6,Linux,3.61
3306,RDP,RDP version 4.6,Unix,6.05
21,vsftpd,vsftpd version 1.3,Windows,5.71
3306,SMB,SMB version 4.0,Linux,5.62
3306,MariaDB,MariaDB version 4.7,Unix,3.38
80,Apache,Apache version 1.2,Linux,4.17
21,ProFTPD,ProFTPD version 8.5,Windows,4.73
3306,PostgreSQL,PostgreSQL version 3.1,Unix,7.23
21,vsftpd,vsftpd version 4.6,Windows,3.65
3306,Redis,Redis version 2.9,Windows,5.75
3306,MySQL,MySQL version 5.2,Linux,4.81
3306,PostgreSQL,PostgreSQL version 4.5,Linux,3.02
3306,PostgreSQL,PostgreSQL version 8.4,Unix,4.49
3306,PostgreSQL,PostgreSQL version 7.3,Unix,5.68
21,vsftpd,vsftpd version 2.7,Windows,4.22
3306,SMB,SMB version 6.8,Windows,8.29
3306,SMB,SMB version 5.0,Unix,8.03
22,OpenSSH,OpenSSH version 7.9,Unix,5.88
80,Apache,Apache version 7.1,Windows,3.81
21,vsftpd,vsftpd version 4.5,Windows,2.88
80,LiteSpeed,LiteSpeed version 8.7,Unix,3.58
21,vsftpd,vsftpd version 3.7,Linux,4.79
21,vsftpd,vsftpd version 9.1,Unix,5.32
22,OpenSSH,OpenSSH version 6.9,Windows,1.24
3306,MongoDB,MongoDB version 1.9,Linux,4.49
3306,PostgreSQL,PostgreSQL version 2.9,Linux,4.74
3306,RDP,RDP version 7.8,Windows,6.08
3306,MariaDB,MariaDB version 8.5,Unix,6.44
80,nginx,nginx version 9.2,Linux,5.13
3306,MariaDB,MariaDB version 7.4,Windows,6.47
3306,MongoDB,MongoDB version 6.2,Linux,4.18
80,Apache,Apache version 7.7,Unix,5.91
3306,PostgreSQL,PostgreSQL version 9.7,Windows,6.95
80,nginx,nginx version 9.8,Windows,6.47
21,vsftpd,vsftpd version 2.4,Linux,2.86
21,ProFTPD,ProFTPD version 8.8,Linux,6.12
3306,MySQL,MySQL version 9.9,Linux,3.98
3306,SMB,SMB version 9.0,Windows,7.23
3306,MongoDB,MongoDB version 4.4,Windows,5.53
22,OpenSSH,OpenSSH version 7.3,Windows,3.24
3306,MySQL,MySQL version 1.0,Unix,4.6
80,Apache,Apache version 8.3,Unix,1.47
3306,RDP,RDP version 5.1,Windows,8.66
22,OpenSSH,OpenSSH version 2.1,Windows,3.73
22,OpenSSH,OpenSSH version 3.2,Windows,4.58
3306,Redis,Redis version 9.1,Linux,4.04
80,LiteSpeed,LiteSpeed version 3.1,Windows,6.22
3306,Redis,Redis version 2.9,Windows,0.24
3306,RDP,RDP version 4.5,Windows,6.48
3306,SMB,SMB version 3.0,Linux,6.34
3306,MariaDB,MariaDB version 8.5,Windows,3.82
3306,Redis,Redis version 8.1,Windows,7.09
3306,MariaDB,MariaDB version 5.9,Unix,3.17
3306,Redis,Redis version 3.2,Windows,5.66
3306,RDP,RDP version 1.4,Unix,7.03
3306,Redis,Redis version 1.6,Windows,6.39
80,Apache,Apache version 1.1,Windows,3.5
21,vsftpd,vsftpd version 4.3,Linux,3.4
80,nginx,nginx version 7.2,Windows,6.14
3306,MongoDB,MongoDB version 4.6,Windows,5.14
3306,MongoDB,MongoDB version 5.7,Unix,2.18
3306,Redis,Redis version 1.0,Windows,3.69
3306,MongoDB,MongoDB version 5.3,Unix,5.08
80,LiteSpeed,LiteSpeed version 8.7,Unix,5.76
3306,MongoDB,MongoDB version 6.0,Linux,3.48
21,ProFTPD,ProFTPD version 3.9,Linux,2.13
22,OpenSSH,OpenSSH version 2.4,Windows,5.28
22,OpenSSH,OpenSSH version 8.4,Windows,2.67
3306,SMB,SMB version 7.0,Linux,3.47
3306,RDP,RDP version 7.8,Unix,2.25
3306,Redis,Redis version 6.5,Unix,5.72
21,ProFTPD,ProFTPD version 8.3,Unix,6.69
3306,Redis,Redis version 2.3,Unix,4.16
3306,MongoDB,MongoDB version 3.0,Windows,6.58
80,Apache,Apache version 5.3,Windows,5.46
3306,MySQL,MySQL version 9.1,Unix,6.92
22,OpenSSH,OpenSSH version 1.8,Linux,2.41
3306,PostgreSQL,PostgreSQL version 4.2,Linux,4.45
3306,MongoDB,MongoDB version 9.7,Linux,2.07
3306,MariaDB,MariaDB version 6.6,Linux,4.16
3306,RDP,RDP version 8.8,Unix,6.13
3306,MySQL,MySQL version 3.9,Windows,5.44
80,Apache,Apache version 6.0,Windows,4.57
3306,PostgreSQL,PostgreSQL version 9.4,Linux,5.44
22,OpenSSH,OpenSSH version 3.7,Windows,5.56
3306,MongoDB,MongoDB version 4.9,Unix,7.73
3306,PostgreSQL,PostgreSQL version 7.5,Windows,4.03
3306,Redis,Redis version 2.6,Linux,3.09
3306,MongoDB,MongoDB version 7.4,Linux,4.87
80,nginx,nginx version 8.3,Unix,3.3
21,vsftpd,vsftpd version 5.1,Windows,6.72
3306,Redis,Redis version 2.9,Unix,4.08
3306,PostgreSQL,PostgreSQL version 2.5,Unix,3.65
3306,SMB,SMB version 6.1,Unix,5.79
3306,MySQL,MySQL version 2.0,Linux,5.58
80,Apache,Apache version 1.7,Windows,4.26
3306,SMB,SMB version 7.9,Unix,5.54
3306,PostgreSQL,PostgreSQL version 2.1,Linux,7.0
3306,MySQL,MySQL version 5.8,Linux,3.22
3306,RDP,RDP version 8.5,Linux,6.55
21,vsftpd,vsftpd version 3.9,Windows,5.48
3306,MariaDB,MariaDB version 7.3,Linux,2.05
21,vsftpd,vsftpd version 7.0,Unix,5.22
3306,MySQL,MySQL version 3.1,Windows,2.92
80,Apache,Apache version 8.0,Windows,5.73
22,OpenSSH,OpenSSH version 7.8,Linux,3.06
3306,PostgreSQL,PostgreSQL version 9.0,Linux,5.54
21,vsftpd,vsftpd version 4.7,Linux,6.16
3306,PostgreSQL,PostgreSQL version 1.0,Linux,5.79
3306,PostgreSQL,PostgreSQL version 8.6,Unix,4.88
21,vsftpd,vsftpd version 7.8,Windows,4.15
3306,RDP,RDP version 3.3,Linux,5.64
22,OpenSSH,OpenSSH version 7.1,Windows,6.71
3306,PostgreSQL,PostgreSQL version 8.2,Linux,3.45
3306,RDP,RDP version 5.1,Unix,4.94
80,nginx,nginx version 1.4,Windows,5.5
21,ProFTPD,ProFTPD version 2.8,Windows,5.31
3306,SMB,SMB version 6.0,Unix,5.07
21,vsftpd,vsftpd version 2.7,Linux,2.33
80,nginx,nginx version 7.7,Linux,3.78
3306,RDP,RDP version 3.2,Linux,6.38
3306,MariaDB,MariaDB version 8.7,Windows,4.86
3306,PostgreSQL,PostgreSQL version 9.6,Linux,5.93
21,ProFTPD,ProFTPD version 9.6,Linux,7.29
3306,MySQL,MySQL version 9.3,Windows,4.21
3306,MongoDB,MongoDB version 2.1,Windows,4.2
3306,MySQL,MySQL version 5.2,Linux,5.27
80,Apache,Apache version 9.1,Windows,6.41
80,Apache,Apache version 3.8,Unix,4.69
3306,MongoDB,MongoDB version 8.2,Linux,3.8
3306,PostgreSQL,PostgreSQL version 1.8,Linux,3.01
80,nginx,nginx version 1.3,Windows,2.33
22,OpenSSH,OpenSSH version 6.5,Unix,5.5
3306,MySQL,MySQL version 2.9,Linux,5.37
3306,RDP,RDP version 3.6,Windows,7.37
80,LiteSpeed,LiteSpeed version 6.2,Unix,4.31
80,nginx,nginx version 2.5,Unix,6.61
3306,PostgreSQL,PostgreSQL version 6.7,Windows,3.77
3306,PostgreSQL,PostgreSQL version 2.2,Windows,5.93
80,Apache,Apache version 1.1,Unix,4.44
80,Apache,Apache version 4.3,Linux,3.59
3306,Redis,Redis version 8.9,Linux,5.39
22,OpenSSH,OpenSSH version 8.0,Linux,5.11
80,nginx,nginx version 8.5,Linux,5.04
3306,MySQL,MySQL version 4.7,Linux,4.62
80,nginx,nginx version 6.6,Windows,4.44
3306,PostgreSQL,PostgreSQL version 7.7,Linux,8.08
80,nginx,nginx version 6.7,Unix,6.28
21,vsftpd,vsftpd version 3.4,Unix,5.58
80,nginx,nginx version 2.9,Linux,4.67
22,OpenSSH,OpenSSH version 2.2,Unix,6.01
21,vsftpd,vsftpd version 5.5,Unix,5.28
80,LiteSpeed,LiteSpeed version 2.3,Linux,4.54
80,LiteSpeed,LiteSpeed version 2.2,Unix,4.04
3306,Redis,Redis version 3.0,Windows,4.38
80,LiteSpeed,LiteSpeed version 2.2,Linux,0.0
80,LiteSpeed,LiteSpeed version 7.3,Unix,4.82
3306,Redis,Redis version 1.1,Unix,3.77
21,vsftpd,vsftpd version 9.1,Unix,6.89
3306,SMB,SMB version 6.4,Linux,6.53
3306,SMB,SMB version 6.6,Linux,4.72
3306,PostgreSQL,PostgreSQL version 7.9,Unix,4.43
3306,Redis,Redis version 1.9,Windows,2.93
21,ProFTPD,ProFTPD version 4.0,Linux,7.21
3306,RDP,RDP version 6.8,Linux,6.94
3306,SMB,SMB version 2.4,Windows,7.94
80,nginx,nginx version 8.0,Linux,3.31
3306,MariaDB,MariaDB version 8.9,Windows,4.55
80,nginx,nginx version 9.8,Unix,2.45
3306,SMB,SMB version 9.3,Unix,7.55
3306,Redis,Redis version 2.4,Linux,5.28
3306,MariaDB,MariaDB version 3.6,Windows,5.24
80,LiteSpeed,LiteSpeed version 4.8,Linux,4.5
22,OpenSSH,OpenSSH version 6.1,Linux,5.12
22,OpenSSH,OpenSSH version 7.6,Windows,6.91
3306,MySQL,MySQL version 2.4,Windows,4.07
80,Apache,Apache version 8.6,Linux,4.71
3306,Redis,Redis version 4.3,Unix,2.87
3306,MongoDB,MongoDB version 1.6,Unix,3.2
3306,MariaDB,MariaDB version 5.0,Unix,4.65
3306,MariaDB,MariaDB version 6.4,Windows,6.16
80,Apache,Apache version 2.5,Windows,4.12
3306,SMB,SMB version 1.0,Windows,6.15
80,nginx,nginx version 1.7,Windows,3.89
3306,MongoDB,MongoDB version 8.0,Linux,3.7
3306,MySQL,MySQL version 8.5,Unix,4.94
80,Apache,Apache version 1.3,Windows,2.25
3306,PostgreSQL,PostgreSQL version 4.5,Windows,6.42
80,LiteSpeed,LiteSpeed version 9.9,Unix,3.5
3306,PostgreSQL,PostgreSQL version 7.5,Unix,5.58
3306,MariaDB,MariaDB version 6.1,Linux,2.6
3306,RDP,RDP version 7.5,Unix,7.5
3306,RDP,RDP version 9.3,Unix,7.51
80,nginx,nginx version 7.6,Linux,5.08
80,Apache,Apache version 8.9,Windows,3.01
22,OpenSSH,OpenSSH version 1.0,Unix,4.87
3306,Redis,Redis version 6.5,Unix,2.73
80,Apache,Apache version 7.3,Linux,4.12
3306,MariaDB,MariaDB version 5.6,Unix,6.04
80,LiteSpeed,LiteSpeed version 2.7,Linux,5.7
22,OpenSSH,OpenSSH version 7.8,Linux,4.52
3306,MongoDB,MongoDB version 4.4,Linux,3.04
3306,MongoDB,MongoDB version 9.1,Unix,5.47
3306,MySQL,MySQL version 2.3,Windows,4.53
3306,PostgreSQL,PostgreSQL version 9.0,Unix,1.02
21,ProFTPD,ProFTPD version 7.0,Unix,7.67
3306,SMB,SMB version 5.5,Windows,6.46
80,nginx,nginx version 7.7,Windows,6.3
3306,MySQL,MySQL version 4.1,Windows,2.86
80,nginx,nginx version 5.2,Linux,0.0
21,ProFTPD,ProFTPD version 2.5,Unix,6.92
21,ProFTPD,ProFTPD version 4.9,Windows,6.94
3306,SMB,SMB version 9.4,Linux,3.96
3306,MariaDB,MariaDB version 2.0,Linux,3.03
21,vsftpd,vsftpd version 1.6,Linux,8.63
80,Apache,Apache version 7.8,Windows,4.04
21,vsftpd,vsftpd version 5.0,Linux,5.6
22,OpenSSH,OpenSSH version 2.1,Linux,3.52
3306,PostgreSQL,PostgreSQL version 8.5,Windows,1.36
3306,MongoDB,MongoDB version 5.2,Windows,4.24
3306,Redis,Redis version 5.3,Linux,4.1
3306,MariaDB,MariaDB version 9.4,Windows,3.9
21,ProFTPD,ProFTPD version 6.0,Windows,6.33
3306,SMB,SMB version 3.2,Unix,6.9
80,Apache,Apache version 8.9,Unix,4.27
80,nginx,nginx version 6.7,Unix,2.6
3306,RDP,RDP version 4.3,Windows,7.23
21,vsftpd,vsftpd version 7.2,Unix,1.58
21,vsftpd,vsftpd version 5.7,Linux,1.42
3306,PostgreSQL,PostgreSQL version 4.7,Linux,5.61
21,vsftpd,vsftpd version 4.8,Unix,5.26
80,Apache,Apache version 7.4,Windows,4.41
21,vsftpd,vsftpd version 9.9,Linux,2.41
3306,MongoDB,MongoDB version 7.6,Linux,3.44
80,nginx,nginx version 7.8,Unix,4.11
3306,PostgreSQL,PostgreSQL version 4.9,Linux,2.11
3306,MongoDB,MongoDB version 2.7,Unix,3.39
80,nginx,nginx version 4.1,Linux,5.48
3306,PostgreSQL,PostgreSQL version 8.2,Windows,6.64
3306,MariaDB,MariaDB version 7.7,Unix,3.87
3306,MariaDB,MariaDB version 3.6,Windows,5.63
21,ProFTPD,ProFTPD version 5.5,Unix,3.63
3306,RDP,RDP version 6.7,Linux,7.49
3306,MariaDB,MariaDB version 3.7,Unix,3.29
21,ProFTPD,ProFTPD version 5.4,Unix,6.96
80,LiteSpeed,LiteSpeed version 4.2,Windows,4.13
3306,MariaDB,MariaDB version 8.0,Linux,6.48
3306,RDP,RDP version 5.0,Linux,5.19
3306,MariaDB,MariaDB version 1.4,Windows,5.44
22,OpenSSH,OpenSSH version 5.8,Unix,4.08
80,Apache,Apache version 5.0,Windows,4.26
3306,MariaDB,MariaDB version 8.1,Linux,4.22
3306,RDP,RDP version 2.7,Unix,5.23
80,nginx,nginx version 2.9,Unix,4.48
80,nginx,nginx version 1.8,Linux,4.41
3306,RDP,RDP version 3.4,Windows,6.86
3306,Redis,Redis version 4.5,Linux,4.63
3306,MariaDB,MariaDB version 8.6,Windows,5.7
3306,SMB,SMB version 3.2,Unix,7.89
21,vsftpd,vsftpd version 5.1,Unix,2.92
80,Apache,Apache version 4.0,Windows,5.8
3306,MongoDB,MongoDB version 1.6,Linux,2.72
80,Apache,Apache version 9.4,Windows,5.38
3306,PostgreSQL,PostgreSQL version 6.9,Unix,5.43
3306,SMB,SMB version 7.9,Windows,3.63
3306,MongoDB,MongoDB version 1.4,Windows,4.64
3306,RDP,RDP version 3.4,Linux,5.8
3306,Redis,Redis version 1.6,Unix,3.36
3306,RDP,RDP version 1.4,Windows,8.53
3306,MySQL,MySQL version 1.0,Linux,3.52
80,Apache,Apache version 8.5,Unix,3.29
3306,MySQL,MySQL version 8.6,Linux,4.61
3306,SMB,SMB version 3.7,Linux,7.53
22,OpenSSH,OpenSSH version 3.4,Windows,4.29
3306,SMB,SMB version 4.4,Linux,8.25
21,vsftpd,vsftpd version 4.7,Unix,5.3
3306,RDP,RDP version 4.7,Linux,3.23
3306,Redis,Redis version 3.6,Linux,3.71
80,nginx,nginx version 4.5,Linux,3.66
80,Apache,Apache version 2.3,Unix,5.22
3306,MariaDB,MariaDB version 4.2,Linux,0.56
3306,SMB,SMB version 2.1,Unix,10.0
80,LiteSpeed,LiteSpeed version 3.7,Linux,5.3
3306,Redis,Redis version 4.4,Unix,4.72
21,ProFTPD,ProFTPD version 1.8,Linux,8.27
21,ProFTPD,ProFTPD version 8.3,Unix,10.0
80,Apache,Apache version 5.8,Windows,5.81
21,ProFTPD,ProFTPD version 5.4,Linux,7.92
3306,RDP,RDP version 4.8,Windows,6.7
80,LiteSpeed,LiteSpeed version 3.2,Linux,4.29
3306,MariaDB,MariaDB version 9.3,Linux,3.79
3306,SMB,SMB version 7.0,Windows,5.26
22,OpenSSH,OpenSSH version 9.0,Linux,3.47
3306,PostgreSQL,PostgreSQL version 3.3,Linux,2.47
3306,RDP,RDP version 2.0,Windows,6.39
22,OpenSSH,OpenSSH version 7.3,Linux,1.97
3306,RDP,RDP version 6.0,Windows,6.79
21,ProFTPD,ProFTPD version 2.6,Unix,6.45
21,vsftpd,vsftpd version 1.7,Linux,4.72
3306,Redis,Redis version 3.6,Linux,3.72
3306,RDP,RDP version 5.6,Unix,10.0
3306,MariaDB,MariaDB version 8.4,Linux,6.54
80,nginx,nginx version 9.9,Linux,2.63
3306,Redis,Redis version 2.2,Windows,4.85
22,OpenSSH,OpenSSH version 1.6,Linux,3.59
21,vsftpd,vsftpd version 7.8,Unix,2.98
22,OpenSSH,OpenSSH version 6.1,Linux,2.49
3306,Redis,Redis version 5.0,Linux,5.15
80,nginx,nginx version 8.1,Unix,3.48
21,ProFTPD,ProFTPD version 4.7,Windows,7.95
80,Apache,Apache version 4.5,Windows,5.99
3306,PostgreSQL,PostgreSQL version 2.8,Unix,6.56
3306,MySQL,MySQL version 6.9,Linux,3.22
3306,MySQL,MySQL version 1.8,Linux,5.21
21,ProFTPD,ProFTPD version 6.8,Windows,7.45
80,Apache,Apache version 8.5,Windows,3.79
3306,MariaDB,MariaDB version 4.1,Linux,3.34
80,nginx,nginx version 8.2,Windows,6.91
3306,Redis,Redis version 7.6,Unix,4.84
3306,MongoDB,MongoDB version 4.5,Linux,5.45
80,Apache,Apache version 2.9,Linux,3.27
80,nginx,nginx version 6.9,Unix,2.67
3306,SMB,SMB version 8.0,Windows,5.65
22,OpenSSH,OpenSSH version 1.9,Unix,4.31
80,nginx,nginx version 6.9,Linux,2.9
3306,MongoDB,MongoDB version 6.4,Windows,4.49
3306,MariaDB,MariaDB version 5.6,Unix,1.97
3306,MariaDB,MariaDB version 9.8,Windows,2.82
22,OpenSSH,OpenSSH version 7.9,Linux,5.51
21,ProFTPD,ProFTPD version 3.4,Unix,7.41
3306,PostgreSQL,PostgreSQL version 1.8,Windows,3.91
22,OpenSSH,OpenSSH version 8.0,Unix,2.97
80,nginx,nginx version 9.3,Windows,2.96
3306,SMB,SMB version 7.0,Unix,5.94
80,Apache,Apache version 3.0,Unix,5.47
3306,Redis,Redis version 7.0,Windows,5.89
80,LiteSpeed,LiteSpeed version 9.4,Unix,3.76
3306,RDP,RDP version 6.5,Unix,4.77
22,OpenSSH,OpenSSH version 2.6,Unix,4.9
3306,SMB,SMB version 8.7,Linux,5.26
22,OpenSSH,OpenSSH version 3.9,Linux,3.72
3306,MySQL,MySQL version 9.7,Linux,6.49
3306,MariaDB,MariaDB version 3.9,Windows,5.74
80,LiteSpeed,LiteSpeed version 4.5,Unix,4.74
80,Apache,Apache version 4.5,Windows,2.59
3306,Redis,Redis version 2.4,Unix,4.82
21,ProFTPD,ProFTPD version 9.3,Unix,8.09
3306,MongoDB,MongoDB version 5.9,Unix,3.94
80,nginx,nginx version 6.9,Linux,6.53
21,ProFTPD,ProFTPD version 4.9,Linux,8.44
80,nginx,nginx version 7.4,Unix,7.0
21,vsftpd,vsftpd version 8.3,Unix,4.96
3306,MariaDB,MariaDB version 2.0,Linux,5.38
80,nginx,nginx version 9.6,Linux,6.62
22,OpenSSH,OpenSSH version 6.7,Unix,5.17
80,LiteSpeed,LiteSpeed version 8.0,Windows,3.75
22,OpenSSH,OpenSSH version 3.8,Unix,3.83
3306,RDP,RDP version 6.7,Unix,6.86
21,ProFTPD,ProFTPD version 2.1,Unix,4.56
80,Apache,Apache version 9.9,Unix,4.29
3306,MySQL,MySQL version 9.2,Linux,6.14
3306,SMB,SMB version 2.3,Windows,3.21
80,LiteSpeed,LiteSpeed version 2.3,Unix,6.8
21,vsftpd,vsftpd version 3.4,Unix,6.18
22,OpenSSH,OpenSSH version 6.4,Linux,3.81
80,nginx,nginx version 5.4,Linux,5.32
22,OpenSSH,OpenSSH version 9.4,Unix,4.5
3306,MySQL,MySQL version 3.7,Windows,6.34
80,nginx,nginx version 5.4,Linux,5.97
22,OpenSSH,OpenSSH version 3.2,Linux,2.4
3306,PostgreSQL,PostgreSQL version 5.8,Unix,5.38
21,vsftpd,vsftpd version 9.7,Windows,4.19
21,vsftpd,vsftpd version 5.6,Unix,4.62
80,Apache,Apache version 9.8,Linux,3.41
3306,MongoDB,MongoDB version 1.5,Unix,7.12
3306,Redis,Redis version 4.2,Windows,6.06
80,Apache,Apache version 4.5,Linux,3.39
80,Apache,Apache version 1.1,Unix,2.5
3306,MySQL,MySQL version 6.8,Linux,3.92
80,Apache,Apache version 6.6,Linux,5.15
80,Apache,Apache version 5.6,Windows,4.86
80,nginx,nginx version 7.5,Linux,6.38
21,ProFTPD,ProFTPD version 3.9,Windows,7.68
3306,MariaDB,MariaDB version 5.3,Unix,5.95
3306,RDP,RDP version 9.9,Linux,6.99
3306,Redis,Redis version 5.4,Unix,2.42
3306,RDP,RDP version 5.0,Linux,6.21
3306,SMB,SMB version 9.7,Linux,8.09
3306,RDP,RDP version 5.4,Unix,6.42
3306,RDP,RDP version 1.7,Linux,7.25
3306,SMB,SMB version 7.2,Unix,6.02
3306,MongoDB,MongoDB version 1.3,Windows,2.96
80,LiteSpeed,LiteSpeed version 6.1,Unix,4.31
3306,RDP,RDP version 6.2,Linux,6.96
3306,MongoDB,MongoDB version 8.0,Windows,3.52
80,nginx,nginx version 7.5,Linux,4.15
3306,SMB,SMB version 4.6,Linux,5.09
3306,SMB,SMB version 5.6,Unix,8.18
3306,RDP,RDP version 2.4,Windows,6.06
80,LiteSpeed,LiteSpeed version 6.2,Windows,6.68
3306,MySQL,MySQL version 5.5,Unix,6.79
3306,SMB,SMB version 2.1,Windows,6.38
80,nginx,nginx version 3.7,Windows,2.99
3306,MongoDB,MongoDB version 9.4,Windows,1.37
3306,SMB,SMB version 5.3,Windows,4.29
3306,MySQL,MySQL version 6.2,Windows,2.44
22,OpenSSH,OpenSSH version 1.1,Unix,6.57
3306,SMB,SMB version 4.5,Unix,6.67
3306,MongoDB,MongoDB version 2.8,Linux,5.08
22,OpenSSH,OpenSSH version 7.2,Windows,1.17
80,Apache,Apache version 8.3,Linux,2.7
3306,Redis,Redis version 1.2,Windows,5.83
21,vsftpd,vsftpd version 9.1,Windows,4.93
80,nginx,nginx version 2.7,Linux,4.28
3306,RDP,RDP version 6.8,Unix,7.35
3306,MySQL,MySQL version 6.9,Unix,6.95
80,nginx,nginx version 5.6,Unix,4.17
3306,RDP,RDP version 7.6,Linux,6.6
3306,SMB,SMB version 7.8,Linux,6.79
21,vsftpd,vsftpd version 8.9,Windows,8.09
3306,SMB,SMB version 4.2,Unix,3.35
3306,MongoDB,MongoDB version 2.4,Linux,5.52
22,OpenSSH,OpenSSH version 2.4,Unix,4.33
3306,MySQL,MySQL version 3.8,Windows,5.35
80,nginx,nginx version 7.7,Linux,3.51
21,ProFTPD,ProFTPD version 7.0,Linux,6.43
3306,MySQL,MySQL version 1.8,Windows,5.57
21,vsftpd,vsftpd version 1.0,Unix,9.17
80,nginx,nginx version 5.9,Linux,5.71
3306,MySQL,MySQL version 6.9,Windows,3.23
80,Apache,Apache version 2.1,Unix,3.86
22,OpenSSH,OpenSSH version 3.9,Windows,3.82
3306,MariaDB,MariaDB version 2.6,Windows,1.81
80,LiteSpeed,LiteSpeed version 9.8,Linux,4.0
21,ProFTPD,ProFTPD version 6.1,Unix,7.6
22,OpenSSH,OpenSSH version 1.3,Linux,2.59
3306,MongoDB,MongoDB version 1.5,Linux,6.07
21,ProFTPD,ProFTPD version 3.4,Windows,7.23
21,vsftpd,vsftpd version 8.9,Unix,3.4
3306,SMB,SMB version 5.9,Linux,6.29
21,vsftpd,vsftpd version 5.2,Linux,6.9
80,LiteSpeed,LiteSpeed version 4.9,Windows,5.6
3306,SMB,SMB version 1.0,Unix,6.51
3306,PostgreSQL,PostgreSQL version 9.1,Linux,4.14
3306,RDP,RDP version 3.8,Unix,6.61
21,vsftpd,vsftpd version 3.8,Linux,3.73
80,LiteSpeed,LiteSpeed version 3.2,Windows,1.34
3306,Redis,Redis version 2.7,Unix,7.56
21,vsftpd,vsftpd version 3.8,Linux,4.73
3306,SMB,SMB version 7.0,Linux,7.1
3306,MariaDB,MariaDB version 6.9,Unix,4.41
3306,PostgreSQL,PostgreSQL version 6.1,Windows,3.4
3306,Redis,Redis version 1.3,Linux,4.22
22,OpenSSH,OpenSSH version 4.5,Windows,2.1
3306,PostgreSQL,PostgreSQL version 3.6,Unix,7.92
21,vsftpd,vsftpd version 8.5,Unix,2.65
22,OpenSSH,OpenSSH version 5.2,Unix,2.95
3306,PostgreSQL,PostgreSQL version 6.5,Linux,3.84
3306,PostgreSQL,PostgreSQL version 3.6,Windows,6.43
3306,MariaDB,MariaDB version 3.0,Windows,4.52
21,vsftpd,vsftpd version 3.3,Windows,2.65
3306,PostgreSQL,PostgreSQL version 1.7,Windows,6.38
3306,SMB,SMB version 5.4,Windows,7.6
3306,SMB,SMB version 5.4,Unix,7.31
21,ProFTPD,ProFTPD version 7.8,Windows,7.57
3306,RDP,RDP version 3.1,Unix,10.0
3306,MongoDB,MongoDB version 9.0,Linux,7.78
3306,MySQL,MySQL version 5.6,Windows,3.47
3306,PostgreSQL,PostgreSQL version 3.1,Linux,6.94
3306,Redis,Redis version 1.2,Windows,5.07
3306,MariaDB,MariaDB version 3.1,Unix,5.25
22,OpenSSH,OpenSSH version 2.7,Unix,1.96
3306,MariaDB,MariaDB version 3.5,Windows,4.24
80,LiteSpeed,LiteSpeed version 5.1,Linux,3.28
3306,MariaDB,MariaDB version 1.4,Unix,5.74
3306,RDP,RDP version 7.9,Unix,8.11
21,vsftpd,vsftpd version 1.3,Linux,1.39
22,OpenSSH,OpenSSH version 7.2,Windows,4.47
80,Apache,Apache version 8.8,Windows,6.18
21,ProFTPD,ProFTPD version 7.3,Linux,6.22
21,vsftpd,vsftpd version 3.7,Linux,5.59
80,LiteSpeed,LiteSpeed version 4.1,Unix,5.03
3306,RDP,RDP version 5.0,Unix,7.01
3306,MongoDB,MongoDB version 4.2,Windows,4.09
3306,RDP,RDP version 4.8,Unix,4.68
3306,SMB,SMB version 4.1,Windows,4.82
3306,PostgreSQL,PostgreSQL version 4.6,Unix,5.56
80,Apache,Apache version 3.6,Linux,4.53
80,Apache,Apache version 2.7,Linux,4.29
80,Apache,Apache version 4.6,Unix,3.86
3306,Redis,Redis version 9.4,Unix,4.04
3306,RDP,RDP version 5.4,Linux,8.07
80,LiteSpeed,LiteSpeed version 1.1,Linux,4.0
3306,MySQL,MySQL version 8.5,Windows,2.49
21,ProFTPD,ProFTPD version 7.3,Linux,7.62
3306,MongoDB,MongoDB version 2.2,Linux,4.19
3306,Redis,Redis version 1.5,Linux,4.55
3306,MySQL,MySQL version 4.2,Unix,6.91
80,LiteSpeed,LiteSpeed version 1.0,Windows,4.47
22,OpenSSH,OpenSSH version 1.8,Linux,4.93
3306,MongoDB,MongoDB version 3.6,Unix,2.73
80,nginx,nginx version 6.8,Unix,4.17
80,Apache,Apache version 1.5,Windows,5.41
80,nginx,nginx version 9.8,Windows,2.17
21,ProFTPD,ProFTPD version 2.3,Windows,6.8
3306,RDP,RDP version 8.0,Unix,6.65
80,nginx,nginx version 4.1,Unix,4.56
3306,MariaDB,MariaDB version 6.5,Linux,6.06
3306,MySQL,MySQL version 7.6,Linux,5.0
21,ProFTPD,ProFTPD version 3.2,Linux,8.72
80,LiteSpeed,LiteSpeed version 2.8,Windows,3.01
3306,SMB,SMB version 9.7,Linux,6.7
3306,RDP,RDP version 2.7,Windows,6.63
3306,MySQL,MySQL version 4.7,Windows,2.9
3306,SMB,SMB version 6.9,Unix,7.93
80,nginx,nginx version 2.0,Linux,7.99
21,vsftpd,vsftpd version 1.0,Windows,4.47
21,ProFTPD,ProFTPD version 3.5,Windows,7.26
80,LiteSpeed,LiteSpeed version 3.4,Linux,4.63
80,Apache,Apache version 9.7,Linux,3.43
3306,MariaDB,MariaDB version 5.6,Windows,1.77
80,Apache,Apache version 3.2,Windows,3.44
80,Apache,Apache version 8.2,Linux,2.41
3306,MariaDB,MariaDB version 9.1,Windows,7.06
3306,MongoDB,MongoDB version 1.9,Unix,4.33
3306,PostgreSQL,PostgreSQL version 2.0,Unix,3.98
3306,SMB,SMB version 4.6,Windows,7.83
21,vsftpd,vsftpd version 8.3,Unix,2.82
3306,Redis,Redis version 5.9,Unix,3.35
3306,MongoDB,MongoDB version 9.5,Unix,4.6
3306,Redis,Redis version 3.2,Linux,6.04
80,nginx,nginx version 2.3,Windows,5.25
3306,RDP,RDP version 1.1,Windows,6.87
80,nginx,nginx version 1.7,Linux,4.62
3306,MySQL,MySQL version 9.2,Unix,5.1
3306,MySQL,MySQL version 8.4,Unix,4.8
21,vsftpd,vsftpd version 4.5,Windows,2.96
3306,RDP,RDP version 3.2,Linux,6.57
80,nginx,nginx version 3.5,Windows,2.89
3306,SMB,SMB version 4.3,Windows,6.62
3306,MySQL,MySQL version 2.7,Linux,3.78
21,vsftpd,vsftpd version 4.4,Windows,8.31
3306,PostgreSQL,PostgreSQL version 3.0,Unix,4.44
21,ProFTPD,ProFTPD version 6.0,Linux,4.39
3306,Redis,Redis version 3.4,Windows,4.3
3306,SMB,SMB version 7.7,Windows,7.28
3306,PostgreSQL,PostgreSQL version 5.7,Unix,7.01
21,vsftpd,vsftpd version 5.4,Unix,3.62
3306,RDP,RDP version 7.8,Linux,4.13
3306,MariaDB,MariaDB version 2.0,Unix,5.73
3306,MariaDB,MariaDB version 1.4,Unix,2.43
80,Apache,Apache version 5.6,Unix,3.85
3306,MongoDB,MongoDB version 2.7,Windows,4.11
22,OpenSSH,OpenSSH version 7.6,Unix,4.4
3306,Redis,Redis version 7.3,Windows,5.53
3306,RDP,RDP version 6.1,Windows,5.47
21,vsftpd,vsftpd version 4.7,Unix,4.09
21,vsftpd,vsftpd version 6.9,Unix,4.48
80,Apache,Apache version 4.0,Windows,4.72
80,LiteSpeed,LiteSpeed version 6.4,Unix,4.65
3306,PostgreSQL,PostgreSQL version 1.0,Windows,5.15
3306,MongoDB,MongoDB version 9.8,Linux,5.77
3306,PostgreSQL,PostgreSQL version 4.8,Windows,5.09
22,OpenSSH,OpenSSH version 4.8,Windows,5.18
3306,MongoDB,MongoDB version 5.7,Windows,2.13
3306,SMB,SMB version 4.7,Unix,6.58
3306,MySQL,MySQL version 1.0,Windows,5.22
80,nginx,nginx version 5.1,Linux,5.59
3306,MySQL,MySQL version 6.4,Windows,3.46
80,Apache,Apache version 7.3,Unix,3.51
3306,Redis,Redis version 3.8,Windows,3.64
3306,PostgreSQL,PostgreSQL version 4.7,Windows,5.3
3306,PostgreSQL,PostgreSQL version 6.6,Windows,6.05
3306,MongoDB,MongoDB version 5.9,Linux,3.89
80,nginx,nginx version 1.1,Windows,5.86
21,vsftpd,vsftpd version 4.3,Linux,4.69
3306,RDP,RDP version 8.8,Windows,6.31
3306,PostgreSQL,PostgreSQL version 9.4,Windows,4.18
3306,Redis,Redis version 3.7,Unix,5.62
3306,MariaDB,MariaDB version 6.1,Windows,4.99
3306,PostgreSQL,PostgreSQL version 8.6,Windows,7.91
80,nginx,nginx version 4.3,Windows,3.22
21,vsftpd,vsftpd version 1.6,Unix,5.28
21,ProFTPD,ProFTPD version 5.2,Unix,5.71
3306,RDP,RDP version 6.8,Windows,5.2
3306,RDP,RDP version 2.9,Windows,6.48
3306,RDP,RDP version 2.2,Linux,6.71
80,nginx,nginx version 4.9,Unix,8.88
22,OpenSSH,OpenSSH version 2.1,Linux,4.22
3306,MariaDB,MariaDB version 8.4,Linux,2.8
21,vsftpd,vsftpd version 8.8,Unix,4.91
80,nginx,nginx version 7.3,Linux,1.39
3306,PostgreSQL,PostgreSQL version 3.1,Linux,4.36
3306,SMB,SMB version 9.2,Linux,6.52
80,LiteSpeed,LiteSpeed version 7.4,Unix,5.69
3306,RDP,RDP version 8.4,Linux,7.96
3306,PostgreSQL,PostgreSQL version 6.4,Windows,3.74
3306,MySQL,MySQL version 7.0,Windows,4.27
22,OpenSSH,OpenSSH version 2.4,Linux,3.35
3306,MariaDB,MariaDB version 7.6,Unix,2.81
80,nginx,nginx version 9.3,Linux,4.96
3306,MariaDB,MariaDB version 1.3,Windows,2.59
80,LiteSpeed,LiteSpeed version 2.8,Unix,3.88
80,Apache,Apache version 2.1,Windows,3.01
80,Apache,Apache version 4.7,Windows,5.32
3306,MariaDB,MariaDB version 3.5,Unix,7.2
21,ProFTPD,ProFTPD version 8.6,Linux,4.55
21,vsftpd,vsftpd version 1.4,Unix,1.72
80,LiteSpeed,LiteSpeed version 4.2,Unix,4.31
80,LiteSpeed,LiteSpeed version 8.1,Windows,4.52
80,nginx,nginx version 8.6,Windows,4.83
21,ProFTPD,ProFTPD version 8.8,Windows,5.83
3306,PostgreSQL,PostgreSQL version 2.8,Unix,4.2
3306,PostgreSQL,PostgreSQL version 9.4,Windows,5.05
21,vsftpd,vsftpd version 3.9,Unix,6.06
3306,MySQL,MySQL version 9.5,Windows,1.57
3306,MariaDB,MariaDB version 2.2,Unix,3.95
80,Apache,Apache version 3.2,Windows,4.82
80,Apache,Apache version 1.1,Windows,3.12
3306,MariaDB,MariaDB version 4.9,Unix,7.1
3306,SMB,SMB version 8.4,Windows,5.55
80,nginx,nginx version 8.7,Linux,4.44
22,OpenSSH,OpenSSH version 6.3,Windows,5.33
3306,MariaDB,MariaDB version 1.3,Windows,3.61
80,LiteSpeed,LiteSpeed version 7.7,Windows,1.73
80,nginx,nginx version 7.4,Unix,3.86
21,ProFTPD,ProFTPD version 6.8,Unix,8.04
80,Apache,Apache version 6.3,Unix,3.99
3306,Redis,Redis version 1.8,Windows,3.23
3306,Redis,Redis version 5.3,Unix,5.89
3306,SMB,SMB version 4.0,Unix,6.0
3306,MySQL,MySQL version 9.4,Windows,3.73
21,vsftpd,vsftpd version 2.0,Windows,4.72
3306,MariaDB,MariaDB version 4.2,Windows,5.66
80,LiteSpeed,LiteSpeed version 5.5,Linux,8.07
21,vsftpd,vsftpd version 7.2,Linux,5.74
3306,MongoDB,MongoDB version 4.2,Unix,6.24
80,nginx,nginx version 2.1,Windows,3.74
3306,SMB,SMB version 4.0,Windows,4.96
80,nginx,nginx version 6.4,Windows,4.59
3306,MySQL,MySQL version 8.0,Linux,4.66
21,ProFTPD,ProFTPD version 8.5,Unix,4.88
80,nginx,nginx version 2.4,Windows,4.24
3306,SMB,SMB version 2.4,Unix,7.1
22,OpenSSH,OpenSSH version 2.9,Unix,5.04
3306,RDP,RDP version 9.8,Linux,7.26
3306,PostgreSQL,PostgreSQL version 6.0,Unix,4.94
80,LiteSpeed,LiteSpeed version 8.8,Unix,3.74
3306,PostgreSQL,PostgreSQL version 4.3,Linux,3.73
3306,MySQL,MySQL version 8.8,Linux,2.7
3306,MongoDB,MongoDB version 1.7,Windows,7.18
80,LiteSpeed,LiteSpeed version 7.7,Unix,4.52
3306,Redis,Redis version 3.0,Windows,4.16
3306,RDP,RDP version 8.9,Unix,5.11
3306,MySQL,MySQL version 6.4,Unix,8.9
3306,MySQL,MySQL version 7.9,Windows,2.89
22,OpenSSH,OpenSSH version 7.8,Windows,3.86
3306,MySQL,MySQL version 8.8,Unix,5.12
3306,PostgreSQL,PostgreSQL version 7.6,Windows,5.4
80,nginx,nginx version 2.5,Linux,5.94
21,ProFTPD,ProFTPD version 8.1,Linux,9.21
3306,PostgreSQL,PostgreSQL version 8.9,Windows,5.26
3306,MongoDB,MongoDB version 7.6,Unix,2.92
21,ProFTPD,ProFTPD version 1.5,Linux,6.11
21,ProFTPD,ProFTPD version 2.1,Linux,6.96
22,OpenSSH,OpenSSH version 4.4,Windows,7.6
21,ProFTPD,ProFTPD version 4.7,Linux,4.4
3306,MySQL,MySQL version 2.9,Linux,6.3
80,Apache,Apache version 2.3,Unix,4.77
3306,MariaDB,MariaDB version 9.5,Windows,5.76
21,ProFTPD,ProFTPD version 9.2,Linux,6.35
21,ProFTPD,ProFTPD version 4.6,Linux,5.24
80,nginx,nginx version 2.9,Linux,5.63
80,Apache,Apache version 2.5,Linux,5.48
3306,MongoDB,MongoDB version 9.2,Windows,5.96
3306,Redis,Redis version 1.5,Windows,4.48
3306,PostgreSQL,PostgreSQL version 6.1,Windows,3.6
3306,PostgreSQL,PostgreSQL version 6.3,Windows,2.16
3306,MariaDB,MariaDB version 8.7,Unix,5.73
3306,PostgreSQL,PostgreSQL version 3.8,Unix,5.14
21,vsftpd,vsftpd version 4.1,Linux,3.05
80,Apache,Apache version 1.6,Unix,3.69
80,LiteSpeed,LiteSpeed version 5.6,Windows,3.8
80,LiteSpeed,LiteSpeed version 9.5,Unix,2.28
3306,PostgreSQL,PostgreSQL version 1.5,Linux,3.27
80,LiteSpeed,LiteSpeed version 5.5,Windows,2.8
3306,RDP,RDP version 4.2,Windows,5.88
80,LiteSpeed,LiteSpeed version 9.2,Windows,3.39
80,nginx,nginx version 2.4,Linux,2.06
3306,SMB,SMB version 9.9,Unix,9.53
3306,MariaDB,MariaDB version 3.2,Windows,6.38
21,ProFTPD,ProFTPD version 8.9,Unix,5.33
3306,PostgreSQL,PostgreSQL version 1.2,Linux,4.91
3306,RDP,RDP version 8.1,Windows,7.13
3306,MariaDB,MariaDB version 4.1,Unix,6.29
3306,MySQL,MySQL version 5.8,Unix,3.27
21,ProFTPD,ProFTPD version 4.7,Windows,8.14
22,OpenSSH,OpenSSH version 6.8,Unix,3.68
21,ProFTPD,ProFTPD version 9.3,Windows,4.5
22,OpenSSH,OpenSSH version 6.6,Windows,5.59
80,LiteSpeed,LiteSpeed version 6.4,Unix,6.44
3306,Redis,Redis version 4.6,Linux,8.38
3306,RDP,RDP version 9.7,Linux,4.7
3306,MongoDB,MongoDB version 2.5,Unix,5.55
3306,PostgreSQL,PostgreSQL version 1.4,Unix,3.89
3306,MariaDB,MariaDB version 5.3,Unix,5.68
3306,MySQL,MySQL version 2.5,Windows,2.29
3306,MongoDB,MongoDB version 4.7,Unix,2.61
3306,Redis,Redis version 8.1,Windows,3.34
21,ProFTPD,ProFTPD version 5.6,Linux,6.62
21,vsftpd,vsftpd version 4.2,Linux,3.54
21,vsftpd,vsftpd version 4.3,Linux,5.49
3306,MariaDB,MariaDB version 4.4,Unix,6.04
3306,MariaDB,MariaDB version 1.1,Unix,5.4
80,Apache,Apache version 3.2,Unix,6.93
22,OpenSSH,OpenSSH version 9.5,Windows,5.12
3306,RDP,RDP version 2.0,Linux,4.67
3306,MariaDB,MariaDB version 9.3,Unix,6.55
3306,SMB,SMB version 6.5,Linux,5.59
3306,PostgreSQL,PostgreSQL version 3.6,Linux,5.87
3306,Redis,Redis version 5.7,Windows,6.86
3306,MongoDB,MongoDB version 6.6,Linux,5.19
3306,RDP,RDP version 4.6,Windows,4.26
3306,MongoDB,MongoDB version 1.2,Unix,3.12
3306,SMB,SMB version 5.6,Linux,8.48
3306,RDP,RDP version 2.7,Windows,6.25
3306,Redis,Redis version 6.8,Linux,4.62
3306,PostgreSQL,PostgreSQL version 5.3,Linux,5.64
3306,RDP,RDP version 3.6,Linux,7.54
3306,MariaDB,MariaDB version 8.5,Windows,4.92
3306,SMB,SMB version 6.9,Windows,6.19
3306,MongoDB,MongoDB version 3.9,Unix,4.03
3306,MongoDB,MongoDB version 8.3,Unix,5.79
3306,MariaDB,MariaDB version 2.8,Unix,5.33
3306,SMB,SMB version 3.2,Linux,6.11
3306,PostgreSQL,PostgreSQL version 5.2,Unix,6.12
80,nginx,nginx version 6.4,Linux,4.31
80,Apache,Apache version 7.5,Unix,3.22
21,vsftpd,vsftpd version 9.7,Windows,3.36
3306,Redis,Redis version 6.9,Windows,3.03
80,Apache,Apache version 4.2,Linux,4.09
3306,MongoDB,MongoDB version 9.2,Unix,6.35
80,nginx,nginx version 5.3,Linux,3.29
3306,MongoDB,MongoDB version 4.5,Linux,4.78
80,LiteSpeed,LiteSpeed version 6.7,Linux,3.51
21,vsftpd,vsftpd version 4.3,Windows,4.11
80,nginx,nginx version 8.5,Unix,2.23
21,vsftpd,vsftpd version 8.0,Windows,4.17
3306,MySQL,MySQL version 8.6,Windows,4.21
3306,SMB,SMB version 7.2,Windows,7.31
22,OpenSSH,OpenSSH version 4.8,Unix,4.83
80,LiteSpeed,LiteSpeed version 6.9,Linux,2.7
3306,MariaDB,MariaDB version 9.2,Linux,6.13
3306,MariaDB,MariaDB version 8.2,Windows,4.82
80,Apache,Apache version 7.0,Windows,4.8
21,vsftpd,vsftpd version 3.0,Unix,4.49
3306,RDP,RDP version 9.2,Unix,5.72
3306,MySQL,MySQL version 6.9,Unix,4.83
80,nginx,nginx version 8.1,Windows,5.21
3306,PostgreSQL,PostgreSQL version 3.8,Unix,1.88
3306,Redis,Redis version 1.9,Windows,3.69
21,ProFTPD,ProFTPD version 7.5,Unix,6.12
22,OpenSSH,OpenSSH version 4.6,Linux,4.88
3306,MariaDB,MariaDB version 4.8,Unix,6.29
80,Apache,Apache version 5.7,Unix,3.34
80,LiteSpeed,LiteSpeed version 2.9,Unix,3.75
3306,MongoDB,MongoDB version 7.7,Linux,3.73
22,OpenSSH,OpenSSH version 9.2,Unix,3.3
80,Apache,Apache version 2.4,Unix,3.98
3306,MySQL,MySQL version 4.4,Windows,5.66
3306,MongoDB,MongoDB version 6.8,Windows,2.92
22,OpenSSH,OpenSSH version 8.3,Linux,5.14
22,OpenSSH,OpenSSH version 7.7,Linux,1.95
21,ProFTPD,ProFTPD version 2.6,Linux,5.66
3306,PostgreSQL,PostgreSQL version 7.1,Linux,4.01
80,nginx,nginx version 2.5,Unix,7.01
21,vsftpd,vsftpd version 3.7,Linux,4.09
3306,MySQL,MySQL version 3.3,Linux,1.2
3306,MariaDB,MariaDB version 1.3,Unix,1.5
3306,PostgreSQL,PostgreSQL version 3.5,Unix,4.55
3306,Redis,Redis version 4.3,Unix,5.42
3306,MongoDB,MongoDB version 3.5,Linux,5.06
22,OpenSSH,OpenSSH version 6.6,Unix,4.75
80,nginx,nginx version 2.0,Windows,6.24
80,LiteSpeed,LiteSpeed version 1.2,Unix,3.69
22,OpenSSH,OpenSSH version 5.5,Windows,5.84
80,nginx,nginx version 6.3,Linux,2.05
3306,SMB,SMB version 2.2,Linux,5.14
80,LiteSpeed,LiteSpeed version 1.5,Unix,1.79
80,nginx,nginx version 6.3,Linux,4.09
3306,RDP,RDP version 2.6,Linux,6.43
3306,RDP,RDP version 1.5,Linux,6.67
22,OpenSSH,OpenSSH version 5.5,Linux,4.59
80,LiteSpeed,LiteSpeed version 7.0,Windows,3.11
21,vsftpd,vsftpd version 5.5,Windows,4.21
3306,MySQL,MySQL version 2.2,Windows,2.25
3306,MongoDB,MongoDB version 2.4,Windows,6.54
3306,SMB,SMB version 9.0,Windows,6.04
21,vsftpd,vsftpd version 2.5,Linux,3.77
22,OpenSSH,OpenSSH version 9.9,Windows,6.88
3306,MySQL,MySQL version 4.6,Linux,2.64
80,Apache,Apache version 6.9,Unix,2.81
3306,RDP,RDP version 5.7,Unix,4.86
3306,MySQL,MySQL version 6.4,Windows,4.4
3306,MariaDB,MariaDB version 2.5,Windows,5.15
3306,Redis,Redis version 7.8,Linux,5.61
80,LiteSpeed,LiteSpeed version 7.6,Linux,8.36
80,Apache,Apache version 7.6,Linux,1.13
3306,RDP,RDP version 5.0,Unix,7.41
21,vsftpd,vsftpd version 2.2,Linux,3.66
21,ProFTPD,ProFTPD version 4.6,Unix,5.62
3306,PostgreSQL,PostgreSQL version 2.5,Windows,3.57
80,nginx,nginx version 5.5,Windows,3.14
3306,Redis,Redis version 3.0,Unix,7.03
3306,SMB,SMB version 9.3,Unix,7.76
3306,MySQL,MySQL version 4.7,Unix,4.53
3306,SMB,SMB version 2.5,Unix,8.53
3306,PostgreSQL,PostgreSQL version 3.4,Windows,2.23
80,Apache,Apache version 1.0,Linux,2.5
3306,PostgreSQL,PostgreSQL version 1.2,Windows,1.23
80,LiteSpeed,LiteSpeed version 4.0,Unix,3.45
3306,SMB,SMB version 3.1,Linux,6.74
3306,MySQL,MySQL version 5.5,Linux,4.65
21,vsftpd,vsftpd version 5.7,Unix,4.72
3306,Redis,Redis version 2.5,Linux,2.38
3306,Redis,Redis version 6.1,Linux,5.7
21,ProFTPD,ProFTPD version 6.3,Windows,6.86
3306,MySQL,MySQL version 2.5,Unix,5.6
3306,MongoDB,MongoDB version 9.6,Windows,1.66
21,ProFTPD,ProFTPD version 3.9,Unix,6.97
80,Apache,Apache version 9.1,Unix,2.72
3306,PostgreSQL,PostgreSQL version 3.7,Unix,3.9
80,Apache,Apache version 5.3,Windows,5.3
3306,RDP,RDP version 9.9,Linux,6.64
3306,MySQL,MySQL version 6.8,Linux,3.22
3306,MySQL,MySQL version 7.1,Linux,4.51
80,Apache,Apache version 8.8,Windows,2.2
80,Apache,Apache version 5.1,Unix,6.23
80,Apache,Apache version 2.0,Unix,4.19
3306,MySQL,MySQL version 6.0,Unix,6.18
3306,RDP,RDP version 9.6,Windows,5.71
3306,PostgreSQL,PostgreSQL version 7.1,Linux,3.71
3306,MySQL,MySQL version 2.0,Windows,3.35
3306,MySQL,MySQL version 6.1,Linux,5.81
21,ProFTPD,ProFTPD version 4.8,Unix,5.44
3306,PostgreSQL,PostgreSQL version 8.7,Linux,5.47
80,nginx,nginx version 1.1,Linux,3.93
21,vsftpd,vsftpd version 8.6,Windows,1.54
3306,MySQL,MySQL version 4.3,Windows,3.64
3306,Redis,Redis version 7.3,Unix,2.73
3306,MySQL,MySQL version 6.3,Linux,4.55
3306,MySQL,MySQL version 1.0,Linux,2.71
3306,MariaDB,MariaDB version 1.0,Windows,5.89
80,nginx,nginx version 9.1,Linux,4.36
21,ProFTPD,ProFTPD version 5.3,Linux,6.23
3306,MySQL,MySQL version 4.1,Windows,5.48
3306,MongoDB,MongoDB version 2.1,Windows,5.95
3306,MongoDB,MongoDB version 5.8,Linux,4.47
3306,MySQL,MySQL version 4.0,Unix,3.34
3306,MongoDB,MongoDB version 3.1,Linux,1.84
3306,MySQL,MySQL version 1.5,Linux,3.47
3306,RDP,RDP version 8.1,Linux,5.57
3306,Redis,Redis version 9.9,Windows,4.66
21,ProFTPD,ProFTPD version 2.1,Unix,5.98
3306,SMB,SMB version 3.1,Windows,7.53
3306,PostgreSQL,PostgreSQL version 9.9,Windows,3.58
21,vsftpd,vsftpd version 6.0,Unix,4.41
21,vsftpd,vsftpd version 8.7,Windows,6.28
3306,SMB,SMB version 8.0,Linux,7.01
3306,SMB,SMB version 7.7,Unix,6.41
3306,MySQL,MySQL version 4.6,Linux,3.6
21,vsftpd,vsftpd version 4.4,Unix,3.55
21,vsftpd,vsftpd version 4.9,Linux,3.22
3306,MongoDB,MongoDB version 1.7,Linux,3.69
80,nginx,nginx version 1.3,Windows,5.63
3306,PostgreSQL,PostgreSQL version 2.0,Linux,4.17
22,OpenSSH,OpenSSH version 6.6,Linux,2.48
21,vsftpd,vsftpd version 5.7,Linux,7.15
3306,PostgreSQL,PostgreSQL version 8.5,Linux,4.98
80,LiteSpeed,LiteSpeed version 8.4,Unix,2.39
3306,SMB,SMB version 3.0,Linux,5.84
22,OpenSSH,OpenSSH version 7.3,Windows,4.67
3306,MySQL,MySQL version 5.9,Windows,7.06
21,ProFTPD,ProFTPD version 2.3,Linux,4.84
3306,MySQL,MySQL version 3.9,Linux,5.96
3306,MariaDB,MariaDB version 1.7,Windows,6.6
21,vsftpd,vsftpd version 6.7,Unix,3.56
80,nginx,nginx version 3.4,Unix,4.08
21,vsftpd,vsftpd version 1.1,Unix,2.95
3306,MariaDB,MariaDB version 3.1,Unix,4.19
3306,MySQL,MySQL version 7.8,Unix,4.45
80,Apache,Apache version 3.6,Linux,5.49
80,LiteSpeed,LiteSpeed version 6.2,Unix,6.14
3306,RDP,RDP version 7.3,Windows,5.38
80,LiteSpeed,LiteSpeed version 7.5,Unix,1.55
80,LiteSpeed,LiteSpeed version 4.7,Linux,4.47
3306,MySQL,MySQL version 9.6,Windows,4.94
3306,Redis,Redis version 8.9,Unix,4.87
3306,SMB,SMB version 8.8,Unix,6.01
3306,SMB,SMB version 3.0,Unix,6.69
3306,RDP,RDP version 7.8,Linux,8.77
3306,MySQL,MySQL version 8.6,Windows,5.07
21,ProFTPD,ProFTPD version 4.4,Windows,5.94
3306,RDP,RDP version 3.3,Unix,5.75
3306,SMB,SMB version 2.7,Linux,6.25
80,nginx,nginx version 5.9,Unix,6.96
22,OpenSSH,OpenSSH version 7.1,Unix,4.23
3306,MongoDB,MongoDB version 8.9,Windows,4.47
21,vsftpd,vsftpd version 6.5,Linux,3.78
22,OpenSSH,OpenSSH version 9.2,Windows,6.15
3306,Redis,Redis version 3.9,Linux,7.44
3306,PostgreSQL,PostgreSQL version 2.8,Windows,5.18
3306,PostgreSQL,PostgreSQL version 4.9,Linux,4.62
3306,RDP,RDP version 3.9,Linux,6.56
3306,RDP,RDP version 1.7,Windows,2.92
3306,SMB,SMB version 6.3,Unix,7.62
80,nginx,nginx version 9.2,Windows,4.7
3306,RDP,RDP version 9.3,Unix,7.14
21,ProFTPD,ProFTPD version 4.8,Windows,5.43
3306,MariaDB,MariaDB version 8.8,Unix,3.92
80,Apache,Apache version 7.4,Unix,3.88
21,vsftpd,vsftpd version 8.1,Linux,6.03
80,Apache,Apache version 5.6,Linux,3.93
80,Apache,Apache version 9.8,Linux,7.62
80,Apache,Apache version 3.0,Unix,5.15
21,vsftpd,vsftpd version 2.7,Windows,2.59
3306,MongoDB,MongoDB version 9.0,Linux,4.31
3306,PostgreSQL,PostgreSQL version 9.5,Linux,3.52
22,OpenSSH,OpenSSH version 2.7,Unix,1.21
3306,MongoDB,MongoDB version 8.9,Unix,6.9
3306,MongoDB,MongoDB version 3.7,Linux,5.55
21,ProFTPD,ProFTPD version 1.6,Unix,7.3
3306,MariaDB,MariaDB version 1.2,Unix,4.75
3306,RDP,RDP version 6.1,Unix,4.43
3306,PostgreSQL,PostgreSQL version 6.1,Linux,3.77
3306,PostgreSQL,PostgreSQL version 7.2,Windows,5.76
80,nginx,nginx version 9.8,Windows,2.92
3306,PostgreSQL,PostgreSQL version 5.4,Windows,0.7
3306,MariaDB,MariaDB version 8.4,Unix,4.16
3306,PostgreSQL,PostgreSQL version 4.2,Linux,4.29
3306,MySQL,MySQL version 5.4,Unix,4.7
3306,MongoDB,MongoDB version 6.3,Windows,5.59
3306,MariaDB,MariaDB version 7.3,Unix,5.46
3306,PostgreSQL,PostgreSQL version 5.0,Windows,4.89
3306,Redis,Redis version 9.7,Linux,6.29
3306,MySQL,MySQL version 9.6,Linux,2.22
80,LiteSpeed,LiteSpeed version 2.3,Windows,5.26
21,vsftpd,vsftpd version 6.3,Linux,5.44
22,OpenSSH,OpenSSH version 8.5,Unix,2.64
21,ProFTPD,ProFTPD version 7.6,Unix,4.25
3306,Redis,Redis version 5.8,Windows,3.38
3306,RDP,RDP version 2.0,Linux,5.51
3306,MongoDB,MongoDB version 8.9,Unix,5.63
3306,PostgreSQL,PostgreSQL version 1.8,Unix,3.58
21,vsftpd,vsftpd version 9.1,Unix,3.22
3306,RDP,RDP version 7.1,Linux,5.58
80,nginx,nginx version 6.8,Unix,6.18
3306,MongoDB,MongoDB version 2.3,Unix,4.52
3306,MongoDB,MongoDB version 8.1,Windows,4.23
80,nginx,nginx version 1.0,Linux,4.33
3306,Redis,Redis version 2.7,Unix,6.44
3306,MongoDB,MongoDB version 7.0,Windows,3.38
22,OpenSSH,OpenSSH version 5.1,Unix,6.47
3306,MariaDB,MariaDB version 8.4,Windows,4.82
80,nginx,nginx version 6.9,Linux,4.26
3306,SMB,SMB version 9.8,Linux,10.0
22,OpenSSH,OpenSSH version 7.8,Linux,2.92
3306,PostgreSQL,PostgreSQL version 3.1,Windows,3.97
21,ProFTPD,ProFTPD version 6.6,Linux,4.65
3306,MongoDB,MongoDB version 1.7,Linux,5.93
80,LiteSpeed,LiteSpeed version 6.8,Unix,7.03
3306,Redis,Redis version 8.1,Unix,7.0
3306,RDP,RDP version 4.1,Linux,8.34
3306,MySQL,MySQL version 4.1,Windows,4.2
80,nginx,nginx version 6.3,Linux,3.95
21,vsftpd,vsftpd version 6.6,Linux,1.99
21,vsftpd,vsftpd version 9.5,Unix,7.55
3306,PostgreSQL,PostgreSQL version 9.4,Linux,5.2
80,Apache,Apache version 8.5,Windows,3.76
21,ProFTPD,ProFTPD version 3.7,Windows,8.49
80,Apache,Apache version 5.5,Unix,3.04
21,vsftpd,vsftpd version 6.7,Windows,5.11
3306,Redis,Redis version 5.0,Unix,4.24
21,vsftpd,vsftpd version 8.2,Windows,5.46
21,ProFTPD,ProFTPD version 4.6,Linux,6.4
80,LiteSpeed,LiteSpeed version 6.2,Unix,2.32
80,Apache,Apache version 5.0,Windows,4.61
3306,RDP,RDP version 9.7,Windows,8.07
3306,MariaDB,MariaDB version 8.8,Unix,4.46
3306,SMB,SMB version 6.6,Unix,7.66
3306,MariaDB,MariaDB version 2.2,Windows,2.93
22,OpenSSH,OpenSSH version 9.9,Windows,4.46
21,vsftpd,vsftpd version 2.0,Windows,3.56
3306,PostgreSQL,PostgreSQL version 6.8,Linux,5.62
3306,SMB,SMB version 1.7,Windows,6.55
3306,Redis,Redis version 6.0,Unix,5.54
3306,SMB,SMB version 4.7,Windows,8.13
3306,MariaDB,MariaDB version 2.6,Windows,5.54
3306,Redis,Redis version 2.9,Unix,4.91
80,LiteSpeed,LiteSpeed version 2.0,Windows,3.0
80,nginx,nginx version 9.1,Unix,4.5
3306,MySQL,MySQL version 6.1,Unix,3.7
3306,SMB,SMB version 9.8,Unix,5.98
80,nginx,nginx version 6.9,Linux,3.94
3306,Redis,Redis version 1.8,Linux,3.03
3306,MySQL,MySQL version 4.7,Linux,1.56
22,OpenSSH,OpenSSH version 4.3,Unix,3.5
21,ProFTPD,ProFTPD version 9.3,Linux,6.79
3306,PostgreSQL,PostgreSQL version 2.1,Unix,2.48
3306,PostgreSQL,PostgreSQL version 5.3,Windows,4.52
21,ProFTPD,ProFTPD version 6.9,Windows,9.35
21,ProFTPD,ProFTPD version 1.2,Linux,8.03
3306,PostgreSQL,PostgreSQL version 9.2,Unix,6.97
21,vsftpd,vsftpd version 3.4,Linux,5.09
21,ProFTPD,ProFTPD version 2.8,Linux,8.25
3306,MongoDB,MongoDB version 2.6,Linux,3.41
80,Apache,Apache version 5.7,Windows,3.53
80,LiteSpeed,LiteSpeed version 5.6,Unix,0.39
3306,RDP,RDP version 5.7,Windows,8.28
80,LiteSpeed,LiteSpeed version 2.9,Windows,6.81
80,LiteSpeed,LiteSpeed version 4.9,Unix,3.67
3306,SMB,SMB version 6.5,Linux,6.12
3306,Redis,Redis version 7.8,Linux,3.37
21,vsftpd,vsftpd version 2.0,Unix,5.07
22,OpenSSH,OpenSSH version 7.0,Linux,6.19
3306,RDP,RDP version 7.7,Unix,3.89
22,OpenSSH,OpenSSH version 8.2,Windows,5.11
3306,Redis,Redis version 1.5,Windows,4.08
3306,MongoDB,MongoDB version 7.3,Linux,4.67
80,LiteSpeed,LiteSpeed version 4.3,Unix,5.19
22,OpenSSH,OpenSSH version 8.6,Windows,4.22
80,Apache,Apache version 6.6,Unix,4.34
3306,RDP,RDP version 7.7,Unix,6.18
80,Apache,Apache version 2.4,Linux,5.96
80,nginx,nginx version 6.2,Windows,5.13
3306,SMB,SMB version 6.9,Unix,6.83
21,ProFTPD,ProFTPD version 2.6,Windows,4.59
3306,PostgreSQL,PostgreSQL version 5.7,Linux,3.93
80,LiteSpeed,LiteSpeed version 9.1,Unix,5.85
3306,PostgreSQL,PostgreSQL version 6.4,Linux,4.56
80,nginx,nginx version 7.2,Linux,5.49
21,vsftpd,vsftpd version 9.5,Windows,7.15
3306,PostgreSQL,PostgreSQL version 9.1,Windows,6.06
3306,MariaDB,MariaDB version 7.0,Unix,4.64
80,LiteSpeed,LiteSpeed version 7.1,Unix,3.73
21,vsftpd,vsftpd version 6.5,Linux,0.67
80,LiteSpeed,LiteSpeed version 4.0,Windows,4.25
80,Apache,Apache version 1.8,Unix,4.01
3306,RDP,RDP version 5.6,Linux,7.09
3306,Redis,Redis version 7.3,Linux,4.27
3306,MongoDB,MongoDB version 7.4,Windows,4.02
3306,MongoDB,MongoDB version 7.0,Linux,1.83
21,vsftpd,vsftpd version 9.1,Unix,3.09
3306,MySQL,MySQL version 3.4,Windows,5.21
3306,Redis,Redis version 2.2,Windows,7.07
3306,MySQL,MySQL version 6.5,Linux,4.35
21,vsftpd,vsftpd version 5.5,Unix,4.99
3306,Redis,Redis version 2.2,Windows,5.93
3306,RDP,RDP version 4.9,Linux,5.28
21,vsftpd,vsftpd version 1.3,Unix,5.05
3306,MongoDB,MongoDB version 7.5,Linux,3.39
80,nginx,nginx version 1.0,Unix,5.8
3306,PostgreSQL,PostgreSQL version 6.4,Windows,4.73
22,OpenSSH,OpenSSH version 6.3,Windows,4.95
21,vsftpd,vsftpd version 9.2,Linux,3.33
3306,MySQL,MySQL version 5.3,Unix,5.56
22,OpenSSH,OpenSSH version 8.5,Unix,7.63
22,OpenSSH,OpenSSH version 3.2,Linux,2.99
3306,MongoDB,MongoDB version 2.9,Unix,3.99
80,LiteSpeed,LiteSpeed version 3.2,Windows,4.85
3306,PostgreSQL,PostgreSQL version 5.6,Unix,5.68
3306,MongoDB,MongoDB version 1.5,Windows,3.66
22,OpenSSH,OpenSSH version 7.6,Windows,0.25
80,LiteSpeed,LiteSpeed version 7.4,Linux,6.54
3306,MariaDB,MariaDB version 2.6,Windows,5.64
80,Apache,Apache version 4.7,Linux,1.89
80,nginx,nginx version 5.1,Unix,3.59
3306,MySQL,MySQL version 6.9,Linux,6.85
3306,MySQL,MySQL version 6.9,Unix,6.67
80,Apache,Apache version 9.6,Unix,5.91
3306,RDP,RDP version 9.1,Windows,6.24
3306,SMB,SMB version 1.1,Linux,6.62
3306,SMB,SMB version 2.8,Linux,6.3
80,LiteSpeed,LiteSpeed version 6.4,Windows,6.19
3306,SMB,SMB version 5.0,Windows,5.19
3306,MySQL,MySQL version 6.6,Linux,3.29
3306,MySQL,MySQL version 6.7,Unix,6.02
3306,MySQL,MySQL version 3.0,Linux,4.43
3306,PostgreSQL,PostgreSQL version 2.0,Unix,6.57
3306,MongoDB,MongoDB version 3.6,Unix,3.49
3306,PostgreSQL,PostgreSQL version 8.4,Linux,4.42
3306,RDP,RDP version 6.4,Windows,5.12
3306,PostgreSQL,PostgreSQL version 7.5,Windows,4.51
21,vsftpd,vsftpd version 7.6,Windows,2.28
3306,MongoDB,MongoDB version 6.4,Windows,3.77
80,nginx,nginx version 6.8,Windows,2.35
3306,MongoDB,MongoDB version 5.1,Windows,5.54
21,ProFTPD,ProFTPD version 8.9,Linux,7.57
21,vsftpd,vsftpd version 6.0,Linux,1.9
21,vsftpd,vsftpd version 7.0,Linux,6.5
80,nginx,nginx version 9.3,Windows,8.25
80,LiteSpeed,LiteSpeed version 5.2,Windows,4.57
3306,SMB,SMB version 8.8,Unix,5.54
80,nginx,nginx version 5.2,Windows,8.74
80,nginx,nginx version 6.0,Linux,2.52
80,Apache,Apache version 5.7,Unix,4.53
3306,PostgreSQL,PostgreSQL version 5.9,Unix,4.77
21,ProFTPD,ProFTPD version 7.7,Unix,8.52
3306,PostgreSQL,PostgreSQL version 3.1,Linux,5.04
22,OpenSSH,OpenSSH version 7.0,Windows,3.75
21,ProFTPD,ProFTPD version 1.4,Windows,5.07
3306,MariaDB,MariaDB version 2.6,Linux,3.99
3306,MongoDB,MongoDB version 1.6,Unix,2.99
3306,Redis,Redis version 3.7,Unix,4.57
3306,MySQL,MySQL version 6.9,Linux,3.65
3306,PostgreSQL,PostgreSQL version 1.6,Unix,2.26
80,LiteSpeed,LiteSpeed version 1.0,Unix,6.38
22,OpenSSH,OpenSSH version 2.9,Linux,3.75
80,Apache,Apache version 4.7,Linux,2.6
80,LiteSpeed,LiteSpeed version 2.9,Unix,4.25
3306,Redis,Redis version 6.6,Windows,4.6
21,vsftpd,vsftpd version 9.7,Unix,1.88
80,nginx,nginx version 7.2,Unix,5.0
3306,MySQL,MySQL version 7.1,Linux,2.93
21,ProFTPD,ProFTPD version 3.3,Windows,9.07
3306,MySQL,MySQL version 7.9,Unix,5.29
3306,MySQL,MySQL version 3.1,Windows,3.9
3306,MongoDB,MongoDB version 9.1,Linux,3.38
3306,SMB,SMB version 4.6,Linux,6.34
3306,MySQL,MySQL version 8.1,Linux,5.42
3306,MongoDB,MongoDB version 2.3,Unix,4.46
80,Apache,Apache version 2.7,Linux,4.17
3306,MariaDB,MariaDB version 5.3,Linux,4.59
3306,MySQL,MySQL version 9.4,Unix,3.59
80,Apache,Apache version 8.0,Linux,3.99
21,ProFTPD,ProFTPD version 6.7,Windows,3.37
21,vsftpd,vsftpd version 5.0,Unix,5.96
3306,RDP,RDP version 3.8,Linux,6.95
80,nginx,nginx version 2.8,Unix,3.34
3306,RDP,RDP version 4.8,Linux,9.35
80,Apache,Apache version 9.1,Unix,4.63
3306,MongoDB,MongoDB version 4.1,Unix,2.95
80,LiteSpeed,LiteSpeed version 5.9,Windows,5.79
22,OpenSSH,OpenSSH version 1.1,Windows,5.1
3306,PostgreSQL,PostgreSQL version 8.4,Unix,5.09
22,OpenSSH,OpenSSH version 5.4,Windows,3.86
22,OpenSSH,OpenSSH version 5.6,Linux,5.18
3306,RDP,RDP version 6.6,Unix,6.11
3306,RDP,RDP version 3.2,Windows,7.33
3306,MongoDB,MongoDB version 6.4,Windows,1.64
21,vsftpd,vsftpd version 2.9,Linux,3.85
21,vsftpd,vsftpd version 9.9,Unix,7.08
21,vsftpd,vsftpd version 7.5,Unix,3.35
3306,Redis,Redis version 8.4,Linux,3.59
3306,RDP,RDP version 4.5,Linux,5.83
3306,SMB,SMB version 3.6,Windows,4.68
80,LiteSpeed,LiteSpeed version 3.3,Linux,1.19
22,OpenSSH,OpenSSH version 6.5,Unix,4.15
21,ProFTPD,ProFTPD version 9.3,Linux,6.7
3306,MySQL,MySQL version 5.1,Windows,4.42
21,ProFTPD,ProFTPD version 1.1,Windows,6.28
3306,PostgreSQL,PostgreSQL version 6.6,Windows,4.56
80,Apache,Apache version 8.8,Windows,6.03
21,ProFTPD,ProFTPD version 9.1,Windows,6.21
3306,PostgreSQL,PostgreSQL version 6.6,Windows,3.64
3306,PostgreSQL,PostgreSQL version 6.4,Linux,4.08
21,vsftpd,vsftpd version 5.2,Unix,5.37
22,OpenSSH,OpenSSH version 8.9,Linux,6.62
3306,MongoDB,MongoDB version 6.9,Windows,3.56
3306,RDP,RDP version 3.0,Windows,6.65
80,LiteSpeed,LiteSpeed version 6.7,Linux,5.01
80,Apache,Apache version 2.7,Linux,3.01
3306,MySQL,MySQL version 5.6,Unix,4.53
21,ProFTPD,ProFTPD version 5.3,Windows,4.3
3306,SMB,SMB version 3.0,Windows,3.85
22,OpenSSH,OpenSSH version 3.3,Unix,5.05
3306,Redis,Redis version 1.8,Linux,3.92
3306,PostgreSQL,PostgreSQL version 8.7,Linux,4.8
21,ProFTPD,ProFTPD version 2.8,Linux,6.47
22,OpenSSH,OpenSSH version 5.1,Unix,3.04
21,ProFTPD,ProFTPD version 3.0,Windows,6.43
3306,RDP,RDP version 3.7,Linux,4.65
3306,SMB,SMB version 9.1,Linux,8.59
3306,MongoDB,MongoDB version 3.5,Windows,2.47
80,nginx,nginx version 8.3,Unix,4.21
3306,MariaDB,MariaDB version 2.3,Linux,2.94
3306,Redis,Redis version 2.9,Linux,5.36
21,ProFTPD,ProFTPD version 9.6,Windows,6.0
21,vsftpd,vsftpd version 7.2,Unix,3.72
3306,PostgreSQL,PostgreSQL version 7.2,Unix,5.78
80,Apache,Apache version 9.2,Unix,4.54
3306,SMB,SMB version 7.7,Windows,7.27
3306,MongoDB,MongoDB version 2.2,Windows,3.03
80,nginx,nginx version 4.3,Linux,2.39
21,ProFTPD,ProFTPD version 4.7,Linux,6.66
80,nginx,nginx version 9.9,Linux,4.02
80,Apache,Apache version 2.4,Unix,5.44
3306,Redis,Redis version 6.7,Windows,4.38
80,nginx,nginx version 1.0,Windows,4.81
3306,RDP,RDP version 3.9,Linux,4.06
80,Apache,Apache version 4.9,Linux,7.33
80,nginx,nginx version 3.0,Linux,4.25
3306,MariaDB,MariaDB version 2.0,Unix,5.55
80,LiteSpeed,LiteSpeed version 7.9,Linux,3.25
3306,RDP,RDP version 7.3,Unix,6.96
21,ProFTPD,ProFTPD version 7.4,Windows,4.55
21,ProFTPD,ProFTPD version 6.3,Linux,7.18
21,ProFTPD,ProFTPD version 9.1,Linux,5.97
3306,PostgreSQL,PostgreSQL version 6.6,Windows,4.54
21,vsftpd,vsftpd version 6.2,Windows,5.55
3306,MySQL,MySQL version 4.1,Windows,2.65
3306,MySQL,MySQL version 2.9,Linux,3.47
80,Apache,Apache version 2.2,Unix,5.19
3306,SMB,SMB version 1.8,Unix,9.65
21,ProFTPD,ProFTPD version 8.6,Windows,6.29
80,LiteSpeed,LiteSpeed version 3.2,Linux,5.39
80,nginx,nginx version 3.4,Linux,4.34
3306,MongoDB,MongoDB version 1.9,Windows,7.41
3306,Redis,Redis version 7.1,Linux,1.88
21,ProFTPD,ProFTPD version 8.7,Windows,6.64
3306,MongoDB,MongoDB version 3.7,Windows,2.06
3306,MongoDB,MongoDB version 7.9,Linux,0.74
3306,MariaDB,MariaDB version 3.3,Unix,4.95
3306,SMB,SMB version 2.6,Linux,6.71
3306,MySQL,MySQL version 2.6,Linux,4.07
80,nginx,nginx version 5.8,Linux,4.34
21,vsftpd,vsftpd version 4.9,Unix,9.15
3306,PostgreSQL,PostgreSQL version 3.9,Windows,4.11
80,Apache,Apache version 9.6,Linux,5.27
3306,MongoDB,MongoDB version 8.4,Linux,3.53
21,vsftpd,vsftpd version 7.8,Linux,4.94
21,vsftpd,vsftpd version 7.9,Linux,4.14
3306,Redis,Redis version 8.0,Windows,3.88
3306,MariaDB,MariaDB version 1.8,Linux,7.23
80,nginx,nginx version 5.3,Unix,6.27
3306,SMB,SMB version 8.5,Linux,6.71
3306,MySQL,MySQL version 2.7,Linux,1.04
3306,MySQL,MySQL version 9.4,Windows,3.96
3306,Redis,Redis version 8.2,Linux,8.55
3306,MongoDB,MongoDB version 7.8,Linux,4.15
22,OpenSSH,OpenSSH version 4.3,Windows,6.15
80,LiteSpeed,LiteSpeed version 4.2,Unix,6.66
3306,MariaDB,MariaDB version 8.7,Linux,4.83
3306,RDP,RDP version 3.6,Windows,5.24
22,OpenSSH,OpenSSH version 2.9,Windows,0.85
80,LiteSpeed,LiteSpeed version 9.9,Unix,5.53
3306,PostgreSQL,PostgreSQL version 3.1,Linux,3.28
3306,RDP,RDP version 6.6,Unix,6.76
3306,Redis,Redis version 6.1,Linux,2.63
21,ProFTPD,ProFTPD version 9.1,Windows,6.1
21,vsftpd,vsftpd version 2.1,Windows,4.55
3306,RDP,RDP version 6.3,Unix,6.9
3306,MariaDB,MariaDB version 5.2,Linux,2.83
80,nginx,nginx version 7.6,Windows,6.3
3306,MariaDB,MariaDB version 8.5,Windows,3.6
21,ProFTPD,ProFTPD version 8.9,Unix,3.99
21,ProFTPD,ProFTPD version 1.5,Linux,6.34
21,ProFTPD,ProFTPD version 2.7,Linux,6.55
80,LiteSpeed,LiteSpeed version 7.4,Linux,4.74
3306,SMB,SMB version 5.4,Windows,8.54
21,vsftpd,vsftpd version 9.0,Windows,4.15
21,ProFTPD,ProFTPD version 3.1,Linux,6.32
80,LiteSpeed,LiteSpeed version 7.7,Unix,2.85
22,OpenSSH,OpenSSH version 7.4,Linux,5.73
3306,MongoDB,MongoDB version 2.2,Windows,4.78
21,vsftpd,vsftpd version 6.7,Linux,3.87
80,nginx,nginx version 7.9,Unix,1.64
22,OpenSSH,OpenSSH version 1.9,Windows,6.67
3306,SMB,SMB version 8.7,Windows,4.66
3306,PostgreSQL,PostgreSQL version 2.9,Unix,3.61
3306,RDP,RDP version 4.5,Linux,7.04
3306,Redis,Redis version 4.1,Windows,2.71
3306,Redis,Redis version 4.8,Unix,2.26
3306,MongoDB,MongoDB version 3.6,Windows,1.31
3306,Redis,Redis version 2.2,Windows,5.58
3306,SMB,SMB version 6.8,Windows,5.68
3306,RDP,RDP version 8.6,Windows,10.0
80,nginx,nginx version 7.8,Linux,3.01
3306,Redis,Redis version 8.6,Unix,3.12
3306,MongoDB,MongoDB version 4.3,Linux,3.65
3306,MongoDB,MongoDB version 2.4,Linux,4.86
3306,MariaDB,MariaDB version 3.3,Unix,3.79
80,LiteSpeed,LiteSpeed version 1.3,Unix,5.42
21,ProFTPD,ProFTPD version 6.2,Windows,5.03
3306,RDP,RDP version 3.6,Unix,4.43
3306,MongoDB,MongoDB version 6.7,Linux,1.8
21,vsftpd,vsftpd version 7.9,Unix,1.16
3306,PostgreSQL,PostgreSQL version 5.0,Linux,3.72
22,OpenSSH,OpenSSH version 4.1,Linux,4.05
22,OpenSSH,OpenSSH version 6.6,Linux,3.55
3306,SMB,SMB version 5.6,Linux,8.37
3306,MySQL,MySQL version 4.3,Linux,6.34
3306,SMB,SMB version 5.9,Unix,6.0
21,ProFTPD,ProFTPD version 9.9,Unix,3.81
80,Apache,Apache version 9.9,Windows,3.65
3306,MariaDB,MariaDB version 6.6,Linux,3.6
3306,PostgreSQL,PostgreSQL version 3.6,Unix,3.51
21,ProFTPD,ProFTPD version 1.8,Unix,5.45
22,OpenSSH,OpenSSH version 2.6,Linux,3.52
80,nginx,nginx version 6.3,Unix,3.92
3306,PostgreSQL,PostgreSQL version 5.6,Linux,3.55
22,OpenSSH,OpenSSH version 3.5,Windows,4.81
3306,RDP,RDP version 6.6,Windows,7.04
3306,MySQL,MySQL version 8.1,Windows,3.13
21,ProFTPD,ProFTPD version 4.7,Windows,8.41
3306,MariaDB,MariaDB version 8.8,Unix,3.03
21,ProFTPD,ProFTPD version 6.8,Windows,4.07
3306,MariaDB,MariaDB version 9.6,Windows,5.07
22,OpenSSH,OpenSSH version 4.1,Windows,3.27
22,OpenSSH,OpenSSH version 1.1,Windows,4.98
80,Apache,Apache version 2.1,Linux,0.89
3306,SMB,SMB version 9.6,Windows,8.59
22,OpenSSH,OpenSSH version 7.4,Unix,5.51
21,ProFTPD,ProFTPD version 6.8,Unix,4.25
21,vsftpd,vsftpd version 2.9,Windows,2.28
3306,MongoDB,MongoDB version 1.1,Unix,7.01
3306,SMB,SMB version 7.2,Unix,5.39
3306,MariaDB,MariaDB version 5.2,Linux,3.25
3306,RDP,RDP version 5.4,Unix,3.1
3306,MariaDB,MariaDB version 9.9,Unix,3.97
21,vsftpd,vsftpd version 2.2,Linux,4.16
3306,MongoDB,MongoDB version 5.1,Unix,5.57
21,ProFTPD,ProFTPD version 1.9,Windows,4.4
80,Apache,Apache version 2.1,Unix,2.22
3306,Redis,Redis version 6.6,Unix,5.18
21,ProFTPD,ProFTPD version 9.5,Linux,8.01
3306,MongoDB,MongoDB version 1.5,Linux,2.14
3306,RDP,RDP version 8.0,Windows,8.12
3306,Redis,Redis version 5.7,Unix,4.56
80,Apache,Apache version 5.3,Unix,6.14
3306,MariaDB,MariaDB version 1.2,Linux,4.39
22,OpenSSH,OpenSSH version 9.0,Unix,0.72
3306,MySQL,MySQL version 9.6,Linux,4.27
80,nginx,nginx version 8.8,Linux,6.09
80,Apache,Apache version 6.1,Windows,3.16
80,LiteSpeed,LiteSpeed version 9.8,Linux,3.92
80,nginx,nginx version 2.1,Unix,4.24
3306,MongoDB,MongoDB version 7.1,Windows,0.15
3306,RDP,RDP version 3.5,Linux,9.01
21,vsftpd,vsftpd version 6.8,Linux,3.15
3306,SMB,SMB version 6.4,Unix,7.26
3306,RDP,RDP version 7.7,Windows,6.37
3306,SMB,SMB version 9.0,Unix,8.39
3306,MySQL,MySQL version 4.8,Windows,5.11
80,LiteSpeed,LiteSpeed version 7.0,Linux,4.15
3306,MySQL,MySQL version 5.2,Linux,3.16
21,ProFTPD,ProFTPD version 7.1,Windows,7.7
21,ProFTPD,ProFTPD version 9.8,Linux,3.69
3306,PostgreSQL,PostgreSQL version 9.1,Unix,5.47
3306,Redis,Redis version 3.1,Windows,2.85
80,nginx,nginx version 5.2,Linux,6.38
3306,RDP,RDP version 1.4,Linux,6.74
3306,Redis,Redis version 7.8,Windows,5.47
80,nginx,nginx version 6.4,Linux,4.62
3306,RDP,RDP version 1.8,Linux,3.87
21,vsftpd,vsftpd version 7.7,Windows,3.21
3306,MySQL,MySQL version 6.5,Linux,5.51
3306,MongoDB,MongoDB version 4.0,Unix,4.75
80,LiteSpeed,LiteSpeed version 8.7,Unix,6.27
21,ProFTPD,ProFTPD version 1.7,Windows,7.1
80,nginx,nginx version 4.0,Linux,3.05
3306,MongoDB,MongoDB version 4.8,Windows,3.31
22,OpenSSH,OpenSSH version 5.7,Unix,4.65
21,vsftpd,vsftpd version 3.5,Unix,1.03
22,OpenSSH,OpenSSH version 6.7,Unix,7.01
21,vsftpd,vsftpd version 6.3,Linux,5.16
80,nginx,nginx version 1.2,Windows,6.34
3306,MongoDB,MongoDB version 6.4,Windows,2.13
3306,MariaDB,MariaDB version 3.8,Windows,6.37
3306,RDP,RDP version 9.0,Windows,9.85
3306,MySQL,MySQL version 6.9,Windows,2.52
22,OpenSSH,OpenSSH version 5.3,Linux,5.66
3306,RDP,RDP version 6.2,Windows,6.5
21,ProFTPD,ProFTPD version 6.3,Linux,4.18
21,vsftpd,vsftpd version 2.3,Linux,5.24
21,vsftpd,vsftpd version 9.5,Unix,5.75
80,nginx,nginx version 3.8,Windows,3.6
80,nginx,nginx version 4.0,Windows,6.25
3306,RDP,RDP version 4.5,Linux,4.0
3306,MariaDB,MariaDB version 9.0,Unix,2.26
3306,MySQL,MySQL version 4.4,Linux,4.7
3306,Redis,Redis version 1.4,Unix,4.54
80,Apache,Apache version 6.2,Windows,3.43
3306,RDP,RDP version 7.9,Unix,7.71
21,vsftpd,vsftpd version 5.7,Unix,5.3
3306,Redis,Redis version 6.7,Linux,5.79
22,OpenSSH,OpenSSH version 9.6,Linux,4.32
80,Apache,Apache version 1.8,Unix,5.4
80,Apache,Apache version 1.7,Windows,3.83
3306,MySQL,MySQL version 2.2,Unix,7.58
80,LiteSpeed,LiteSpeed version 3.5,Linux,3.28
3306,MySQL,MySQL version 8.9,Linux,7.66
21,vsftpd,vsftpd version 8.6,Linux,4.55
21,vsftpd,vsftpd version 8.2,Unix,2.44
3306,RDP,RDP version 1.3,Windows,8.55
3306,PostgreSQL,PostgreSQL version 7.8,Windows,4.69
3306,MySQL,MySQL version 8.2,Unix,5.78
3306,SMB,SMB version 8.9,Linux,8.34
22,OpenSSH,OpenSSH version 5.0,Linux,5.01
22,OpenSSH,OpenSSH version 5.1,Unix,3.61
22,OpenSSH,OpenSSH version 8.4,Linux,5.96
3306,Redis,Redis version 6.9,Windows,4.5
3306,MariaDB,MariaDB version 1.4,Unix,5.53
80,Apache,Apache version 8.9,Linux,1.27
22,OpenSSH,OpenSSH version 5.1,Unix,5.17
3306,Redis,Redis version 2.9,Windows,3.54
21,ProFTPD,ProFTPD version 8.7,Unix,8.98
80,nginx,nginx version 1.0,Linux,5.43
3306,MongoDB,MongoDB version 3.3,Windows,4.86
21,ProFTPD,ProFTPD version 5.6,Windows,7.23
21,vsftpd,vsftpd version 4.8,Windows,3.0
3306,SMB,SMB version 2.8,Windows,8.93
21,ProFTPD,ProFTPD version 4.5,Windows,9.49
22,OpenSSH,OpenSSH version 5.5,Unix,5.09
3306,RDP,RDP version 3.2,Windows,8.89
3306,MariaDB,MariaDB version 2.4,Unix,3.65
3306,RDP,RDP version 4.6,Unix,5.3
80,LiteSpeed,LiteSpeed version 9.1,Unix,4.56
80,nginx,nginx version 6.6,Unix,5.15
3306,Redis,Redis version 4.0,Windows,3.91
3306,Redis,Redis version 8.5,Unix,5.31
3306,MariaDB,MariaDB version 3.7,Linux,4.96
3306,SMB,SMB version 1.3,Unix,5.0
3306,PostgreSQL,PostgreSQL version 2.7,Linux,5.28
3306,RDP,RDP version 4.1,Windows,7.8
21,ProFTPD,ProFTPD version 5.3,Linux,6.76
3306,MongoDB,MongoDB version 7.9,Windows,6.23
3306,SMB,SMB version 7.7,Windows,4.67
80,nginx,nginx version 3.7,Unix,5.2
22,OpenSSH,OpenSSH version 5.8,Windows,2.74
3306,MariaDB,MariaDB version 7.1,Windows,2.83
3306,SMB,SMB version 3.1,Linux,5.55
21,ProFTPD,ProFTPD version 5.1,Windows,5.09
22,OpenSSH,OpenSSH version 6.0,Linux,3.68
3306,MongoDB,MongoDB version 4.1,Linux,4.18
3306,MongoDB,MongoDB version 1.9,Windows,5.76
3306,RDP,RDP version 8.7,Unix,6.02
3306,PostgreSQL,PostgreSQL version 3.9,Unix,2.12
3306,RDP,RDP version 4.7,Linux,8.21
21,vsftpd,vsftpd version 3.9,Unix,3.24
3306,PostgreSQL,PostgreSQL version 8.0,Windows,4.41
21,ProFTPD,ProFTPD version 6.8,Windows,7.17
3306,MariaDB,MariaDB version 2.7,Linux,4.8
80,Apache,Apache version 9.1,Unix,6.14
21,ProFTPD,ProFTPD version 9.2,Windows,7.22
22,OpenSSH,OpenSSH version 7.6,Unix,3.21
80,Apache,Apache version 3.3,Linux,7.77
80,Apache,Apache version 2.4,Unix,4.79
21,vsftpd,vsftpd version 6.3,Linux,4.28
3306,SMB,SMB version 5.9,Windows,7.95
3306,PostgreSQL,PostgreSQL version 6.7,Linux,4.87
3306,MariaDB,MariaDB version 6.2,Unix,5.1
21,ProFTPD,ProFTPD version 3.4,Unix,10.0
3306,MariaDB,MariaDB version 6.5,Windows,4.09
80,LiteSpeed,LiteSpeed version 7.7,Windows,4.02
21,ProFTPD,ProFTPD version 7.9,Windows,6.67
3306,MariaDB,MariaDB version 9.7,Unix,6.11
21,vsftpd,vsftpd version 3.7,Unix,2.24
22,OpenSSH,OpenSSH version 2.8,Linux,1.55
80,Apache,Apache version 9.2,Windows,3.62
80,nginx,nginx version 4.7,Windows,2.05
22,OpenSSH,OpenSSH version 7.6,Windows,3.86
80,nginx,nginx version 9.7,Unix,5.25
3306,Redis,Redis version 6.6,Unix,3.16
3306,Redis,Redis version 3.5,Unix,2.36
21,vsftpd,vsftpd version 7.8,Linux,4.6
21,vsftpd,vsftpd version 9.5,Windows,5.79
3306,MySQL,MySQL version 3.1,Unix,1.96
3306,SMB,SMB version 7.1,Linux,7.73
3306,Redis,Redis version 2.1,Windows,5.73
3306,Redis,Redis version 9.4,Linux,5.93
3306,SMB,SMB version 7.2,Linux,8.33
3306,MongoDB,MongoDB version 9.8,Unix,7.8
3306,PostgreSQL,PostgreSQL version 6.3,Windows,3.97
21,ProFTPD,ProFTPD version 2.5,Unix,6.66
80,Apache,Apache version 1.0,Windows,3.88
21,ProFTPD,ProFTPD version 6.5,Linux,6.5
3306,RDP,RDP version 1.4,Windows,8.8
80,LiteSpeed,LiteSpeed version 5.2,Unix,2.48
21,vsftpd,vsftpd version 9.6,Linux,3.21
21,vsftpd,vsftpd version 6.2,Unix,6.57
21,ProFTPD,ProFTPD version 2.5,Linux,8.03
3306,MySQL,MySQL version 6.6,Unix,3.96
3306,MySQL,MySQL version 8.7,Linux,5.78
3306,MariaDB,MariaDB version 9.4,Windows,5.01
22,OpenSSH,OpenSSH version 7.4,Unix,6.75
3306,MySQL,MySQL version 3.0,Unix,4.61
22,OpenSSH,OpenSSH version 1.6,Linux,6.04
80,nginx,nginx version 2.3,Linux,8.46
22,OpenSSH,OpenSSH version 9.3,Linux,5.4
22,OpenSSH,OpenSSH version 1.7,Unix,4.57
3306,RDP,RDP version 5.9,Windows,7.58
3306,RDP,RDP version 5.6,Windows,5.95
80,nginx,nginx version 4.9,Linux,8.08
3306,MySQL,MySQL version 5.9,Linux,4.77
3306,Redis,Redis version 4.1,Windows,4.09
3306,MariaDB,MariaDB version 4.4,Unix,3.25
3306,SMB,SMB version 8.9,Windows,8.15
3306,RDP,RDP version 1.5,Linux,7.8
80,LiteSpeed,LiteSpeed version 1.5,Linux,3.75
80,nginx,nginx version 6.5,Unix,5.36
3306,SMB,SMB version 3.4,Windows,4.24
80,nginx,nginx version 7.9,Windows,4.78
3306,PostgreSQL,PostgreSQL version 2.1,Linux,5.18
3306,PostgreSQL,PostgreSQL version 1.2,Unix,7.06
3306,MariaDB,MariaDB version 1.2,Windows,3.34
21,vsftpd,vsftpd version 9.3,Linux,2.58
3306,Redis,Redis version 1.9,Linux,3.16
3306,RDP,RDP version 6.8,Linux,4.5
3306,MySQL,MySQL version 2.2,Windows,6.5
3306,MariaDB,MariaDB version 3.4,Windows,6.82
80,LiteSpeed,LiteSpeed version 4.2,Windows,4.98
80,LiteSpeed,LiteSpeed version 1.1,Linux,6.33
80,LiteSpeed,LiteSpeed version 9.6,Linux,4.7
3306,SMB,SMB version 9.4,Unix,6.36
3306,SMB,SMB version 3.3,Linux,6.0
3306,MariaDB,MariaDB version 8.7,Windows,4.03
3306,PostgreSQL,PostgreSQL version 6.0,Windows,2.18
3306,MongoDB,MongoDB version 8.5,Windows,4.9
21,ProFTPD,ProFTPD version 2.9,Linux,6.44
80,nginx,nginx version 1.3,Linux,5.62
80,Apache,Apache version 7.1,Linux,4.64
3306,Redis,Redis version 1.3,Windows,4.26
3306,RDP,RDP version 4.4,Unix,5.19
22,OpenSSH,OpenSSH version 8.6,Windows,4.61
21,vsftpd,vsftpd version 5.3,Unix,5.61
3306,MariaDB,MariaDB version 1.5,Unix,2.78
22,OpenSSH,OpenSSH version 5.8,Windows,4.63
80,nginx,nginx version 8.9,Windows,4.85
3306,PostgreSQL,PostgreSQL version 2.6,Windows,3.42
21,vsftpd,vsftpd version 3.8,Unix,3.62
3306,MongoDB,MongoDB version 8.8,Unix,4.85
3306,MySQL,MySQL version 6.2,Unix,2.8
3306,MySQL,MySQL version 7.4,Unix,5.02
3306,PostgreSQL,PostgreSQL version 3.1,Unix,3.16
3306,MySQL,MySQL version 1.7,Linux,6.09
3306,PostgreSQL,PostgreSQL version 9.7,Linux,8.01
3306,SMB,SMB version 9.4,Unix,5.21
3306,MariaDB,MariaDB version 9.4,Linux,5.3
3306,MongoDB,MongoDB version 4.3,Unix,3.41
3306,RDP,RDP version 7.7,Windows,8.06
3306,RDP,RDP version 1.9,Windows,4.6
21,ProFTPD,ProFTPD version 8.6,Linux,7.22
3306,PostgreSQL,PostgreSQL version 3.4,Linux,3.19
3306,MariaDB,MariaDB version 8.7,Windows,4.19
80,LiteSpeed,LiteSpeed version 5.2,Windows,2.95
3306,MySQL,MySQL version 3.4,Linux,5.73
3306,PostgreSQL,PostgreSQL version 5.4,Windows,3.24
3306,MySQL,MySQL version 1.7,Linux,5.33
3306,SMB,SMB version 9.9,Linux,5.98
22,OpenSSH,OpenSSH version 4.0,Linux,4.33
80,Apache,Apache version 5.1,Unix,4.72
3306,SMB,SMB version 7.5,Windows,5.36
3306,MongoDB,MongoDB version 8.4,Unix,4.82
3306,Redis,Redis version 2.6,Unix,6.8
3306,MongoDB,MongoDB version 6.3,Unix,3.33
21,vsftpd,vsftpd version 1.4,Unix,6.26
3306,RDP,RDP version 9.5,Unix,8.75
80,Apache,Apache version 5.8,Linux,3.28
3306,MySQL,MySQL version 9.4,Windows,2.32
3306,Redis,Redis version 7.9,Windows,4.95
80,nginx,nginx version 8.2,Unix,3.68
3306,MySQL,MySQL version 2.8,Unix,7.3
80,Apache,Apache version 1.0,Unix,4.55
21,ProFTPD,ProFTPD version 5.1,Windows,5.3
3306,SMB,SMB version 5.5,Linux,4.78
21,ProFTPD,ProFTPD version 3.8,Windows,8.13
3306,PostgreSQL,PostgreSQL version 2.2,Windows,3.64
3306,Redis,Redis version 1.9,Linux,4.57
80,LiteSpeed,LiteSpeed version 3.5,Linux,5.93
3306,SMB,SMB version 9.4,Unix,5.77
80,Apache,Apache version 7.1,Unix,4.43
3306,MariaDB,MariaDB version 1.8,Linux,4.48
21,ProFTPD,ProFTPD version 5.7,Linux,7.52
3306,SMB,SMB version 6.4,Windows,7.39
80,LiteSpeed,LiteSpeed version 3.1,Linux,4.17
3306,SMB,SMB version 9.4,Windows,6.6
3306,SMB,SMB version 7.9,Linux,5.94
80,nginx,nginx version 2.0,Windows,2.28
3306,SMB,SMB version 4.2,Linux,6.89
80,LiteSpeed,LiteSpeed version 5.2,Linux,7.34
21,ProFTPD,ProFTPD version 8.0,Windows,5.17
22,OpenSSH,OpenSSH version 5.9,Unix,3.34
3306,RDP,RDP version 8.3,Windows,5.19
80,Apache,Apache version 5.8,Linux,5.59
3306,MySQL,MySQL version 3.6,Unix,5.17
3306,PostgreSQL,PostgreSQL version 4.0,Linux,4.26
22,OpenSSH,OpenSSH version 1.0,Unix,3.12
80,LiteSpeed,LiteSpeed version 9.5,Linux,4.64
3306,Redis,Redis version 8.6,Unix,2.15
21,ProFTPD,ProFTPD version 4.2,Unix,6.72
3306,Redis,Redis version 3.5,Unix,5.81
21,ProFTPD,ProFTPD version 8.5,Windows,4.62
3306,SMB,SMB version 3.1,Windows,4.2
3306,Redis,Redis version 4.6,Unix,6.87
80,nginx,nginx version 7.3,Unix,3.58
3306,MySQL,MySQL version 2.1,Unix,6.2
21,vsftpd,vsftpd version 6.7,Unix,4.27
3306,MariaDB,MariaDB version 9.2,Linux,4.26
21,ProFTPD,ProFTPD version 2.4,Unix,7.16
3306,MySQL,MySQL version 9.4,Linux,3.17
80,Apache,Apache version 2.4,Unix,4.7
80,LiteSpeed,LiteSpeed version 1.4,Unix,3.93
80,LiteSpeed,LiteSpeed version 3.6,Unix,2.52
3306,PostgreSQL,PostgreSQL version 4.1,Windows,5.01
80,LiteSpeed,LiteSpeed version 9.2,Unix,4.11
21,ProFTPD,ProFTPD version 4.2,Unix,6.26
3306,MongoDB,MongoDB version 8.7,Linux,2.68
3306,MongoDB,MongoDB version 5.9,Windows,6.89
3306,MariaDB,MariaDB version 4.8,Unix,5.82
3306,RDP,RDP version 8.1,Unix,7.95
21,vsftpd,vsftpd version 1.5,Unix,4.04
80,LiteSpeed,LiteSpeed version 8.0,Linux,1.91
3306,SMB,SMB version 5.5,Linux,9.43
80,Apache,Apache version 1.5,Unix,4.41
80,nginx,nginx version 9.2,Unix,3.38
22,OpenSSH,OpenSSH version 1.6,Windows,5.13
3306,Redis,Redis version 2.5,Linux,6.25
3306,MariaDB,MariaDB version 5.0,Linux,4.47
3306,MySQL,MySQL version 1.9,Unix,6.42
80,nginx,nginx version 3.5,Linux,6.12
21,ProFTPD,ProFTPD version 6.2,Windows,4.89
21,ProFTPD,ProFTPD version 8.4,Linux,5.49
3306,MySQL,MySQL version 1.1,Unix,5.94
3306,SMB,SMB version 2.4,Unix,2.43
3306,PostgreSQL,PostgreSQL version 9.5,Linux,4.28
22,OpenSSH,OpenSSH version 7.6,Unix,2.35
3306,SMB,SMB version 1.5,Linux,5.79
3306,MongoDB,MongoDB version 9.9,Unix,4.05
3306,Redis,Redis version 1.5,Linux,3.96
22,OpenSSH,OpenSSH version 3.1,Unix,3.67
22,OpenSSH,OpenSSH version 4.8,Unix,2.85
21,ProFTPD,ProFTPD version 9.5,Linux,9.94
80,Apache,Apache version 6.7,Windows,7.3
3306,SMB,SMB version 9.9,Unix,4.76
80,nginx,nginx version 5.0,Linux,6.87
3306,MongoDB,MongoDB version 8.6,Windows,3.9
3306,SMB,SMB version 5.3,Windows,6.69
80,Apache,Apache version 4.2,Windows,4.41
80,nginx,nginx version 8.7,Linux,3.51
3306,MySQL,MySQL version 3.0,Windows,5.98
80,nginx,nginx version 6.2,Windows,4.69
80,Apache,Apache version 1.7,Windows,3.79
3306,MongoDB,MongoDB version 5.3,Windows,2.54
22,OpenSSH,OpenSSH version 4.4,Unix,3.16
80,LiteSpeed,LiteSpeed version 1.0,Windows,2.04
3306,RDP,RDP version 2.0,Linux,6.52
3306,MySQL,MySQL version 5.2,Unix,2.71
21,vsftpd,vsftpd version 1.0,Windows,4.1
3306,SMB,SMB version 1.1,Windows,8.56
3306,PostgreSQL,PostgreSQL version 4.1,Windows,6.3
3306,RDP,RDP version 8.2,Linux,6.45
22,OpenSSH,OpenSSH version 4.9,Unix,4.37
3306,Redis,Redis version 2.9,Unix,7.32
21,ProFTPD,ProFTPD version 4.3,Linux,7.28
3306,MongoDB,MongoDB version 4.8,Windows,4.01
3306,SMB,SMB version 3.2,Unix,4.36
80,Apache,Apache version 7.5,Windows,5.09
3306,MariaDB,MariaDB version 3.5,Unix,5.74
3306,Redis,Redis version 8.7,Unix,3.55
3306,MySQL,MySQL version 9.7,Windows,4.94
3306,SMB,SMB version 1.9,Windows,5.95
3306,SMB,SMB version 7.6,Linux,6.22
80,LiteSpeed,LiteSpeed version 3.6,Unix,0.77
80,nginx,nginx version 9.4,Unix,4.17
3306,Redis,Redis version 2.4,Windows,5.95
80,nginx,nginx version 4.5,Windows,3.55
3306,Redis,Redis version 1.0,Windows,4.58
80,LiteSpeed,LiteSpeed version 5.2,Linux,3.37
3306,SMB,SMB version 3.6,Windows,7.04
21,ProFTPD,ProFTPD version 3.7,Unix,6.18
3306,PostgreSQL,PostgreSQL version 7.4,Windows,3.09
3306,Redis,Redis version 8.6,Windows,6.5
80,LiteSpeed,LiteSpeed version 2.1,Linux,5.89
3306,SMB,SMB version 3.5,Linux,5.59
22,OpenSSH,OpenSSH version 4.1,Windows,5.25
3306,SMB,SMB version 2.4,Windows,7.31
3306,MySQL,MySQL version 9.9,Unix,5.46
21,ProFTPD,ProFTPD version 1.8,Unix,3.96
21,vsftpd,vsftpd version 9.1,Windows,6.01
3306,MongoDB,MongoDB version 2.3,Unix,3.65
3306,MySQL,MySQL version 1.3,Unix,3.96
80,Apache,Apache version 7.1,Linux,8.46
80,LiteSpeed,LiteSpeed version 5.6,Windows,4.95
3306,MySQL,MySQL version 5.7,Linux,3.92
80,nginx,nginx version 2.8,Unix,1.19
80,nginx,nginx version 6.1,Windows,6.58
21,vsftpd,vsftpd version 1.0,Unix,2.48
22,OpenSSH,OpenSSH version 1.6,Linux,2.99
80,nginx,nginx version 3.2,Linux,4.0
21,vsftpd,vsftpd version 3.8,Unix,6.62
22,OpenSSH,OpenSSH version 7.5,Unix,5.66
3306,MongoDB,MongoDB version 2.9,Unix,4.26
21,ProFTPD,ProFTPD version 8.6,Unix,6.96
3306,SMB,SMB version 4.1,Windows,5.6
21,ProFTPD,ProFTPD version 2.6,Linux,6.71
3306,SMB,SMB version 7.8,Windows,6.61
3306,RDP,RDP version 5.0,Unix,7.95
21,vsftpd,vsftpd version 2.6,Unix,5.95
21,vsftpd,vsftpd version 2.0,Unix,5.24
21,ProFTPD,ProFTPD version 9.1,Windows,5.96
3306,Redis,Redis version 9.1,Linux,5.61
80,Apache,Apache version 1.4,Linux,4.36
21,vsftpd,vsftpd version 4.5,Windows,2.88
3306,MariaDB,MariaDB version 3.5,Linux,3.9
21,vsftpd,vsftpd version 2.5,Unix,4.63
21,vsftpd,vsftpd version 7.1,Unix,5.87
3306,MongoDB,MongoDB version 6.1,Windows,4.22
3306,RDP,RDP version 3.4,Windows,4.69
80,Apache,Apache version 6.3,Windows,4.59
22,OpenSSH,OpenSSH version 6.3,Unix,4.67
80,Apache,Apache version 3.8,Linux,4.78
3306,MongoDB,MongoDB version 3.3,Windows,5.88
3306,PostgreSQL,PostgreSQL version 7.2,Unix,6.03
3306,MariaDB,MariaDB version 9.9,Linux,3.61
3306,PostgreSQL,PostgreSQL version 7.5,Linux,3.58
21,vsftpd,vsftpd version 7.6,Linux,2.94
21,vsftpd,vsftpd version 8.7,Unix,5.55
3306,MongoDB,MongoDB version 1.1,Linux,6.67
3306,MySQL,MySQL version 1.7,Linux,4.03
3306,MongoDB,MongoDB version 2.5,Unix,4.14
80,nginx,nginx version 8.1,Linux,6.7
80,LiteSpeed,LiteSpeed version 6.7,Linux,5.26
3306,MariaDB,MariaDB version 3.9,Unix,5.15
80,nginx,nginx version 4.6,Windows,2.71
3306,Redis,Redis version 3.1,Windows,5.52
21,ProFTPD,ProFTPD version 5.4,Linux,5.11
3306,MariaDB,MariaDB version 9.7,Unix,2.8
3306,SMB,SMB version 5.5,Unix,5.98
3306,RDP,RDP version 9.7,Unix,5.62
3306,RDP,RDP version 4.9,Windows,6.17
21,ProFTPD,ProFTPD version 7.6,Unix,4.34
22,OpenSSH,OpenSSH version 5.8,Windows,5.94
3306,SMB,SMB version 5.4,Windows,8.19
21,vsftpd,vsftpd version 7.7,Linux,1.58
80,nginx,nginx version 5.3,Windows,5.97
3306,MongoDB,MongoDB version 8.5,Windows,3.28
80,nginx,nginx version 9.2,Unix,5.79
21,vsftpd,vsftpd version 4.1,Unix,4.4
22,OpenSSH,OpenSSH version 1.7,Linux,4.54
22,OpenSSH,OpenSSH version 3.7,Windows,4.22
3306,PostgreSQL,PostgreSQL version 4.0,Windows,6.32
3306,MariaDB,MariaDB version 2.5,Windows,2.64
22,OpenSSH,OpenSSH version 2.8,Linux,5.41
80,nginx,nginx version 8.2,Windows,6.15
3306,PostgreSQL,PostgreSQL version 8.3,Unix,5.57
80,LiteSpeed,LiteSpeed version 8.3,Windows,7.99
3306,MariaDB,MariaDB version 8.4,Windows,3.71
3306,Redis,Redis version 4.5,Unix,5.94
3306,MySQL,MySQL version 4.5,Linux,4.34
3306,MariaDB,MariaDB version 2.7,Unix,6.35
22,OpenSSH,OpenSSH version 3.8,Unix,4.49
3306,MySQL,MySQL version 9.8,Linux,3.92
80,nginx,nginx version 4.4,Linux,6.46
80,LiteSpeed,LiteSpeed version 2.1,Windows,3.76
80,Apache,Apache version 7.9,Unix,2.38
3306,MySQL,MySQL version 2.3,Linux,3.72
80,LiteSpeed,LiteSpeed version 9.0,Windows,5.43
80,LiteSpeed,LiteSpeed version 2.7,Unix,6.59
3306,MariaDB,MariaDB version 2.7,Windows,4.67
3306,MariaDB,MariaDB version 3.8,Unix,6.48
3306,MySQL,MySQL version 9.9,Linux,2.46
3306,Redis,Redis version 3.5,Linux,3.84
22,OpenSSH,OpenSSH version 9.7,Unix,4.07
3306,Redis,Redis version 6.4,Windows,4.33
21,ProFTPD,ProFTPD version 7.1,Windows,6.63
3306,Redis,Redis version 4.0,Unix,5.54
22,OpenSSH,OpenSSH version 1.3,Linux,3.83
3306,MariaDB,MariaDB version 5.5,Windows,4.71
3306,RDP,RDP version 1.5,Windows,6.43
3306,RDP,RDP version 2.3,Linux,5.11
21,ProFTPD,ProFTPD version 4.2,Unix,6.33
3306,MariaDB,MariaDB version 9.1,Unix,4.28
3306,Redis,Redis version 7.7,Linux,4.25
3306,PostgreSQL,PostgreSQL version 8.3,Linux,4.55
3306,PostgreSQL,PostgreSQL version 9.5,Windows,4.61
3306,PostgreSQL,PostgreSQL version 9.5,Windows,3.85
21,vsftpd,vsftpd version 5.9,Windows,6.41
3306,MariaDB,MariaDB version 4.4,Linux,2.75
80,nginx,nginx version 2.0,Unix,3.42
3306,Redis,Redis version 1.6,Unix,8.67
3306,MariaDB,MariaDB version 8.8,Windows,2.94
80,nginx,nginx version 1.6,Linux,2.47
3306,PostgreSQL,PostgreSQL version 9.8,Linux,5.6
3306,MySQL,MySQL version 3.4,Unix,1.38
3306,MySQL,MySQL version 5.6,Linux,4.15
3306,Redis,Redis version 6.9,Unix,7.72
3306,PostgreSQL,PostgreSQL version 1.8,Windows,2.18
3306,MySQL,MySQL version 4.1,Windows,1.53
3306,MariaDB,MariaDB version 7.5,Windows,2.25
3306,PostgreSQL,PostgreSQL version 9.9,Unix,5.85
22,OpenSSH,OpenSSH version 7.4,Windows,6.19
21,vsftpd,vsftpd version 6.5,Windows,3.73
80,nginx,nginx version 1.2,Linux,5.52
3306,PostgreSQL,PostgreSQL version 4.3,Linux,6.59
3306,Redis,Redis version 3.7,Unix,7.18
80,nginx,nginx version 9.6,Windows,4.13
3306,SMB,SMB version 1.3,Windows,3.05
80,LiteSpeed,LiteSpeed version 7.7,Linux,3.27
3306,Redis,Redis version 4.3,Unix,3.86
3306,PostgreSQL,PostgreSQL version 2.7,Unix,4.11
3306,MySQL,MySQL version 3.7,Linux,4.22
80,nginx,nginx version 3.4,Windows,6.18
3306,SMB,SMB version 7.8,Unix,8.41
80,Apache,Apache version 2.1,Windows,4.24
3306,MySQL,MySQL version 7.9,Unix,6.15
3306,MariaDB,MariaDB version 8.3,Unix,5.04
80,LiteSpeed,LiteSpeed version 6.6,Windows,4.6
80,Apache,Apache version 3.0,Linux,5.86
3306,Redis,Redis version 4.7,Unix,4.61
3306,PostgreSQL,PostgreSQL version 3.3,Windows,7.59
80,Apache,Apache version 2.1,Linux,2.34
3306,Redis,Redis version 5.0,Unix,3.73
3306,MariaDB,MariaDB version 4.3,Linux,4.31
80,LiteSpeed,LiteSpeed version 4.8,Windows,5.16
80,nginx,nginx version 8.7,Windows,6.4
80,nginx,nginx version 9.2,Unix,4.46
22,OpenSSH,OpenSSH version 3.4,Windows,2.37
3306,RDP,RDP version 6.2,Windows,7.76
80,LiteSpeed,LiteSpeed version 2.3,Linux,5.63
21,ProFTPD,ProFTPD version 4.8,Unix,3.59
21,vsftpd,vsftpd version 9.2,Unix,4.49
80,Apache,Apache version 9.2,Unix,2.11
80,nginx,nginx version 3.6,Windows,3.5
3306,RDP,RDP version 6.3,Unix,5.15
80,Apache,Apache version 1.5,Linux,5.71
80,LiteSpeed,LiteSpeed version 2.9,Windows,4.68
3306,PostgreSQL,PostgreSQL version 1.4,Linux,2.57
3306,SMB,SMB version 2.8,Windows,7.82
3306,Redis,Redis version 3.3,Unix,2.35
80,nginx,nginx version 5.1,Linux,5.0
3306,RDP,RDP version 1.3,Unix,5.28
21,ProFTPD,ProFTPD version 6.1,Unix,5.95
3306,RDP,RDP version 8.7,Unix,7.26
80,nginx,nginx version 8.0,Linux,5.28
21,vsftpd,vsftpd version 6.1,Windows,6.51
3306,MongoDB,MongoDB version 3.5,Unix,4.38
21,ProFTPD,ProFTPD version 2.5,Linux,6.96
3306,SMB,SMB version 6.2,Unix,5.84
3306,MariaDB,MariaDB version 9.8,Linux,4.77
3306,SMB,SMB version 9.7,Windows,7.16
3306,MySQL,MySQL version 1.3,Unix,4.35
80,Apache,Apache version 4.9,Windows,1.79
3306,SMB,SMB version 9.3,Windows,7.0
21,ProFTPD,ProFTPD version 7.1,Linux,7.05
80,nginx,nginx version 9.2,Linux,3.48
3306,RDP,RDP version 8.6,Linux,4.57
3306,SMB,SMB version 8.4,Linux,8.71
21,vsftpd,vsftpd version 3.5,Linux,5.24
3306,MariaDB,MariaDB version 7.7,Linux,4.16
3306,MongoDB,MongoDB version 8.5,Linux,2.79
3306,MongoDB,MongoDB version 6.9,Unix,3.27
21,vsftpd,vsftpd version 5.6,Linux,6.45
3306,MySQL,MySQL version 3.6,Windows,4.71
80,nginx,nginx version 3.8,Unix,3.67
3306,PostgreSQL,PostgreSQL version 8.5,Windows,5.26
80,nginx,nginx version 8.1,Windows,3.28
3306,PostgreSQL,PostgreSQL version 1.3,Linux,6.75
3306,PostgreSQL,PostgreSQL version 8.5,Linux,6.53
3306,Redis,Redis version 1.6,Unix,3.8
21,ProFTPD,ProFTPD version 3.8,Linux,5.56
80,LiteSpeed,LiteSpeed version 4.0,Windows,0.57
3306,MariaDB,MariaDB version 6.4,Unix,2.28
3306,RDP,RDP version 1.9,Linux,4.49
22,OpenSSH,OpenSSH version 8.3,Linux,4.7
3306,MariaDB,MariaDB version 6.6,Unix,4.01
3306,MySQL,MySQL version 7.7,Unix,2.48
80,LiteSpeed,LiteSpeed version 7.3,Windows,4.08
80,LiteSpeed,LiteSpeed version 1.2,Unix,5.26
22,OpenSSH,OpenSSH version 6.7,Unix,5.29
21,ProFTPD,ProFTPD version 7.5,Linux,3.65
3306,RDP,RDP version 9.7,Unix,6.31
3306,SMB,SMB version 4.6,Linux,4.42
3306,PostgreSQL,PostgreSQL version 2.3,Linux,5.85
80,Apache,Apache version 5.8,Linux,5.68
3306,PostgreSQL,PostgreSQL version 2.8,Windows,3.15
80,nginx,nginx version 2.0,Unix,3.35
80,LiteSpeed,LiteSpeed version 3.3,Windows,3.81
80,LiteSpeed,LiteSpeed version 4.0,Linux,1.12
3306,MySQL,MySQL version 1.5,Linux,5.0
3306,MariaDB,MariaDB version 9.0,Windows,4.09
21,vsftpd,vsftpd version 6.2,Windows,5.96
3306,MongoDB,MongoDB version 2.0,Linux,2.85
80,LiteSpeed,LiteSpeed version 5.9,Unix,3.57
3306,MySQL,MySQL version 9.8,Windows,2.24
80,Apache,Apache version 2.2,Linux,2.99
80,Apache,Apache version 9.5,Linux,2.73
80,Apache,Apache version 4.8,Unix,5.99
80,LiteSpeed,LiteSpeed version 3.7,Linux,3.45
80,nginx,nginx version 3.0,Windows,4.69
3306,PostgreSQL,PostgreSQL version 6.1,Windows,3.93
3306,SMB,SMB version 8.9,Linux,4.6
3306,MariaDB,MariaDB version 6.7,Windows,4.25
3306,MongoDB,MongoDB version 8.7,Linux,5.4
21,vsftpd,vsftpd version 4.3,Linux,2.69
80,LiteSpeed,LiteSpeed version 2.2,Unix,5.71
3306,RDP,RDP version 7.7,Windows,5.23
3306,Redis,Redis version 5.9,Linux,3.78
21,ProFTPD,ProFTPD version 7.5,Unix,7.3
80,Apache,Apache version 8.9,Windows,3.5
80,Apache,Apache version 8.3,Linux,4.56
3306,Redis,Redis version 1.0,Unix,4.03
80,Apache,Apache version 6.9,Windows,4.69
21,vsftpd,vsftpd version 6.5,Linux,0.93
21,vsftpd,vsftpd version 9.2,Unix,1.76
3306,Redis,Redis version 6.2,Linux,5.42
80,nginx,nginx version 1.0,Windows,6.06
80,nginx,nginx version 5.9,Unix,3.13
3306,MongoDB,MongoDB version 5.6,Unix,4.13
21,ProFTPD,ProFTPD version 6.8,Unix,6.94
3306,RDP,RDP version 6.3,Windows,7.54
80,Apache,Apache version 2.0,Unix,1.46
80,Apache,Apache version 1.6,Windows,3.17
3306,MariaDB,MariaDB version 3.8,Unix,4.0
21,vsftpd,vsftpd version 6.0,Windows,5.55
21,ProFTPD,ProFTPD version 2.2,Unix,10.0
22,OpenSSH,OpenSSH version 6.8,Windows,4.16
3306,PostgreSQL,PostgreSQL version 7.6,Unix,2.39
3306,RDP,RDP version 7.3,Windows,7.1
21,vsftpd,vsftpd version 2.8,Windows,6.48
21,vsftpd,vsftpd version 8.2,Windows,4.66
21,vsftpd,vsftpd version 6.7,Linux,3.14
21,ProFTPD,ProFTPD version 6.6,Windows,7.94
80,LiteSpeed,LiteSpeed version 4.6,Windows,5.5
3306,SMB,SMB version 6.6,Unix,4.96
3306,PostgreSQL,PostgreSQL version 1.7,Windows,5.07
3306,MongoDB,MongoDB version 4.6,Unix,6.0
3306,RDP,RDP version 9.9,Linux,8.27
3306,MongoDB,MongoDB version 1.8,Linux,4.4
3306,SMB,SMB version 6.2,Windows,5.96
21,vsftpd,vsftpd version 8.0,Unix,6.34
80,nginx,nginx version 5.6,Unix,2.68
3306,SMB,SMB version 2.9,Linux,7.16
80,LiteSpeed,LiteSpeed version 3.1,Unix,2.44
80,LiteSpeed,LiteSpeed version 6.5,Unix,6.1
3306,MariaDB,MariaDB version 9.9,Linux,4.11
3306,RDP,RDP version 2.3,Unix,8.4
3306,RDP,RDP version 8.4,Unix,7.24
80,Apache,Apache version 9.5,Unix,2.67
3306,SMB,SMB version 2.0,Unix,8.64
21,vsftpd,vsftpd version 5.9,Unix,6.83
80,nginx,nginx version 8.6,Unix,5.82
3306,PostgreSQL,PostgreSQL version 1.6,Unix,3.36
80,LiteSpeed,LiteSpeed version 5.7,Linux,4.04
21,ProFTPD,ProFTPD version 5.2,Windows,6.72
21,vsftpd,vsftpd version 6.9,Unix,3.44
3306,SMB,SMB version 2.8,Unix,9.04
3306,PostgreSQL,PostgreSQL version 9.6,Unix,4.72
80,nginx,nginx version 9.5,Unix,0.44
80,Apache,Apache version 3.5,Windows,5.01
3306,PostgreSQL,PostgreSQL version 4.7,Linux,3.98
3306,MongoDB,MongoDB version 7.1,Linux,4.39
3306,RDP,RDP version 6.1,Windows,5.95
21,vsftpd,vsftpd version 6.0,Linux,5.71
21,ProFTPD,ProFTPD version 6.8,Linux,8.18
3306,PostgreSQL,PostgreSQL version 2.5,Windows,4.92
3306,MySQL,MySQL version 7.6,Windows,3.99
80,Apache,Apache version 6.1,Linux,4.44
80,nginx,nginx version 1.7,Linux,4.53
3306,MySQL,MySQL version 1.9,Linux,3.3
80,Apache,Apache version 9.7,Linux,5.37
3306,Redis,Redis version 4.9,Linux,5.19
80,Apache,Apache version 9.7,Linux,6.81
3306,PostgreSQL,PostgreSQL version 2.6,Linux,6.38
80,LiteSpeed,LiteSpeed version 6.8,Windows,3.47
3306,RDP,RDP version 2.4,Unix,7.73
3306,PostgreSQL,PostgreSQL version 3.6,Windows,3.07
80,nginx,nginx version 1.5,Windows,5.54
3306,PostgreSQL,PostgreSQL version 4.1,Unix,3.73
3306,MySQL,MySQL version 6.7,Unix,2.97
3306,Redis,Redis version 3.2,Unix,4.92
21,vsftpd,vsftpd version 2.1,Linux,0.49
3306,Redis,Redis version 9.4,Unix,1.87
3306,SMB,SMB version 9.5,Linux,6.23
3306,MariaDB,MariaDB version 9.2,Linux,4.62
3306,MySQL,MySQL version 1.6,Unix,3.95
80,nginx,nginx version 1.0,Windows,2.13
22,OpenSSH,OpenSSH version 7.1,Linux,3.27
3306,Redis,Redis version 7.6,Windows,5.09
3306,MySQL,MySQL version 3.6,Windows,5.37
3306,MariaDB,MariaDB version 9.1,Windows,4.48
3306,MariaDB,MariaDB version 2.7,Linux,6.24
3306,Redis,Redis version 5.0,Unix,5.1
3306,Redis,Redis version 1.7,Linux,3.38
3306,PostgreSQL,PostgreSQL version 1.4,Windows,4.08
3306,MySQL,MySQL version 2.6,Unix,2.4
3306,MariaDB,MariaDB version 4.2,Linux,4.34
21,ProFTPD,ProFTPD version 9.3,Unix,8.17
21,ProFTPD,ProFTPD version 5.9,Windows,7.53
80,LiteSpeed,LiteSpeed version 4.3,Unix,6.6
80,nginx,nginx version 4.6,Windows,4.05
80,LiteSpeed,LiteSpeed version 5.0,Unix,6.52
3306,MariaDB,MariaDB version 1.5,Unix,4.21
22,OpenSSH,OpenSSH version 6.6,Unix,6.71
3306,RDP,RDP version 2.3,Windows,6.47
3306,PostgreSQL,PostgreSQL version 3.6,Linux,5.56
3306,PostgreSQL,PostgreSQL version 8.8,Unix,6.71
80,nginx,nginx version 9.2,Windows,4.21
3306,SMB,SMB version 2.2,Linux,6.83
21,vsftpd,vsftpd version 1.6,Linux,6.43
3306,PostgreSQL,PostgreSQL version 3.8,Windows,4.3
3306,SMB,SMB version 5.9,Windows,4.52
3306,Redis,Redis version 3.4,Unix,7.71
21,vsftpd,vsftpd version 4.4,Unix,3.8
3306,MariaDB,MariaDB version 7.5,Linux,4.74
3306,SMB,SMB version 4.5,Windows,8.23
3306,SMB,SMB version 5.0,Unix,5.59
80,LiteSpeed,LiteSpeed version 2.3,Windows,2.99
80,Apache,Apache version 6.6,Linux,4.88
80,LiteSpeed,LiteSpeed version 1.9,Linux,1.81
3306,MongoDB,MongoDB version 2.4,Linux,4.07
21,ProFTPD,ProFTPD version 9.4,Windows,6.87
3306,MariaDB,MariaDB version 3.8,Windows,4.1
3306,MariaDB,MariaDB version 2.0,Linux,2.18
21,ProFTPD,ProFTPD version 3.2,Linux,8.89
80,nginx,nginx version 6.4,Unix,4.66
80,LiteSpeed,LiteSpeed version 1.4,Linux,6.65
22,OpenSSH,OpenSSH version 4.2,Windows,4.11
3306,PostgreSQL,PostgreSQL version 1.3,Windows,3.18
22,OpenSSH,OpenSSH version 8.5,Unix,4.9
22,OpenSSH,OpenSSH version 6.2,Linux,4.18
3306,MySQL,MySQL version 1.5,Linux,2.73
3306,MariaDB,MariaDB version 6.7,Windows,6.7
21,vsftpd,vsftpd version 1.1,Linux,3.57
80,Apache,Apache version 5.6,Unix,1.74
22,OpenSSH,OpenSSH version 3.2,Linux,6.49
3306,Redis,Redis version 4.0,Linux,3.74
3306,RDP,RDP version 3.8,Linux,5.59
22,OpenSSH,OpenSSH version 7.0,Unix,1.85
22,OpenSSH,OpenSSH version 5.8,Unix,7.11
21,ProFTPD,ProFTPD version 1.0,Linux,4.57
3306,SMB,SMB version 8.7,Linux,6.59
3306,MariaDB,MariaDB version 7.8,Windows,5.87
3306,SMB,SMB version 6.4,Windows,7.13
3306,RDP,RDP version 3.7,Unix,6.41
21,vsftpd,vsftpd version 6.2,Unix,1.95
3306,Redis,Redis version 7.0,Windows,3.29
80,Apache,Apache version 1.7,Linux,4.78
3306,MySQL,MySQL version 2.5,Windows,3.32
21,vsftpd,vsftpd version 1.8,Windows,4.81
3306,MongoDB,MongoDB version 9.3,Unix,5.52
3306,RDP,RDP version 8.4,Windows,7.94
21,ProFTPD,ProFTPD version 9.5,Linux,4.66
80,Apache,Apache version 1.4,Unix,7.79
3306,MySQL,MySQL version 5.2,Unix,5.65
3306,MariaDB,MariaDB version 3.3,Windows,4.5
3306,MariaDB,MariaDB version 5.7,Linux,6.13
80,nginx,nginx version 2.8,Unix,8.05
3306,RDP,RDP version 5.7,Linux,4.34
3306,RDP,RDP version 7.3,Linux,6.16
3306,MongoDB,MongoDB version 9.8,Windows,0.93
80,nginx,nginx version 4.0,Linux,4.79
3306,Redis,Redis version 8.1,Linux,5.05
22,OpenSSH,OpenSSH version 5.9,Windows,4.44
22,OpenSSH,OpenSSH version 6.0,Unix,3.52
80,Apache,Apache version 7.3,Windows,1.43
3306,RDP,RDP version 3.8,Unix,7.06
3306,Redis,Redis version 1.9,Linux,6.68
21,ProFTPD,ProFTPD version 5.1,Unix,5.61
3306,Redis,Redis version 4.4,Windows,5.16
21,vsftpd,vsftpd version 5.4,Windows,2.15
3306,SMB,SMB version 2.2,Unix,7.19
3306,Redis,Redis version 8.2,Linux,3.91
3306,MySQL,MySQL version 6.3,Linux,3.36
80,LiteSpeed,LiteSpeed version 7.2,Linux,3.36
21,ProFTPD,ProFTPD version 1.9,Windows,5.91
80,LiteSpeed,LiteSpeed version 7.0,Unix,5.07
80,Apache,Apache version 6.3,Linux,2.53
22,OpenSSH,OpenSSH version 5.1,Unix,3.9
3306,RDP,RDP version 6.6,Unix,6.44
3306,MySQL,MySQL version 7.4,Unix,2.85
22,OpenSSH,OpenSSH version 4.1,Unix,7.19
21,vsftpd,vsftpd version 5.5,Linux,3.22
80,nginx,nginx version 6.3,Windows,3.5
3306,PostgreSQL,PostgreSQL version 6.5,Unix,3.03
3306,Redis,Redis version 2.6,Linux,7.2
80,LiteSpeed,LiteSpeed version 4.9,Unix,5.33
3306,SMB,SMB version 4.1,Linux,5.1
3306,PostgreSQL,PostgreSQL version 1.8,Unix,6.16
3306,SMB,SMB version 8.3,Linux,6.8
21,ProFTPD,ProFTPD version 6.9,Linux,6.89
80,nginx,nginx version 6.4,Unix,3.98
21,ProFTPD,ProFTPD version 1.6,Unix,5.38
22,OpenSSH,OpenSSH version 6.4,Linux,5.01
3306,PostgreSQL,PostgreSQL version 4.7,Windows,3.68
22,OpenSSH,OpenSSH version 8.6,Windows,7.23
80,nginx,nginx version 2.3,Linux,2.6
3306,MySQL,MySQL version 9.3,Linux,6.8
3306,PostgreSQL,PostgreSQL version 6.4,Windows,4.33
3306,RDP,RDP version 4.0,Unix,6.95
22,OpenSSH,OpenSSH version 1.7,Linux,5.75
21,ProFTPD,ProFTPD version 6.2,Windows,5.55
80,Apache,Apache version 4.0,Linux,5.8
3306,MariaDB,MariaDB version 7.5,Unix,0.44
3306,MariaDB,MariaDB version 1.9,Unix,3.42
80,Apache,Apache version 5.8,Unix,3.11
3306,MySQL,MySQL version 7.2,Windows,2.62
21,ProFTPD,ProFTPD version 7.8,Linux,6.18
3306,MariaDB,MariaDB version 5.0,Unix,5.08
80,nginx,nginx version 9.3,Linux,5.55
3306,SMB,SMB version 2.3,Windows,6.86
3306,MySQL,MySQL version 5.6,Windows,3.5
3306,SMB,SMB version 5.8,Unix,7.05
80,LiteSpeed,LiteSpeed version 3.8,Linux,4.69
3306,SMB,SMB version 4.5,Windows,7.9
21,ProFTPD,ProFTPD version 3.2,Windows,7.67
21,vsftpd,vsftpd version 2.4,Windows,4.55
3306,Redis,Redis version 7.4,Unix,3.15
21,ProFTPD,ProFTPD version 7.7,Unix,5.52
21,vsftpd,vsftpd version 7.6,Unix,3.68
3306,SMB,SMB version 2.4,Windows,6.03
80,nginx,nginx version 5.9,Linux,4.9
3306,MariaDB,MariaDB version 6.0,Linux,5.57
21,ProFTPD,ProFTPD version 5.9,Linux,6.42
80,nginx,nginx version 1.4,Windows,4.52
3306,PostgreSQL,PostgreSQL version 6.2,Linux,4.71
3306,MariaDB,MariaDB version 2.3,Windows,3.73
80,LiteSpeed,LiteSpeed version 9.1,Linux,3.11
80,nginx,nginx version 7.9,Windows,1.87
21,vsftpd,vsftpd version 4.3,Windows,3.46
80,Apache,Apache version 3.0,Linux,5.21
3306,MySQL,MySQL version 9.4,Windows,3.45
80,Apache,Apache version 7.5,Unix,4.14
3306,RDP,RDP version 4.8,Unix,7.2
22,OpenSSH,OpenSSH version 3.6,Unix,5.28
3306,SMB,SMB version 2.7,Linux,4.88
3306,MongoDB,MongoDB version 7.3,Windows,6.0
3306,Redis,Redis version 6.8,Linux,6.19
3306,RDP,RDP version 9.6,Unix,4.81
3306,MongoDB,MongoDB version 2.7,Windows,3.26
21,ProFTPD,ProFTPD version 3.5,Linux,8.29
22,OpenSSH,OpenSSH version 4.0,Linux,4.28
3306,PostgreSQL,PostgreSQL version 8.3,Linux,1.17
3306,RDP,RDP version 4.9,Windows,4.4
3306,SMB,SMB version 7.1,Linux,6.13
3306,Redis,Redis version 9.3,Unix,2.76
21,ProFTPD,ProFTPD version 1.4,Unix,5.88
80,LiteSpeed,LiteSpeed version 4.1,Unix,4.55
3306,RDP,RDP version 5.8,Unix,8.69
21,vsftpd,vsftpd version 3.0,Windows,4.06
3306,PostgreSQL,PostgreSQL version 1.7,Windows,6.11
3306,MariaDB,MariaDB version 2.5,Unix,6.64
80,Apache,Apache version 6.1,Unix,6.65
3306,MongoDB,MongoDB version 5.4,Unix,4.93
3306,Redis,Redis version 9.2,Linux,1.56
3306,SMB,SMB version 2.8,Windows,7.19
3306,SMB,SMB version 9.4,Linux,8.07
3306,Redis,Redis version 6.9,Linux,4.38
3306,MySQL,MySQL version 1.0,Windows,7.12
21,ProFTPD,ProFTPD version 8.8,Windows,7.79
3306,RDP,RDP version 7.4,Unix,7.35
3306,SMB,SMB version 9.8,Linux,8.13
21,ProFTPD,ProFTPD version 7.4,Linux,7.0
21,ProFTPD,ProFTPD version 2.2,Unix,2.76
3306,PostgreSQL,PostgreSQL version 8.7,Unix,3.75
21,vsftpd,vsftpd version 9.7,Linux,6.3
3306,Redis,Redis version 3.4,Linux,3.29
3306,MongoDB,MongoDB version 9.8,Linux,4.16
21,ProFTPD,ProFTPD version 9.3,Unix,4.93
3306,MongoDB,MongoDB version 2.0,Linux,7.18
3306,MongoDB,MongoDB version 4.2,Unix,7.02
21,ProFTPD,ProFTPD version 4.3,Linux,5.17
22,OpenSSH,OpenSSH version 5.0,Windows,4.72
22,OpenSSH,OpenSSH version 8.6,Unix,3.48
3306,RDP,RDP version 7.7,Unix,7.42
21,ProFTPD,ProFTPD version 3.7,Linux,7.26
80,nginx,nginx version 1.5,Unix,5.72
3306,MariaDB,MariaDB version 8.0,Windows,5.0
3306,MySQL,MySQL version 3.6,Unix,8.9
3306,RDP,RDP version 8.0,Unix,4.96
80,Apache,Apache version 8.2,Linux,1.93
3306,RDP,RDP version 5.7,Windows,5.91
80,Apache,Apache version 1.6,Windows,2.15
22,OpenSSH,OpenSSH version 6.2,Windows,2.26
22,OpenSSH,OpenSSH version 8.0,Unix,3.0
3306,MariaDB,MariaDB version 5.6,Unix,3.12
80,nginx,nginx version 4.0,Windows,3.07
80,Apache,Apache version 6.4,Windows,5.28
3306,Redis,Redis version 7.0,Windows,3.74
3306,SMB,SMB version 8.6,Unix,6.23
3306,RDP,RDP version 5.7,Windows,7.84
22,OpenSSH,OpenSSH version 9.5,Windows,3.35
21,ProFTPD,ProFTPD version 3.4,Linux,6.1
80,Apache,Apache version 6.2,Windows,5.05
3306,Redis,Redis version 3.1,Windows,1.59
21,ProFTPD,ProFTPD version 7.9,Unix,2.92
3306,MariaDB,MariaDB version 1.7,Linux,5.02
21,vsftpd,vsftpd version 7.2,Linux,5.24
3306,MariaDB,MariaDB version 5.6,Linux,7.6
80,LiteSpeed,LiteSpeed version 5.4,Linux,4.74
80,Apache,Apache version 1.2,Unix,5.73
3306,MySQL,MySQL version 6.4,Linux,4.21
3306,SMB,SMB version 3.0,Linux,6.95
21,ProFTPD,ProFTPD version 7.6,Linux,9.0
80,LiteSpeed,LiteSpeed version 3.5,Linux,1.31
21,vsftpd,vsftpd version 9.1,Windows,5.12
3306,MongoDB,MongoDB version 8.4,Windows,7.7
3306,PostgreSQL,PostgreSQL version 3.1,Windows,4.92
3306,MariaDB,MariaDB version 5.7,Unix,6.98
80,LiteSpeed,LiteSpeed version 5.7,Linux,3.56
21,vsftpd,vsftpd version 9.5,Linux,4.45
80,LiteSpeed,LiteSpeed version 3.6,Windows,4.55
21,ProFTPD,ProFTPD version 5.2,Unix,3.17
21,vsftpd,vsftpd version 4.7,Unix,2.75
80,nginx,nginx version 5.8,Linux,2.85
21,vsftpd,vsftpd version 2.5,Windows,5.73
3306,MariaDB,MariaDB version 3.4,Unix,5.81
22,OpenSSH,OpenSSH version 7.3,Windows,4.99
22,OpenSSH,OpenSSH version 5.4,Linux,5.74
22,OpenSSH,OpenSSH version 6.8,Unix,4.25
3306,MariaDB,MariaDB version 5.7,Windows,6.3
80,Apache,Apache version 8.7,Windows,4.51
3306,MariaDB,MariaDB version 6.5,Windows,4.59
80,nginx,nginx version 9.3,Windows,4.1
80,nginx,nginx version 7.1,Windows,5.53
3306,RDP,RDP version 9.4,Windows,5.87
21,vsftpd,vsftpd version 1.8,Unix,5.96
3306,Redis,Redis version 5.9,Windows,2.8
80,LiteSpeed,LiteSpeed version 6.9,Windows,2.85
80,LiteSpeed,LiteSpeed version 3.3,Linux,5.53
80,nginx,nginx version 1.2,Windows,4.37
3306,RDP,RDP version 5.3,Unix,5.82
3306,MySQL,MySQL version 1.1,Windows,5.84
3306,RDP,RDP version 1.2,Unix,5.59
3306,PostgreSQL,PostgreSQL version 5.8,Windows,4.2
3306,SMB,SMB version 6.7,Unix,8.6
3306,MongoDB,MongoDB version 9.1,Windows,6.81
80,nginx,nginx version 5.4,Unix,6.86
21,vsftpd,vsftpd version 6.8,Linux,4.08
22,OpenSSH,OpenSSH version 3.4,Windows,6.35
3306,SMB,SMB version 1.7,Unix,5.08
21,ProFTPD,ProFTPD version 7.3,Unix,5.14
80,nginx,nginx version 5.6,Linux,0.97
3306,RDP,RDP version 8.5,Linux,9.01
3306,PostgreSQL,PostgreSQL version 9.7,Linux,3.2
21,vsftpd,vsftpd version 1.1,Windows,4.31
22,OpenSSH,OpenSSH version 7.4,Windows,3.13
3306,MariaDB,MariaDB version 1.3,Linux,5.54
80,nginx,nginx version 1.3,Linux,3.94
3306,MariaDB,MariaDB version 7.4,Linux,2.54
22,OpenSSH,OpenSSH version 7.3,Unix,5.16
22,OpenSSH,OpenSSH version 3.4,Unix,2.35
80,Apache,Apache version 5.0,Unix,3.24
3306,SMB,SMB version 5.3,Unix,3.34
3306,SMB,SMB version 5.9,Unix,4.36
3306,RDP,RDP version 3.3,Linux,6.77
3306,RDP,RDP version 4.3,Windows,3.55
3306,SMB,SMB version 9.4,Windows,4.28
80,nginx,nginx version 1.2,Windows,4.5
21,vsftpd,vsftpd version 6.1,Windows,3.68
80,LiteSpeed,LiteSpeed version 9.0,Windows,7.49
21,vsftpd,vsftpd version 6.5,Windows,7.25
80,LiteSpeed,LiteSpeed version 9.3,Linux,3.2
3306,RDP,RDP version 7.9,Unix,7.34
3306,SMB,SMB version 1.2,Unix,7.62
3306,MongoDB,MongoDB version 4.4,Windows,3.6
3306,PostgreSQL,PostgreSQL version 7.5,Windows,2.26
22,OpenSSH,OpenSSH version 9.1,Windows,4.48
3306,MySQL,MySQL version 6.3,Windows,4.24
21,vsftpd,vsftpd version 4.2,Windows,3.85
21,vsftpd,vsftpd version 4.6,Windows,5.16
21,vsftpd,vsftpd version 6.6,Linux,3.37
21,vsftpd,vsftpd version 2.2,Unix,2.77
3306,Redis,Redis version 2.7,Linux,4.66
80,Apache,Apache version 4.2,Linux,5.08
3306,MySQL,MySQL version 1.8,Unix,2.74
80,LiteSpeed,LiteSpeed version 3.4,Windows,5.89
3306,PostgreSQL,PostgreSQL version 6.1,Windows,1.84
3306,PostgreSQL,PostgreSQL version 5.3,Unix,3.63
3306,Redis,Redis version 5.8,Windows,4.11
3306,MongoDB,MongoDB version 5.4,Windows,3.55
21,vsftpd,vsftpd version 7.2,Unix,3.65
80,LiteSpeed,LiteSpeed version 2.6,Unix,7.31
21,vsftpd,vsftpd version 8.7,Windows,3.22
21,vsftpd,vsftpd version 3.2,Unix,8.16
21,ProFTPD,ProFTPD version 8.7,Windows,7.16
3306,MariaDB,MariaDB version 4.2,Unix,4.64
3306,MariaDB,MariaDB version 5.4,Unix,5.21
3306,MySQL,MySQL version 3.5,Windows,8.29
80,nginx,nginx version 7.0,Windows,3.01
22,OpenSSH,OpenSSH version 8.7,Windows,2.82
3306,MySQL,MySQL version 9.7,Unix,3.37
3306,Redis,Redis version 8.5,Unix,4.55
80,nginx,nginx version 5.8,Linux,1.91
80,Apache,Apache version 6.4,Windows,4.53
21,vsftpd,vsftpd version 6.2,Linux,7.04
3306,RDP,RDP version 4.8,Windows,6.73
3306,RDP,RDP version 1.3,Linux,6.06
22,OpenSSH,OpenSSH version 2.7,Linux,3.57
3306,SMB,SMB version 3.6,Unix,7.85
80,LiteSpeed,LiteSpeed version 9.8,Windows,3.26
80,LiteSpeed,LiteSpeed version 5.5,Linux,7.27
22,OpenSSH,OpenSSH version 3.1,Windows,7.4
3306,RDP,RDP version 7.6,Windows,6.89
80,nginx,nginx version 4.5,Windows,4.48
80,nginx,nginx version 6.0,Windows,6.05
80,LiteSpeed,LiteSpeed version 5.6,Linux,6.14
3306,MySQL,MySQL version 1.7,Windows,3.29
21,ProFTPD,ProFTPD version 3.6,Unix,5.71
21,ProFTPD,ProFTPD version 3.4,Linux,4.52
80,LiteSpeed,LiteSpeed version 4.9,Windows,5.11
3306,RDP,RDP version 9.7,Linux,7.5
80,nginx,nginx version 8.1,Windows,2.48
3306,MariaDB,MariaDB version 7.2,Unix,3.82
21,ProFTPD,ProFTPD version 7.4,Unix,4.48
3306,MongoDB,MongoDB version 9.5,Windows,3.15
3306,MySQL,MySQL version 9.8,Windows,5.33
3306,MySQL,MySQL version 3.8,Windows,3.4
3306,MariaDB,MariaDB version 4.5,Windows,4.05
3306,RDP,RDP version 9.5,Windows,4.06
3306,Redis,Redis version 7.3,Linux,4.78
80,nginx,nginx version 6.5,Linux,4.43
80,Apache,Apache version 6.5,Windows,3.41
21,ProFTPD,ProFTPD version 5.1,Linux,6.22
3306,PostgreSQL,PostgreSQL version 6.5,Windows,4.77
3306,PostgreSQL,PostgreSQL version 6.5,Windows,3.28
3306,SMB,SMB version 9.1,Unix,4.29
3306,MySQL,MySQL version 7.6,Unix,7.21
80,LiteSpeed,LiteSpeed version 5.2,Windows,3.55
22,OpenSSH,OpenSSH version 9.7,Unix,4.35
3306,MariaDB,MariaDB version 1.1,Windows,6.02
3306,RDP,RDP version 4.5,Linux,10.0
3306,RDP,RDP version 7.9,Windows,4.63
3306,MariaDB,MariaDB version 2.6,Unix,5.17
3306,MariaDB,MariaDB version 1.6,Linux,3.44
3306,SMB,SMB version 1.2,Windows,5.69
3306,RDP,RDP version 5.6,Windows,5.42
80,nginx,nginx version 9.9,Unix,2.81
3306,MariaDB,MariaDB version 3.5,Windows,4.44
80,nginx,nginx version 1.7,Windows,2.29
80,nginx,nginx version 1.5,Linux,5.92
21,ProFTPD,ProFTPD version 8.5,Windows,6.58
22,OpenSSH,OpenSSH version 5.7,Linux,5.13
21,vsftpd,vsftpd version 6.8,Linux,3.8
80,nginx,nginx version 3.3,Windows,3.95
21,vsftpd,vsftpd version 5.3,Windows,4.93
80,LiteSpeed,LiteSpeed version 3.8,Windows,2.75
3306,SMB,SMB version 4.9,Unix,5.96
21,vsftpd,vsftpd version 1.2,Windows,3.21
3306,RDP,RDP version 8.8,Linux,5.16
3306,RDP,RDP version 1.4,Unix,3.34
3306,PostgreSQL,PostgreSQL version 3.5,Unix,6.51
3306,SMB,SMB version 4.2,Windows,5.47
3306,SMB,SMB version 7.9,Linux,8.25
3306,RDP,RDP version 6.6,Windows,8.1
21,ProFTPD,ProFTPD version 1.1,Windows,4.57
21,vsftpd,vsftpd version 3.9,Windows,2.87
21,vsftpd,vsftpd version 8.9,Windows,8.34
21,vsftpd,vsftpd version 8.2,Linux,7.13
80,nginx,nginx version 9.5,Windows,4.45
3306,Redis,Redis version 5.5,Unix,4.89
3306,MongoDB,MongoDB version 1.8,Windows,3.55
80,nginx,nginx version 8.1,Linux,5.15
3306,PostgreSQL,PostgreSQL version 6.9,Unix,3.42
21,vsftpd,vsftpd version 3.8,Unix,1.45
3306,PostgreSQL,PostgreSQL version 2.3,Windows,2.52
80,nginx,nginx version 7.8,Windows,4.53
3306,PostgreSQL,PostgreSQL version 9.4,Windows,2.8
80,Apache,Apache version 8.0,Windows,4.4
80,nginx,nginx version 1.4,Windows,2.89
3306,SMB,SMB version 4.9,Unix,5.33
21,vsftpd,vsftpd version 9.6,Unix,5.78
21,vsftpd,vsftpd version 3.2,Linux,4.87
3306,MySQL,MySQL version 2.4,Unix,4.49
80,nginx,nginx version 4.5,Linux,5.82
3306,PostgreSQL,PostgreSQL version 7.9,Linux,5.22
3306,MongoDB,MongoDB version 4.0,Unix,6.67
3306,RDP,RDP version 2.9,Windows,5.81
21,ProFTPD,ProFTPD version 9.7,Windows,5.86
80,nginx,nginx version 3.8,Windows,2.55
3306,SMB,SMB version 3.0,Linux,5.86
21,ProFTPD,ProFTPD version 4.3,Unix,7.95
21,vsftpd,vsftpd version 4.5,Windows,6.45
3306,Redis,Redis version 8.9,Unix,5.94
22,OpenSSH,OpenSSH version 5.5,Linux,1.81
3306,MariaDB,MariaDB version 9.6,Windows,6.12
3306,RDP,RDP version 1.2,Unix,3.74
80,LiteSpeed,LiteSpeed version 9.8,Linux,5.85
21,vsftpd,vsftpd version 3.5,Windows,3.95
3306,RDP,RDP version 9.1,Linux,7.55
3306,MongoDB,MongoDB version 7.7,Unix,2.5
3306,MySQL,MySQL version 3.8,Windows,6.26
3306,MariaDB,MariaDB version 7.9,Linux,2.3
3306,SMB,SMB version 7.2,Linux,5.5
80,nginx,nginx version 1.5,Linux,3.0
80,LiteSpeed,LiteSpeed version 1.9,Windows,1.87
80,LiteSpeed,LiteSpeed version 9.2,Windows,4.64
80,LiteSpeed,LiteSpeed version 6.5,Linux,7.21
80,LiteSpeed,LiteSpeed version 7.5,Linux,8.5
80,Apache,Apache version 5.9,Linux,4.65
22,OpenSSH,OpenSSH version 7.9,Windows,6.18
80,nginx,nginx version 5.7,Windows,4.85
80,LiteSpeed,LiteSpeed version 2.0,Windows,5.25
3306,SMB,SMB version 2.4,Linux,5.99
80,LiteSpeed,LiteSpeed version 7.6,Linux,4.79
21,ProFTPD,ProFTPD version 7.5,Linux,7.31
3306,RDP,RDP version 7.2,Unix,5.63
3306,RDP,RDP version 8.4,Windows,6.38
3306,MariaDB,MariaDB version 4.4,Linux,4.41
21,ProFTPD,ProFTPD version 2.7,Windows,7.74
22,OpenSSH,OpenSSH version 4.7,Linux,2.9
3306,RDP,RDP version 6.8,Unix,6.42
3306,RDP,RDP version 8.0,Unix,9.37
21,ProFTPD,ProFTPD version 8.6,Linux,8.25
21,vsftpd,vsftpd version 7.7,Unix,6.52
3306,MongoDB,MongoDB version 8.8,Unix,4.54
21,ProFTPD,ProFTPD version 7.5,Windows,6.98
3306,SMB,SMB version 2.3,Linux,8.0
3306,Redis,Redis version 6.1,Unix,6.84
80,LiteSpeed,LiteSpeed version 3.6,Linux,1.57
3306,MongoDB,MongoDB version 9.6,Windows,2.53
3306,PostgreSQL,PostgreSQL version 9.4,Linux,6.46
3306,Redis,Redis version 2.8,Windows,4.08
22,OpenSSH,OpenSSH version 6.6,Windows,3.49
3306,MariaDB,MariaDB version 1.2,Linux,2.62
21,vsftpd,vsftpd version 8.1,Windows,3.67
3306,MongoDB,MongoDB version 5.3,Windows,2.4
3306,Redis,Redis version 5.3,Windows,7.64
3306,MongoDB,MongoDB version 3.7,Linux,4.47
3306,MySQL,MySQL version 9.3,Windows,4.41
3306,SMB,SMB version 8.0,Windows,7.38
3306,PostgreSQL,PostgreSQL version 4.5,Linux,5.94
3306,Redis,Redis version 3.3,Unix,5.92
80,Apache,Apache version 7.3,Windows,6.11
21,ProFTPD,ProFTPD version 3.6,Unix,5.55
80,nginx,nginx version 7.6,Unix,4.05
3306,RDP,RDP version 3.1,Unix,7.65
80,Apache,Apache version 8.5,Unix,3.71
3306,MySQL,MySQL version 2.2,Windows,4.49
3306,MySQL,MySQL version 2.4,Windows,5.1
80,Apache,Apache version 7.8,Unix,5.68
21,ProFTPD,ProFTPD version 3.7,Linux,3.83
3306,Redis,Redis version 1.9,Unix,5.57
3306,MariaDB,MariaDB version 3.8,Unix,4.15
3306,MariaDB,MariaDB version 2.4,Windows,5.56
21,ProFTPD,ProFTPD version 9.6,Windows,7.67
3306,MariaDB,MariaDB version 8.1,Unix,6.91
3306,SMB,SMB version 1.1,Unix,8.53
3306,RDP,RDP version 7.0,Unix,8.52
3306,PostgreSQL,PostgreSQL version 3.1,Linux,6.67
80,nginx,nginx version 9.2,Linux,4.94
3306,PostgreSQL,PostgreSQL version 6.5,Unix,4.55
3306,SMB,SMB version 1.8,Unix,7.81
22,OpenSSH,OpenSSH version 9.3,Windows,5.6
3306,MariaDB,MariaDB version 3.4,Linux,4.04
3306,MySQL,MySQL version 6.4,Linux,5.11
3306,MySQL,MySQL version 1.4,Unix,4.45
21,ProFTPD,ProFTPD version 9.9,Linux,5.22
21,vsftpd,vsftpd version 5.6,Unix,6.44
3306,SMB,SMB version 4.7,Unix,6.58
80,Apache,Apache version 4.2,Windows,7.57
80,LiteSpeed,LiteSpeed version 9.2,Windows,2.06
3306,SMB,SMB version 3.6,Windows,5.66
3306,SMB,SMB version 7.4,Windows,6.55
3306,MySQL,MySQL version 9.8,Linux,6.21
21,vsftpd,vsftpd version 3.6,Unix,5.1
3306,RDP,RDP version 9.8,Windows,6.97
3306,MySQL,MySQL version 2.5,Windows,2.81
80,LiteSpeed,LiteSpeed version 8.9,Linux,2.76
3306,Redis,Redis version 7.6,Linux,4.98
80,LiteSpeed,LiteSpeed version 5.2,Unix,2.45
80,nginx,nginx version 9.4,Unix,3.7
21,ProFTPD,ProFTPD version 9.5,Windows,7.25
22,OpenSSH,OpenSSH version 8.6,Unix,3.03
3306,MySQL,MySQL version 7.7,Linux,6.91
3306,MariaDB,MariaDB version 1.4,Linux,6.34
80,nginx,nginx version 5.0,Unix,2.14
80,nginx,nginx version 7.3,Unix,3.1
3306,MariaDB,MariaDB version 6.1,Windows,1.07
3306,PostgreSQL,PostgreSQL version 9.2,Linux,3.33
3306,Redis,Redis version 1.9,Windows,5.65
3306,Redis,Redis version 5.7,Unix,3.88
22,OpenSSH,OpenSSH version 3.5,Unix,5.19
3306,MariaDB,MariaDB version 3.9,Linux,2.22
21,ProFTPD,ProFTPD version 2.6,Linux,7.7
21,ProFTPD,ProFTPD version 9.7,Linux,5.67
3306,RDP,RDP version 3.2,Linux,6.52
22,OpenSSH,OpenSSH version 5.8,Unix,4.36
80,Apache,Apache version 5.7,Linux,2.59
21,ProFTPD,ProFTPD version 6.0,Linux,4.77
3306,SMB,SMB version 4.9,Linux,7.95
22,OpenSSH,OpenSSH version 7.9,Unix,5.1
21,ProFTPD,ProFTPD version 9.1,Linux,8.08
80,nginx,nginx version 3.5,Unix,4.99
3306,RDP,RDP version 8.3,Unix,6.71
21,vsftpd,vsftpd version 3.9,Windows,1.91
3306,MongoDB,MongoDB version 4.7,Windows,4.09
22,OpenSSH,OpenSSH version 2.5,Unix,4.46
80,LiteSpeed,LiteSpeed version 5.2,Linux,7.43
3306,MongoDB,MongoDB version 5.2,Windows,5.53
80,LiteSpeed,LiteSpeed version 3.4,Unix,6.8
3306,MongoDB,MongoDB version 6.5,Unix,5.4
3306,MongoDB,MongoDB version 7.7,Unix,3.43
80,nginx,nginx version 2.0,Unix,4.68
3306,PostgreSQL,PostgreSQL version 2.3,Windows,4.85
80,Apache,Apache version 5.5,Windows,3.09
3306,SMB,SMB version 1.3,Unix,5.92
3306,MariaDB,MariaDB version 8.4,Windows,4.19
3306,PostgreSQL,PostgreSQL version 5.2,Unix,6.91
21,ProFTPD,ProFTPD version 2.7,Unix,3.38
3306,SMB,SMB version 3.9,Linux,8.31
3306,SMB,SMB version 2.6,Unix,5.09
80,nginx,nginx version 4.1,Windows,2.44
3306,MongoDB,MongoDB version 2.2,Windows,6.27
3306,MongoDB,MongoDB version 2.8,Unix,5.6
3306,MariaDB,MariaDB version 7.7,Windows,6.38
80,Apache,Apache version 5.6,Windows,5.7
80,nginx,nginx version 4.0,Unix,7.59
3306,SMB,SMB version 1.7,Unix,7.34
3306,Redis,Redis version 3.3,Unix,4.27
21,vsftpd,vsftpd version 9.6,Unix,5.01
3306,SMB,SMB version 7.8,Unix,8.37
21,vsftpd,vsftpd version 8.2,Windows,3.33
21,vsftpd,vsftpd version 6.9,Unix,3.52
3306,SMB,SMB version 3.3,Windows,6.04
3306,SMB,SMB version 6.6,Linux,3.34
3306,MariaDB,MariaDB version 8.3,Windows,4.71
22,OpenSSH,OpenSSH version 4.8,Linux,1.67
3306,MariaDB,MariaDB version 2.8,Unix,4.58
80,Apache,Apache version 4.0,Linux,5.8
80,LiteSpeed,LiteSpeed version 5.4,Unix,3.78
3306,SMB,SMB version 1.6,Windows,9.02
22,OpenSSH,OpenSSH version 5.2,Windows,2.31
22,OpenSSH,OpenSSH version 7.6,Windows,6.29
80,Apache,Apache version 2.4,Linux,5.51
3306,MariaDB,MariaDB version 9.0,Unix,1.93
3306,Redis,Redis version 4.9,Windows,8.57
21,vsftpd,vsftpd version 8.6,Unix,4.4
3306,MongoDB,MongoDB version 7.1,Linux,3.18
80,LiteSpeed,LiteSpeed version 5.8,Linux,2.39
22,OpenSSH,OpenSSH version 9.1,Linux,4.17
22,OpenSSH,OpenSSH version 2.3,Unix,4.31
3306,MariaDB,MariaDB version 1.9,Linux,4.65
22,OpenSSH,OpenSSH version 9.8,Windows,4.05
3306,MongoDB,MongoDB version 1.9,Unix,5.45
22,OpenSSH,OpenSSH version 4.8,Windows,3.92
3306,MySQL,MySQL version 7.4,Linux,1.6
3306,MongoDB,MongoDB version 9.4,Linux,4.28
21,vsftpd,vsftpd version 9.7,Unix,0.95
3306,Redis,Redis version 6.3,Windows,5.03
22,OpenSSH,OpenSSH version 3.0,Unix,3.03
3306,MongoDB,MongoDB version 5.2,Unix,4.75
80,Apache,Apache version 4.0,Windows,6.47
21,ProFTPD,ProFTPD version 9.9,Unix,5.08
80,Apache,Apache version 1.6,Unix,6.09
3306,MariaDB,MariaDB version 5.5,Windows,3.85
3306,PostgreSQL,PostgreSQL version 8.9,Linux,7.13
3306,PostgreSQL,PostgreSQL version 4.8,Unix,3.95
3306,RDP,RDP version 9.1,Unix,5.24
3306,SMB,SMB version 9.8,Linux,7.53
3306,MariaDB,MariaDB version 6.1,Unix,3.85
80,nginx,nginx version 8.9,Linux,3.24
22,OpenSSH,OpenSSH version 8.6,Unix,3.78
80,LiteSpeed,LiteSpeed version 9.9,Windows,4.43
80,nginx,nginx version 8.2,Unix,6.51
3306,SMB,SMB version 9.9,Linux,3.6
3306,PostgreSQL,PostgreSQL version 4.7,Linux,4.53
80,nginx,nginx version 1.5,Unix,5.44
80,nginx,nginx version 9.2,Unix,4.79
80,nginx,nginx version 7.0,Windows,6.46
3306,PostgreSQL,PostgreSQL version 2.1,Linux,4.39
80,nginx,nginx version 1.5,Unix,4.22
80,nginx,nginx version 5.2,Unix,5.39
21,ProFTPD,ProFTPD version 2.6,Linux,6.65
21,ProFTPD,ProFTPD version 6.4,Windows,5.91
3306,MongoDB,MongoDB version 3.8,Unix,5.27
3306,MongoDB,MongoDB version 8.1,Unix,3.52
3306,MySQL,MySQL version 9.0,Windows,3.58
3306,SMB,SMB version 8.3,Linux,5.71
3306,MongoDB,MongoDB version 1.7,Unix,6.53
21,vsftpd,vsftpd version 5.4,Unix,0.0
80,nginx,nginx version 7.4,Unix,5.09
3306,MySQL,MySQL version 7.0,Unix,4.55
3306,SMB,SMB version 3.1,Windows,3.98
3306,SMB,SMB version 9.8,Windows,6.96
3306,Redis,Redis version 1.5,Linux,5.21
80,LiteSpeed,LiteSpeed version 2.6,Windows,5.38
3306,RDP,RDP version 3.9,Unix,2.52
3306,MongoDB,MongoDB version 8.1,Windows,6.55
21,ProFTPD,ProFTPD version 5.7,Windows,5.39
3306,Redis,Redis version 5.1,Windows,5.53
3306,MariaDB,MariaDB version 3.7,Linux,5.61
21,ProFTPD,ProFTPD version 2.9,Windows,5.18
22,OpenSSH,OpenSSH version 2.2,Linux,5.49
80,nginx,nginx version 8.2,Unix,3.92
21,vsftpd,vsftpd version 2.9,Unix,1.39
21,ProFTPD,ProFTPD version 2.1,Unix,8.25
80,LiteSpeed,LiteSpeed version 5.1,Linux,3.34
3306,PostgreSQL,PostgreSQL version 1.4,Windows,3.22
3306,MongoDB,MongoDB version 9.3,Linux,3.9
80,LiteSpeed,LiteSpeed version 7.9,Linux,4.91
3306,MySQL,MySQL version 6.9,Windows,4.41
3306,PostgreSQL,PostgreSQL version 5.8,Windows,5.32
80,LiteSpeed,LiteSpeed version 3.7,Windows,2.49
22,OpenSSH,OpenSSH version 2.7,Linux,3.39
80,nginx,nginx version 1.2,Unix,4.33
80,LiteSpeed,LiteSpeed version 2.0,Unix,7.35
80,nginx,nginx version 8.3,Windows,4.33
80,nginx,nginx version 8.0,Unix,6.13
80,Apache,Apache version 5.7,Windows,4.56
80,Apache,Apache version 2.1,Linux,3.77
3306,RDP,RDP version 1.0,Windows,6.13
3306,MariaDB,MariaDB version 5.6,Linux,4.25
3306,Redis,Redis version 9.5,Windows,5.41
3306,MariaDB,MariaDB version 2.4,Windows,6.56
22,OpenSSH,OpenSSH version 4.4,Linux,5.04
80,LiteSpeed,LiteSpeed version 2.3,Windows,6.28
80,Apache,Apache version 6.9,Windows,3.05
80,nginx,nginx version 9.1,Unix,3.88
3306,MariaDB,MariaDB version 6.7,Windows,3.41
3306,PostgreSQL,PostgreSQL version 1.6,Linux,4.97
21,ProFTPD,ProFTPD version 9.6,Unix,5.96
3306,MariaDB,MariaDB version 7.1,Windows,5.59
3306,MySQL,MySQL version 8.4,Windows,3.1
22,OpenSSH,OpenSSH version 8.5,Windows,4.56
3306,Redis,Redis version 8.1,Linux,5.53
80,LiteSpeed,LiteSpeed version 9.8,Unix,1.4
80,Apache,Apache version 5.2,Unix,7.68
80,LiteSpeed,LiteSpeed version 7.2,Unix,4.08
80,Apache,Apache version 5.4,Linux,1.46
80,LiteSpeed,LiteSpeed version 4.7,Windows,4.74
3306,MySQL,MySQL version 4.8,Windows,4.55
3306,SMB,SMB version 6.8,Windows,6.38
80,nginx,nginx version 6.2,Unix,5.99
80,Apache,Apache version 8.3,Linux,5.62
3306,PostgreSQL,PostgreSQL version 6.3,Unix,4.95
21,vsftpd,vsftpd version 4.6,Linux,5.18
3306,MySQL,MySQL version 4.8,Linux,4.34
3306,MySQL,MySQL version 1.5,Windows,7.16
3306,SMB,SMB version 8.7,Unix,4.28
3306,MongoDB,MongoDB version 2.4,Windows,4.71
3306,SMB,SMB version 1.7,Linux,6.6
21,ProFTPD,ProFTPD version 3.0,Unix,7.72
3306,MongoDB,MongoDB version 7.4,Unix,3.23
21,vsftpd,vsftpd version 6.4,Windows,1.88
80,LiteSpeed,LiteSpeed version 6.9,Linux,4.74
80,Apache,Apache version 9.0,Unix,4.92
80,Apache,Apache version 2.6,Linux,6.73
3306,Redis,Redis version 7.3,Linux,2.59
3306,MongoDB,MongoDB version 6.1,Linux,6.23
3306,RDP,RDP version 6.4,Linux,10.0
22,OpenSSH,OpenSSH version 7.0,Windows,3.93
3306,MySQL,MySQL version 6.9,Linux,2.56
3306,SMB,SMB version 2.5,Unix,5.89
3306,Redis,Redis version 5.7,Unix,4.52
3306,MySQL,MySQL version 8.0,Unix,5.35
80,nginx,nginx version 1.3,Windows,3.61
80,nginx,nginx version 2.5,Windows,6.83
80,nginx,nginx version 4.2,Linux,2.83
80,nginx,nginx version 4.4,Linux,1.89
3306,RDP,RDP version 6.8,Unix,8.16
3306,PostgreSQL,PostgreSQL version 7.7,Linux,1.09
80,nginx,nginx version 3.1,Linux,4.19
21,vsftpd,vsftpd version 4.4,Linux,9.18
3306,MariaDB,MariaDB version 3.3,Windows,4.48
3306,MariaDB,MariaDB version 4.3,Unix,2.82
80,Apache,Apache version 4.2,Unix,4.41
21,ProFTPD,ProFTPD version 5.6,Windows,6.42
80,LiteSpeed,LiteSpeed version 7.0,Linux,4.74
3306,PostgreSQL,PostgreSQL version 5.9,Unix,5.49
80,nginx,nginx version 9.6,Linux,2.94
21,vsftpd,vsftpd version 8.2,Unix,7.03
80,nginx,nginx version 5.2,Unix,4.87
80,Apache,Apache version 4.6,Linux,5.59
22,OpenSSH,OpenSSH version 9.9,Unix,3.56
80,Apache,Apache version 3.9,Windows,6.43
3306,MariaDB,MariaDB version 4.1,Windows,4.11
3306,RDP,RDP version 6.6,Windows,6.92
22,OpenSSH,OpenSSH version 5.4,Windows,3.1
22,OpenSSH,OpenSSH version 2.3,Unix,3.0
3306,MongoDB,MongoDB version 8.5,Unix,5.53
3306,MariaDB,MariaDB version 3.7,Unix,3.83
3306,SMB,SMB version 5.8,Unix,5.22
22,OpenSSH,OpenSSH version 9.0,Unix,3.54
22,OpenSSH,OpenSSH version 3.6,Unix,5.55
3306,MariaDB,MariaDB version 3.8,Windows,3.56
21,vsftpd,vsftpd version 2.0,Windows,4.32
3306,MongoDB,MongoDB version 7.5,Unix,4.52
3306,MongoDB,MongoDB version 9.3,Linux,1.62
80,Apache,Apache version 5.1,Windows,2.29
21,vsftpd,vsftpd version 4.9,Linux,5.0
3306,MongoDB,MongoDB version 6.3,Unix,3.39
80,Apache,Apache version 1.6,Unix,6.09
21,vsftpd,vsftpd version 2.0,Unix,5.95
80,Apache,Apache version 2.7,Linux,5.58
3306,Redis,Redis version 8.2,Unix,7.23
3306,PostgreSQL,PostgreSQL version 2.1,Unix,4.38
80,LiteSpeed,LiteSpeed version 8.7,Unix,5.47
3306,MariaDB,MariaDB version 3.7,Linux,3.62
22,OpenSSH,OpenSSH version 5.7,Linux,8.18
3306,SMB,SMB version 6.7,Unix,9.48
3306,RDP,RDP version 5.3,Linux,6.52
22,OpenSSH,OpenSSH version 9.2,Windows,5.08
21,ProFTPD,ProFTPD version 4.9,Unix,8.54
3306,MySQL,MySQL version 8.9,Windows,4.28
3306,MariaDB,MariaDB version 3.6,Linux,3.52
80,LiteSpeed,LiteSpeed version 5.2,Windows,5.81
80,LiteSpeed,LiteSpeed version 9.1,Windows,4.62
3306,Redis,Redis version 2.6,Linux,4.77
22,OpenSSH,OpenSSH version 3.2,Unix,3.25
80,nginx,nginx version 1.4,Unix,1.92
3306,PostgreSQL,PostgreSQL version 1.9,Linux,4.85
80,Apache,Apache version 2.1,Linux,5.86
80,LiteSpeed,LiteSpeed version 8.9,Windows,4.16
3306,RDP,RDP version 7.2,Windows,8.65
3306,MySQL,MySQL version 8.1,Unix,3.44
80,Apache,Apache version 3.8,Linux,2.92
3306,MongoDB,MongoDB version 3.3,Unix,4.4
3306,RDP,RDP version 3.9,Windows,6.38
21,ProFTPD,ProFTPD version 9.1,Unix,7.65
22,OpenSSH,OpenSSH version 8.5,Windows,3.34
3306,PostgreSQL,PostgreSQL version 8.5,Unix,6.55
3306,Redis,Redis version 5.5,Linux,7.45
3306,Redis,Redis version 4.7,Linux,4.44
3306,PostgreSQL,PostgreSQL version 8.8,Linux,6.37
3306,RDP,RDP version 4.3,Linux,4.92
21,vsftpd,vsftpd version 8.3,Unix,6.11
3306,PostgreSQL,PostgreSQL version 7.6,Unix,6.07
21,ProFTPD,ProFTPD version 3.9,Unix,7.8
3306,PostgreSQL,PostgreSQL version 1.5,Windows,4.48
3306,RDP,RDP version 8.7,Unix,2.07
3306,RDP,RDP version 1.1,Unix,5.54
80,nginx,nginx version 5.8,Linux,3.56
21,vsftpd,vsftpd version 9.2,Unix,3.03
3306,SMB,SMB version 6.5,Linux,6.68
22,OpenSSH,OpenSSH version 7.2,Windows,3.87
22,OpenSSH,OpenSSH version 6.1,Unix,3.26
3306,MySQL,MySQL version 1.5,Linux,2.91
21,ProFTPD,ProFTPD version 3.4,Linux,5.43
3306,Redis,Redis version 1.2,Windows,6.18
3306,SMB,SMB version 4.0,Unix,5.51
3306,PostgreSQL,PostgreSQL version 2.6,Unix,3.73
80,LiteSpeed,LiteSpeed version 4.9,Unix,3.81
80,LiteSpeed,LiteSpeed version 6.1,Windows,5.01
80,nginx,nginx version 7.6,Windows,5.18
3306,MySQL,MySQL version 1.5,Unix,0.0
80,LiteSpeed,LiteSpeed version 7.6,Windows,6.03
80,LiteSpeed,LiteSpeed version 9.9,Windows,6.65
3306,SMB,SMB version 7.0,Windows,4.92
22,OpenSSH,OpenSSH version 1.9,Windows,3.04
3306,Redis,Redis version 8.1,Linux,3.82
3306,RDP,RDP version 4.1,Unix,5.37
3306,Redis,Redis version 9.2,Unix,4.84
80,Apache,Apache version 4.1,Windows,1.58
3306,PostgreSQL,PostgreSQL version 3.3,Linux,2.82
3306,PostgreSQL,PostgreSQL version 3.0,Linux,6.81
22,OpenSSH,OpenSSH version 8.9,Linux,3.11
3306,Redis,Redis version 2.0,Linux,6.37
3306,SMB,SMB version 4.2,Unix,7.03
80,LiteSpeed,LiteSpeed version 5.0,Windows,1.79
3306,Redis,Redis version 2.1,Linux,5.45
3306,MongoDB,MongoDB version 5.3,Unix,4.32
80,nginx,nginx version 7.9,Linux,3.82
80,nginx,nginx version 1.9,Linux,4.87
3306,PostgreSQL,PostgreSQL version 5.5,Unix,5.21
3306,PostgreSQL,PostgreSQL version 3.1,Linux,5.56
80,Apache,Apache version 2.2,Unix,6.27
80,Apache,Apache version 9.4,Linux,5.11
22,OpenSSH,OpenSSH version 4.5,Windows,2.44
3306,Redis,Redis version 4.1,Linux,3.79
3306,MongoDB,MongoDB version 4.2,Windows,8.91
21,ProFTPD,ProFTPD version 2.7,Windows,7.59
80,Apache,Apache version 5.8,Linux,8.05
3306,MySQL,MySQL version 2.9,Windows,6.59
3306,PostgreSQL,PostgreSQL version 2.4,Windows,4.86
80,nginx,nginx version 9.0,Linux,4.95
22,OpenSSH,OpenSSH version 3.7,Unix,4.45
80,nginx,nginx version 8.7,Windows,1.89
22,OpenSSH,OpenSSH version 3.3,Unix,4.53
80,Apache,Apache version 9.1,Windows,6.32
21,vsftpd,vsftpd version 1.5,Linux,3.6
3306,PostgreSQL,PostgreSQL version 2.4,Linux,5.12
3306,SMB,SMB version 6.0,Unix,7.78
3306,MongoDB,MongoDB version 2.8,Windows,3.14
3306,PostgreSQL,PostgreSQL version 1.3,Linux,3.82
22,OpenSSH,OpenSSH version 8.3,Unix,2.97
21,ProFTPD,ProFTPD version 6.9,Linux,5.27
3306,MySQL,MySQL version 8.3,Unix,2.57
3306,MySQL,MySQL version 3.6,Windows,3.15
3306,PostgreSQL,PostgreSQL version 2.4,Unix,6.63
3306,MariaDB,MariaDB version 5.9,Unix,3.13
22,OpenSSH,OpenSSH version 3.1,Windows,4.69
3306,RDP,RDP version 9.4,Linux,5.75
3306,MongoDB,MongoDB version 2.8,Windows,6.27
3306,Redis,Redis version 2.5,Linux,6.47
22,OpenSSH,OpenSSH version 8.8,Unix,5.8
21,ProFTPD,ProFTPD version 5.9,Windows,6.96
80,nginx,nginx version 1.7,Linux,4.15
80,LiteSpeed,LiteSpeed version 9.6,Unix,2.71
80,LiteSpeed,LiteSpeed version 7.2,Windows,7.42
80,Apache,Apache version 3.9,Windows,3.36
3306,MySQL,MySQL version 6.1,Windows,5.5
3306,PostgreSQL,PostgreSQL version 5.8,Unix,6.09
3306,PostgreSQL,PostgreSQL version 9.0,Linux,3.67
3306,MySQL,MySQL version 4.9,Windows,6.06
80,nginx,nginx version 8.4,Linux,5.65
3306,SMB,SMB version 1.1,Linux,9.09
21,ProFTPD,ProFTPD version 9.8,Unix,5.8
3306,RDP,RDP version 1.0,Linux,4.57
3306,RDP,RDP version 5.4,Linux,5.74
80,Apache,Apache version 7.5,Windows,4.81
3306,MongoDB,MongoDB version 9.6,Linux,4.59
3306,Redis,Redis version 2.3,Windows,3.91
3306,Redis,Redis version 6.8,Windows,1.64
3306,MySQL,MySQL version 1.2,Unix,5.21
3306,PostgreSQL,PostgreSQL version 1.8,Unix,7.46
80,Apache,Apache version 3.9,Linux,5.2
3306,MariaDB,MariaDB version 8.1,Linux,5.41
3306,SMB,SMB version 4.0,Windows,7.36
21,ProFTPD,ProFTPD version 5.9,Windows,7.1
80,nginx,nginx version 7.4,Unix,5.9
3306,MariaDB,MariaDB version 3.7,Windows,5.09
3306,MySQL,MySQL version 9.0,Windows,4.03
3306,MariaDB,MariaDB version 8.4,Linux,3.31
3306,Redis,Redis version 9.1,Linux,4.13
3306,PostgreSQL,PostgreSQL version 7.5,Windows,4.97
3306,MariaDB,MariaDB version 7.3,Windows,4.03
3306,PostgreSQL,PostgreSQL version 9.9,Unix,4.97
80,LiteSpeed,LiteSpeed version 2.6,Unix,5.16
80,Apache,Apache version 8.1,Windows,5.75
3306,Redis,Redis version 8.0,Windows,6.42
80,Apache,Apache version 3.2,Linux,4.62
80,Apache,Apache version 5.7,Unix,2.54
21,vsftpd,vsftpd version 8.8,Linux,3.98
21,ProFTPD,ProFTPD version 1.6,Linux,6.57
80,LiteSpeed,LiteSpeed version 1.7,Windows,1.75
80,nginx,nginx version 5.0,Linux,6.58
3306,SMB,SMB version 2.7,Windows,6.71
3306,RDP,RDP version 3.8,Linux,7.07
3306,Redis,Redis version 2.9,Windows,6.55
80,LiteSpeed,LiteSpeed version 2.6,Linux,3.55
3306,MySQL,MySQL version 9.3,Windows,5.36
3306,Redis,Redis version 4.2,Windows,4.34
21,vsftpd,vsftpd version 6.1,Linux,4.22
3306,SMB,SMB version 9.9,Unix,5.34
3306,Redis,Redis version 3.2,Windows,7.0
3306,PostgreSQL,PostgreSQL version 1.6,Linux,3.94
3306,SMB,SMB version 3.6,Unix,7.55
21,ProFTPD,ProFTPD version 4.2,Unix,3.69
3306,SMB,SMB version 1.3,Linux,8.27
3306,Redis,Redis version 7.1,Windows,6.08
80,LiteSpeed,LiteSpeed version 8.7,Linux,4.65
80,nginx,nginx version 6.4,Unix,4.16
3306,RDP,RDP version 4.4,Unix,7.1
80,nginx,nginx version 7.7,Unix,7.93
80,Apache,Apache version 4.4,Linux,1.86
21,vsftpd,vsftpd version 9.1,Windows,5.67
3306,MongoDB,MongoDB version 7.9,Windows,3.13
80,nginx,nginx version 6.1,Windows,4.47
3306,MariaDB,MariaDB version 6.6,Linux,4.13
21,ProFTPD,ProFTPD version 9.8,Unix,5.86
21,ProFTPD,ProFTPD version 1.5,Unix,6.48
22,OpenSSH,OpenSSH version 9.5,Windows,2.8
3306,RDP,RDP version 6.3,Unix,8.04
21,vsftpd,vsftpd version 8.5,Windows,1.81
3306,MongoDB,MongoDB version 2.7,Windows,5.31
80,nginx,nginx version 2.1,Windows,4.01
80,Apache,Apache version 9.8,Linux,2.74
3306,RDP,RDP version 7.0,Unix,6.8
3306,Redis,Redis version 5.3,Linux,2.16
22,OpenSSH,OpenSSH version 3.4,Unix,4.56
3306,Redis,Redis version 4.1,Linux,2.37
22,OpenSSH,OpenSSH version 7.4,Linux,5.19
3306,MySQL,MySQL version 9.6,Linux,3.11
3306,RDP,RDP version 1.1,Windows,5.82
3306,SMB,SMB version 5.0,Unix,6.94
3306,SMB,SMB version 2.7,Linux,5.34
80,nginx,nginx version 4.3,Linux,4.41
80,LiteSpeed,LiteSpeed version 3.0,Linux,2.23
21,ProFTPD,ProFTPD version 1.9,Linux,7.45
80,LiteSpeed,LiteSpeed version 5.1,Windows,7.15
3306,PostgreSQL,PostgreSQL version 8.0,Unix,8.69
3306,MariaDB,MariaDB version 2.5,Linux,4.64
3306,MongoDB,MongoDB version 6.4,Unix,5.68
80,nginx,nginx version 8.5,Windows,1.83
21,ProFTPD,ProFTPD version 6.4,Linux,8.75
80,nginx,nginx version 9.3,Unix,5.66
22,OpenSSH,OpenSSH version 2.9,Unix,3.77
22,OpenSSH,OpenSSH version 4.8,Unix,6.36
3306,SMB,SMB version 5.9,Linux,6.12
3306,PostgreSQL,PostgreSQL version 3.4,Unix,3.81
3306,SMB,SMB version 6.1,Linux,7.21
80,nginx,nginx version 7.8,Unix,2.9
80,Apache,Apache version 8.4,Unix,6.03
21,ProFTPD,ProFTPD version 7.9,Linux,4.92
21,ProFTPD,ProFTPD version 8.5,Linux,4.92
3306,PostgreSQL,PostgreSQL version 7.0,Windows,3.14
21,vsftpd,vsftpd version 9.9,Windows,5.64
3306,PostgreSQL,PostgreSQL version 5.1,Linux,3.57
80,nginx,nginx version 4.6,Linux,2.48
3306,MariaDB,MariaDB version 4.1,Windows,3.59
80,Apache,Apache version 9.5,Windows,4.45
21,ProFTPD,ProFTPD version 1.8,Unix,4.73
22,OpenSSH,OpenSSH version 2.4,Unix,2.77
21,vsftpd,vsftpd version 5.0,Windows,7.67
80,Apache,Apache version 6.3,Unix,3.21
3306,Redis,Redis version 5.1,Windows,4.02
21,vsftpd,vsftpd version 8.0,Linux,3.95
3306,SMB,SMB version 3.3,Linux,5.87
21,ProFTPD,ProFTPD version 3.9,Unix,7.43
3306,Redis,Redis version 1.1,Linux,5.92
80,LiteSpeed,LiteSpeed version 2.5,Linux,4.04
3306,PostgreSQL,PostgreSQL version 9.9,Unix,2.65
21,ProFTPD,ProFTPD version 7.9,Linux,8.41
21,vsftpd,vsftpd version 1.3,Windows,4.36
3306,Redis,Redis version 1.9,Unix,7.1
80,Apache,Apache version 6.6,Unix,1.13
3306,SMB,SMB version 6.3,Windows,6.79
3306,MariaDB,MariaDB version 1.7,Unix,7.38
21,ProFTPD,ProFTPD version 1.5,Windows,5.97
3306,MySQL,MySQL version 6.6,Windows,4.16
3306,PostgreSQL,PostgreSQL version 2.7,Unix,4.94
80,nginx,nginx version 9.2,Windows,3.66
80,LiteSpeed,LiteSpeed version 8.3,Windows,4.03
21,vsftpd,vsftpd version 8.5,Unix,3.99
21,ProFTPD,ProFTPD version 2.8,Windows,5.56
3306,Redis,Redis version 1.7,Windows,6.34
80,nginx,nginx version 3.3,Windows,5.19
3306,Redis,Redis version 1.9,Linux,4.88
3306,Redis,Redis version 3.0,Linux,5.71
3306,MariaDB,MariaDB version 1.2,Linux,4.1
3306,PostgreSQL,PostgreSQL version 7.4,Unix,3.34
3306,RDP,RDP version 1.3,Windows,5.6
80,Apache,Apache version 7.5,Linux,4.5
3306,MySQL,MySQL version 4.9,Unix,2.91
3306,MongoDB,MongoDB version 2.6,Windows,3.75
21,ProFTPD,ProFTPD version 1.9,Linux,5.73
21,ProFTPD,ProFTPD version 9.1,Unix,9.69
3306,MySQL,MySQL version 8.7,Unix,0.34
3306,RDP,RDP version 4.9,Unix,6.23
80,nginx,nginx version 3.6,Unix,7.09
80,LiteSpeed,LiteSpeed version 4.9,Windows,4.68
3306,MariaDB,MariaDB version 4.2,Unix,5.63
3306,RDP,RDP version 5.8,Windows,6.65
3306,Redis,Redis version 4.7,Unix,3.5
3306,SMB,SMB version 9.5,Unix,3.14
80,LiteSpeed,LiteSpeed version 4.9,Unix,4.81
3306,SMB,SMB version 4.0,Unix,5.34
22,OpenSSH,OpenSSH version 3.3,Windows,3.3
3306,MySQL,MySQL version 4.5,Windows,3.75
21,vsftpd,vsftpd version 4.0,Windows,7.12
3306,Redis,Redis version 3.5,Linux,8.11
3306,MongoDB,MongoDB version 2.6,Unix,4.83
3306,PostgreSQL,PostgreSQL version 4.3,Linux,3.8
3306,MySQL,MySQL version 7.2,Windows,2.73
3306,PostgreSQL,PostgreSQL version 2.6,Linux,5.2
3306,PostgreSQL,PostgreSQL version 9.5,Windows,7.17
3306,SMB,SMB version 1.3,Unix,6.13
80,Apache,Apache version 4.6,Windows,0.93
3306,SMB,SMB version 1.8,Linux,7.51
3306,MongoDB,MongoDB version 5.5,Windows,5.98
80,Apache,Apache version 2.5,Unix,2.12
3306,Redis,Redis version 9.1,Unix,4.76
3306,Redis,Redis version 8.0,Unix,5.18
21,vsftpd,vsftpd version 1.1,Windows,4.39
3306,RDP,RDP version 5.3,Unix,5.31
80,Apache,Apache version 8.7,Unix,6.02
3306,PostgreSQL,PostgreSQL version 2.8,Windows,3.89
3306,SMB,SMB version 2.4,Linux,4.27
22,OpenSSH,OpenSSH version 9.6,Windows,1.43
3306,MySQL,MySQL version 9.5,Windows,6.39
80,LiteSpeed,LiteSpeed version 8.2,Windows,5.42
80,Apache,Apache version 6.9,Unix,4.63
3306,MongoDB,MongoDB version 7.9,Windows,3.84
3306,Redis,Redis version 3.2,Linux,3.71
80,Apache,Apache version 2.0,Windows,2.89
80,nginx,nginx version 3.6,Windows,3.85
3306,SMB,SMB version 5.2,Unix,3.32
21,ProFTPD,ProFTPD version 4.1,Unix,5.4
3306,PostgreSQL,PostgreSQL version 6.7,Unix,4.03
80,nginx,nginx version 6.4,Unix,5.41
80,nginx,nginx version 9.3,Unix,4.44
80,Apache,Apache version 2.6,Windows,5.69
3306,MySQL,MySQL version 5.0,Unix,6.52
3306,MongoDB,MongoDB version 4.8,Linux,6.09
80,LiteSpeed,LiteSpeed version 5.8,Linux,5.21
80,LiteSpeed,LiteSpeed version 6.9,Linux,4.52
3306,MySQL,MySQL version 5.1,Windows,3.03
80,nginx,nginx version 7.6,Linux,5.61
21,vsftpd,vsftpd version 4.3,Windows,7.02
3306,PostgreSQL,PostgreSQL version 3.2,Unix,5.01
3306,MySQL,MySQL version 1.3,Linux,7.38
22,OpenSSH,OpenSSH version 3.9,Linux,2.21
22,OpenSSH,OpenSSH version 3.8,Windows,2.77
80,LiteSpeed,LiteSpeed version 6.9,Unix,5.78
80,LiteSpeed,LiteSpeed version 1.2,Unix,4.9
3306,RDP,RDP version 8.6,Linux,8.47
3306,SMB,SMB version 6.0,Unix,6.48
3306,RDP,RDP version 1.2,Windows,5.2
3306,SMB,SMB version 1.4,Linux,6.18
3306,MongoDB,MongoDB version 7.8,Unix,2.2
3306,RDP,RDP version 6.9,Windows,4.81
21,vsftpd,vsftpd version 5.0,Windows,5.96
80,nginx,nginx version 5.3,Windows,5.81
3306,PostgreSQL,PostgreSQL version 3.5,Linux,5.04
21,vsftpd,vsftpd version 9.6,Linux,1.92
3306,PostgreSQL,PostgreSQL version 6.7,Windows,3.96
3306,Redis,Redis version 2.3,Unix,2.66
80,LiteSpeed,LiteSpeed version 9.8,Windows,6.26
3306,MySQL,MySQL version 8.4,Unix,3.62
21,vsftpd,vsftpd version 7.1,Unix,2.87
80,Apache,Apache version 4.5,Windows,4.54
22,OpenSSH,OpenSSH version 9.8,Windows,3.54
80,LiteSpeed,LiteSpeed version 4.1,Windows,6.73
21,vsftpd,vsftpd version 8.7,Windows,3.4
21,ProFTPD,ProFTPD version 1.3,Unix,4.4
3306,Redis,Redis version 2.5,Unix,1.27
3306,Redis,Redis version 4.5,Windows,4.45
80,nginx,nginx version 6.2,Unix,3.66
3306,MongoDB,MongoDB version 7.3,Linux,2.36
3306,SMB,SMB version 4.5,Unix,8.28
3306,MySQL,MySQL version 6.0,Linux,5.5
3306,RDP,RDP version 8.0,Windows,6.46
3306,MySQL,MySQL version 7.0,Windows,6.55
3306,MongoDB,MongoDB version 7.0,Unix,5.49
80,nginx,nginx version 6.8,Linux,3.27
80,nginx,nginx version 5.2,Unix,2.94
3306,MySQL,MySQL version 9.7,Windows,5.73
80,Apache,Apache version 2.3,Windows,5.09
80,LiteSpeed,LiteSpeed version 7.5,Unix,4.75
80,Apache,Apache version 2.5,Linux,3.23
3306,PostgreSQL,PostgreSQL version 8.1,Windows,5.41
80,nginx,nginx version 5.3,Unix,3.37
80,LiteSpeed,LiteSpeed version 8.7,Unix,4.35
3306,RDP,RDP version 8.2,Linux,8.67
3306,Redis,Redis version 5.6,Linux,3.51
80,nginx,nginx version 2.7,Windows,2.14
3306,MySQL,MySQL version 4.8,Windows,2.92
3306,MySQL,MySQL version 2.4,Linux,5.99
3306,MongoDB,MongoDB version 1.1,Windows,4.88
80,Apache,Apache version 8.9,Unix,4.31
3306,RDP,RDP version 8.9,Unix,5.74
21,vsftpd,vsftpd version 1.6,Windows,5.23
80,LiteSpeed,LiteSpeed version 2.2,Linux,3.23
80,LiteSpeed,LiteSpeed version 9.8,Windows,4.96
21,vsftpd,vsftpd version 9.0,Windows,3.4
3306,MongoDB,MongoDB version 3.6,Linux,3.15
80,Apache,Apache version 1.3,Linux,3.54
3306,PostgreSQL,PostgreSQL version 8.5,Unix,3.94
3306,RDP,RDP version 7.4,Linux,6.43
80,nginx,nginx version 1.5,Windows,4.85
21,ProFTPD,ProFTPD version 3.0,Unix,0.97
21,ProFTPD,ProFTPD version 7.1,Windows,5.29
80,LiteSpeed,LiteSpeed version 3.9,Windows,3.91
3306,MariaDB,MariaDB version 1.8,Linux,6.76
80,nginx,nginx version 2.6,Windows,2.88
80,LiteSpeed,LiteSpeed version 4.6,Windows,4.74
80,LiteSpeed,LiteSpeed version 9.2,Unix,6.74
21,vsftpd,vsftpd version 8.5,Linux,2.53
21,vsftpd,vsftpd version 5.9,Windows,5.09
80,nginx,nginx version 3.2,Windows,3.3
3306,MariaDB,MariaDB version 6.8,Windows,3.74
22,OpenSSH,OpenSSH version 3.3,Unix,3.3
21,vsftpd,vsftpd version 1.0,Unix,3.4
3306,RDP,RDP version 8.3,Unix,10.0
3306,MariaDB,MariaDB version 2.0,Unix,5.77
21,vsftpd,vsftpd version 4.1,Unix,6.15
3306,Redis,Redis version 7.3,Unix,5.24
80,nginx,nginx version 2.2,Linux,2.09
80,LiteSpeed,LiteSpeed version 6.4,Unix,5.09
80,Apache,Apache version 5.9,Unix,6.11
3306,MariaDB,MariaDB version 1.9,Unix,3.22
3306,SMB,SMB version 8.0,Windows,7.95
21,vsftpd,vsftpd version 4.4,Windows,5.56
3306,MongoDB,MongoDB version 1.9,Linux,7.28
3306,Redis,Redis version 8.3,Unix,3.87
3306,SMB,SMB version 4.1,Windows,4.85
80,Apache,Apache version 6.0,Unix,3.96
3306,MariaDB,MariaDB version 2.4,Windows,6.65
3306,RDP,RDP version 8.6,Windows,3.76
3306,MongoDB,MongoDB version 3.0,Linux,1.4
3306,RDP,RDP version 6.0,Unix,6.63
80,LiteSpeed,LiteSpeed version 7.8,Windows,3.84
3306,MariaDB,MariaDB version 8.0,Linux,4.51
80,LiteSpeed,LiteSpeed version 5.1,Unix,5.92
3306,SMB,SMB version 2.5,Linux,5.67
21,vsftpd,vsftpd version 6.7,Unix,1.69
3306,SMB,SMB version 3.1,Unix,9.57
21,vsftpd,vsftpd version 7.8,Windows,3.0
80,nginx,nginx version 7.8,Windows,2.91
3306,MariaDB,MariaDB version 1.4,Linux,6.16
3306,MySQL,MySQL version 9.9,Linux,3.92
3306,MySQL,MySQL version 4.8,Unix,4.4
3306,MariaDB,MariaDB version 4.4,Linux,5.22
3306,MariaDB,MariaDB version 4.7,Linux,6.13
22,OpenSSH,OpenSSH version 3.3,Unix,4.0
3306,MySQL,MySQL version 7.8,Linux,6.78
3306,MySQL,MySQL version 5.2,Unix,1.3
3306,RDP,RDP version 7.8,Windows,7.64
80,LiteSpeed,LiteSpeed version 5.6,Linux,3.24
3306,RDP,RDP version 2.7,Linux,8.56
21,ProFTPD,ProFTPD version 6.5,Linux,6.71
3306,MariaDB,MariaDB version 5.1,Unix,3.49
3306,MySQL,MySQL version 6.2,Windows,5.49
3306,Redis,Redis version 6.3,Linux,5.84
3306,Redis,Redis version 7.4,Windows,5.46
3306,RDP,RDP version 3.0,Unix,4.96
3306,MariaDB,MariaDB version 4.5,Linux,3.77
3306,MongoDB,MongoDB version 8.3,Windows,4.49
80,LiteSpeed,LiteSpeed version 7.9,Windows,4.44
3306,PostgreSQL,PostgreSQL version 4.3,Linux,5.62
3306,MongoDB,MongoDB version 5.3,Linux,1.48
80,Apache,Apache version 9.8,Linux,5.0
3306,SMB,SMB version 9.3,Windows,6.07
3306,MariaDB,MariaDB version 8.5,Unix,3.24
21,vsftpd,vsftpd version 9.6,Linux,3.39
21,vsftpd,vsftpd version 5.5,Windows,4.18
21,vsftpd,vsftpd version 1.0,Windows,0.0
21,ProFTPD,ProFTPD version 3.6,Unix,5.45
22,OpenSSH,OpenSSH version 5.1,Unix,3.19
22,OpenSSH,OpenSSH version 2.3,Windows,5.3
3306,SMB,SMB version 1.1,Windows,5.29
3306,RDP,RDP version 4.0,Windows,6.18
21,vsftpd,vsftpd version 9.8,Linux,6.81
21,ProFTPD,ProFTPD version 1.0,Linux,7.99
3306,RDP,RDP version 5.0,Windows,7.85
3306,Redis,Redis version 9.3,Linux,3.75
3306,RDP,RDP version 1.4,Windows,7.31
3306,MySQL,MySQL version 8.4,Unix,4.15
22,OpenSSH,OpenSSH version 9.2,Unix,4.21
21,ProFTPD,ProFTPD version 8.0,Windows,7.11
3306,PostgreSQL,PostgreSQL version 3.5,Linux,3.6
3306,MariaDB,MariaDB version 5.4,Windows,6.74
3306,SMB,SMB version 7.0,Windows,6.26
22,OpenSSH,OpenSSH version 7.4,Linux,5.43
3306,MariaDB,MariaDB version 7.4,Linux,6.68
22,OpenSSH,OpenSSH version 1.9,Linux,6.05
21,ProFTPD,ProFTPD version 4.6,Unix,4.39
21,ProFTPD,ProFTPD version 9.0,Linux,7.17
80,nginx,nginx version 6.4,Windows,5.78
3306,MongoDB,MongoDB version 7.3,Unix,5.84
3306,MySQL,MySQL version 2.3,Windows,2.83
3306,MySQL,MySQL version 9.9,Unix,3.51
3306,MySQL,MySQL version 8.1,Windows,5.99
80,nginx,nginx version 3.7,Linux,3.36
3306,MongoDB,MongoDB version 8.5,Linux,4.05
22,OpenSSH,OpenSSH version 5.2,Windows,6.86
3306,PostgreSQL,PostgreSQL version 7.2,Linux,4.43
3306,MariaDB,MariaDB version 4.9,Unix,3.41
80,LiteSpeed,LiteSpeed version 7.4,Windows,3.18
3306,Redis,Redis version 6.5,Windows,5.0
80,LiteSpeed,LiteSpeed version 2.1,Windows,2.5
80,LiteSpeed,LiteSpeed version 5.2,Windows,4.13
80,nginx,nginx version 4.3,Linux,5.0
80,nginx,nginx version 8.3,Linux,6.45
21,vsftpd,vsftpd version 4.0,Windows,5.5
3306,MariaDB,MariaDB version 8.6,Windows,3.43
3306,MariaDB,MariaDB version 4.5,Windows,6.27
3306,SMB,SMB version 7.0,Unix,6.05
80,Apache,Apache version 5.4,Unix,2.65
80,nginx,nginx version 5.2,Linux,4.24
3306,RDP,RDP version 4.2,Linux,8.66
3306,MongoDB,MongoDB version 4.7,Linux,4.75
3306,MySQL,MySQL version 4.2,Linux,4.52
22,OpenSSH,OpenSSH version 5.4,Linux,6.96
3306,SMB,SMB version 1.8,Unix,4.35
3306,MongoDB,MongoDB version 4.7,Unix,2.57
3306,Redis,Redis version 4.7,Windows,2.08
21,vsftpd,vsftpd version 1.4,Linux,5.06
3306,Redis,Redis version 1.7,Windows,4.75
21,ProFTPD,ProFTPD version 6.9,Unix,8.81
80,LiteSpeed,LiteSpeed version 5.7,Windows,4.87
3306,Redis,Redis version 8.7,Windows,3.89
21,vsftpd,vsftpd version 2.8,Unix,4.5
3306,MongoDB,MongoDB version 3.8,Windows,4.68
21,vsftpd,vsftpd version 1.9,Unix,1.99
21,vsftpd,vsftpd version 9.4,Windows,8.57
3306,PostgreSQL,PostgreSQL version 5.9,Windows,5.28
22,OpenSSH,OpenSSH version 2.4,Windows,4.82
21,vsftpd,vsftpd version 7.9,Unix,5.42
80,Apache,Apache version 6.1,Windows,5.56
3306,PostgreSQL,PostgreSQL version 1.4,Windows,4.29
80,LiteSpeed,LiteSpeed version 9.2,Unix,3.55
3306,SMB,SMB version 9.6,Windows,7.4
3306,Redis,Redis version 8.0,Unix,5.08
3306,Redis,Redis version 7.2,Unix,3.29
3306,MySQL,MySQL version 8.3,Windows,6.63
3306,Redis,Redis version 1.1,Unix,4.94
22,OpenSSH,OpenSSH version 6.2,Unix,5.59
21,ProFTPD,ProFTPD version 6.0,Windows,8.59
21,vsftpd,vsftpd version 9.9,Unix,4.53
3306,PostgreSQL,PostgreSQL version 5.8,Windows,4.98
3306,SMB,SMB version 1.3,Linux,7.72
80,LiteSpeed,LiteSpeed version 2.1,Linux,3.41
3306,MySQL,MySQL version 9.1,Unix,4.58
3306,RDP,RDP version 4.7,Linux,6.69
21,vsftpd,vsftpd version 7.6,Unix,3.07
21,vsftpd,vsftpd version 8.9,Unix,7.98
3306,MongoDB,MongoDB version 7.0,Unix,2.39
3306,RDP,RDP version 7.3,Linux,4.55
3306,RDP,RDP version 6.2,Windows,8.47
22,OpenSSH,OpenSSH version 7.3,Linux,5.57
21,vsftpd,vsftpd version 7.9,Linux,2.96
3306,MongoDB,MongoDB version 8.9,Linux,5.41
3306,PostgreSQL,PostgreSQL version 5.8,Linux,6.7
21,vsftpd,vsftpd version 2.4,Linux,4.45
80,LiteSpeed,LiteSpeed version 2.4,Linux,8.4
21,vsftpd,vsftpd version 7.9,Windows,1.91
21,vsftpd,vsftpd version 6.6,Linux,5.54
3306,MariaDB,MariaDB version 1.1,Windows,6.25
80,Apache,Apache version 8.6,Windows,5.84
3306,MongoDB,MongoDB version 6.7,Windows,4.19
3306,Redis,Redis version 4.3,Linux,4.06
3306,MariaDB,MariaDB version 4.5,Windows,5.17
3306,SMB,SMB version 7.1,Windows,7.72
80,LiteSpeed,LiteSpeed version 4.3,Windows,5.4
3306,SMB,SMB version 3.1,Unix,8.06
3306,SMB,SMB version 6.6,Linux,4.97
3306,PostgreSQL,PostgreSQL version 2.7,Windows,4.16
80,nginx,nginx version 9.6,Linux,3.09
80,nginx,nginx version 6.7,Linux,3.92
80,Apache,Apache version 1.9,Linux,6.02
80,Apache,Apache version 1.0,Windows,4.66
22,OpenSSH,OpenSSH version 5.9,Linux,8.41
3306,SMB,SMB version 6.6,Linux,6.79
3306,SMB,SMB version 5.1,Unix,6.59
3306,PostgreSQL,PostgreSQL version 7.5,Windows,4.66
21,ProFTPD,ProFTPD version 7.4,Windows,5.54
80,Apache,Apache version 2.0,Unix,4.41
80,nginx,nginx version 9.3,Windows,6.19
80,Apache,Apache version 2.1,Linux,4.67
3306,MariaDB,MariaDB version 3.3,Linux,3.31
80,Apache,Apache version 6.2,Unix,3.11
3306,MariaDB,MariaDB version 1.3,Unix,3.82
3306,RDP,RDP version 1.6,Unix,6.61
3306,MariaDB,MariaDB version 9.1,Windows,6.29
21,ProFTPD,ProFTPD version 3.9,Unix,4.49
80,nginx,nginx version 3.8,Windows,4.02
80,nginx,nginx version 4.2,Unix,4.72
21,ProFTPD,ProFTPD version 5.7,Linux,3.75
80,nginx,nginx version 9.9,Windows,3.25
3306,SMB,SMB version 1.7,Unix,5.48
21,ProFTPD,ProFTPD version 5.9,Linux,5.31
21,ProFTPD,ProFTPD version 2.4,Linux,6.79
80,Apache,Apache version 4.6,Unix,4.26
3306,MariaDB,MariaDB version 6.3,Linux,3.67
80,LiteSpeed,LiteSpeed version 1.6,Linux,5.14
3306,SMB,SMB version 4.6,Linux,9.08
22,OpenSSH,OpenSSH version 8.9,Unix,6.96
3306,RDP,RDP version 6.5,Unix,3.62
3306,MariaDB,MariaDB version 5.9,Windows,5.37
80,LiteSpeed,LiteSpeed version 8.9,Unix,4.23
3306,MySQL,MySQL version 5.9,Windows,4.73
22,OpenSSH,OpenSSH version 4.7,Linux,3.9
21,ProFTPD,ProFTPD version 4.9,Linux,6.68
80,LiteSpeed,LiteSpeed version 5.8,Unix,4.73
3306,Redis,Redis version 8.8,Windows,3.63
80,LiteSpeed,LiteSpeed version 5.4,Linux,3.16
3306,PostgreSQL,PostgreSQL version 1.5,Unix,3.83
3306,SMB,SMB version 5.7,Linux,6.85
3306,MySQL,MySQL version 9.8,Linux,5.4
80,Apache,Apache version 1.1,Linux,5.78
3306,MongoDB,MongoDB version 9.3,Unix,3.76
21,ProFTPD,ProFTPD version 1.9,Windows,6.93
3306,Redis,Redis version 4.2,Unix,5.94
21,ProFTPD,ProFTPD version 2.3,Unix,8.25
80,nginx,nginx version 7.0,Unix,4.41
80,Apache,Apache version 2.0,Unix,4.17
21,vsftpd,vsftpd version 6.9,Linux,4.79
3306,SMB,SMB version 8.2,Unix,4.78
21,ProFTPD,ProFTPD version 8.9,Unix,6.21
3306,SMB,SMB version 1.0,Linux,7.62
80,Apache,Apache version 7.0,Windows,5.46
80,Apache,Apache version 5.7,Unix,4.09
22,OpenSSH,OpenSSH version 9.9,Windows,4.83
3306,MariaDB,MariaDB version 1.8,Unix,3.26
3306,MongoDB,MongoDB version 7.1,Linux,5.56
3306,Redis,Redis version 3.5,Linux,4.38
80,LiteSpeed,LiteSpeed version 1.2,Windows,4.09
80,nginx,nginx version 4.5,Unix,3.96
3306,RDP,RDP version 3.1,Windows,6.41
21,vsftpd,vsftpd version 2.1,Unix,3.83
22,OpenSSH,OpenSSH version 2.4,Linux,5.49
80,nginx,nginx version 7.1,Windows,3.91
21,vsftpd,vsftpd version 2.6,Unix,6.89
3306,MongoDB,MongoDB version 2.3,Linux,6.7
80,LiteSpeed,LiteSpeed version 1.7,Windows,3.16
3306,PostgreSQL,PostgreSQL version 5.8,Unix,4.6
3306,RDP,RDP version 6.0,Windows,5.52
22,OpenSSH,OpenSSH version 3.7,Unix,4.01
3306,SMB,SMB version 1.3,Unix,9.5
3306,Redis,Redis version 6.3,Windows,4.04
3306,MySQL,MySQL version 2.7,Linux,5.04
3306,Redis,Redis version 2.6,Unix,5.31
3306,MySQL,MySQL version 1.2,Unix,3.0
22,OpenSSH,OpenSSH version 8.7,Unix,3.22
3306,PostgreSQL,PostgreSQL version 4.9,Windows,2.69
3306,MariaDB,MariaDB version 1.9,Linux,3.17
21,vsftpd,vsftpd version 9.4,Unix,0.22
3306,SMB,SMB version 1.5,Windows,7.32
3306,MongoDB,MongoDB version 2.4,Unix,7.58
21,vsftpd,vsftpd version 8.9,Linux,4.72
21,vsftpd,vsftpd version 6.6,Unix,2.38
3306,MariaDB,MariaDB version 6.7,Windows,3.54
3306,MongoDB,MongoDB version 2.9,Unix,3.81
3306,RDP,RDP version 8.9,Linux,4.97
22,OpenSSH,OpenSSH version 2.7,Windows,5.79
80,LiteSpeed,LiteSpeed version 4.6,Windows,5.72
3306,MongoDB,MongoDB version 8.7,Linux,2.77
21,ProFTPD,ProFTPD version 2.6,Unix,7.59
3306,Redis,Redis version 9.7,Unix,6.79
3306,MongoDB,MongoDB version 9.6,Unix,7.35
21,ProFTPD,ProFTPD version 8.7,Linux,10.0
22,OpenSSH,OpenSSH version 1.6,Linux,3.15
3306,MongoDB,MongoDB version 8.8,Linux,8.74
3306,PostgreSQL,PostgreSQL version 2.4,Linux,3.97
3306,RDP,RDP version 8.4,Unix,5.61
3306,SMB,SMB version 4.3,Linux,6.99
3306,SMB,SMB version 5.8,Unix,5.63
80,LiteSpeed,LiteSpeed version 8.9,Unix,5.1
3306,RDP,RDP version 1.1,Linux,4.52
3306,MariaDB,MariaDB version 1.0,Unix,4.14
80,Apache,Apache version 8.9,Unix,6.43
3306,MySQL,MySQL version 1.4,Linux,4.41
21,ProFTPD,ProFTPD version 7.1,Linux,6.71
3306,MySQL,MySQL version 9.4,Unix,5.21
21,vsftpd,vsftpd version 9.0,Linux,6.26
3306,MongoDB,MongoDB version 4.7,Windows,2.02
3306,RDP,RDP version 4.8,Windows,7.38
80,Apache,Apache version 3.2,Unix,4.1
22,OpenSSH,OpenSSH version 9.2,Unix,4.75
3306,PostgreSQL,PostgreSQL version 4.5,Linux,6.09
3306,MariaDB,MariaDB version 1.8,Windows,2.71
21,vsftpd,vsftpd version 4.7,Windows,2.98
80,nginx,nginx version 7.3,Windows,1.6
3306,PostgreSQL,PostgreSQL version 5.3,Windows,3.68
3306,Redis,Redis version 7.5,Unix,6.5
80,LiteSpeed,LiteSpeed version 5.9,Windows,4.32
3306,MongoDB,MongoDB version 3.2,Unix,2.49
3306,MySQL,MySQL version 2.4,Linux,3.77
3306,MongoDB,MongoDB version 5.4,Unix,2.27
21,ProFTPD,ProFTPD version 4.3,Windows,4.81
80,LiteSpeed,LiteSpeed version 8.9,Linux,5.08
3306,Redis,Redis version 6.7,Windows,2.74
21,vsftpd,vsftpd version 6.9,Windows,6.17
3306,MySQL,MySQL version 4.5,Linux,4.39
3306,RDP,RDP version 1.6,Unix,6.63
21,ProFTPD,ProFTPD version 2.7,Linux,6.08
21,ProFTPD,ProFTPD version 6.3,Windows,7.66
3306,MariaDB,MariaDB version 7.6,Unix,5.67
80,nginx,nginx version 6.4,Windows,5.0
3306,MariaDB,MariaDB version 9.2,Linux,5.35
3306,MongoDB,MongoDB version 3.0,Linux,4.18
21,ProFTPD,ProFTPD version 2.8,Unix,7.31
3306,MongoDB,MongoDB version 8.2,Linux,3.99
3306,MySQL,MySQL version 4.4,Windows,4.5
80,LiteSpeed,LiteSpeed version 2.2,Unix,4.09
80,nginx,nginx version 9.1,Linux,3.81
80,nginx,nginx version 3.8,Windows,3.47
3306,RDP,RDP version 2.5,Unix,7.2
3306,PostgreSQL,PostgreSQL version 3.9,Linux,6.47
3306,RDP,RDP version 8.9,Windows,8.26
21,vsftpd,vsftpd version 7.6,Windows,2.62
80,nginx,nginx version 2.5,Windows,6.43
21,vsftpd,vsftpd version 4.8,Unix,4.02
21,ProFTPD,ProFTPD version 4.6,Windows,7.4
22,OpenSSH,OpenSSH version 5.4,Linux,3.14
22,OpenSSH,OpenSSH version 1.7,Windows,4.71
3306,RDP,RDP version 2.5,Windows,6.97
3306,MariaDB,MariaDB version 9.8,Linux,2.27
3306,MariaDB,MariaDB version 1.7,Linux,5.41
3306,MariaDB,MariaDB version 1.3,Windows,6.52
80,Apache,Apache version 6.6,Windows,4.24
80,LiteSpeed,LiteSpeed version 2.5,Linux,6.54
21,ProFTPD,ProFTPD version 9.5,Linux,6.22
80,Apache,Apache version 6.2,Windows,5.77
3306,PostgreSQL,PostgreSQL version 9.4,Unix,1.17
3306,Redis,Redis version 6.7,Linux,8.13
80,Apache,Apache version 6.6,Windows,6.74
3306,Redis,Redis version 5.4,Windows,4.07
3306,MariaDB,MariaDB version 1.2,Linux,1.54
3306,PostgreSQL,PostgreSQL version 9.7,Linux,4.93
80,nginx,nginx version 9.8,Unix,2.33
21,ProFTPD,ProFTPD version 5.3,Linux,7.17
3306,PostgreSQL,PostgreSQL version 3.8,Windows,5.12
3306,MariaDB,MariaDB version 8.9,Unix,3.09
3306,MariaDB,MariaDB version 3.6,Windows,6.18
3306,MySQL,MySQL version 3.6,Unix,5.71
3306,PostgreSQL,PostgreSQL version 3.9,Linux,5.96
80,LiteSpeed,LiteSpeed version 7.6,Windows,4.51
3306,PostgreSQL,PostgreSQL version 8.0,Linux,2.38
80,Apache,Apache version 2.6,Windows,5.97
80,LiteSpeed,LiteSpeed version 4.4,Linux,4.09
21,ProFTPD,ProFTPD version 9.8,Linux,4.42
80,nginx,nginx version 3.6,Windows,6.53
80,nginx,nginx version 2.7,Linux,7.65
3306,PostgreSQL,PostgreSQL version 6.7,Linux,4.44
3306,RDP,RDP version 9.3,Linux,9.74
3306,Redis,Redis version 1.0,Linux,4.64
3306,MariaDB,MariaDB version 3.3,Unix,3.93
3306,MariaDB,MariaDB version 5.7,Unix,3.55
3306,SMB,SMB version 6.9,Unix,8.96
80,LiteSpeed,LiteSpeed version 8.9,Windows,3.33
3306,SMB,SMB version 2.4,Linux,7.6
3306,Redis,Redis version 7.5,Windows,3.66
3306,Redis,Redis version 6.6,Unix,3.81
3306,PostgreSQL,PostgreSQL version 9.5,Unix,6.05
80,LiteSpeed,LiteSpeed version 1.3,Linux,3.93
3306,RDP,RDP version 2.8,Linux,5.89
80,nginx,nginx version 7.0,Windows,6.2
80,nginx,nginx version 5.9,Windows,6.9
80,nginx,nginx version 5.8,Unix,5.47
21,ProFTPD,ProFTPD version 1.8,Windows,5.52
3306,MariaDB,MariaDB version 6.0,Windows,3.73
3306,MariaDB,MariaDB version 7.0,Windows,4.62
3306,RDP,RDP version 2.5,Windows,6.98
80,LiteSpeed,LiteSpeed version 6.1,Unix,3.02
21,vsftpd,vsftpd version 9.0,Unix,5.58
3306,MongoDB,MongoDB version 6.1,Windows,4.63
3306,MongoDB,MongoDB version 5.2,Windows,1.93
3306,MySQL,MySQL version 4.0,Unix,3.11
3306,MySQL,MySQL version 8.6,Unix,3.74
21,vsftpd,vsftpd version 7.1,Unix,4.39
3306,MariaDB,MariaDB version 9.7,Unix,7.33
3306,MySQL,MySQL version 3.0,Windows,4.86
3306,PostgreSQL,PostgreSQL version 1.3,Linux,3.24
3306,MongoDB,MongoDB version 7.0,Windows,4.83
3306,RDP,RDP version 2.2,Windows,5.97
80,nginx,nginx version 3.1,Windows,4.99
3306,Redis,Redis version 5.6,Unix,5.37
3306,Redis,Redis version 1.7,Linux,6.31
3306,PostgreSQL,PostgreSQL version 7.6,Unix,4.46
3306,MySQL,MySQL version 5.6,Linux,6.96
21,ProFTPD,ProFTPD version 5.8,Unix,7.86
21,vsftpd,vsftpd version 5.5,Linux,3.44
80,Apache,Apache version 9.3,Unix,7.81
80,nginx,nginx version 8.4,Unix,4.99
3306,MongoDB,MongoDB version 6.6,Linux,3.25
3306,RDP,RDP version 9.9,Windows,8.98
3306,SMB,SMB version 6.5,Windows,9.62
22,OpenSSH,OpenSSH version 3.1,Unix,4.45
22,OpenSSH,OpenSSH version 1.2,Windows,3.74
3306,MySQL,MySQL version 2.7,Linux,4.24
80,Apache,Apache version 7.0,Windows,5.57
3306,RDP,RDP version 9.2,Windows,8.42
21,vsftpd,vsftpd version 9.3,Windows,5.36
3306,SMB,SMB version 7.2,Unix,6.65
3306,MySQL,MySQL version 3.5,Windows,6.75
21,ProFTPD,ProFTPD version 8.4,Windows,6.03
80,nginx,nginx version 3.6,Windows,6.05
80,Apache,Apache version 1.6,Unix,4.07
3306,RDP,RDP version 8.9,Unix,7.15
3306,MongoDB,MongoDB version 4.8,Linux,4.33
21,vsftpd,vsftpd version 9.0,Unix,4.42
80,Apache,Apache version 2.1,Windows,3.93
21,ProFTPD,ProFTPD version 2.7,Unix,8.52
3306,SMB,SMB version 9.4,Linux,5.4
3306,MariaDB,MariaDB version 2.2,Windows,3.39
3306,MongoDB,MongoDB version 9.6,Linux,7.68
3306,Redis,Redis version 3.2,Windows,5.97
80,Apache,Apache version 4.0,Unix,0.92
3306,MySQL,MySQL version 6.3,Windows,3.65
3306,MariaDB,MariaDB version 6.7,Windows,1.78
3306,MySQL,MySQL version 1.4,Windows,3.07
80,LiteSpeed,LiteSpeed version 8.5,Linux,0.0
3306,MariaDB,MariaDB version 9.4,Windows,4.29
3306,RDP,RDP version 1.1,Linux,4.79
80,nginx,nginx version 6.6,Linux,4.59
3306,MongoDB,MongoDB version 4.1,Unix,2.06
80,LiteSpeed,LiteSpeed version 7.4,Unix,4.62
80,LiteSpeed,LiteSpeed version 4.8,Unix,3.88
22,OpenSSH,OpenSSH version 8.4,Linux,6.75
3306,MariaDB,MariaDB version 6.4,Windows,6.62
80,nginx,nginx version 7.4,Windows,5.68
3306,RDP,RDP version 3.2,Windows,6.01
22,OpenSSH,OpenSSH version 6.6,Unix,7.48
3306,SMB,SMB version 8.6,Windows,4.17
80,LiteSpeed,LiteSpeed version 2.4,Windows,2.39
3306,Redis,Redis version 8.5,Unix,4.37
3306,Redis,Redis version 7.7,Windows,7.88
3306,RDP,RDP version 6.0,Windows,6.2
3306,RDP,RDP version 5.3,Linux,6.23
3306,RDP,RDP version 7.1,Linux,4.34
80,Apache,Apache version 3.9,Windows,5.92
80,nginx,nginx version 7.6,Unix,5.93
22,OpenSSH,OpenSSH version 2.5,Linux,5.68
21,ProFTPD,ProFTPD version 6.8,Windows,5.56
3306,PostgreSQL,PostgreSQL version 9.2,Unix,3.44
3306,MySQL,MySQL version 5.3,Linux,2.56
3306,Redis,Redis version 8.9,Unix,4.63
21,ProFTPD,ProFTPD version 6.9,Unix,4.88
21,ProFTPD,ProFTPD version 9.6,Unix,4.73
3306,SMB,SMB version 7.9,Linux,5.86
3306,MariaDB,MariaDB version 5.3,Windows,3.77
3306,PostgreSQL,PostgreSQL version 6.3,Linux,3.69
3306,MySQL,MySQL version 3.0,Unix,5.2
3306,MySQL,MySQL version 8.3,Windows,4.62
80,LiteSpeed,LiteSpeed version 7.9,Linux,4.07
80,LiteSpeed,LiteSpeed version 5.5,Windows,4.77
3306,SMB,SMB version 9.3,Windows,5.01
21,ProFTPD,ProFTPD version 2.4,Windows,6.66
80,Apache,Apache version 7.2,Unix,4.73
3306,Redis,Redis version 4.3,Unix,2.25
3306,MariaDB,MariaDB version 7.4,Linux,5.99
80,LiteSpeed,LiteSpeed version 8.4,Linux,3.18
3306,SMB,SMB version 6.4,Unix,6.64
3306,MongoDB,MongoDB version 2.0,Windows,6.25
3306,MongoDB,MongoDB version 9.1,Windows,5.89
3306,MariaDB,MariaDB version 4.3,Windows,4.55
3306,SMB,SMB version 4.8,Windows,5.96
80,LiteSpeed,LiteSpeed version 1.0,Windows,5.92
3306,RDP,RDP version 3.9,Linux,7.51
21,vsftpd,vsftpd version 7.8,Unix,3.57
3306,Redis,Redis version 1.5,Windows,3.31
80,Apache,Apache version 1.1,Linux,1.39
3306,Redis,Redis version 8.9,Windows,4.73
80,nginx,nginx version 7.3,Linux,4.38
21,vsftpd,vsftpd version 4.9,Unix,6.2
3306,RDP,RDP version 2.1,Unix,7.04
80,Apache,Apache version 1.6,Windows,6.5
3306,Redis,Redis version 3.3,Unix,3.45
3306,PostgreSQL,PostgreSQL version 4.1,Linux,6.21
80,Apache,Apache version 8.4,Linux,3.71
21,vsftpd,vsftpd version 1.5,Linux,5.67
22,OpenSSH,OpenSSH version 7.3,Unix,2.31
3306,MariaDB,MariaDB version 7.8,Linux,4.85
80,Apache,Apache version 4.6,Windows,1.52
80,Apache,Apache version 9.8,Linux,4.1
3306,MariaDB,MariaDB version 3.2,Linux,5.16
3306,Redis,Redis version 2.8,Linux,3.72
80,Apache,Apache version 9.3,Linux,2.92
80,nginx,nginx version 3.4,Linux,5.77
3306,PostgreSQL,PostgreSQL version 6.8,Windows,4.34
80,Apache,Apache version 6.4,Unix,3.77
3306,MariaDB,MariaDB version 7.8,Linux,4.56
80,nginx,nginx version 5.9,Windows,8.46
3306,PostgreSQL,PostgreSQL version 8.7,Windows,6.23
22,OpenSSH,OpenSSH version 1.3,Unix,6.24
22,OpenSSH,OpenSSH version 6.1,Linux,5.15
21,ProFTPD,ProFTPD version 8.2,Unix,6.75
21,ProFTPD,ProFTPD version 2.6,Unix,2.91
21,vsftpd,vsftpd version 3.7,Unix,3.48
22,OpenSSH,OpenSSH version 5.6,Unix,3.78
3306,Redis,Redis version 9.5,Linux,1.69
3306,PostgreSQL,PostgreSQL version 4.1,Windows,2.76
21,vsftpd,vsftpd version 2.1,Linux,1.53
21,ProFTPD,ProFTPD version 7.0,Windows,6.44
3306,Redis,Redis version 9.6,Windows,5.73
21,ProFTPD,ProFTPD version 9.8,Unix,8.16
3306,SMB,SMB version 2.7,Linux,7.12
80,nginx,nginx version 8.8,Windows,3.05
22,OpenSSH,OpenSSH version 7.6,Linux,1.6
3306,MySQL,MySQL version 5.9,Linux,1.86
3306,MongoDB,MongoDB version 1.2,Windows,2.6
3306,MySQL,MySQL version 1.5,Linux,3.17
80,nginx,nginx version 3.9,Linux,4.26
22,OpenSSH,OpenSSH version 8.6,Linux,2.98
21,ProFTPD,ProFTPD version 7.4,Unix,7.01
3306,MariaDB,MariaDB version 2.8,Windows,4.15
21,ProFTPD,ProFTPD version 7.1,Linux,6.52
22,OpenSSH,OpenSSH version 6.3,Unix,6.21
3306,MongoDB,MongoDB version 3.9,Windows,2.73
21,ProFTPD,ProFTPD version 8.4,Unix,7.13
3306,Redis,Redis version 7.4,Windows,4.48
3306,MariaDB,MariaDB version 8.5,Linux,4.0
3306,MariaDB,MariaDB version 9.5,Unix,5.83
3306,PostgreSQL,PostgreSQL version 1.9,Unix,5.82
3306,PostgreSQL,PostgreSQL version 6.9,Linux,3.08
3306,MariaDB,MariaDB version 3.8,Linux,4.23
3306,MySQL,MySQL version 9.8,Windows,4.92
80,nginx,nginx version 3.5,Linux,4.09
3306,PostgreSQL,PostgreSQL version 7.3,Linux,5.38
3306,PostgreSQL,PostgreSQL version 9.8,Unix,4.92
80,nginx,nginx version 5.1,Windows,7.25
21,vsftpd,vsftpd version 5.0,Unix,2.2
21,ProFTPD,ProFTPD version 2.0,Unix,6.32
21,vsftpd,vsftpd version 2.8,Unix,3.14
3306,RDP,RDP version 1.0,Linux,7.41
3306,Redis,Redis version 9.9,Windows,2.07
3306,SMB,SMB version 1.7,Windows,7.02
80,nginx,nginx version 7.1,Windows,3.55
3306,MongoDB,MongoDB version 6.8,Unix,3.4
21,ProFTPD,ProFTPD version 9.1,Linux,4.33
3306,MariaDB,MariaDB version 7.4,Unix,3.8
3306,MongoDB,MongoDB version 4.1,Unix,6.13
21,ProFTPD,ProFTPD version 1.4,Unix,6.46
3306,RDP,RDP version 7.1,Unix,7.44
3306,MongoDB,MongoDB version 1.9,Unix,7.0
21,ProFTPD,ProFTPD version 9.3,Windows,6.9
3306,RDP,RDP version 7.8,Linux,5.66
80,nginx,nginx version 6.0,Linux,5.2
3306,RDP,RDP version 5.6,Unix,5.68
3306,MongoDB,MongoDB version 7.2,Unix,3.74
3306,MariaDB,MariaDB version 1.4,Linux,2.22
3306,MariaDB,MariaDB version 4.7,Unix,5.89
3306,MongoDB,MongoDB version 8.5,Linux,3.92
22,OpenSSH,OpenSSH version 3.3,Windows,4.77
22,OpenSSH,OpenSSH version 5.3,Linux,2.95
22,OpenSSH,OpenSSH version 6.3,Unix,5.15
80,Apache,Apache version 6.4,Windows,3.36
3306,MariaDB,MariaDB version 4.5,Windows,4.29
80,Apache,Apache version 4.5,Linux,5.82
21,ProFTPD,ProFTPD version 3.1,Windows,7.69
80,Apache,Apache version 4.6,Linux,4.47
3306,SMB,SMB version 6.9,Unix,3.85
3306,MariaDB,MariaDB version 8.4,Linux,8.99
3306,MySQL,MySQL version 7.4,Linux,7.12
3306,Redis,Redis version 2.4,Unix,5.58
3306,MariaDB,MariaDB version 8.4,Linux,3.37
3306,MariaDB,MariaDB version 7.0,Linux,4.33
80,nginx,nginx version 5.2,Windows,3.68
3306,SMB,SMB version 6.0,Windows,8.4
21,vsftpd,vsftpd version 8.6,Unix,4.89
21,vsftpd,vsftpd version 8.2,Linux,3.32
3306,PostgreSQL,PostgreSQL version 7.9,Unix,3.79
3306,MySQL,MySQL version 8.4,Windows,6.18
3306,PostgreSQL,PostgreSQL version 2.6,Windows,6.9
3306,RDP,RDP version 4.7,Linux,8.79
3306,MariaDB,MariaDB version 4.6,Linux,5.64
80,nginx,nginx version 5.4,Linux,4.12
3306,Redis,Redis version 3.7,Windows,0.0
21,ProFTPD,ProFTPD version 3.1,Windows,6.95
80,LiteSpeed,LiteSpeed version 5.4,Windows,4.5
3306,PostgreSQL,PostgreSQL version 1.6,Linux,4.71
80,nginx,nginx version 8.4,Windows,4.58
3306,MariaDB,MariaDB version 8.9,Windows,2.51
80,Apache,Apache version 2.7,Windows,5.34
3306,MariaDB,MariaDB version 2.9,Unix,5.45
22,OpenSSH,OpenSSH version 4.8,Unix,5.52
80,Apache,Apache version 5.4,Linux,5.92
3306,MySQL,MySQL version 8.6,Windows,5.41
80,LiteSpeed,LiteSpeed version 9.3,Windows,3.88
3306,Redis,Redis version 8.0,Linux,4.39
3306,RDP,RDP version 2.3,Linux,6.64
3306,MongoDB,MongoDB version 6.5,Unix,4.66
80,nginx,nginx version 7.3,Windows,6.0
80,Apache,Apache version 1.2,Linux,5.47
80,Apache,Apache version 7.7,Unix,7.62
3306,Redis,Redis version 2.2,Unix,7.81
80,nginx,nginx version 6.0,Linux,4.62
21,ProFTPD,ProFTPD version 2.5,Windows,0.75
3306,MySQL,MySQL version 9.9,Unix,6.36
21,ProFTPD,ProFTPD version 6.3,Unix,5.69
3306,PostgreSQL,PostgreSQL version 2.8,Unix,3.3
21,vsftpd,vsftpd version 3.1,Windows,3.9
80,LiteSpeed,LiteSpeed version 1.4,Windows,3.83
3306,Redis,Redis version 5.8,Unix,5.42
3306,RDP,RDP version 5.4,Windows,4.16
21,vsftpd,vsftpd version 6.7,Linux,2.88
3306,MariaDB,MariaDB version 5.7,Windows,5.01
21,ProFTPD,ProFTPD version 7.2,Linux,7.43
21,vsftpd,vsftpd version 8.0,Linux,5.46
80,Apache,Apache version 6.2,Windows,3.32
3306,SMB,SMB version 4.2,Linux,5.03
3306,SMB,SMB version 3.4,Linux,5.74
3306,MySQL,MySQL version 5.1,Unix,4.86
80,nginx,nginx version 1.6,Unix,6.73
22,OpenSSH,OpenSSH version 1.2,Linux,1.43
3306,RDP,RDP version 5.0,Windows,6.17
3306,Redis,Redis version 8.4,Unix,2.5
3306,MariaDB,MariaDB version 5.2,Unix,2.02
3306,MySQL,MySQL version 7.0,Unix,5.95
3306,MySQL,MySQL version 9.1,Linux,5.32
3306,PostgreSQL,PostgreSQL version 9.7,Windows,5.17
3306,MySQL,MySQL version 5.0,Windows,5.88
3306,MongoDB,MongoDB version 6.9,Unix,3.78
3306,RDP,RDP version 5.8,Windows,5.85
21,vsftpd,vsftpd version 5.3,Linux,7.78
22,OpenSSH,OpenSSH version 5.9,Windows,4.13
3306,MySQL,MySQL version 2.4,Unix,5.6
3306,MongoDB,MongoDB version 8.5,Windows,4.51
3306,SMB,SMB version 8.1,Unix,3.73
80,Apache,Apache version 5.9,Windows,1.43
3306,RDP,RDP version 6.3,Linux,5.63
80,LiteSpeed,LiteSpeed version 9.6,Unix,6.08
80,Apache,Apache version 6.0,Unix,5.68
3306,MongoDB,MongoDB version 9.7,Windows,5.87
3306,PostgreSQL,PostgreSQL version 2.4,Linux,3.02
3306,MariaDB,MariaDB version 1.3,Windows,6.92
3306,PostgreSQL,PostgreSQL version 7.2,Linux,3.05
3306,RDP,RDP version 9.4,Windows,6.82
21,vsftpd,vsftpd version 2.6,Windows,4.48
21,vsftpd,vsftpd version 4.3,Linux,4.24
3306,RDP,RDP version 8.8,Unix,8.51
21,vsftpd,vsftpd version 6.3,Windows,3.44
3306,RDP,RDP version 8.7,Unix,4.48
80,LiteSpeed,LiteSpeed version 8.7,Windows,4.53
21,vsftpd,vsftpd version 2.6,Unix,3.9
3306,RDP,RDP version 6.0,Unix,10.0
3306,MySQL,MySQL version 3.2,Linux,5.51
3306,MongoDB,MongoDB version 3.2,Unix,3.89
3306,MongoDB,MongoDB version 9.2,Linux,2.92
3306,Redis,Redis version 9.1,Unix,1.68
3306,SMB,SMB version 1.8,Unix,4.96
80,LiteSpeed,LiteSpeed version 9.7,Unix,4.67
3306,MariaDB,MariaDB version 3.3,Linux,6.64
21,vsftpd,vsftpd version 7.4,Linux,6.18
3306,SMB,SMB version 3.5,Unix,6.84
3306,MongoDB,MongoDB version 7.7,Windows,4.02
80,nginx,nginx version 3.0,Linux,4.9
80,nginx,nginx version 1.4,Unix,3.72
21,vsftpd,vsftpd version 7.6,Windows,7.08
80,nginx,nginx version 3.4,Unix,4.22
3306,RDP,RDP version 5.8,Linux,6.37
3306,PostgreSQL,PostgreSQL version 9.5,Unix,1.18
21,vsftpd,vsftpd version 4.5,Linux,4.21
3306,MongoDB,MongoDB version 2.7,Unix,5.75
21,ProFTPD,ProFTPD version 2.8,Windows,4.9
80,Apache,Apache version 4.5,Unix,3.37
3306,RDP,RDP version 9.7,Linux,7.69
3306,MySQL,MySQL version 5.7,Linux,2.29
3306,RDP,RDP version 6.5,Unix,8.09
3306,PostgreSQL,PostgreSQL version 3.7,Linux,3.7
80,nginx,nginx version 1.2,Unix,3.92
21,vsftpd,vsftpd version 7.8,Unix,2.81
21,vsftpd,vsftpd version 7.4,Windows,5.07
3306,MariaDB,MariaDB version 8.8,Windows,8.19
22,OpenSSH,OpenSSH version 8.9,Linux,5.67
3306,MongoDB,MongoDB version 4.6,Linux,3.2
22,OpenSSH,OpenSSH version 9.3,Linux,6.2
3306,MySQL,MySQL version 7.9,Linux,4.02
21,ProFTPD,ProFTPD version 9.6,Windows,8.56
3306,MongoDB,MongoDB version 7.8,Linux,5.71
80,LiteSpeed,LiteSpeed version 8.7,Linux,0.09
3306,PostgreSQL,PostgreSQL version 9.8,Windows,2.99
3306,Redis,Redis version 5.0,Unix,5.92
3306,MariaDB,MariaDB version 3.1,Linux,4.73
3306,MariaDB,MariaDB version 9.5,Unix,2.96
3306,MongoDB,MongoDB version 6.2,Windows,3.55
3306,Redis,Redis version 7.9,Unix,1.64
80,Apache,Apache version 5.5,Linux,4.37
3306,RDP,RDP version 1.0,Unix,9.82
21,ProFTPD,ProFTPD version 5.5,Linux,7.71
3306,SMB,SMB version 4.9,Unix,9.79
3306,PostgreSQL,PostgreSQL version 8.5,Unix,5.82
80,nginx,nginx version 5.9,Linux,6.04
3306,PostgreSQL,PostgreSQL version 6.0,Windows,7.46
3306,SMB,SMB version 7.9,Unix,7.07
3306,MongoDB,MongoDB version 7.8,Unix,4.22
3306,PostgreSQL,PostgreSQL version 8.6,Linux,6.05
80,LiteSpeed,LiteSpeed version 1.2,Windows,6.68
80,Apache,Apache version 7.9,Windows,3.78
3306,MySQL,MySQL version 2.2,Windows,3.42
21,vsftpd,vsftpd version 2.7,Linux,4.71
21,ProFTPD,ProFTPD version 1.1,Linux,7.75
3306,MongoDB,MongoDB version 2.5,Windows,5.7
21,vsftpd,vsftpd version 4.0,Windows,2.36
3306,SMB,SMB version 6.0,Linux,9.37
3306,SMB,SMB version 6.6,Unix,5.54
21,vsftpd,vsftpd version 9.1,Linux,4.1
3306,Redis,Redis version 2.9,Unix,3.15
3306,Redis,Redis version 7.1,Linux,8.55
3306,SMB,SMB version 6.4,Unix,6.86
21,vsftpd,vsftpd version 5.9,Unix,3.22
3306,MongoDB,MongoDB version 1.0,Linux,5.8
80,LiteSpeed,LiteSpeed version 5.6,Linux,5.65
80,nginx,nginx version 9.3,Unix,4.22
3306,MongoDB,MongoDB version 3.4,Linux,5.76
22,OpenSSH,OpenSSH version 2.1,Linux,3.26
21,vsftpd,vsftpd version 2.9,Linux,3.76
80,nginx,nginx version 1.8,Windows,1.48
80,nginx,nginx version 5.8,Unix,2.51
3306,MySQL,MySQL version 4.0,Linux,7.21
3306,MySQL,MySQL version 9.9,Unix,6.96
3306,MongoDB,MongoDB version 9.7,Unix,4.6
3306,Redis,Redis version 6.2,Linux,6.99
3306,MongoDB,MongoDB version 1.3,Unix,4.26
3306,SMB,SMB version 9.0,Linux,6.13
3306,MySQL,MySQL version 9.9,Unix,4.58
80,LiteSpeed,LiteSpeed version 4.4,Unix,4.31
22,OpenSSH,OpenSSH version 3.2,Windows,4.18
80,LiteSpeed,LiteSpeed version 9.0,Unix,6.22
21,vsftpd,vsftpd version 2.3,Windows,4.73
3306,PostgreSQL,PostgreSQL version 5.9,Windows,5.57
80,LiteSpeed,LiteSpeed version 8.0,Linux,6.05
21,ProFTPD,ProFTPD version 5.7,Windows,7.08
3306,MariaDB,MariaDB version 9.4,Windows,3.04
3306,RDP,RDP version 1.7,Linux,4.47
3306,SMB,SMB version 3.0,Windows,6.72
21,vsftpd,vsftpd version 8.0,Windows,4.24
80,nginx,nginx version 2.5,Unix,4.63
3306,PostgreSQL,PostgreSQL version 3.8,Unix,4.48
3306,MySQL,MySQL version 3.6,Windows,8.38
3306,MySQL,MySQL version 5.6,Linux,2.5
3306,PostgreSQL,PostgreSQL version 6.6,Linux,1.52
21,vsftpd,vsftpd version 4.3,Windows,5.0
80,LiteSpeed,LiteSpeed version 6.8,Linux,3.94
80,Apache,Apache version 6.2,Windows,4.97
80,Apache,Apache version 5.5,Linux,5.38
3306,RDP,RDP version 3.0,Unix,8.43
80,nginx,nginx version 8.3,Windows,2.24
3306,RDP,RDP version 9.1,Windows,5.66
80,nginx,nginx version 4.9,Unix,5.14
22,OpenSSH,OpenSSH version 8.0,Unix,5.66
21,vsftpd,vsftpd version 4.1,Unix,7.79
3306,MongoDB,MongoDB version 1.1,Unix,5.93
3306,Redis,Redis version 7.9,Unix,4.41
3306,SMB,SMB version 8.4,Linux,5.16
22,OpenSSH,OpenSSH version 6.2,Windows,3.65
3306,MariaDB,MariaDB version 4.9,Unix,3.61
80,LiteSpeed,LiteSpeed version 7.0,Linux,5.48
3306,Redis,Redis version 5.1,Windows,4.89
3306,MariaDB,MariaDB version 7.6,Linux,2.51
3306,MySQL,MySQL version 1.4,Unix,3.85
3306,MongoDB,MongoDB version 1.6,Linux,5.82
3306,Redis,Redis version 9.0,Windows,5.03
3306,Redis,Redis version 4.9,Windows,5.35
3306,PostgreSQL,PostgreSQL version 6.6,Windows,5.07
3306,RDP,RDP version 2.0,Unix,8.94
21,ProFTPD,ProFTPD version 4.5,Linux,6.85
80,LiteSpeed,LiteSpeed version 5.3,Windows,3.92
22,OpenSSH,OpenSSH version 8.0,Linux,3.13
21,ProFTPD,ProFTPD version 9.7,Unix,6.87
80,nginx,nginx version 7.3,Windows,0.84
21,vsftpd,vsftpd version 2.0,Unix,4.22
80,LiteSpeed,LiteSpeed version 4.1,Unix,4.19
80,nginx,nginx version 8.9,Linux,2.45
3306,MySQL,MySQL version 3.6,Unix,3.11
21,ProFTPD,ProFTPD version 2.4,Unix,7.71
80,nginx,nginx version 5.4,Windows,4.85
3306,PostgreSQL,PostgreSQL version 6.4,Unix,4.65
80,LiteSpeed,LiteSpeed version 1.5,Linux,4.96
21,ProFTPD,ProFTPD version 2.9,Linux,6.64
22,OpenSSH,OpenSSH version 5.7,Windows,6.36
22,OpenSSH,OpenSSH version 9.3,Unix,4.69
3306,RDP,RDP version 7.7,Linux,4.31
80,nginx,nginx version 9.2,Windows,6.95
80,Apache,Apache version 9.0,Unix,5.06
80,nginx,nginx version 4.5,Windows,3.62
21,vsftpd,vsftpd version 3.9,Linux,2.62
3306,MongoDB,MongoDB version 1.2,Unix,5.09
80,nginx,nginx version 8.0,Windows,4.32
3306,MongoDB,MongoDB version 7.4,Linux,6.86
3306,PostgreSQL,PostgreSQL version 7.0,Linux,3.98
21,ProFTPD,ProFTPD version 3.5,Windows,5.24
22,OpenSSH,OpenSSH version 2.0,Windows,5.84
80,Apache,Apache version 9.2,Unix,5.89
80,Apache,Apache version 7.6,Windows,4.75
80,LiteSpeed,LiteSpeed version 2.8,Linux,5.51
80,Apache,Apache version 5.3,Unix,4.44
3306,Redis,Redis version 5.0,Unix,4.85
3306,SMB,SMB version 1.4,Unix,8.25
21,ProFTPD,ProFTPD version 3.5,Linux,7.44
3306,MongoDB,MongoDB version 7.7,Windows,4.25
3306,MongoDB,MongoDB version 9.0,Windows,6.53
3306,Redis,Redis version 9.5,Linux,0.95
3306,MariaDB,MariaDB version 2.0,Linux,7.58
3306,RDP,RDP version 9.8,Unix,3.94
22,OpenSSH,OpenSSH version 6.9,Unix,3.56
21,ProFTPD,ProFTPD version 8.8,Windows,6.44
21,vsftpd,vsftpd version 7.1,Unix,4.28
3306,MariaDB,MariaDB version 8.8,Linux,6.01
3306,MariaDB,MariaDB version 2.8,Windows,2.91
3306,MySQL,MySQL version 6.8,Linux,4.89
3306,Redis,Redis version 5.3,Linux,3.63
80,LiteSpeed,LiteSpeed version 5.4,Linux,4.94
3306,RDP,RDP version 1.8,Unix,6.4
3306,MariaDB,MariaDB version 5.3,Unix,4.64
3306,PostgreSQL,PostgreSQL version 8.2,Unix,3.68
3306,PostgreSQL,PostgreSQL version 9.7,Windows,3.73
80,nginx,nginx version 7.7,Windows,4.93
3306,SMB,SMB version 3.3,Linux,7.92
3306,MongoDB,MongoDB version 3.3,Unix,3.6
80,LiteSpeed,LiteSpeed version 6.0,Windows,3.2
3306,RDP,RDP version 7.8,Unix,7.42
3306,MongoDB,MongoDB version 8.5,Windows,4.45
3306,PostgreSQL,PostgreSQL version 6.3,Linux,5.75
3306,RDP,RDP version 8.1,Linux,5.14
80,LiteSpeed,LiteSpeed version 8.4,Unix,1.83
80,LiteSpeed,LiteSpeed version 9.5,Windows,3.7
3306,RDP,RDP version 5.0,Windows,5.35
3306,SMB,SMB version 8.1,Linux,6.38
80,Apache,Apache version 6.7,Windows,3.54
21,vsftpd,vsftpd version 3.5,Windows,5.61
3306,MySQL,MySQL version 2.1,Unix,4.07
3306,RDP,RDP version 8.9,Linux,6.73
22,OpenSSH,OpenSSH version 2.2,Windows,4.74
3306,MongoDB,MongoDB version 5.1,Unix,4.79
22,OpenSSH,OpenSSH version 1.7,Windows,4.46
80,nginx,nginx version 3.1,Linux,5.27
21,ProFTPD,ProFTPD version 6.1,Unix,5.31
21,ProFTPD,ProFTPD version 2.1,Windows,8.6
80,nginx,nginx version 8.2,Unix,4.15
22,OpenSSH,OpenSSH version 8.4,Linux,2.53
3306,MariaDB,MariaDB version 3.2,Linux,4.78
21,ProFTPD,ProFTPD version 9.7,Linux,5.22
80,nginx,nginx version 9.2,Windows,5.5
80,Apache,Apache version 1.1,Windows,7.81
3306,RDP,RDP version 5.5,Linux,5.32
80,nginx,nginx version 6.8,Unix,5.0
3306,MySQL,MySQL version 1.5,Windows,1.87
21,vsftpd,vsftpd version 3.6,Unix,5.18
3306,MariaDB,MariaDB version 8.3,Unix,3.17
3306,Redis,Redis version 5.2,Unix,3.56
80,LiteSpeed,LiteSpeed version 8.1,Unix,2.85
80,LiteSpeed,LiteSpeed version 3.2,Windows,5.6
3306,Redis,Redis version 1.4,Windows,6.01
3306,MariaDB,MariaDB version 6.1,Unix,4.54
80,Apache,Apache version 2.8,Linux,3.2
3306,SMB,SMB version 9.3,Linux,8.88
3306,MariaDB,MariaDB version 8.8,Windows,3.37
21,vsftpd,vsftpd version 7.3,Unix,1.26
21,ProFTPD,ProFTPD version 3.7,Windows,7.19
3306,Redis,Redis version 2.8,Unix,2.84
3306,MySQL,MySQL version 3.0,Unix,5.98
21,vsftpd,vsftpd version 4.7,Windows,3.93
3306,PostgreSQL,PostgreSQL version 9.3,Unix,5.41
3306,MySQL,MySQL version 5.1,Unix,6.6
80,LiteSpeed,LiteSpeed version 5.7,Windows,2.69
22,OpenSSH,OpenSSH version 1.5,Windows,3.65
21,vsftpd,vsftpd version 2.7,Windows,4.39
3306,MySQL,MySQL version 7.3,Linux,6.81
22,OpenSSH,OpenSSH version 3.5,Linux,3.51
80,nginx,nginx version 1.6,Unix,3.61
21,vsftpd,vsftpd version 2.8,Linux,5.22
3306,Redis,Redis version 8.5,Linux,3.63
22,OpenSSH,OpenSSH version 8.7,Unix,4.73
3306,PostgreSQL,PostgreSQL version 6.0,Unix,2.17
80,LiteSpeed,LiteSpeed version 8.6,Linux,7.82
3306,MariaDB,MariaDB version 8.1,Unix,2.48
3306,PostgreSQL,PostgreSQL version 1.2,Unix,4.02
21,vsftpd,vsftpd version 2.5,Unix,4.45
3306,PostgreSQL,PostgreSQL version 3.3,Windows,7.37
3306,MongoDB,MongoDB version 2.6,Unix,2.51
3306,Redis,Redis version 5.3,Linux,7.48
21,vsftpd,vsftpd version 8.2,Unix,5.64
3306,MongoDB,MongoDB version 8.1,Windows,5.13
21,vsftpd,vsftpd version 6.8,Windows,3.02
3306,MongoDB,MongoDB version 1.8,Windows,5.36
3306,Redis,Redis version 7.0,Unix,3.41
3306,MariaDB,MariaDB version 6.8,Linux,6.4
3306,SMB,SMB version 3.5,Windows,5.04
22,OpenSSH,OpenSSH version 7.2,Linux,4.33
3306,MariaDB,MariaDB version 8.6,Windows,3.67
80,nginx,nginx version 4.5,Windows,3.02
22,OpenSSH,OpenSSH version 4.5,Unix,5.61
3306,RDP,RDP version 3.4,Linux,7.3
3306,Redis,Redis version 7.3,Linux,6.31
3306,MySQL,MySQL version 7.4,Linux,1.83
80,Apache,Apache version 1.8,Windows,6.1
80,LiteSpeed,LiteSpeed version 9.9,Linux,8.26
3306,PostgreSQL,PostgreSQL version 1.1,Windows,3.82
3306,SMB,SMB version 7.2,Linux,9.34
3306,PostgreSQL,PostgreSQL version 7.0,Unix,4.11
3306,MongoDB,MongoDB version 2.2,Windows,2.44
80,Apache,Apache version 5.2,Linux,4.04
3306,MongoDB,MongoDB version 5.6,Windows,6.07
21,vsftpd,vsftpd version 5.5,Unix,3.24
3306,MySQL,MySQL version 9.3,Windows,3.6
21,ProFTPD,ProFTPD version 1.7,Linux,7.39
3306,SMB,SMB version 3.4,Windows,6.5
3306,MariaDB,MariaDB version 9.8,Windows,5.38
3306,RDP,RDP version 9.9,Unix,6.86
80,Apache,Apache version 8.1,Linux,5.22
80,nginx,nginx version 2.1,Linux,3.85
3306,Redis,Redis version 8.7,Windows,4.85
80,Apache,Apache version 9.9,Linux,3.11
3306,MongoDB,MongoDB version 2.5,Windows,6.43
3306,SMB,SMB version 4.1,Linux,5.55
3306,MySQL,MySQL version 9.7,Windows,6.19
3306,MongoDB,MongoDB version 6.1,Unix,4.15
21,ProFTPD,ProFTPD version 9.5,Windows,6.8
80,LiteSpeed,LiteSpeed version 1.7,Linux,3.76
22,OpenSSH,OpenSSH version 8.6,Linux,2.98
22,OpenSSH,OpenSSH version 8.1,Windows,1.88
3306,MySQL,MySQL version 4.5,Linux,2.92
3306,Redis,Redis version 1.7,Linux,4.01
80,Apache,Apache version 5.0,Unix,4.82
80,nginx,nginx version 1.0,Windows,6.02
21,vsftpd,vsftpd version 3.7,Windows,3.83
3306,SMB,SMB version 1.4,Windows,5.18
3306,Redis,Redis version 1.8,Linux,2.34
80,LiteSpeed,LiteSpeed version 7.3,Linux,5.22
21,ProFTPD,ProFTPD version 1.3,Linux,8.57
3306,MySQL,MySQL version 4.3,Unix,6.4
3306,PostgreSQL,PostgreSQL version 6.5,Windows,5.56
3306,MySQL,MySQL version 8.6,Linux,5.46
22,OpenSSH,OpenSSH version 2.7,Unix,7.05
3306,PostgreSQL,PostgreSQL version 6.7,Unix,5.0
21,vsftpd,vsftpd version 6.3,Unix,5.47
80,nginx,nginx version 6.7,Windows,4.02
3306,PostgreSQL,PostgreSQL version 4.5,Windows,2.46
80,Apache,Apache version 3.0,Linux,3.47
3306,MariaDB,MariaDB version 3.6,Windows,4.49
3306,MySQL,MySQL version 9.7,Windows,4.59
3306,SMB,SMB version 5.8,Windows,9.39
21,vsftpd,vsftpd version 3.9,Linux,4.62
80,nginx,nginx version 6.7,Linux,6.27
21,vsftpd,vsftpd version 4.8,Unix,3.85
22,OpenSSH,OpenSSH version 3.5,Windows,4.03
3306,MongoDB,MongoDB version 9.9,Windows,2.51
21,vsftpd,vsftpd version 9.4,Windows,3.39
3306,MongoDB,MongoDB version 7.2,Linux,5.29
21,vsftpd,vsftpd version 7.3,Unix,4.51
80,nginx,nginx version 2.2,Unix,5.91
80,LiteSpeed,LiteSpeed version 8.0,Windows,4.77
3306,RDP,RDP version 7.9,Windows,5.97
3306,Redis,Redis version 7.3,Windows,7.72
3306,Redis,Redis version 1.0,Unix,4.36
3306,MongoDB,MongoDB version 1.3,Unix,6.24
3306,MySQL,MySQL version 8.1,Linux,3.9
3306,MySQL,MySQL version 1.8,Linux,5.56
21,vsftpd,vsftpd version 8.1,Windows,5.89
3306,SMB,SMB version 7.9,Linux,6.81
80,nginx,nginx version 1.7,Linux,0.97
3306,MySQL,MySQL version 5.8,Linux,4.53
3306,MySQL,MySQL version 6.0,Linux,6.35
80,LiteSpeed,LiteSpeed version 9.4,Linux,5.29
80,LiteSpeed,LiteSpeed version 8.1,Unix,5.17
3306,SMB,SMB version 9.8,Linux,3.92
3306,RDP,RDP version 4.9,Unix,5.42
3306,PostgreSQL,PostgreSQL version 8.6,Windows,5.12
3306,MariaDB,MariaDB version 3.8,Linux,5.12
21,vsftpd,vsftpd version 5.5,Linux,6.32
3306,PostgreSQL,PostgreSQL version 5.2,Windows,4.28
80,LiteSpeed,LiteSpeed version 9.9,Linux,5.11
80,Apache,Apache version 5.4,Unix,4.52
3306,MariaDB,MariaDB version 9.7,Linux,3.02
3306,MariaDB,MariaDB version 9.9,Windows,1.12
21,vsftpd,vsftpd version 1.0,Linux,5.15
3306,MySQL,MySQL version 4.7,Unix,4.76
3306,RDP,RDP version 9.2,Unix,5.57
3306,MongoDB,MongoDB version 1.2,Unix,2.07
80,LiteSpeed,LiteSpeed version 8.8,Unix,5.44
3306,SMB,SMB version 6.1,Linux,6.1
3306,MongoDB,MongoDB version 2.3,Unix,5.34
80,Apache,Apache version 7.0,Windows,7.3
3306,MongoDB,MongoDB version 7.2,Linux,1.29
80,LiteSpeed,LiteSpeed version 4.6,Unix,3.45
21,ProFTPD,ProFTPD version 2.6,Linux,6.19
3306,RDP,RDP version 5.7,Unix,8.68
3306,MongoDB,MongoDB version 6.8,Windows,2.05
21,ProFTPD,ProFTPD version 4.2,Windows,9.4
22,OpenSSH,OpenSSH version 8.8,Unix,4.7
3306,MySQL,MySQL version 7.2,Unix,4.36
21,ProFTPD,ProFTPD version 1.6,Windows,6.2
3306,PostgreSQL,PostgreSQL version 2.5,Windows,3.85
3306,RDP,RDP version 5.4,Windows,8.07
3306,Redis,Redis version 6.5,Linux,2.9
3306,MariaDB,MariaDB version 6.8,Windows,5.02
21,vsftpd,vsftpd version 5.6,Windows,3.92
80,LiteSpeed,LiteSpeed version 9.9,Windows,3.36
80,Apache,Apache version 1.3,Unix,8.38
3306,MongoDB,MongoDB version 1.7,Unix,5.13
3306,SMB,SMB version 1.8,Windows,7.42
80,LiteSpeed,LiteSpeed version 5.6,Windows,6.21
21,vsftpd,vsftpd version 4.5,Linux,2.37
3306,MongoDB,MongoDB version 4.0,Windows,7.13
80,LiteSpeed,LiteSpeed version 4.5,Unix,0.74
3306,MySQL,MySQL version 8.0,Windows,3.35
3306,MongoDB,MongoDB version 7.7,Linux,3.81
80,Apache,Apache version 3.0,Unix,5.37
3306,RDP,RDP version 1.5,Windows,6.83
3306,SMB,SMB version 7.5,Windows,6.25
3306,Redis,Redis version 9.3,Linux,4.48
80,LiteSpeed,LiteSpeed version 9.3,Linux,3.03
3306,MySQL,MySQL version 9.7,Unix,2.25
3306,PostgreSQL,PostgreSQL version 9.8,Linux,5.59
3306,MariaDB,MariaDB version 2.6,Unix,5.54
3306,Redis,Redis version 3.9,Windows,6.88
3306,SMB,SMB version 8.6,Unix,5.31
80,Apache,Apache version 2.7,Linux,5.54
80,nginx,nginx version 8.0,Windows,4.07
3306,MongoDB,MongoDB version 7.1,Linux,6.29
80,nginx,nginx version 1.3,Unix,6.03
21,vsftpd,vsftpd version 7.1,Windows,4.82
21,ProFTPD,ProFTPD version 1.7,Windows,5.99
3306,RDP,RDP version 6.3,Unix,7.94
3306,MongoDB,MongoDB version 3.2,Unix,5.47
3306,PostgreSQL,PostgreSQL version 9.3,Unix,3.47
3306,SMB,SMB version 9.6,Unix,4.51
3306,MySQL,MySQL version 1.6,Unix,4.07
80,Apache,Apache version 7.7,Unix,6.77
3306,SMB,SMB version 5.0,Linux,8.22
3306,MongoDB,MongoDB version 1.2,Linux,2.83
21,vsftpd,vsftpd version 1.4,Linux,2.75
3306,RDP,RDP version 5.5,Linux,8.41
80,Apache,Apache version 6.2,Windows,2.8
80,nginx,nginx version 3.8,Unix,5.26
80,LiteSpeed,LiteSpeed version 5.4,Linux,3.58
3306,SMB,SMB version 9.7,Windows,8.93
3306,SMB,SMB version 9.4,Linux,5.34
3306,MariaDB,MariaDB version 8.7,Linux,6.22
3306,MongoDB,MongoDB version 2.2,Windows,4.78
80,LiteSpeed,LiteSpeed version 2.7,Linux,4.88
21,vsftpd,vsftpd version 5.2,Windows,1.54
3306,PostgreSQL,PostgreSQL version 7.4,Windows,1.2
3306,Redis,Redis version 3.5,Linux,4.17
21,vsftpd,vsftpd version 3.3,Windows,4.87
3306,MongoDB,MongoDB version 2.0,Unix,2.81
80,LiteSpeed,LiteSpeed version 4.8,Unix,2.87
80,LiteSpeed,LiteSpeed version 6.3,Unix,5.34
3306,RDP,RDP version 9.8,Linux,7.34
80,nginx,nginx version 8.9,Windows,4.29
21,vsftpd,vsftpd version 8.1,Linux,5.67
3306,PostgreSQL,PostgreSQL version 3.9,Unix,2.74
3306,MySQL,MySQL version 6.4,Linux,3.97
3306,PostgreSQL,PostgreSQL version 5.0,Linux,6.97
3306,MySQL,MySQL version 4.3,Unix,4.6
3306,MySQL,MySQL version 2.0,Linux,4.69
22,OpenSSH,OpenSSH version 9.8,Linux,7.96
3306,SMB,SMB version 7.8,Unix,4.4
3306,MongoDB,MongoDB version 5.0,Linux,5.69
3306,MongoDB,MongoDB version 1.4,Unix,7.0
80,LiteSpeed,LiteSpeed version 1.6,Unix,4.01
3306,MySQL,MySQL version 1.6,Linux,5.79
80,LiteSpeed,LiteSpeed version 7.2,Linux,3.03
80,nginx,nginx version 9.7,Linux,3.47
80,Apache,Apache version 4.2,Windows,5.08
3306,MongoDB,MongoDB version 3.3,Unix,5.7
80,LiteSpeed,LiteSpeed version 5.4,Unix,6.18
21,ProFTPD,ProFTPD version 3.7,Windows,8.85
80,Apache,Apache version 3.7,Unix,4.4
21,vsftpd,vsftpd version 5.7,Windows,6.29
3306,RDP,RDP version 6.1,Linux,5.99
3306,MySQL,MySQL version 3.8,Linux,5.85
3306,SMB,SMB version 7.4,Windows,6.81
3306,MariaDB,MariaDB version 4.0,Linux,5.17
3306,MongoDB,MongoDB version 2.1,Unix,5.14
21,vsftpd,vsftpd version 9.8,Windows,2.09
3306,SMB,SMB version 8.3,Unix,4.81
3306,PostgreSQL,PostgreSQL version 9.6,Linux,4.65
3306,MariaDB,MariaDB version 7.5,Linux,1.97
80,LiteSpeed,LiteSpeed version 5.8,Windows,5.75
80,Apache,Apache version 5.9,Linux,5.81
3306,RDP,RDP version 7.5,Unix,6.99
3306,SMB,SMB version 2.5,Linux,4.82
3306,Redis,Redis version 5.8,Unix,6.57
80,Apache,Apache version 4.7,Windows,7.56
80,LiteSpeed,LiteSpeed version 4.9,Linux,4.72
80,Apache,Apache version 6.3,Windows,5.27
3306,SMB,SMB version 5.1,Unix,6.8
3306,PostgreSQL,PostgreSQL version 8.1,Unix,5.3
22,OpenSSH,OpenSSH version 5.9,Unix,4.32
3306,MariaDB,MariaDB version 2.3,Windows,4.45
3306,PostgreSQL,PostgreSQL version 3.5,Linux,5.86
21,vsftpd,vsftpd version 8.6,Windows,8.02
22,OpenSSH,OpenSSH version 9.3,Unix,2.4
3306,SMB,SMB version 6.9,Unix,6.34
3306,PostgreSQL,PostgreSQL version 2.4,Unix,2.73
3306,RDP,RDP version 6.7,Unix,8.89
3306,RDP,RDP version 2.9,Unix,5.62
80,LiteSpeed,LiteSpeed version 4.0,Unix,2.34
3306,RDP,RDP version 3.1,Windows,7.46
3306,SMB,SMB version 3.3,Unix,9.12
80,Apache,Apache version 4.5,Unix,5.5
3306,Redis,Redis version 4.5,Linux,4.81
80,nginx,nginx version 1.5,Windows,5.11
22,OpenSSH,OpenSSH version 1.2,Linux,6.62
21,ProFTPD,ProFTPD version 3.8,Linux,5.19
80,nginx,nginx version 7.8,Unix,4.33
80,nginx,nginx version 7.9,Linux,3.82
80,nginx,nginx version 5.6,Windows,2.75
21,ProFTPD,ProFTPD version 3.2,Linux,6.01
3306,MySQL,MySQL version 1.0,Unix,6.16
80,LiteSpeed,LiteSpeed version 8.7,Windows,5.35
3306,PostgreSQL,PostgreSQL version 8.6,Linux,5.47
80,nginx,nginx version 6.7,Unix,4.72
21,ProFTPD,ProFTPD version 1.6,Linux,7.28
21,vsftpd,vsftpd version 8.1,Windows,3.3
21,vsftpd,vsftpd version 6.8,Windows,4.04
22,OpenSSH,OpenSSH version 3.1,Unix,4.79
3306,RDP,RDP version 8.1,Linux,6.92
80,nginx,nginx version 1.8,Unix,4.98
3306,RDP,RDP version 8.4,Windows,6.29
3306,RDP,RDP version 8.0,Unix,5.93
3306,MySQL,MySQL version 7.4,Unix,9.24
3306,Redis,Redis version 6.0,Windows,5.86
80,LiteSpeed,LiteSpeed version 7.9,Unix,5.12
3306,MongoDB,MongoDB version 7.0,Windows,4.15
3306,MongoDB,MongoDB version 9.2,Windows,3.82
80,Apache,Apache version 3.8,Unix,4.3
80,nginx,nginx version 6.0,Windows,4.94
3306,MongoDB,MongoDB version 4.8,Linux,1.68
80,nginx,nginx version 3.8,Unix,2.15
3306,MariaDB,MariaDB version 2.9,Unix,3.54
21,ProFTPD,ProFTPD version 6.6,Windows,6.81
22,OpenSSH,OpenSSH version 2.0,Windows,4.14
3306,Redis,Redis version 5.8,Linux,6.72
3306,MongoDB,MongoDB version 5.6,Unix,2.28
80,Apache,Apache version 8.0,Linux,3.37
80,Apache,Apache version 5.5,Linux,6.78
3306,RDP,RDP version 7.4,Linux,6.7
22,OpenSSH,OpenSSH version 3.2,Unix,5.83
80,Apache,Apache version 6.0,Unix,7.58
3306,MySQL,MySQL version 8.0,Linux,3.46
3306,MariaDB,MariaDB version 3.4,Windows,4.35
21,vsftpd,vsftpd version 4.3,Windows,4.09
3306,SMB,SMB version 8.8,Windows,3.57
3306,PostgreSQL,PostgreSQL version 4.6,Unix,4.03
3306,SMB,SMB version 1.4,Linux,7.82
3306,PostgreSQL,PostgreSQL version 8.7,Unix,5.31
22,OpenSSH,OpenSSH version 2.1,Windows,5.43
80,nginx,nginx version 5.9,Linux,3.94
3306,Redis,Redis version 7.0,Windows,3.52
3306,RDP,RDP version 7.7,Windows,8.4
80,LiteSpeed,LiteSpeed version 6.1,Windows,3.75
22,OpenSSH,OpenSSH version 1.8,Windows,4.94
3306,MongoDB,MongoDB version 2.0,Windows,4.75
3306,PostgreSQL,PostgreSQL version 3.4,Unix,6.69
3306,MySQL,MySQL version 2.5,Windows,5.96
3306,MySQL,MySQL version 3.3,Unix,2.56
3306,MySQL,MySQL version 3.1,Linux,2.72
3306,SMB,SMB version 7.1,Windows,7.37
3306,Redis,Redis version 6.7,Linux,4.4
80,nginx,nginx version 9.0,Unix,3.82
21,vsftpd,vsftpd version 1.8,Windows,6.02
3306,RDP,RDP version 1.5,Windows,6.78
3306,PostgreSQL,PostgreSQL version 4.4,Windows,4.58
3306,PostgreSQL,PostgreSQL version 4.8,Linux,5.67
3306,Redis,Redis version 7.9,Linux,3.94
22,OpenSSH,OpenSSH version 8.0,Linux,6.85
22,OpenSSH,OpenSSH version 3.8,Unix,3.32
80,LiteSpeed,LiteSpeed version 1.7,Linux,5.49
22,OpenSSH,OpenSSH version 3.3,Unix,6.65
3306,MongoDB,MongoDB version 7.1,Unix,2.43
3306,SMB,SMB version 4.7,Windows,5.98
22,OpenSSH,OpenSSH version 7.4,Windows,6.21
3306,PostgreSQL,PostgreSQL version 8.5,Windows,6.24
80,nginx,nginx version 3.0,Unix,4.24
80,LiteSpeed,LiteSpeed version 5.4,Unix,3.4
80,LiteSpeed,LiteSpeed version 7.6,Unix,5.93
3306,MariaDB,MariaDB version 8.0,Windows,6.28
80,LiteSpeed,LiteSpeed version 3.9,Unix,2.75
80,nginx,nginx version 4.1,Windows,2.69
21,vsftpd,vsftpd version 9.7,Unix,4.84
21,ProFTPD,ProFTPD version 1.4,Unix,7.44
3306,MariaDB,MariaDB version 8.2,Unix,4.05
21,ProFTPD,ProFTPD version 9.3,Linux,7.52
3306,Redis,Redis version 7.4,Linux,3.43
3306,RDP,RDP version 5.6,Windows,3.33
80,nginx,nginx version 8.6,Windows,3.86
3306,MySQL,MySQL version 6.8,Linux,4.59
3306,SMB,SMB version 6.6,Unix,6.09
21,vsftpd,vsftpd version 9.2,Unix,2.76
3306,RDP,RDP version 8.2,Windows,3.78
3306,MariaDB,MariaDB version 9.5,Linux,3.73
21,ProFTPD,ProFTPD version 7.9,Windows,7.85
80,Apache,Apache version 9.3,Windows,6.38
21,vsftpd,vsftpd version 3.0,Unix,6.28
3306,MariaDB,MariaDB version 8.9,Linux,3.28
3306,MariaDB,MariaDB version 1.7,Unix,2.77
3306,MariaDB,MariaDB version 1.9,Linux,5.24
21,vsftpd,vsftpd version 9.5,Unix,5.45
22,OpenSSH,OpenSSH version 5.5,Windows,5.1
3306,RDP,RDP version 2.0,Unix,3.48
3306,SMB,SMB version 1.6,Windows,5.2
80,nginx,nginx version 6.5,Unix,4.46
3306,SMB,SMB version 3.0,Linux,7.23
3306,Redis,Redis version 1.3,Windows,5.65
3306,MySQL,MySQL version 6.4,Linux,4.72
21,ProFTPD,ProFTPD version 8.9,Unix,7.0
3306,MySQL,MySQL version 8.9,Unix,4.63
80,nginx,nginx version 5.5,Windows,5.53
3306,Redis,Redis version 4.2,Windows,4.97
80,LiteSpeed,LiteSpeed version 1.1,Unix,4.6
3306,PostgreSQL,PostgreSQL version 5.3,Unix,4.1
3306,MySQL,MySQL version 6.7,Windows,4.62
80,LiteSpeed,LiteSpeed version 2.3,Unix,5.23
80,LiteSpeed,LiteSpeed version 4.0,Windows,4.9
80,LiteSpeed,LiteSpeed version 3.4,Unix,5.07
3306,RDP,RDP version 2.3,Windows,8.51
80,Apache,Apache version 7.7,Linux,4.9
3306,PostgreSQL,PostgreSQL version 2.5,Linux,3.53
3306,MySQL,MySQL version 5.4,Windows,5.83
80,LiteSpeed,LiteSpeed version 1.9,Windows,2.45
3306,PostgreSQL,PostgreSQL version 2.2,Windows,2.88
80,Apache,Apache version 6.5,Unix,5.0
3306,MySQL,MySQL version 5.3,Windows,5.27
3306,Redis,Redis version 4.0,Unix,2.63
3306,SMB,SMB version 5.6,Unix,5.93
80,LiteSpeed,LiteSpeed version 4.3,Unix,3.59
3306,MySQL,MySQL version 7.3,Windows,3.77
21,ProFTPD,ProFTPD version 5.9,Windows,7.92
3306,RDP,RDP version 6.1,Windows,7.56
80,Apache,Apache version 7.1,Windows,4.47
3306,RDP,RDP version 2.2,Windows,5.68
3306,PostgreSQL,PostgreSQL version 8.6,Linux,2.48
22,OpenSSH,OpenSSH version 6.0,Linux,6.63
22,OpenSSH,OpenSSH version 9.8,Windows,5.39
80,nginx,nginx version 3.5,Unix,3.44
22,OpenSSH,OpenSSH version 8.7,Linux,5.58
21,vsftpd,vsftpd version 1.1,Windows,4.39
3306,MongoDB,MongoDB version 3.0,Linux,4.07
3306,MariaDB,MariaDB version 6.7,Unix,5.15
3306,MariaDB,MariaDB version 3.4,Unix,3.39
3306,PostgreSQL,PostgreSQL version 6.3,Unix,3.98
80,nginx,nginx version 9.2,Linux,4.68
80,nginx,nginx version 3.7,Unix,3.75
3306,RDP,RDP version 9.7,Windows,7.5
80,nginx,nginx version 1.2,Linux,7.3
80,LiteSpeed,LiteSpeed version 8.8,Unix,3.37
3306,RDP,RDP version 4.6,Linux,4.0
3306,MongoDB,MongoDB version 7.6,Windows,1.5
22,OpenSSH,OpenSSH version 9.8,Windows,4.27
3306,RDP,RDP version 9.4,Unix,5.51
80,nginx,nginx version 7.9,Linux,4.81
80,nginx,nginx version 2.8,Unix,4.7
80,LiteSpeed,LiteSpeed version 2.5,Unix,2.1
3306,MongoDB,MongoDB version 8.9,Linux,1.78
3306,PostgreSQL,PostgreSQL version 1.2,Windows,4.94
3306,RDP,RDP version 8.2,Windows,6.7
3306,RDP,RDP version 4.4,Linux,5.86
3306,SMB,SMB version 6.7,Windows,4.01
3306,Redis,Redis version 2.6,Unix,5.21
3306,RDP,RDP version 4.6,Windows,8.41
21,ProFTPD,ProFTPD version 6.6,Unix,6.92
80,nginx,nginx version 6.4,Linux,3.23
21,ProFTPD,ProFTPD version 7.1,Unix,6.57
3306,MariaDB,MariaDB version 9.3,Windows,2.45
3306,MariaDB,MariaDB version 8.9,Windows,6.09
3306,Redis,Redis version 4.9,Windows,4.62
3306,MySQL,MySQL version 8.4,Windows,1.85
21,ProFTPD,ProFTPD version 3.3,Windows,6.05
21,vsftpd,vsftpd version 5.8,Linux,5.19
3306,MySQL,MySQL version 2.4,Unix,4.0
3306,MySQL,MySQL version 4.0,Windows,4.09
21,vsftpd,vsftpd version 3.4,Linux,2.66
3306,Redis,Redis version 8.2,Windows,5.35
22,OpenSSH,OpenSSH version 7.6,Unix,3.53
80,nginx,nginx version 6.8,Linux,1.27
3306,MySQL,MySQL version 1.3,Linux,3.94
21,ProFTPD,ProFTPD version 2.2,Windows,7.97
21,ProFTPD,ProFTPD version 9.3,Linux,5.92
80,Apache,Apache version 9.9,Windows,7.11
3306,PostgreSQL,PostgreSQL version 7.1,Linux,5.14
80,Apache,Apache version 3.1,Windows,5.01
22,OpenSSH,OpenSSH version 9.0,Windows,4.31
80,Apache,Apache version 5.3,Linux,4.4
3306,RDP,RDP version 6.7,Unix,6.1
21,ProFTPD,ProFTPD version 4.4,Linux,6.05
80,nginx,nginx version 3.2,Windows,5.3
3306,MongoDB,MongoDB version 1.0,Windows,3.1
80,Apache,Apache version 9.6,Windows,2.89
3306,RDP,RDP version 5.5,Unix,4.82
3306,MongoDB,MongoDB version 4.1,Unix,7.57
80,nginx,nginx version 3.4,Unix,5.3
22,OpenSSH,OpenSSH version 6.7,Unix,4.96
80,nginx,nginx version 1.6,Windows,2.91
21,vsftpd,vsftpd version 8.3,Windows,5.44
21,ProFTPD,ProFTPD version 3.4,Windows,6.33
22,OpenSSH,OpenSSH version 5.5,Unix,4.82
21,vsftpd,vsftpd version 1.9,Windows,3.04
3306,MySQL,MySQL version 6.3,Linux,4.74
3306,SMB,SMB version 7.4,Unix,5.86
22,OpenSSH,OpenSSH version 9.7,Linux,3.35
3306,MySQL,MySQL version 2.2,Windows,5.6
22,OpenSSH,OpenSSH version 9.3,Linux,2.19
21,ProFTPD,ProFTPD version 3.2,Unix,7.35
3306,MySQL,MySQL version 3.4,Windows,5.53
80,nginx,nginx version 2.1,Unix,3.18
21,vsftpd,vsftpd version 5.3,Unix,3.27
3306,PostgreSQL,PostgreSQL version 9.0,Unix,4.17
3306,MySQL,MySQL version 9.5,Windows,4.92
3306,MariaDB,MariaDB version 3.8,Windows,4.27
3306,MariaDB,MariaDB version 4.9,Unix,5.15
3306,SMB,SMB version 1.3,Windows,9.14
3306,MariaDB,MariaDB version 8.3,Linux,3.74
80,Apache,Apache version 3.7,Linux,1.93
3306,RDP,RDP version 2.1,Windows,7.74
80,LiteSpeed,LiteSpeed version 5.6,Linux,7.02
80,LiteSpeed,LiteSpeed version 2.7,Linux,5.09
3306,SMB,SMB version 5.0,Linux,4.87
21,vsftpd,vsftpd version 9.1,Windows,4.31
80,LiteSpeed,LiteSpeed version 1.7,Unix,2.82
80,nginx,nginx version 6.7,Unix,5.46
3306,MongoDB,MongoDB version 1.5,Linux,2.47
21,vsftpd,vsftpd version 3.0,Linux,4.05
3306,RDP,RDP version 1.5,Linux,4.99
3306,MySQL,MySQL version 3.0,Unix,4.69
3306,RDP,RDP version 7.5,Linux,5.95
21,vsftpd,vsftpd version 9.1,Unix,4.77
3306,RDP,RDP version 5.1,Linux,6.53
3306,Redis,Redis version 7.3,Linux,3.02
3306,MariaDB,MariaDB version 1.7,Unix,5.44
3306,SMB,SMB version 9.9,Unix,6.43
22,OpenSSH,OpenSSH version 5.8,Unix,3.02
80,LiteSpeed,LiteSpeed version 1.8,Windows,7.86
3306,PostgreSQL,PostgreSQL version 1.7,Windows,5.21
80,Apache,Apache version 8.1,Windows,4.27
3306,MongoDB,MongoDB version 6.8,Unix,6.62
21,vsftpd,vsftpd version 6.0,Linux,7.26
80,nginx,nginx version 4.8,Linux,4.28
3306,PostgreSQL,PostgreSQL version 2.6,Windows,5.02
80,nginx,nginx version 3.5,Unix,3.02
3306,PostgreSQL,PostgreSQL version 6.5,Unix,4.28
3306,PostgreSQL,PostgreSQL version 1.7,Linux,4.2
22,OpenSSH,OpenSSH version 1.5,Unix,4.78
22,OpenSSH,OpenSSH version 5.0,Windows,5.0
3306,Redis,Redis version 6.8,Unix,5.34
21,ProFTPD,ProFTPD version 4.9,Windows,6.86
3306,Redis,Redis version 5.5,Linux,2.68
3306,MySQL,MySQL version 6.0,Unix,3.09
21,ProFTPD,ProFTPD version 1.5,Linux,5.68
21,ProFTPD,ProFTPD version 7.2,Windows,6.08
3306,MariaDB,MariaDB version 9.6,Linux,6.08
3306,RDP,RDP version 9.0,Linux,4.76
3306,MySQL,MySQL version 3.5,Linux,3.96
80,nginx,nginx version 8.2,Windows,5.93
3306,MySQL,MySQL version 9.8,Linux,4.05
21,ProFTPD,ProFTPD version 8.9,Linux,7.19
80,Apache,Apache version 1.9,Linux,4.29
3306,PostgreSQL,PostgreSQL version 9.0,Unix,4.89
3306,MySQL,MySQL version 6.2,Unix,4.16
21,vsftpd,vsftpd version 4.2,Linux,5.5
3306,SMB,SMB version 8.4,Windows,4.18
80,nginx,nginx version 5.8,Linux,3.96
21,vsftpd,vsftpd version 4.2,Windows,4.94
80,Apache,Apache version 3.7,Linux,5.3
3306,PostgreSQL,PostgreSQL version 3.9,Unix,6.74
21,ProFTPD,ProFTPD version 6.4,Windows,5.91
21,vsftpd,vsftpd version 2.7,Windows,6.72
21,ProFTPD,ProFTPD version 7.0,Unix,5.51
80,Apache,Apache version 2.0,Unix,6.49
21,ProFTPD,ProFTPD version 1.4,Windows,7.73
3306,SMB,SMB version 1.7,Windows,5.13
80,Apache,Apache version 1.2,Linux,4.96
3306,PostgreSQL,PostgreSQL version 1.9,Windows,4.42
3306,SMB,SMB version 9.2,Unix,7.44
80,nginx,nginx version 4.1,Linux,4.17
3306,MongoDB,MongoDB version 5.7,Windows,4.04
21,ProFTPD,ProFTPD version 6.0,Windows,8.55
21,vsftpd,vsftpd version 9.6,Unix,4.35
3306,MySQL,MySQL version 9.3,Unix,5.74
3306,Redis,Redis version 7.6,Linux,4.16
80,LiteSpeed,LiteSpeed version 3.1,Windows,7.0
3306,MySQL,MySQL version 6.8,Unix,3.48
21,vsftpd,vsftpd version 2.1,Linux,3.58
80,LiteSpeed,LiteSpeed version 9.8,Linux,6.79
3306,RDP,RDP version 5.5,Windows,5.83
80,LiteSpeed,LiteSpeed version 4.9,Windows,6.9
21,ProFTPD,ProFTPD version 6.0,Linux,7.84
3306,Redis,Redis version 1.5,Unix,4.27
22,OpenSSH,OpenSSH version 8.2,Windows,1.78
80,Apache,Apache version 7.3,Windows,4.47
80,LiteSpeed,LiteSpeed version 6.6,Unix,4.65
22,OpenSSH,OpenSSH version 3.7,Unix,6.25
21,ProFTPD,ProFTPD version 9.4,Unix,8.88
3306,MongoDB,MongoDB version 9.1,Unix,3.47
22,OpenSSH,OpenSSH version 6.8,Unix,5.7
3306,SMB,SMB version 6.0,Windows,7.65
22,OpenSSH,OpenSSH version 8.7,Linux,6.11
80,nginx,nginx version 4.8,Linux,5.25
3306,MongoDB,MongoDB version 8.1,Windows,1.59
80,Apache,Apache version 7.1,Windows,4.27
3306,PostgreSQL,PostgreSQL version 9.1,Unix,2.77
3306,MariaDB,MariaDB version 4.8,Linux,4.2
22,OpenSSH,OpenSSH version 3.8,Linux,5.97
80,nginx,nginx version 6.1,Linux,4.96
22,OpenSSH,OpenSSH version 1.1,Windows,6.22
3306,RDP,RDP version 9.2,Linux,7.01
80,Apache,Apache version 1.0,Unix,2.55
21,vsftpd,vsftpd version 8.7,Unix,0.72
21,vsftpd,vsftpd version 7.1,Unix,4.72
80,Apache,Apache version 7.7,Linux,4.18
80,nginx,nginx version 3.4,Linux,3.03
3306,SMB,SMB version 5.9,Linux,3.95
3306,Redis,Redis version 8.8,Windows,3.4
80,LiteSpeed,LiteSpeed version 9.1,Windows,4.21
80,Apache,Apache version 4.8,Linux,5.5
3306,RDP,RDP version 5.1,Linux,6.78
80,nginx,nginx version 4.6,Unix,6.91
3306,SMB,SMB version 3.3,Windows,4.95
3306,MariaDB,MariaDB version 4.5,Unix,5.82
21,ProFTPD,ProFTPD version 8.2,Linux,6.57
80,LiteSpeed,LiteSpeed version 8.3,Unix,5.54
22,OpenSSH,OpenSSH version 6.0,Linux,3.85
3306,SMB,SMB version 5.5,Windows,8.11
21,ProFTPD,ProFTPD version 4.5,Unix,6.94
80,nginx,nginx version 4.4,Linux,3.48
3306,Redis,Redis version 7.4,Windows,4.48
3306,MariaDB,MariaDB version 7.1,Windows,4.14
3306,MongoDB,MongoDB version 5.9,Unix,5.23
80,nginx,nginx version 7.3,Linux,2.73
3306,MySQL,MySQL version 7.3,Linux,4.46
21,vsftpd,vsftpd version 9.5,Linux,5.09
3306,Redis,Redis version 4.7,Windows,4.55
22,OpenSSH,OpenSSH version 4.2,Unix,6.52
3306,RDP,RDP version 3.7,Unix,7.66
80,LiteSpeed,LiteSpeed version 5.4,Unix,4.49
3306,MySQL,MySQL version 9.5,Linux,4.83
3306,RDP,RDP version 9.2,Windows,6.94
21,vsftpd,vsftpd version 4.3,Linux,5.1
80,LiteSpeed,LiteSpeed version 7.2,Unix,1.76
3306,PostgreSQL,PostgreSQL version 8.2,Linux,4.05
80,nginx,nginx version 4.7,Linux,2.27
3306,MongoDB,MongoDB version 8.0,Linux,6.42
3306,RDP,RDP version 2.4,Unix,6.41
21,vsftpd,vsftpd version 8.1,Unix,4.21
3306,SMB,SMB version 2.9,Linux,7.85
80,LiteSpeed,LiteSpeed version 7.5,Windows,5.13
3306,PostgreSQL,PostgreSQL version 3.6,Windows,2.81
3306,SMB,SMB version 7.7,Unix,6.39
3306,MongoDB,MongoDB version 6.6,Unix,4.0
3306,RDP,RDP version 4.6,Unix,3.88
3306,SMB,SMB version 8.2,Unix,5.46
3306,Redis,Redis version 3.4,Linux,4.22
80,nginx,nginx version 5.8,Unix,4.33
3306,RDP,RDP version 7.8,Linux,4.28
80,LiteSpeed,LiteSpeed version 6.2,Windows,6.23
21,vsftpd,vsftpd version 8.7,Unix,4.35
3306,Redis,Redis version 6.0,Unix,4.56
3306,Redis,Redis version 4.7,Linux,5.1
3306,MongoDB,MongoDB version 3.8,Linux,3.32
3306,MySQL,MySQL version 2.1,Windows,5.18
3306,RDP,RDP version 2.4,Unix,5.95
80,nginx,nginx version 4.1,Linux,3.16
3306,PostgreSQL,PostgreSQL version 5.7,Linux,5.36
21,ProFTPD,ProFTPD version 5.4,Linux,8.74
3306,MariaDB,MariaDB version 3.1,Linux,5.59
3306,PostgreSQL,PostgreSQL version 7.9,Windows,5.88
3306,Redis,Redis version 2.8,Linux,3.72
80,LiteSpeed,LiteSpeed version 9.2,Windows,2.1
3306,Redis,Redis version 1.1,Unix,6.74
3306,MariaDB,MariaDB version 6.1,Unix,7.58
80,Apache,Apache version 4.4,Unix,6.81
22,OpenSSH,OpenSSH version 7.7,Windows,4.0
80,Apache,Apache version 2.6,Windows,2.77
3306,MariaDB,MariaDB version 3.4,Linux,2.9
80,Apache,Apache version 3.1,Unix,1.97
80,Apache,Apache version 9.4,Linux,4.34
22,OpenSSH,OpenSSH version 8.9,Windows,6.91
21,vsftpd,vsftpd version 2.0,Unix,4.29
3306,SMB,SMB version 6.3,Linux,6.95
21,vsftpd,vsftpd version 6.7,Linux,6.56
21,ProFTPD,ProFTPD version 8.5,Linux,5.89
3306,MySQL,MySQL version 2.1,Linux,7.55
3306,PostgreSQL,PostgreSQL version 4.9,Linux,7.49
3306,PostgreSQL,PostgreSQL version 3.0,Unix,4.3
80,LiteSpeed,LiteSpeed version 6.4,Unix,3.63
3306,MySQL,MySQL version 5.9,Windows,5.55
3306,PostgreSQL,PostgreSQL version 9.5,Linux,3.98
22,OpenSSH,OpenSSH version 9.7,Windows,2.77
3306,Redis,Redis version 8.0,Linux,6.42
80,Apache,Apache version 5.1,Unix,6.32
3306,MariaDB,MariaDB version 3.6,Windows,4.73
3306,PostgreSQL,PostgreSQL version 6.4,Unix,2.61
3306,Redis,Redis version 4.1,Unix,2.66
3306,MySQL,MySQL version 1.1,Unix,4.66
3306,RDP,RDP version 8.2,Linux,5.75
3306,Redis,Redis version 7.8,Linux,3.99
80,nginx,nginx version 5.1,Windows,6.03
80,Apache,Apache version 2.4,Linux,5.6
80,Apache,Apache version 1.9,Unix,6.57
3306,RDP,RDP version 1.0,Linux,5.01
3306,SMB,SMB version 9.8,Windows,5.99
3306,MongoDB,MongoDB version 9.7,Windows,5.64
3306,MariaDB,MariaDB version 6.4,Linux,5.17
3306,MySQL,MySQL version 9.4,Linux,6.8
3306,Redis,Redis version 2.2,Linux,5.13
80,nginx,nginx version 8.0,Unix,7.27
3306,MariaDB,MariaDB version 9.7,Windows,5.31
3306,Redis,Redis version 8.3,Linux,6.09
3306,MariaDB,MariaDB version 3.8,Windows,4.01
3306,Redis,Redis version 9.0,Windows,4.52
3306,Redis,Redis version 9.3,Windows,5.87
3306,SMB,SMB version 4.1,Linux,8.92
22,OpenSSH,OpenSSH version 8.3,Linux,5.59
21,vsftpd,vsftpd version 8.0,Linux,4.38
80,Apache,Apache version 3.5,Unix,6.57
3306,Redis,Redis version 8.3,Linux,1.21
80,LiteSpeed,LiteSpeed version 2.7,Unix,2.37
3306,MongoDB,MongoDB version 4.5,Windows,5.52
3306,MariaDB,MariaDB version 9.0,Unix,4.52
3306,SMB,SMB version 1.0,Unix,7.41
3306,MariaDB,MariaDB version 8.0,Windows,4.6
80,nginx,nginx version 6.5,Unix,5.36
3306,Redis,Redis version 1.6,Linux,3.28
80,LiteSpeed,LiteSpeed version 1.1,Windows,5.36
80,nginx,nginx version 1.6,Linux,5.99
3306,PostgreSQL,PostgreSQL version 7.5,Linux,6.33
22,OpenSSH,OpenSSH version 5.1,Windows,7.52
80,nginx,nginx version 8.1,Unix,4.87
21,vsftpd,vsftpd version 7.2,Linux,4.91
80,Apache,Apache version 6.4,Windows,2.22
3306,MySQL,MySQL version 5.2,Linux,3.7
3306,MySQL,MySQL version 2.5,Windows,4.21
21,ProFTPD,ProFTPD version 9.8,Linux,8.08
80,LiteSpeed,LiteSpeed version 3.0,Linux,3.58
3306,SMB,SMB version 3.1,Windows,7.69
21,ProFTPD,ProFTPD version 9.4,Windows,6.5
3306,PostgreSQL,PostgreSQL version 1.9,Unix,4.23
3306,MySQL,MySQL version 8.2,Windows,4.87
80,nginx,nginx version 6.4,Linux,3.91
80,nginx,nginx version 1.4,Unix,3.86
80,nginx,nginx version 8.2,Unix,1.94
3306,RDP,RDP version 2.3,Unix,6.13
3306,MySQL,MySQL version 9.3,Windows,3.78
3306,MariaDB,MariaDB version 5.0,Unix,3.73
3306,PostgreSQL,PostgreSQL version 3.3,Unix,5.13
3306,RDP,RDP version 5.7,Unix,7.49
3306,MariaDB,MariaDB version 7.9,Linux,4.85
21,ProFTPD,ProFTPD version 5.4,Windows,7.99
3306,PostgreSQL,PostgreSQL version 7.0,Linux,5.36
21,ProFTPD,ProFTPD version 2.1,Unix,6.06
80,nginx,nginx version 4.3,Linux,3.81
80,Apache,Apache version 1.5,Unix,4.97
3306,MySQL,MySQL version 9.8,Linux,5.36
3306,Redis,Redis version 2.2,Windows,6.6
3306,SMB,SMB version 2.5,Linux,8.29
3306,MySQL,MySQL version 6.3,Linux,3.69
80,Apache,Apache version 4.0,Windows,4.35
3306,MySQL,MySQL version 3.9,Windows,5.51
80,nginx,nginx version 7.6,Linux,6.1
3306,RDP,RDP version 7.7,Unix,7.91
21,vsftpd,vsftpd version 5.1,Unix,4.4
3306,RDP,RDP version 3.3,Linux,4.62
80,LiteSpeed,LiteSpeed version 9.3,Linux,3.0
3306,MySQL,MySQL version 8.6,Unix,4.91
80,nginx,nginx version 1.8,Unix,5.01
3306,Redis,Redis version 3.6,Windows,2.85
3306,RDP,RDP version 8.2,Linux,6.57
80,LiteSpeed,LiteSpeed version 9.0,Unix,5.45
21,ProFTPD,ProFTPD version 4.6,Linux,4.77
80,nginx,nginx version 2.5,Linux,6.16
80,Apache,Apache version 1.2,Linux,3.93
3306,MongoDB,MongoDB version 8.7,Unix,6.39
3306,SMB,SMB version 4.1,Windows,5.7
80,nginx,nginx version 5.2,Linux,2.96
80,LiteSpeed,LiteSpeed version 8.1,Unix,3.81
21,vsftpd,vsftpd version 7.7,Linux,4.36
3306,MariaDB,MariaDB version 1.6,Linux,3.92
21,vsftpd,vsftpd version 7.3,Linux,4.18
3306,MySQL,MySQL version 2.5,Linux,5.0
3306,MariaDB,MariaDB version 9.7,Linux,4.24
3306,MySQL,MySQL version 6.8,Windows,4.4
21,vsftpd,vsftpd version 7.6,Windows,1.94
3306,SMB,SMB version 2.5,Linux,7.09
80,LiteSpeed,LiteSpeed version 1.4,Windows,4.37
21,vsftpd,vsftpd version 4.0,Windows,6.92
80,LiteSpeed,LiteSpeed version 6.2,Linux,3.09
3306,PostgreSQL,PostgreSQL version 6.2,Unix,1.79
21,vsftpd,vsftpd version 7.3,Windows,5.43
3306,SMB,SMB version 6.5,Linux,7.02
80,LiteSpeed,LiteSpeed version 5.3,Unix,2.99
3306,RDP,RDP version 4.8,Unix,4.21
80,nginx,nginx version 8.7,Windows,6.81
21,ProFTPD,ProFTPD version 3.4,Windows,8.62
22,OpenSSH,OpenSSH version 3.2,Windows,0.77
3306,MySQL,MySQL version 1.4,Unix,3.81
21,ProFTPD,ProFTPD version 8.8,Windows,9.0
22,OpenSSH,OpenSSH version 3.3,Unix,3.79
3306,MongoDB,MongoDB version 2.2,Linux,3.76
80,Apache,Apache version 7.4,Windows,4.08
3306,RDP,RDP version 2.7,Windows,4.82
80,nginx,nginx version 7.8,Linux,1.94
21,ProFTPD,ProFTPD version 2.0,Unix,8.08
80,Apache,Apache version 7.1,Windows,1.74
80,LiteSpeed,LiteSpeed version 8.6,Linux,4.87
3306,SMB,SMB version 6.2,Linux,7.83
3306,MariaDB,MariaDB version 9.7,Linux,2.32
80,Apache,Apache version 7.9,Windows,3.11
80,Apache,Apache version 1.5,Linux,6.32
3306,MongoDB,MongoDB version 3.5,Linux,5.3
3306,PostgreSQL,PostgreSQL version 3.7,Unix,3.57
3306,MariaDB,MariaDB version 2.9,Unix,6.3
80,LiteSpeed,LiteSpeed version 7.8,Unix,6.31
21,ProFTPD,ProFTPD version 4.3,Unix,6.9
80,Apache,Apache version 9.0,Linux,3.15
3306,Redis,Redis version 2.8,Unix,3.88
3306,MySQL,MySQL version 5.7,Windows,4.93
3306,MySQL,MySQL version 1.0,Linux,4.22
21,vsftpd,vsftpd version 6.7,Unix,5.91
80,LiteSpeed,LiteSpeed version 9.9,Unix,2.21
3306,SMB,SMB version 6.9,Unix,4.26
22,OpenSSH,OpenSSH version 2.4,Unix,4.77
3306,RDP,RDP version 8.2,Linux,5.76
3306,MongoDB,MongoDB version 2.6,Linux,3.56
21,ProFTPD,ProFTPD version 6.7,Windows,3.85
21,vsftpd,vsftpd version 5.4,Linux,4.53
21,vsftpd,vsftpd version 1.9,Linux,4.42
3306,MySQL,MySQL version 1.7,Windows,5.48
80,nginx,nginx version 4.2,Unix,4.6
3306,RDP,RDP version 6.3,Unix,6.3
3306,Redis,Redis version 9.5,Windows,6.27
80,Apache,Apache version 7.1,Linux,2.53
3306,Redis,Redis version 6.6,Linux,5.3
3306,MySQL,MySQL version 7.0,Linux,1.99
3306,MongoDB,MongoDB version 9.4,Linux,3.24
22,OpenSSH,OpenSSH version 6.9,Linux,2.68
3306,MongoDB,MongoDB version 1.8,Windows,5.67
22,OpenSSH,OpenSSH version 3.4,Unix,4.4
3306,SMB,SMB version 7.0,Linux,6.48
80,nginx,nginx version 7.8,Linux,2.84
3306,MongoDB,MongoDB version 1.3,Windows,4.05
80,nginx,nginx version 1.8,Unix,3.35
3306,RDP,RDP version 2.8,Unix,7.08
21,ProFTPD,ProFTPD version 4.2,Windows,5.01
80,Apache,Apache version 8.1,Unix,6.49
21,ProFTPD,ProFTPD version 1.1,Linux,3.99
80,LiteSpeed,LiteSpeed version 3.0,Unix,3.29
3306,RDP,RDP version 9.5,Windows,9.02
3306,RDP,RDP version 2.5,Linux,5.85
3306,MySQL,MySQL version 3.9,Linux,2.53
3306,MySQL,MySQL version 1.4,Unix,4.83
3306,RDP,RDP version 3.7,Windows,5.79
80,LiteSpeed,LiteSpeed version 8.3,Linux,3.25
21,ProFTPD,ProFTPD version 6.0,Windows,4.86
22,OpenSSH,OpenSSH version 4.0,Linux,8.65
80,LiteSpeed,LiteSpeed version 7.4,Windows,4.12
3306,MySQL,MySQL version 6.0,Windows,1.61
3306,MariaDB,MariaDB version 9.6,Linux,6.74
3306,MySQL,MySQL version 1.7,Linux,5.42
3306,MySQL,MySQL version 7.0,Windows,3.35
80,nginx,nginx version 8.5,Windows,3.1
3306,Redis,Redis version 6.1,Linux,5.51
21,vsftpd,vsftpd version 5.4,Unix,4.13
80,Apache,Apache version 2.1,Linux,1.61
80,nginx,nginx version 8.3,Windows,7.18
3306,MongoDB,MongoDB version 7.6,Unix,3.85
22,OpenSSH,OpenSSH version 2.7,Linux,6.74
3306,PostgreSQL,PostgreSQL version 1.5,Unix,6.42
21,vsftpd,vsftpd version 6.0,Linux,3.0
3306,SMB,SMB version 9.6,Windows,8.05
3306,MongoDB,MongoDB version 3.9,Windows,3.52
22,OpenSSH,OpenSSH version 5.5,Unix,1.7
80,LiteSpeed,LiteSpeed version 8.8,Unix,3.86
3306,MariaDB,MariaDB version 5.4,Linux,5.1
80,Apache,Apache version 9.5,Linux,3.81
3306,PostgreSQL,PostgreSQL version 3.0,Unix,4.04
3306,MySQL,MySQL version 3.7,Linux,6.22
3306,Redis,Redis version 8.8,Windows,4.66
3306,RDP,RDP version 9.9,Linux,5.24
80,LiteSpeed,LiteSpeed version 3.8,Windows,5.55
3306,MongoDB,MongoDB version 8.2,Linux,4.8
22,OpenSSH,OpenSSH version 8.4,Unix,0.72
3306,RDP,RDP version 9.6,Unix,7.14
22,OpenSSH,OpenSSH version 5.0,Windows,5.09
80,LiteSpeed,LiteSpeed version 8.8,Windows,4.53
3306,MariaDB,MariaDB version 5.3,Unix,5.84
80,nginx,nginx version 9.1,Linux,3.49
21,vsftpd,vsftpd version 4.7,Linux,5.0
3306,MySQL,MySQL version 7.8,Unix,2.15
80,nginx,nginx version 5.4,Unix,5.11
3306,PostgreSQL,PostgreSQL version 1.4,Windows,7.43
80,Apache,Apache version 2.2,Unix,3.01
21,vsftpd,vsftpd version 1.5,Unix,3.36
21,ProFTPD,ProFTPD version 3.1,Linux,5.43
3306,MariaDB,MariaDB version 9.5,Windows,4.69
3306,MongoDB,MongoDB version 9.2,Unix,2.91
3306,SMB,SMB version 2.2,Unix,7.13
80,nginx,nginx version 1.8,Linux,5.77
3306,Redis,Redis version 1.7,Linux,5.3
3306,PostgreSQL,PostgreSQL version 2.8,Unix,1.85
80,Apache,Apache version 3.1,Windows,5.99
3306,Redis,Redis version 1.2,Unix,5.91
80,Apache,Apache version 7.6,Unix,5.75
21,ProFTPD,ProFTPD version 2.6,Unix,7.06
3306,PostgreSQL,PostgreSQL version 5.7,Unix,4.83
22,OpenSSH,OpenSSH version 5.1,Unix,6.05
3306,PostgreSQL,PostgreSQL version 7.5,Windows,7.39
80,nginx,nginx version 4.5,Windows,3.07
80,nginx,nginx version 3.0,Linux,6.12
3306,RDP,RDP version 4.8,Linux,6.37
21,ProFTPD,ProFTPD version 7.5,Unix,6.31
3306,RDP,RDP version 7.3,Linux,4.2
3306,RDP,RDP version 7.1,Unix,6.07
80,nginx,nginx version 2.0,Windows,3.0
3306,SMB,SMB version 8.9,Unix,5.8
80,LiteSpeed,LiteSpeed version 2.2,Unix,2.85
3306,RDP,RDP version 4.5,Linux,5.83
3306,MongoDB,MongoDB version 4.3,Linux,3.89
80,nginx,nginx version 1.8,Linux,4.65
80,Apache,Apache version 8.3,Windows,2.08
3306,Redis,Redis version 3.1,Linux,2.33
80,nginx,nginx version 5.3,Linux,5.04
3306,SMB,SMB version 2.7,Linux,5.3
3306,SMB,SMB version 3.7,Linux,8.11
3306,MongoDB,MongoDB version 9.7,Linux,4.84
3306,PostgreSQL,PostgreSQL version 4.8,Linux,5.41
21,ProFTPD,ProFTPD version 6.8,Unix,8.62
80,LiteSpeed,LiteSpeed version 6.3,Linux,4.04
21,vsftpd,vsftpd version 6.6,Unix,3.64
22,OpenSSH,OpenSSH version 8.2,Linux,5.81
3306,MariaDB,MariaDB version 2.2,Unix,5.26
80,LiteSpeed,LiteSpeed version 2.6,Unix,4.22
80,nginx,nginx version 6.7,Unix,6.59
80,nginx,nginx version 2.9,Unix,4.18
3306,SMB,SMB version 5.4,Linux,6.55
21,vsftpd,vsftpd version 7.7,Linux,4.53
3306,RDP,RDP version 4.2,Unix,5.1
80,Apache,Apache version 8.7,Windows,4.62
3306,MySQL,MySQL version 1.4,Unix,6.6
3306,RDP,RDP version 5.4,Linux,7.17
21,ProFTPD,ProFTPD version 1.1,Windows,6.55
3306,MySQL,MySQL version 1.7,Unix,4.26
80,nginx,nginx version 5.5,Windows,5.0
3306,MongoDB,MongoDB version 7.1,Unix,5.62
22,OpenSSH,OpenSSH version 5.5,Windows,5.41
80,Apache,Apache version 7.2,Linux,4.0
22,OpenSSH,OpenSSH version 2.4,Unix,4.99
21,ProFTPD,ProFTPD version 9.1,Windows,7.22
80,nginx,nginx version 4.0,Windows,2.99
3306,PostgreSQL,PostgreSQL version 7.1,Unix,4.75
3306,PostgreSQL,PostgreSQL version 6.5,Linux,1.26
80,LiteSpeed,LiteSpeed version 5.4,Linux,5.22
21,ProFTPD,ProFTPD version 5.9,Linux,7.49
3306,MySQL,MySQL version 9.9,Linux,5.62
3306,MySQL,MySQL version 5.3,Linux,3.91
3306,Redis,Redis version 5.6,Windows,4.96
21,vsftpd,vsftpd version 4.5,Windows,6.64
3306,Redis,Redis version 4.2,Unix,6.62
80,nginx,nginx version 2.5,Unix,4.46
21,vsftpd,vsftpd version 1.7,Linux,4.71
3306,PostgreSQL,PostgreSQL version 8.8,Linux,6.17
3306,MongoDB,MongoDB version 9.7,Unix,2.25
80,Apache,Apache version 4.0,Unix,4.02
3306,PostgreSQL,PostgreSQL version 3.1,Windows,6.5
3306,PostgreSQL,PostgreSQL version 5.0,Windows,5.96
3306,MariaDB,MariaDB version 2.7,Linux,5.05
80,LiteSpeed,LiteSpeed version 2.1,Unix,2.24
21,vsftpd,vsftpd version 2.0,Unix,4.43
80,Apache,Apache version 2.6,Linux,3.62
3306,MongoDB,MongoDB version 5.1,Unix,5.0
3306,MySQL,MySQL version 8.3,Linux,3.29
3306,RDP,RDP version 5.6,Unix,4.96
3306,PostgreSQL,PostgreSQL version 6.5,Linux,1.4
80,LiteSpeed,LiteSpeed version 5.2,Unix,6.33
3306,MySQL,MySQL version 5.1,Windows,3.9
3306,PostgreSQL,PostgreSQL version 6.0,Linux,4.74
80,LiteSpeed,LiteSpeed version 2.6,Linux,4.5
80,Apache,Apache version 4.4,Unix,2.9
3306,PostgreSQL,PostgreSQL version 2.8,Windows,2.61
80,Apache,Apache version 9.6,Unix,2.99
80,nginx,nginx version 3.7,Linux,3.42
3306,MongoDB,MongoDB version 6.3,Linux,5.05
22,OpenSSH,OpenSSH version 9.4,Unix,3.31
3306,MySQL,MySQL version 1.3,Windows,7.12
3306,MariaDB,MariaDB version 1.2,Windows,6.04
80,nginx,nginx version 5.9,Linux,5.71
3306,SMB,SMB version 8.1,Windows,6.32
21,ProFTPD,ProFTPD version 8.5,Windows,8.77
3306,RDP,RDP version 3.9,Unix,6.17
3306,MariaDB,MariaDB version 8.8,Windows,4.45
21,vsftpd,vsftpd version 1.9,Windows,4.75
3306,RDP,RDP version 2.5,Linux,7.55
22,OpenSSH,OpenSSH version 4.9,Windows,5.46
80,Apache,Apache version 6.4,Unix,3.79
3306,MariaDB,MariaDB version 8.3,Linux,3.7
80,Apache,Apache version 6.2,Windows,5.46
21,vsftpd,vsftpd version 9.0,Windows,5.57
21,vsftpd,vsftpd version 4.3,Unix,3.91
80,nginx,nginx version 1.4,Linux,2.12
21,ProFTPD,ProFTPD version 8.4,Unix,6.19
3306,RDP,RDP version 5.0,Unix,7.44
22,OpenSSH,OpenSSH version 6.9,Unix,7.21
3306,RDP,RDP version 6.0,Unix,4.7
21,ProFTPD,ProFTPD version 7.5,Linux,5.86
3306,MongoDB,MongoDB version 8.4,Linux,3.92
3306,Redis,Redis version 3.2,Windows,6.53
3306,PostgreSQL,PostgreSQL version 5.9,Linux,4.45
3306,MySQL,MySQL version 2.2,Linux,3.14
80,LiteSpeed,LiteSpeed version 2.5,Linux,5.34
3306,PostgreSQL,PostgreSQL version 1.1,Unix,3.89
22,OpenSSH,OpenSSH version 2.3,Windows,2.66
3306,SMB,SMB version 9.9,Windows,5.16
3306,MariaDB,MariaDB version 2.1,Windows,7.1
21,ProFTPD,ProFTPD version 2.7,Unix,7.08
21,ProFTPD,ProFTPD version 2.9,Linux,6.66
21,vsftpd,vsftpd version 8.1,Linux,4.13
3306,Redis,Redis version 2.5,Linux,4.94
80,nginx,nginx version 5.8,Linux,4.92
3306,RDP,RDP version 3.0,Windows,6.94
3306,MySQL,MySQL version 6.3,Windows,4.67
21,vsftpd,vsftpd version 6.1,Unix,5.8
3306,RDP,RDP version 8.4,Unix,6.53
3306,SMB,SMB version 5.4,Unix,5.03
3306,RDP,RDP version 1.1,Unix,5.58
3306,Redis,Redis version 5.4,Unix,1.53
21,vsftpd,vsftpd version 6.1,Linux,7.54
21,vsftpd,vsftpd version 9.4,Linux,5.79
22,OpenSSH,OpenSSH version 2.9,Linux,3.25
80,Apache,Apache version 2.6,Unix,4.08
80,LiteSpeed,LiteSpeed version 5.5,Windows,3.54
3306,MySQL,MySQL version 6.4,Unix,6.81
3306,Redis,Redis version 8.4,Linux,2.37
3306,MongoDB,MongoDB version 2.2,Unix,4.67
80,LiteSpeed,LiteSpeed version 1.8,Linux,4.34
21,vsftpd,vsftpd version 9.2,Linux,5.74
80,LiteSpeed,LiteSpeed version 9.7,Unix,4.34
80,LiteSpeed,LiteSpeed version 1.0,Unix,1.86
3306,RDP,RDP version 7.5,Linux,6.12
3306,SMB,SMB version 3.1,Linux,5.04
3306,MySQL,MySQL version 7.4,Unix,4.62
3306,PostgreSQL,PostgreSQL version 9.9,Linux,6.65
80,nginx,nginx version 5.7,Linux,1.89
3306,SMB,SMB version 3.8,Unix,5.3
3306,PostgreSQL,PostgreSQL version 2.2,Windows,3.67
21,ProFTPD,ProFTPD version 7.0,Windows,5.93
22,OpenSSH,OpenSSH version 3.7,Windows,5.61
3306,RDP,RDP version 8.5,Windows,6.24
80,Apache,Apache version 4.6,Unix,5.12
21,vsftpd,vsftpd version 1.4,Windows,3.56
3306,MySQL,MySQL version 9.4,Windows,4.84
3306,PostgreSQL,PostgreSQL version 2.7,Linux,5.67
3306,RDP,RDP version 3.6,Windows,5.4
3306,Redis,Redis version 5.7,Linux,5.67
3306,RDP,RDP version 7.5,Linux,6.58
21,ProFTPD,ProFTPD version 5.5,Unix,8.07
22,OpenSSH,OpenSSH version 9.0,Unix,4.2
80,LiteSpeed,LiteSpeed version 9.1,Linux,5.07
3306,MySQL,MySQL version 5.9,Unix,4.44
3306,Redis,Redis version 9.0,Linux,4.36
3306,PostgreSQL,PostgreSQL version 5.4,Windows,4.89
22,OpenSSH,OpenSSH version 4.2,Linux,5.31
21,vsftpd,vsftpd version 5.5,Windows,2.63
80,Apache,Apache version 3.6,Unix,6.65
80,Apache,Apache version 9.6,Unix,1.71
80,Apache,Apache version 3.6,Windows,3.47
80,Apache,Apache version 1.1,Unix,4.36
3306,SMB,SMB version 7.4,Windows,7.12
3306,MariaDB,MariaDB version 5.6,Linux,6.86
3306,SMB,SMB version 1.9,Unix,3.71
80,Apache,Apache version 6.4,Unix,3.74
80,nginx,nginx version 1.0,Unix,1.31
80,Apache,Apache version 3.8,Windows,4.55
3306,RDP,RDP version 6.4,Linux,6.91
21,vsftpd,vsftpd version 8.7,Windows,6.89
3306,MongoDB,MongoDB version 4.5,Linux,4.68
3306,MongoDB,MongoDB version 4.6,Windows,6.07
3306,Redis,Redis version 4.3,Windows,5.38
80,Apache,Apache version 3.6,Unix,3.85
21,ProFTPD,ProFTPD version 8.6,Windows,4.39
3306,RDP,RDP version 9.0,Windows,6.91
80,Apache,Apache version 7.1,Windows,2.26
80,nginx,nginx version 1.7,Linux,6.44
21,vsftpd,vsftpd version 1.9,Linux,4.26
21,vsftpd,vsftpd version 5.1,Linux,6.29
3306,PostgreSQL,PostgreSQL version 9.1,Windows,3.78
3306,MySQL,MySQL version 3.8,Linux,4.9
3306,SMB,SMB version 2.0,Linux,6.81
3306,MongoDB,MongoDB version 6.2,Unix,4.43
3306,SMB,SMB version 2.4,Windows,5.85
3306,RDP,RDP version 1.0,Windows,7.09
80,nginx,nginx version 1.9,Windows,3.11
3306,MariaDB,MariaDB version 4.7,Linux,2.69
22,OpenSSH,OpenSSH version 5.5,Linux,6.36
3306,Redis,Redis version 7.0,Linux,5.59
3306,Redis,Redis version 8.3,Windows,4.6
3306,Redis,Redis version 3.6,Linux,7.0
3306,MongoDB,MongoDB version 7.8,Unix,4.1
22,OpenSSH,OpenSSH version 2.9,Unix,6.48
80,nginx,nginx version 9.4,Windows,4.76
80,Apache,Apache version 3.9,Linux,2.96
21,ProFTPD,ProFTPD version 2.6,Windows,9.27
3306,MariaDB,MariaDB version 1.6,Windows,5.99
21,vsftpd,vsftpd version 2.8,Unix,4.32
3306,RDP,RDP version 4.8,Windows,7.59
3306,MongoDB,MongoDB version 6.5,Windows,3.89
3306,MySQL,MySQL version 1.6,Linux,5.74
3306,SMB,SMB version 4.6,Windows,2.91
3306,RDP,RDP version 5.1,Unix,4.97
80,Apache,Apache version 3.8,Unix,5.97
3306,Redis,Redis version 6.1,Unix,4.13
80,nginx,nginx version 9.6,Windows,4.81
3306,MySQL,MySQL version 5.6,Windows,2.48
22,OpenSSH,OpenSSH version 9.5,Windows,7.27
3306,Redis,Redis version 9.6,Windows,6.29
21,ProFTPD,ProFTPD version 6.0,Windows,6.2
21,ProFTPD,ProFTPD version 8.0,Linux,5.89
3306,PostgreSQL,PostgreSQL version 3.8,Windows,6.04
3306,MariaDB,MariaDB version 8.8,Linux,7.47
3306,PostgreSQL,PostgreSQL version 6.9,Windows,5.93
21,vsftpd,vsftpd version 7.9,Windows,7.76
3306,SMB,SMB version 2.9,Windows,5.12
3306,MariaDB,MariaDB version 4.2,Windows,3.27
3306,MariaDB,MariaDB version 5.8,Unix,2.72
3306,MongoDB,MongoDB version 9.1,Unix,5.16
22,OpenSSH,OpenSSH version 2.8,Linux,4.76
21,vsftpd,vsftpd version 3.0,Linux,4.27
80,nginx,nginx version 7.1,Linux,5.71
3306,Redis,Redis version 4.1,Unix,6.35
3306,SMB,SMB version 6.0,Unix,4.21
3306,MariaDB,MariaDB version 8.8,Linux,3.6
3306,MongoDB,MongoDB version 9.4,Windows,5.73
21,ProFTPD,ProFTPD version 4.6,Windows,5.8
80,nginx,nginx version 2.5,Windows,3.3
3306,Redis,Redis version 4.3,Windows,6.03
80,LiteSpeed,LiteSpeed version 1.0,Linux,2.57
21,ProFTPD,ProFTPD version 4.4,Windows,6.05
3306,SMB,SMB version 7.6,Unix,6.99
3306,RDP,RDP version 3.8,Linux,5.64
3306,MariaDB,MariaDB version 5.6,Linux,5.67
21,ProFTPD,ProFTPD version 7.7,Linux,5.65
80,Apache,Apache version 7.7,Linux,6.61
3306,SMB,SMB version 2.4,Unix,6.31
80,nginx,nginx version 6.4,Windows,5.51
3306,MySQL,MySQL version 8.9,Unix,5.62
22,OpenSSH,OpenSSH version 4.4,Unix,3.56
3306,RDP,RDP version 5.0,Linux,3.42
80,Apache,Apache version 3.7,Unix,5.04
3306,PostgreSQL,PostgreSQL version 6.5,Linux,4.61
80,LiteSpeed,LiteSpeed version 7.5,Windows,5.33
3306,PostgreSQL,PostgreSQL version 5.9,Unix,4.16
80,nginx,nginx version 1.5,Unix,3.85
3306,SMB,SMB version 4.9,Unix,9.51
3306,MySQL,MySQL version 7.0,Windows,2.29
3306,MySQL,MySQL version 1.3,Unix,5.6
3306,Redis,Redis version 8.6,Unix,3.64
3306,MariaDB,MariaDB version 7.9,Unix,4.0
21,vsftpd,vsftpd version 3.2,Windows,4.02
80,LiteSpeed,LiteSpeed version 4.3,Unix,3.29
3306,MariaDB,MariaDB version 6.5,Unix,5.36
80,LiteSpeed,LiteSpeed version 8.0,Linux,6.59
80,LiteSpeed,LiteSpeed version 2.9,Unix,5.21
21,ProFTPD,ProFTPD version 1.0,Unix,6.66
3306,Redis,Redis version 3.8,Linux,3.02
21,ProFTPD,ProFTPD version 7.2,Linux,7.28
3306,RDP,RDP version 4.4,Unix,9.73
80,nginx,nginx version 4.7,Unix,3.93
80,nginx,nginx version 1.0,Unix,3.94
3306,RDP,RDP version 6.2,Unix,5.66
3306,MariaDB,MariaDB version 2.7,Unix,3.77
21,vsftpd,vsftpd version 1.9,Unix,0.38
3306,MySQL,MySQL version 3.3,Unix,5.11
3306,RDP,RDP version 6.3,Windows,5.23
3306,MongoDB,MongoDB version 5.1,Windows,2.08
3306,SMB,SMB version 4.1,Unix,7.63
3306,MySQL,MySQL version 7.7,Windows,2.88
3306,PostgreSQL,PostgreSQL version 9.0,Unix,3.99
80,Apache,Apache version 6.5,Windows,6.7
3306,MySQL,MySQL version 1.8,Unix,2.39
21,ProFTPD,ProFTPD version 5.6,Linux,4.2
3306,PostgreSQL,PostgreSQL version 1.7,Unix,4.9
21,vsftpd,vsftpd version 3.1,Unix,6.22
3306,MongoDB,MongoDB version 9.2,Linux,2.14
3306,Redis,Redis version 5.7,Windows,5.11
80,LiteSpeed,LiteSpeed version 5.1,Unix,5.37
3306,PostgreSQL,PostgreSQL version 5.7,Unix,1.41
3306,MariaDB,MariaDB version 8.2,Unix,5.7
3306,MySQL,MySQL version 3.0,Windows,5.81
80,Apache,Apache version 7.5,Linux,4.03
80,LiteSpeed,LiteSpeed version 5.4,Linux,6.38
3306,RDP,RDP version 4.6,Linux,8.2
3306,PostgreSQL,PostgreSQL version 3.5,Windows,4.65
3306,SMB,SMB version 6.6,Windows,5.82
3306,MariaDB,MariaDB version 2.0,Unix,3.04
80,Apache,Apache version 8.7,Linux,4.44
3306,MariaDB,MariaDB version 6.2,Unix,5.35
3306,MariaDB,MariaDB version 7.6,Unix,4.01
3306,PostgreSQL,PostgreSQL version 8.1,Windows,1.2
3306,MongoDB,MongoDB version 7.9,Windows,6.4
80,nginx,nginx version 6.9,Linux,4.79
3306,SMB,SMB version 2.7,Windows,5.93
3306,MongoDB,MongoDB version 4.4,Linux,5.79
3306,SMB,SMB version 4.9,Unix,8.79
3306,PostgreSQL,PostgreSQL version 8.3,Windows,0.3
3306,MariaDB,MariaDB version 5.3,Windows,5.15
3306,PostgreSQL,PostgreSQL version 4.3,Windows,2.36
3306,RDP,RDP version 4.9,Linux,7.25
21,ProFTPD,ProFTPD version 9.6,Windows,6.69
3306,MongoDB,MongoDB version 2.0,Linux,5.45
3306,Redis,Redis version 1.0,Linux,3.75
80,Apache,Apache version 5.2,Unix,1.69
80,LiteSpeed,LiteSpeed version 5.8,Linux,3.82
3306,MySQL,MySQL version 4.5,Linux,5.11
3306,Redis,Redis version 4.3,Windows,6.02
21,vsftpd,vsftpd version 1.5,Windows,2.74
3306,PostgreSQL,PostgreSQL version 2.1,Unix,6.04
3306,Redis,Redis version 2.8,Unix,3.53
3306,RDP,RDP version 2.3,Linux,7.04
3306,PostgreSQL,PostgreSQL version 2.5,Windows,3.74
3306,MariaDB,MariaDB version 5.7,Windows,4.77
3306,MySQL,MySQL version 8.8,Linux,5.84
80,nginx,nginx version 2.2,Unix,2.66
80,Apache,Apache version 1.8,Windows,3.48
3306,RDP,RDP version 6.7,Unix,6.78
21,vsftpd,vsftpd version 7.3,Windows,8.1
21,vsftpd,vsftpd version 2.5,Unix,3.21
3306,RDP,RDP version 3.9,Unix,9.56
80,nginx,nginx version 9.4,Unix,7.51
3306,SMB,SMB version 1.1,Unix,6.35
80,Apache,Apache version 2.3,Windows,4.05
3306,Redis,Redis version 5.7,Windows,3.46
3306,MongoDB,MongoDB version 1.7,Windows,4.4
3306,SMB,SMB version 8.4,Windows,4.39
80,nginx,nginx version 1.2,Linux,4.39
3306,MongoDB,MongoDB version 1.6,Unix,6.75
3306,RDP,RDP version 4.3,Linux,5.58
3306,PostgreSQL,PostgreSQL version 4.5,Windows,4.14
21,ProFTPD,ProFTPD version 7.6,Unix,3.95
3306,SMB,SMB version 5.5,Windows,7.06
3306,MongoDB,MongoDB version 2.3,Linux,4.9
21,vsftpd,vsftpd version 7.3,Windows,4.6
3306,MariaDB,MariaDB version 1.3,Windows,4.17
80,nginx,nginx version 9.2,Windows,4.06
80,nginx,nginx version 1.6,Windows,5.25
3306,SMB,SMB version 6.6,Unix,6.46
3306,MariaDB,MariaDB version 2.3,Linux,4.97
3306,MariaDB,MariaDB version 3.1,Windows,4.82
80,Apache,Apache version 1.4,Linux,6.19
80,nginx,nginx version 1.1,Unix,5.52
3306,RDP,RDP version 8.3,Unix,6.79
80,LiteSpeed,LiteSpeed version 4.5,Windows,6.78
3306,Redis,Redis version 4.2,Unix,5.13
3306,PostgreSQL,PostgreSQL version 3.0,Unix,6.46
80,Apache,Apache version 2.5,Linux,5.41
21,ProFTPD,ProFTPD version 7.2,Unix,3.74
3306,MySQL,MySQL version 5.5,Linux,6.46
3306,MariaDB,MariaDB version 9.1,Linux,4.7
3306,SMB,SMB version 4.3,Linux,6.42
3306,MariaDB,MariaDB version 6.4,Unix,4.92
3306,Redis,Redis version 9.9,Linux,3.98
3306,RDP,RDP version 4.5,Windows,6.84
3306,RDP,RDP version 3.7,Windows,5.61
3306,RDP,RDP version 6.7,Unix,8.41
3306,MySQL,MySQL version 4.0,Linux,4.33
80,Apache,Apache version 9.4,Windows,3.93
80,Apache,Apache version 3.1,Unix,3.11
80,Apache,Apache version 9.1,Linux,4.9
21,vsftpd,vsftpd version 1.5,Linux,4.78
21,vsftpd,vsftpd version 8.3,Windows,5.08
80,nginx,nginx version 5.0,Windows,2.96
3306,Redis,Redis version 9.3,Unix,2.1
3306,SMB,SMB version 9.9,Linux,7.44
21,ProFTPD,ProFTPD version 3.4,Unix,8.73
22,OpenSSH,OpenSSH version 7.3,Windows,2.96
3306,PostgreSQL,PostgreSQL version 4.8,Unix,6.88
22,OpenSSH,OpenSSH version 1.8,Unix,4.93
3306,MongoDB,MongoDB version 3.6,Windows,4.49
22,OpenSSH,OpenSSH version 2.1,Unix,3.9
3306,MariaDB,MariaDB version 3.3,Windows,2.42
3306,MongoDB,MongoDB version 8.3,Windows,5.98
3306,SMB,SMB version 3.5,Unix,5.34
3306,RDP,RDP version 8.5,Linux,5.33
3306,SMB,SMB version 5.5,Linux,7.99
21,ProFTPD,ProFTPD version 8.5,Windows,3.68
3306,RDP,RDP version 8.8,Windows,4.21
21,ProFTPD,ProFTPD version 1.1,Linux,6.47
22,OpenSSH,OpenSSH version 7.0,Unix,4.94
3306,MariaDB,MariaDB version 4.1,Unix,5.23
22,OpenSSH,OpenSSH version 4.1,Unix,4.05
21,ProFTPD,ProFTPD version 2.6,Linux,10.0
80,LiteSpeed,LiteSpeed version 6.6,Unix,4.16
22,OpenSSH,OpenSSH version 5.3,Windows,4.15
3306,Redis,Redis version 9.6,Linux,3.3
21,ProFTPD,ProFTPD version 3.7,Unix,6.69
80,LiteSpeed,LiteSpeed version 9.4,Windows,5.42
22,OpenSSH,OpenSSH version 8.7,Linux,6.31
21,vsftpd,vsftpd version 7.3,Windows,2.27
21,vsftpd,vsftpd version 9.1,Windows,4.13
3306,MySQL,MySQL version 6.9,Windows,5.17
3306,MySQL,MySQL version 2.1,Linux,5.38
3306,MongoDB,MongoDB version 1.9,Unix,4.51
3306,MySQL,MySQL version 5.7,Windows,5.31
21,vsftpd,vsftpd version 9.4,Unix,3.29
80,Apache,Apache version 2.4,Windows,6.84
80,Apache,Apache version 9.8,Linux,5.99
80,LiteSpeed,LiteSpeed version 9.1,Windows,2.48
80,Apache,Apache version 1.9,Unix,2.89
3306,Redis,Redis version 7.6,Unix,2.93
3306,MongoDB,MongoDB version 6.4,Windows,5.52
80,LiteSpeed,LiteSpeed version 5.6,Unix,2.57
80,LiteSpeed,LiteSpeed version 2.3,Windows,4.0
3306,PostgreSQL,PostgreSQL version 4.8,Windows,5.18
3306,SMB,SMB version 1.1,Windows,6.4
3306,MySQL,MySQL version 9.8,Linux,4.89
3306,SMB,SMB version 3.9,Windows,4.9
80,LiteSpeed,LiteSpeed version 6.5,Windows,5.39
21,vsftpd,vsftpd version 1.3,Unix,3.58
3306,SMB,SMB version 7.9,Windows,6.01
21,ProFTPD,ProFTPD version 5.0,Unix,6.86
80,Apache,Apache version 3.4,Windows,4.65
80,Apache,Apache version 1.7,Unix,4.54
3306,RDP,RDP version 1.3,Unix,5.37
21,vsftpd,vsftpd version 9.6,Windows,4.05
3306,MySQL,MySQL version 8.4,Linux,4.5
21,ProFTPD,ProFTPD version 2.1,Linux,4.44
21,vsftpd,vsftpd version 7.2,Linux,3.81
3306,RDP,RDP version 6.8,Linux,7.08
3306,MySQL,MySQL version 8.8,Linux,2.58
3306,MySQL,MySQL version 4.3,Windows,6.23
21,vsftpd,vsftpd version 1.5,Unix,6.4
21,vsftpd,vsftpd version 4.6,Windows,2.63
21,ProFTPD,ProFTPD version 7.2,Linux,8.54
80,nginx,nginx version 6.0,Linux,4.28
22,OpenSSH,OpenSSH version 8.2,Unix,5.13
22,OpenSSH,OpenSSH version 4.3,Linux,3.76
21,vsftpd,vsftpd version 1.7,Linux,5.88
80,nginx,nginx version 7.2,Windows,5.11
21,ProFTPD,ProFTPD version 6.1,Windows,5.28
3306,RDP,RDP version 4.3,Unix,4.75
3306,MongoDB,MongoDB version 3.2,Unix,2.31
21,ProFTPD,ProFTPD version 1.8,Linux,6.78
80,nginx,nginx version 7.1,Unix,5.36
21,vsftpd,vsftpd version 2.6,Unix,5.48
22,OpenSSH,OpenSSH version 9.1,Unix,4.32
3306,MariaDB,MariaDB version 2.7,Unix,2.76
3306,Redis,Redis version 6.7,Windows,3.48
21,ProFTPD,ProFTPD version 4.7,Windows,8.23
3306,PostgreSQL,PostgreSQL version 6.5,Unix,3.77
80,nginx,nginx version 9.4,Unix,4.72
3306,SMB,SMB version 6.3,Unix,4.89
22,OpenSSH,OpenSSH version 3.0,Unix,5.0
80,Apache,Apache version 9.3,Unix,3.81
3306,PostgreSQL,PostgreSQL version 4.9,Unix,6.07
3306,Redis,Redis version 2.8,Windows,5.66
3306,MongoDB,MongoDB version 2.7,Unix,3.76
80,nginx,nginx version 4.1,Windows,4.31
21,ProFTPD,ProFTPD version 1.2,Windows,5.67
22,OpenSSH,OpenSSH version 5.7,Windows,2.37
3306,RDP,RDP version 7.0,Linux,5.21
21,vsftpd,vsftpd version 5.0,Windows,4.8
80,nginx,nginx version 9.5,Unix,4.99
80,nginx,nginx version 9.9,Unix,4.72
3306,MariaDB,MariaDB version 6.9,Linux,4.05
3306,RDP,RDP version 6.0,Unix,7.9
21,ProFTPD,ProFTPD version 2.0,Windows,6.6
3306,PostgreSQL,PostgreSQL version 7.2,Unix,5.55
80,LiteSpeed,LiteSpeed version 8.3,Unix,1.84
3306,SMB,SMB version 6.8,Unix,0.62
80,LiteSpeed,LiteSpeed version 4.3,Linux,4.93
3306,SMB,SMB version 2.0,Linux,4.36
21,ProFTPD,ProFTPD version 4.5,Unix,6.18
3306,RDP,RDP version 3.2,Windows,6.05
3306,SMB,SMB version 6.5,Linux,8.88
3306,SMB,SMB version 9.7,Unix,7.1
3306,SMB,SMB version 2.3,Windows,6.75
21,vsftpd,vsftpd version 4.2,Linux,5.76
3306,Redis,Redis version 6.5,Unix,5.05
3306,SMB,SMB version 8.1,Linux,5.81
3306,MySQL,MySQL version 6.4,Linux,6.11
3306,SMB,SMB version 2.8,Unix,4.84
80,LiteSpeed,LiteSpeed version 8.9,Windows,4.98
80,LiteSpeed,LiteSpeed version 6.8,Unix,2.18
3306,PostgreSQL,PostgreSQL version 1.2,Windows,4.81
80,nginx,nginx version 3.4,Unix,4.79
21,vsftpd,vsftpd version 9.9,Linux,7.01
3306,MariaDB,MariaDB version 6.1,Windows,2.15
3306,SMB,SMB version 8.3,Unix,5.6
80,nginx,nginx version 8.5,Linux,5.73
3306,RDP,RDP version 1.3,Windows,7.0
3306,MariaDB,MariaDB version 6.7,Windows,4.77
3306,Redis,Redis version 3.6,Windows,3.07
3306,SMB,SMB version 5.3,Linux,5.61
3306,MySQL,MySQL version 1.4,Windows,6.37
3306,MongoDB,MongoDB version 9.4,Linux,4.42
3306,SMB,SMB version 9.8,Windows,7.06
3306,MariaDB,MariaDB version 7.2,Windows,4.33
21,vsftpd,vsftpd version 9.4,Unix,2.73
3306,RDP,RDP version 6.9,Windows,7.9
3306,PostgreSQL,PostgreSQL version 1.0,Unix,5.25
80,nginx,nginx version 5.5,Linux,7.96
3306,Redis,Redis version 7.4,Linux,2.98
3306,MariaDB,MariaDB version 3.8,Unix,5.73
3306,Redis,Redis version 4.2,Linux,2.53
3306,RDP,RDP version 3.0,Windows,6.74
3306,SMB,SMB version 8.8,Windows,7.96
80,nginx,nginx version 2.6,Linux,1.39
3306,Redis,Redis version 5.8,Linux,4.19
80,nginx,nginx version 5.0,Linux,3.66
80,Apache,Apache version 8.6,Linux,3.45
3306,Redis,Redis version 9.7,Linux,5.08
22,OpenSSH,OpenSSH version 2.7,Windows,6.18
80,Apache,Apache version 8.4,Windows,4.3
3306,Redis,Redis version 5.7,Unix,4.81
80,nginx,nginx version 8.6,Unix,4.67
3306,SMB,SMB version 1.9,Windows,6.5
3306,MySQL,MySQL version 9.3,Unix,2.87
80,LiteSpeed,LiteSpeed version 9.4,Linux,6.16
21,vsftpd,vsftpd version 9.7,Windows,4.94
3306,MariaDB,MariaDB version 9.7,Linux,5.09
80,LiteSpeed,LiteSpeed version 2.0,Unix,3.29
22,OpenSSH,OpenSSH version 6.3,Linux,3.81
3306,MySQL,MySQL version 6.5,Linux,4.24
3306,PostgreSQL,PostgreSQL version 7.9,Unix,2.2
3306,MariaDB,MariaDB version 7.6,Linux,1.97
80,nginx,nginx version 6.6,Windows,3.6
3306,SMB,SMB version 6.1,Linux,7.28
22,OpenSSH,OpenSSH version 6.1,Linux,3.52
3306,MongoDB,MongoDB version 9.6,Windows,2.97
80,LiteSpeed,LiteSpeed version 8.9,Unix,3.28
3306,MariaDB,MariaDB version 2.7,Linux,3.82
3306,MongoDB,MongoDB version 5.0,Windows,3.97
21,vsftpd,vsftpd version 5.2,Windows,7.75
3306,PostgreSQL,PostgreSQL version 9.8,Unix,6.08
3306,Redis,Redis version 1.3,Unix,6.04
3306,MongoDB,MongoDB version 5.1,Unix,6.25
3306,MariaDB,MariaDB version 6.6,Windows,3.0
3306,PostgreSQL,PostgreSQL version 6.7,Windows,2.67
22,OpenSSH,OpenSSH version 5.2,Windows,2.84
80,LiteSpeed,LiteSpeed version 7.0,Windows,6.5
22,OpenSSH,OpenSSH version 6.8,Windows,3.68
80,Apache,Apache version 2.1,Unix,2.62
3306,MongoDB,MongoDB version 4.7,Unix,3.85
80,nginx,nginx version 2.0,Linux,4.14
80,LiteSpeed,LiteSpeed version 1.0,Unix,4.9
3306,Redis,Redis version 8.9,Linux,4.88
3306,MongoDB,MongoDB version 3.0,Linux,3.26
3306,MongoDB,MongoDB version 7.6,Windows,5.53
3306,MySQL,MySQL version 7.5,Linux,3.54
80,LiteSpeed,LiteSpeed version 7.3,Windows,4.27
3306,RDP,RDP version 3.0,Windows,7.53
80,LiteSpeed,LiteSpeed version 7.0,Linux,3.54
3306,PostgreSQL,PostgreSQL version 7.8,Windows,3.65
22,OpenSSH,OpenSSH version 7.7,Unix,5.39
3306,Redis,Redis version 4.7,Linux,3.21
21,vsftpd,vsftpd version 4.0,Windows,3.92
3306,PostgreSQL,PostgreSQL version 4.1,Windows,5.33
80,Apache,Apache version 4.4,Linux,7.58
3306,MongoDB,MongoDB version 6.9,Linux,5.41
3306,Redis,Redis version 9.7,Linux,5.21
21,vsftpd,vsftpd version 4.1,Linux,5.3
21,ProFTPD,ProFTPD version 5.4,Windows,4.89
22,OpenSSH,OpenSSH version 2.4,Windows,4.67
22,OpenSSH,OpenSSH version 2.9,Linux,4.46
80,nginx,nginx version 2.8,Linux,4.98
3306,RDP,RDP version 5.5,Unix,6.67
3306,MongoDB,MongoDB version 4.1,Unix,5.07
3306,MariaDB,MariaDB version 3.4,Windows,4.03
3306,Redis,Redis version 7.0,Linux,4.59
80,LiteSpeed,LiteSpeed version 3.6,Unix,2.66
21,vsftpd,vsftpd version 5.8,Unix,4.02
3306,MySQL,MySQL version 7.0,Windows,6.59
80,nginx,nginx version 7.9,Linux,4.98
3306,PostgreSQL,PostgreSQL version 2.3,Unix,4.47
3306,MySQL,MySQL version 2.9,Unix,7.34
21,vsftpd,vsftpd version 2.4,Linux,2.46
3306,SMB,SMB version 8.4,Unix,4.84
21,vsftpd,vsftpd version 6.4,Windows,7.07
3306,MongoDB,MongoDB version 7.8,Unix,4.57
21,vsftpd,vsftpd version 7.4,Windows,4.14
3306,Redis,Redis version 4.0,Linux,2.7
21,ProFTPD,ProFTPD version 3.2,Linux,7.17
21,vsftpd,vsftpd version 7.6,Unix,5.32
80,Apache,Apache version 5.8,Unix,2.86
80,LiteSpeed,LiteSpeed version 1.1,Windows,4.29
3306,RDP,RDP version 3.7,Unix,6.0
3306,MongoDB,MongoDB version 6.2,Linux,4.88
3306,RDP,RDP version 7.4,Windows,4.82
80,LiteSpeed,LiteSpeed version 3.2,Unix,6.38
80,nginx,nginx version 9.0,Linux,5.87
3306,MySQL,MySQL version 2.8,Unix,3.96
21,vsftpd,vsftpd version 3.9,Linux,4.18
3306,MariaDB,MariaDB version 4.5,Linux,4.3
3306,SMB,SMB version 9.8,Windows,5.33
21,ProFTPD,ProFTPD version 7.6,Linux,5.83
22,OpenSSH,OpenSSH version 5.3,Unix,4.09
3306,RDP,RDP version 4.9,Windows,8.92
3306,MongoDB,MongoDB version 2.7,Unix,5.92
3306,MariaDB,MariaDB version 9.8,Windows,5.9
3306,SMB,SMB version 9.3,Windows,7.05
22,OpenSSH,OpenSSH version 8.0,Linux,2.82
22,OpenSSH,OpenSSH version 8.0,Unix,4.44
3306,MySQL,MySQL version 9.1,Linux,5.96
3306,MariaDB,MariaDB version 6.1,Linux,2.61
3306,PostgreSQL,PostgreSQL version 5.1,Unix,5.45
3306,SMB,SMB version 1.8,Windows,9.98
80,Apache,Apache version 8.7,Windows,6.09
22,OpenSSH,OpenSSH version 9.9,Windows,6.62
3306,PostgreSQL,PostgreSQL version 2.3,Windows,4.83
80,nginx,nginx version 5.4,Windows,5.95
3306,MariaDB,MariaDB version 6.4,Linux,3.42
80,nginx,nginx version 3.0,Windows,5.69
3306,PostgreSQL,PostgreSQL version 9.3,Unix,5.48
3306,PostgreSQL,PostgreSQL version 8.0,Unix,4.93
3306,SMB,SMB version 3.2,Linux,8.47
21,ProFTPD,ProFTPD version 7.0,Unix,5.69
3306,MongoDB,MongoDB version 5.4,Linux,4.22
21,ProFTPD,ProFTPD version 6.2,Linux,6.64
3306,PostgreSQL,PostgreSQL version 5.1,Unix,2.96
21,vsftpd,vsftpd version 7.8,Unix,4.84
3306,PostgreSQL,PostgreSQL version 9.4,Unix,1.92
21,vsftpd,vsftpd version 4.0,Windows,6.07
80,LiteSpeed,LiteSpeed version 5.0,Windows,4.57
3306,Redis,Redis version 3.1,Unix,3.72
21,ProFTPD,ProFTPD version 1.8,Unix,5.25
21,ProFTPD,ProFTPD version 9.9,Unix,6.15
22,OpenSSH,OpenSSH version 8.0,Unix,5.53
22,OpenSSH,OpenSSH version 3.1,Windows,5.32
22,OpenSSH,OpenSSH version 9.8,Linux,3.44
3306,MySQL,MySQL version 5.9,Unix,3.23
21,vsftpd,vsftpd version 4.4,Windows,5.49
80,nginx,nginx version 7.8,Windows,3.42
80,Apache,Apache version 9.9,Unix,4.59
3306,RDP,RDP version 5.6,Linux,6.69
21,vsftpd,vsftpd version 2.5,Linux,4.97
80,LiteSpeed,LiteSpeed version 2.3,Unix,5.79
22,OpenSSH,OpenSSH version 8.9,Linux,2.61
3306,PostgreSQL,PostgreSQL version 9.6,Windows,1.63
22,OpenSSH,OpenSSH version 5.2,Unix,3.65
3306,PostgreSQL,PostgreSQL version 8.5,Linux,7.2
80,Apache,Apache version 6.6,Unix,7.53
3306,MySQL,MySQL version 6.1,Windows,7.25
80,LiteSpeed,LiteSpeed version 3.5,Linux,4.21
80,Apache,Apache version 2.5,Unix,1.83
3306,MariaDB,MariaDB version 4.4,Windows,0.99
21,ProFTPD,ProFTPD version 9.5,Unix,5.58
3306,PostgreSQL,PostgreSQL version 8.8,Unix,4.2
80,Apache,Apache version 8.8,Windows,6.45
3306,MongoDB,MongoDB version 8.6,Linux,5.8
3306,PostgreSQL,PostgreSQL version 7.1,Windows,4.84
3306,MariaDB,MariaDB version 1.6,Linux,3.17
3306,PostgreSQL,PostgreSQL version 4.4,Linux,3.06
80,Apache,Apache version 7.1,Linux,4.88
80,Apache,Apache version 7.6,Linux,5.55
22,OpenSSH,OpenSSH version 9.6,Windows,5.09
3306,Redis,Redis version 8.9,Linux,2.95
3306,RDP,RDP version 1.6,Windows,7.48
3306,PostgreSQL,PostgreSQL version 3.2,Windows,5.14
3306,MongoDB,MongoDB version 5.4,Windows,2.89
3306,Redis,Redis version 4.9,Linux,3.32
3306,RDP,RDP version 4.1,Unix,7.53
80,LiteSpeed,LiteSpeed version 5.0,Windows,4.15
3306,MariaDB,MariaDB version 8.8,Unix,6.88
3306,MySQL,MySQL version 8.4,Linux,5.25
80,LiteSpeed,LiteSpeed version 2.8,Unix,3.77
80,LiteSpeed,LiteSpeed version 6.2,Windows,4.48
22,OpenSSH,OpenSSH version 2.5,Unix,4.6
3306,PostgreSQL,PostgreSQL version 2.8,Linux,3.41
22,OpenSSH,OpenSSH version 1.3,Linux,3.13
3306,RDP,RDP version 2.4,Linux,7.55
22,OpenSSH,OpenSSH version 4.2,Unix,5.77
3306,MySQL,MySQL version 6.7,Linux,5.41
3306,RDP,RDP version 1.4,Unix,8.77
3306,SMB,SMB version 1.0,Unix,5.69
80,nginx,nginx version 7.1,Unix,7.01
3306,RDP,RDP version 9.6,Windows,5.15
3306,Redis,Redis version 5.3,Windows,2.98
21,ProFTPD,ProFTPD version 6.9,Unix,3.86
80,Apache,Apache version 3.6,Unix,3.83
22,OpenSSH,OpenSSH version 6.8,Linux,3.74
3306,MongoDB,MongoDB version 9.5,Windows,5.29
80,nginx,nginx version 1.1,Unix,4.87
3306,MongoDB,MongoDB version 3.0,Windows,2.71
80,LiteSpeed,LiteSpeed version 2.9,Windows,3.91
3306,MongoDB,MongoDB version 3.6,Linux,3.94
3306,MariaDB,MariaDB version 9.3,Linux,1.84
3306,RDP,RDP version 1.9,Unix,5.03
3306,RDP,RDP version 1.7,Unix,5.34
21,ProFTPD,ProFTPD version 1.7,Linux,8.65
3306,MongoDB,MongoDB version 7.4,Linux,4.79
3306,MySQL,MySQL version 9.8,Windows,5.49
80,Apache,Apache version 4.1,Unix,2.25
3306,MariaDB,MariaDB version 5.2,Linux,6.29
3306,MySQL,MySQL version 1.9,Linux,6.45
80,Apache,Apache version 1.6,Linux,1.5
3306,RDP,RDP version 7.7,Linux,5.44
3306,SMB,SMB version 6.4,Unix,7.24
3306,RDP,RDP version 8.8,Windows,7.47
3306,RDP,RDP version 2.5,Linux,5.48
21,vsftpd,vsftpd version 7.8,Unix,4.04
80,nginx,nginx version 6.8,Windows,3.6
80,LiteSpeed,LiteSpeed version 2.0,Linux,4.67
3306,Redis,Redis version 8.1,Windows,6.3
22,OpenSSH,OpenSSH version 3.6,Unix,3.34
22,OpenSSH,OpenSSH version 7.8,Unix,6.0
3306,MariaDB,MariaDB version 7.1,Linux,3.33
3306,Redis,Redis version 1.9,Windows,3.23
3306,Redis,Redis version 3.4,Linux,5.73
3306,RDP,RDP version 1.9,Unix,7.88
80,nginx,nginx version 8.1,Windows,5.78
3306,MongoDB,MongoDB version 4.8,Unix,2.53
3306,MySQL,MySQL version 3.5,Linux,3.8
3306,MariaDB,MariaDB version 1.0,Unix,5.73
80,nginx,nginx version 1.5,Linux,4.56
3306,RDP,RDP version 1.2,Linux,4.89
21,vsftpd,vsftpd version 4.7,Unix,5.19
22,OpenSSH,OpenSSH version 7.6,Windows,3.43
3306,MongoDB,MongoDB version 4.7,Unix,7.19
21,ProFTPD,ProFTPD version 3.8,Linux,8.82
22,OpenSSH,OpenSSH version 7.9,Unix,5.41
3306,SMB,SMB version 9.3,Unix,8.54
3306,MongoDB,MongoDB version 3.4,Linux,4.6
3306,Redis,Redis version 4.5,Unix,5.65
3306,MariaDB,MariaDB version 5.4,Linux,6.72
3306,RDP,RDP version 3.2,Windows,6.87
3306,RDP,RDP version 2.9,Linux,6.12
3306,RDP,RDP version 8.1,Linux,3.94
3306,MariaDB,MariaDB version 1.9,Linux,4.38
80,nginx,nginx version 7.1,Unix,5.74
3306,Redis,Redis version 4.7,Windows,5.92
80,Apache,Apache version 3.5,Unix,5.26
3306,PostgreSQL,PostgreSQL version 2.5,Linux,3.69
3306,Redis,Redis version 3.4,Unix,1.53
3306,SMB,SMB version 2.9,Linux,5.76
80,LiteSpeed,LiteSpeed version 9.7,Windows,4.04
3306,PostgreSQL,PostgreSQL version 9.5,Windows,4.03
3306,MongoDB,MongoDB version 6.8,Linux,5.43
3306,Redis,Redis version 6.1,Windows,7.48
80,LiteSpeed,LiteSpeed version 6.7,Windows,4.69
3306,SMB,SMB version 8.8,Unix,6.17
80,nginx,nginx version 7.1,Linux,4.11
21,ProFTPD,ProFTPD version 5.7,Linux,6.69
3306,PostgreSQL,PostgreSQL version 8.6,Windows,3.26
22,OpenSSH,OpenSSH version 7.7,Windows,4.68
3306,MySQL,MySQL version 6.3,Windows,5.18
80,LiteSpeed,LiteSpeed version 5.1,Linux,4.81
3306,MySQL,MySQL version 4.2,Windows,5.19
21,vsftpd,vsftpd version 8.9,Linux,5.15
3306,MySQL,MySQL version 4.4,Linux,1.84
3306,RDP,RDP version 4.0,Unix,7.46
80,LiteSpeed,LiteSpeed version 6.4,Linux,3.49
80,LiteSpeed,LiteSpeed version 8.8,Windows,2.86
80,Apache,Apache version 8.2,Unix,2.84
3306,MariaDB,MariaDB version 9.7,Windows,5.15
3306,RDP,RDP version 6.6,Unix,6.17
3306,MongoDB,MongoDB version 7.1,Windows,1.98
3306,MySQL,MySQL version 3.0,Windows,5.22
3306,SMB,SMB version 4.4,Windows,4.34
80,nginx,nginx version 4.3,Windows,4.71
21,vsftpd,vsftpd version 2.4,Windows,4.86
80,nginx,nginx version 5.9,Unix,5.83
80,Apache,Apache version 1.1,Unix,7.17
3306,Redis,Redis version 5.9,Windows,2.45
80,nginx,nginx version 4.9,Unix,4.42
3306,RDP,RDP version 6.9,Unix,6.09
3306,MySQL,MySQL version 7.5,Linux,5.15
3306,MySQL,MySQL version 3.4,Linux,4.82
3306,Redis,Redis version 9.7,Windows,3.97
3306,RDP,RDP version 4.4,Unix,5.84
22,OpenSSH,OpenSSH version 3.9,Unix,2.83
3306,PostgreSQL,PostgreSQL version 4.2,Windows,5.98
3306,RDP,RDP version 9.0,Windows,7.19
80,Apache,Apache version 3.2,Windows,5.88
3306,MariaDB,MariaDB version 3.4,Unix,4.03
80,nginx,nginx version 9.3,Linux,3.51
3306,MariaDB,MariaDB version 1.5,Unix,2.88
3306,PostgreSQL,PostgreSQL version 1.2,Linux,5.04
80,Apache,Apache version 3.8,Unix,2.94
3306,PostgreSQL,PostgreSQL version 9.9,Linux,7.27
3306,MongoDB,MongoDB version 5.3,Windows,2.54
3306,MongoDB,MongoDB version 9.2,Linux,4.91
3306,PostgreSQL,PostgreSQL version 3.0,Windows,6.85
3306,MySQL,MySQL version 5.9,Windows,5.4
3306,RDP,RDP version 2.6,Windows,6.76
80,LiteSpeed,LiteSpeed version 3.7,Windows,3.05
3306,MySQL,MySQL version 5.4,Linux,2.43
21,ProFTPD,ProFTPD version 6.2,Windows,7.66
3306,MongoDB,MongoDB version 4.7,Unix,6.76
3306,RDP,RDP version 9.6,Linux,5.84
80,nginx,nginx version 5.8,Linux,2.79
3306,PostgreSQL,PostgreSQL version 6.9,Unix,0.81
3306,MySQL,MySQL version 9.4,Unix,3.03
80,Apache,Apache version 3.2,Linux,4.33
80,Apache,Apache version 3.8,Windows,6.9
3306,MySQL,MySQL version 4.8,Windows,5.51
22,OpenSSH,OpenSSH version 6.2,Unix,4.96
3306,MongoDB,MongoDB version 8.9,Unix,3.9
3306,SMB,SMB version 1.1,Linux,5.63
21,ProFTPD,ProFTPD version 6.2,Windows,8.61
3306,MongoDB,MongoDB version 8.0,Linux,4.8
80,LiteSpeed,LiteSpeed version 4.1,Windows,1.35
3306,MySQL,MySQL version 2.7,Linux,3.49
3306,Redis,Redis version 6.5,Unix,3.21
21,ProFTPD,ProFTPD version 8.3,Linux,5.68
3306,SMB,SMB version 7.5,Windows,7.34
3306,SMB,SMB version 5.1,Unix,6.34
3306,MySQL,MySQL version 8.2,Linux,4.38
3306,SMB,SMB version 7.1,Windows,8.47
21,ProFTPD,ProFTPD version 3.7,Linux,5.46
21,ProFTPD,ProFTPD version 7.6,Windows,9.3
80,nginx,nginx version 6.0,Unix,3.49
3306,Redis,Redis version 2.1,Linux,4.63
21,vsftpd,vsftpd version 3.1,Windows,4.08
3306,SMB,SMB version 9.1,Unix,6.69
3306,MongoDB,MongoDB version 8.0,Linux,5.17
80,Apache,Apache version 1.9,Linux,5.15
22,OpenSSH,OpenSSH version 8.6,Unix,3.37
21,vsftpd,vsftpd version 3.6,Linux,2.82
21,vsftpd,vsftpd version 8.8,Unix,8.25
3306,RDP,RDP version 6.1,Windows,5.77
3306,RDP,RDP version 9.0,Linux,7.55
3306,RDP,RDP version 2.6,Windows,4.09
80,LiteSpeed,LiteSpeed version 1.1,Unix,4.08
3306,Redis,Redis version 4.5,Windows,4.31
80,nginx,nginx version 6.4,Windows,5.21
3306,Redis,Redis version 8.2,Windows,0.42
80,LiteSpeed,LiteSpeed version 3.9,Windows,4.75
3306,Redis,Redis version 2.9,Unix,2.78
3306,SMB,SMB version 7.2,Unix,6.99
21,ProFTPD,ProFTPD version 3.1,Unix,4.95
3306,SMB,SMB version 6.1,Linux,5.22
3306,MariaDB,MariaDB version 2.4,Linux,4.09
3306,Redis,Redis version 2.1,Linux,2.92
21,ProFTPD,ProFTPD version 1.9,Linux,5.79
3306,MySQL,MySQL version 3.3,Windows,2.71
80,nginx,nginx version 7.3,Windows,1.75
3306,PostgreSQL,PostgreSQL version 8.1,Linux,6.03
3306,MySQL,MySQL version 8.3,Unix,2.56
3306,MongoDB,MongoDB version 4.2,Unix,4.23
21,ProFTPD,ProFTPD version 6.9,Linux,7.63
3306,PostgreSQL,PostgreSQL version 8.2,Unix,3.58
80,Apache,Apache version 9.8,Unix,3.26
80,LiteSpeed,LiteSpeed version 8.6,Windows,4.84
3306,PostgreSQL,PostgreSQL version 4.9,Linux,6.18
80,Apache,Apache version 8.4,Unix,2.75
22,OpenSSH,OpenSSH version 3.6,Unix,4.27
80,LiteSpeed,LiteSpeed version 1.7,Windows,1.9
80,Apache,Apache version 7.7,Windows,3.91
80,Apache,Apache version 8.1,Unix,4.55
21,vsftpd,vsftpd version 7.0,Windows,3.22
80,Apache,Apache version 5.3,Unix,3.81
3306,SMB,SMB version 2.3,Unix,4.39
3306,MongoDB,MongoDB version 4.2,Unix,4.62
3306,MySQL,MySQL version 3.3,Windows,6.08
21,vsftpd,vsftpd version 8.4,Unix,2.85
80,LiteSpeed,LiteSpeed version 4.6,Unix,3.57
80,LiteSpeed,LiteSpeed version 8.8,Windows,5.25
3306,SMB,SMB version 6.7,Windows,8.32
21,ProFTPD,ProFTPD version 9.0,Linux,4.26
21,ProFTPD,ProFTPD version 7.1,Linux,6.25
3306,PostgreSQL,PostgreSQL version 8.3,Unix,4.92
3306,MariaDB,MariaDB version 4.7,Linux,4.35
80,nginx,nginx version 7.3,Windows,0.78
3306,RDP,RDP version 4.8,Unix,7.25
21,vsftpd,vsftpd version 4.0,Linux,6.78
22,OpenSSH,OpenSSH version 7.3,Windows,4.67
80,LiteSpeed,LiteSpeed version 1.9,Linux,2.95
3306,MariaDB,MariaDB version 5.4,Linux,3.73
3306,RDP,RDP version 8.3,Linux,9.15
21,ProFTPD,ProFTPD version 9.7,Windows,7.86
3306,PostgreSQL,PostgreSQL version 2.0,Linux,5.46
3306,Redis,Redis version 7.0,Unix,5.03
3306,PostgreSQL,PostgreSQL version 1.8,Unix,3.51
3306,MariaDB,MariaDB version 8.8,Linux,4.2
22,OpenSSH,OpenSSH version 5.2,Unix,4.38
21,vsftpd,vsftpd version 7.2,Windows,5.32
3306,PostgreSQL,PostgreSQL version 9.6,Unix,6.76
80,LiteSpeed,LiteSpeed version 2.4,Windows,6.18
3306,MySQL,MySQL version 6.2,Linux,2.37
21,vsftpd,vsftpd version 4.4,Unix,4.84
80,LiteSpeed,LiteSpeed version 6.3,Unix,5.61
22,OpenSSH,OpenSSH version 4.9,Linux,5.43
3306,MongoDB,MongoDB version 3.8,Linux,3.56
3306,MariaDB,MariaDB version 3.0,Windows,8.87
3306,RDP,RDP version 6.4,Unix,4.58
3306,SMB,SMB version 4.2,Windows,4.88
21,vsftpd,vsftpd version 2.7,Unix,4.85
3306,PostgreSQL,PostgreSQL version 4.8,Linux,7.68
3306,SMB,SMB version 4.5,Unix,5.25
80,Apache,Apache version 9.0,Windows,4.1
80,LiteSpeed,LiteSpeed version 5.9,Unix,6.12
3306,PostgreSQL,PostgreSQL version 4.8,Unix,4.47
80,Apache,Apache version 9.6,Linux,4.0
21,vsftpd,vsftpd version 4.5,Unix,5.35
3306,MySQL,MySQL version 5.7,Unix,4.91
21,vsftpd,vsftpd version 6.1,Linux,6.05
3306,RDP,RDP version 4.5,Unix,8.44
3306,MySQL,MySQL version 3.1,Linux,4.96
80,Apache,Apache version 4.6,Windows,4.94
80,LiteSpeed,LiteSpeed version 6.0,Windows,4.82
3306,MariaDB,MariaDB version 7.0,Linux,5.23
3306,MongoDB,MongoDB version 5.0,Linux,4.58
22,OpenSSH,OpenSSH version 5.3,Unix,4.5
80,nginx,nginx version 4.9,Windows,6.29
3306,MongoDB,MongoDB version 4.2,Linux,6.77
3306,MariaDB,MariaDB version 6.8,Unix,2.24
21,vsftpd,vsftpd version 8.0,Linux,4.52
3306,MariaDB,MariaDB version 8.7,Linux,3.47
3306,MariaDB,MariaDB version 8.4,Linux,4.03
80,Apache,Apache version 9.0,Windows,5.1
21,vsftpd,vsftpd version 8.9,Linux,5.5
22,OpenSSH,OpenSSH version 2.5,Unix,4.33
3306,SMB,SMB version 5.1,Windows,3.63
3306,Redis,Redis version 1.0,Unix,3.05
3306,MongoDB,MongoDB version 9.0,Linux,5.84
3306,MariaDB,MariaDB version 2.1,Linux,0.39
3306,PostgreSQL,PostgreSQL version 1.8,Linux,6.28
3306,MySQL,MySQL version 2.9,Linux,5.28
3306,Redis,Redis version 7.3,Linux,6.47
80,LiteSpeed,LiteSpeed version 9.8,Unix,4.2
80,LiteSpeed,LiteSpeed version 2.4,Linux,1.41
80,Apache,Apache version 4.3,Unix,5.15
3306,SMB,SMB version 4.3,Linux,8.41
3306,RDP,RDP version 8.7,Unix,7.89
21,ProFTPD,ProFTPD version 3.6,Windows,5.51
21,ProFTPD,ProFTPD version 4.9,Unix,6.63
21,ProFTPD,ProFTPD version 7.3,Linux,5.7
3306,MariaDB,MariaDB version 7.7,Windows,3.27
3306,PostgreSQL,PostgreSQL version 2.2,Unix,5.93
3306,PostgreSQL,PostgreSQL version 1.6,Windows,2.7
80,LiteSpeed,LiteSpeed version 4.4,Windows,3.16
3306,PostgreSQL,PostgreSQL version 4.7,Linux,2.84
21,ProFTPD,ProFTPD version 5.4,Unix,4.26
3306,Redis,Redis version 2.8,Linux,4.72
3306,MySQL,MySQL version 6.4,Windows,6.24
80,LiteSpeed,LiteSpeed version 8.5,Windows,4.22
80,LiteSpeed,LiteSpeed version 4.8,Linux,2.24
3306,PostgreSQL,PostgreSQL version 7.7,Unix,5.76
3306,MySQL,MySQL version 2.1,Windows,7.03
3306,MariaDB,MariaDB version 5.1,Linux,3.53
3306,Redis,Redis version 5.5,Unix,3.78
3306,Redis,Redis version 8.6,Linux,5.27
21,vsftpd,vsftpd version 1.4,Unix,6.93
80,LiteSpeed,LiteSpeed version 2.3,Windows,3.72
3306,Redis,Redis version 1.1,Linux,2.5
21,vsftpd,vsftpd version 3.0,Unix,5.45
3306,RDP,RDP version 5.9,Unix,7.7
3306,Redis,Redis version 3.1,Linux,4.51
22,OpenSSH,OpenSSH version 9.4,Linux,3.66
80,nginx,nginx version 8.7,Unix,5.99
3306,MariaDB,MariaDB version 5.6,Unix,5.29
3306,Redis,Redis version 8.8,Linux,3.35
3306,PostgreSQL,PostgreSQL version 5.6,Windows,4.57
3306,MariaDB,MariaDB version 7.7,Linux,2.47
3306,MySQL,MySQL version 1.3,Linux,5.53
3306,MongoDB,MongoDB version 9.3,Unix,4.11
3306,MariaDB,MariaDB version 4.4,Linux,3.85
3306,MongoDB,MongoDB version 5.4,Linux,4.45
3306,Redis,Redis version 8.7,Windows,4.56
21,ProFTPD,ProFTPD version 6.6,Windows,7.84
80,LiteSpeed,LiteSpeed version 9.4,Linux,5.39
3306,RDP,RDP version 3.3,Linux,6.27
3306,MySQL,MySQL version 5.7,Linux,5.65
80,LiteSpeed,LiteSpeed version 9.7,Linux,5.1
3306,MongoDB,MongoDB version 6.0,Unix,3.86
21,ProFTPD,ProFTPD version 8.8,Linux,6.31
80,Apache,Apache version 3.8,Windows,4.28
3306,MySQL,MySQL version 7.8,Windows,5.26
80,Apache,Apache version 6.2,Windows,3.95
3306,MySQL,MySQL version 8.9,Unix,3.91
80,Apache,Apache version 9.6,Windows,7.45
3306,RDP,RDP version 3.6,Windows,7.91
3306,PostgreSQL,PostgreSQL version 9.9,Unix,3.36
21,ProFTPD,ProFTPD version 1.6,Linux,7.36
3306,Redis,Redis version 3.4,Linux,4.68
21,vsftpd,vsftpd version 1.2,Unix,5.09
3306,MongoDB,MongoDB version 5.7,Linux,4.71
3306,MongoDB,MongoDB version 3.4,Linux,6.28
21,ProFTPD,ProFTPD version 9.7,Unix,7.02
80,Apache,Apache version 6.4,Windows,4.41
3306,Redis,Redis version 2.1,Linux,6.06
22,OpenSSH,OpenSSH version 4.8,Windows,4.85
3306,RDP,RDP version 8.9,Unix,6.68
3306,MariaDB,MariaDB version 2.0,Unix,4.97
3306,Redis,Redis version 4.6,Unix,4.36
22,OpenSSH,OpenSSH version 8.6,Linux,4.51
80,nginx,nginx version 4.7,Linux,3.62
80,LiteSpeed,LiteSpeed version 7.8,Linux,3.37
3306,MariaDB,MariaDB version 8.8,Linux,3.0
80,nginx,nginx version 6.8,Windows,2.41
80,LiteSpeed,LiteSpeed version 6.4,Windows,3.18
3306,MySQL,MySQL version 9.8,Linux,4.24
21,vsftpd,vsftpd version 3.6,Linux,4.65
80,nginx,nginx version 8.5,Unix,4.09
21,vsftpd,vsftpd version 1.0,Windows,0.97
3306,RDP,RDP version 6.9,Linux,8.86
80,LiteSpeed,LiteSpeed version 6.3,Windows,6.13
21,vsftpd,vsftpd version 1.0,Linux,5.17
80,Apache,Apache version 1.5,Linux,7.36
3306,Redis,Redis version 3.3,Windows,3.03
3306,PostgreSQL,PostgreSQL version 7.4,Windows,7.33
80,Apache,Apache version 3.6,Unix,3.05
3306,MariaDB,MariaDB version 8.9,Windows,4.86
80,nginx,nginx version 9.9,Windows,2.59
3306,PostgreSQL,PostgreSQL version 4.9,Windows,4.52
3306,MongoDB,MongoDB version 5.6,Linux,5.08
3306,RDP,RDP version 2.3,Windows,6.27
3306,MySQL,MySQL version 9.7,Unix,5.57
21,vsftpd,vsftpd version 4.5,Linux,4.65
3306,PostgreSQL,PostgreSQL version 1.2,Linux,3.72
3306,PostgreSQL,PostgreSQL version 6.0,Unix,3.65
22,OpenSSH,OpenSSH version 9.3,Unix,5.72
3306,RDP,RDP version 4.1,Linux,5.52
3306,RDP,RDP version 2.2,Windows,7.87
3306,RDP,RDP version 6.0,Linux,8.33
21,vsftpd,vsftpd version 3.7,Linux,2.0
21,ProFTPD,ProFTPD version 8.8,Unix,8.2
3306,MySQL,MySQL version 6.6,Windows,7.59
3306,RDP,RDP version 2.5,Windows,6.88
3306,PostgreSQL,PostgreSQL version 1.3,Linux,5.4
3306,Redis,Redis version 8.4,Unix,6.06
80,LiteSpeed,LiteSpeed version 7.5,Linux,4.09
80,LiteSpeed,LiteSpeed version 7.7,Unix,4.77
21,vsftpd,vsftpd version 5.8,Linux,2.53
22,OpenSSH,OpenSSH version 3.5,Unix,4.71
3306,RDP,RDP version 6.7,Linux,7.25
80,Apache,Apache version 4.0,Windows,5.27
21,vsftpd,vsftpd version 1.9,Unix,6.1
3306,MySQL,MySQL version 3.4,Windows,3.34
3306,SMB,SMB version 4.9,Unix,5.7
3306,MongoDB,MongoDB version 1.4,Windows,7.34
3306,SMB,SMB version 3.9,Unix,6.27
3306,MariaDB,MariaDB version 8.4,Windows,4.8
3306,Redis,Redis version 7.3,Unix,4.4
3306,MongoDB,MongoDB version 6.1,Windows,3.27
3306,PostgreSQL,PostgreSQL version 7.5,Windows,6.94
21,ProFTPD,ProFTPD version 3.7,Windows,5.71
80,Apache,Apache version 4.4,Linux,2.81
3306,PostgreSQL,PostgreSQL version 1.6,Windows,3.82
3306,Redis,Redis version 5.1,Unix,1.5
80,LiteSpeed,LiteSpeed version 3.0,Unix,3.52
22,OpenSSH,OpenSSH version 3.6,Linux,3.05
3306,SMB,SMB version 9.1,Linux,7.43
22,OpenSSH,OpenSSH version 4.6,Linux,3.49
80,Apache,Apache version 2.2,Linux,5.83
80,Apache,Apache version 9.8,Windows,6.6
3306,MongoDB,MongoDB version 8.2,Unix,5.67
80,LiteSpeed,LiteSpeed version 6.2,Linux,4.18
80,nginx,nginx version 9.9,Windows,4.71
21,vsftpd,vsftpd version 4.7,Linux,2.21
80,nginx,nginx version 6.4,Unix,4.3
22,OpenSSH,OpenSSH version 7.4,Unix,3.21
21,vsftpd,vsftpd version 1.6,Linux,5.54
3306,RDP,RDP version 5.6,Windows,10.0
21,ProFTPD,ProFTPD version 6.2,Unix,7.25
22,OpenSSH,OpenSSH version 3.3,Linux,1.51
3306,SMB,SMB version 2.6,Windows,5.96
22,OpenSSH,OpenSSH version 1.8,Linux,4.68
3306,MariaDB,MariaDB version 7.9,Linux,4.63
80,nginx,nginx version 9.6,Linux,3.4
3306,Redis,Redis version 3.3,Linux,4.87
21,vsftpd,vsftpd version 3.4,Linux,2.64
80,nginx,nginx version 9.0,Linux,3.08
3306,PostgreSQL,PostgreSQL version 1.7,Unix,5.47
21,ProFTPD,ProFTPD version 7.3,Unix,4.98
80,nginx,nginx version 6.5,Windows,5.31
80,LiteSpeed,LiteSpeed version 6.7,Unix,2.45
80,Apache,Apache version 8.0,Unix,7.15
3306,Redis,Redis version 4.6,Linux,3.34
3306,MySQL,MySQL version 9.3,Unix,4.16
3306,MySQL,MySQL version 4.9,Windows,5.0
80,LiteSpeed,LiteSpeed version 2.3,Unix,3.65
3306,Redis,Redis version 2.4,Linux,4.72
3306,MySQL,MySQL version 4.1,Windows,5.36
80,nginx,nginx version 3.0,Unix,5.94
80,nginx,nginx version 5.6,Windows,5.69
21,ProFTPD,ProFTPD version 9.7,Unix,6.24
3306,RDP,RDP version 1.8,Unix,6.28
3306,Redis,Redis version 8.4,Linux,8.02
3306,SMB,SMB version 4.0,Linux,7.92
21,ProFTPD,ProFTPD version 3.4,Windows,5.12
21,ProFTPD,ProFTPD version 1.9,Linux,6.65
3306,SMB,SMB version 6.8,Windows,6.0
3306,MongoDB,MongoDB version 2.2,Unix,4.3
3306,MariaDB,MariaDB version 2.5,Unix,2.66
80,nginx,nginx version 9.8,Unix,3.88
3306,SMB,SMB version 5.5,Unix,9.22
3306,MariaDB,MariaDB version 8.2,Linux,5.37
80,Apache,Apache version 9.7,Linux,0.76
3306,PostgreSQL,PostgreSQL version 4.8,Linux,6.33
3306,MongoDB,MongoDB version 2.6,Linux,6.13
3306,MongoDB,MongoDB version 4.0,Unix,3.96
3306,PostgreSQL,PostgreSQL version 4.3,Linux,5.58
80,nginx,nginx version 1.7,Windows,3.21
80,LiteSpeed,LiteSpeed version 5.6,Unix,3.79
80,nginx,nginx version 8.9,Windows,6.75
80,nginx,nginx version 6.7,Unix,4.09
21,ProFTPD,ProFTPD version 5.8,Unix,3.7
3306,Redis,Redis version 2.1,Windows,4.41
3306,MariaDB,MariaDB version 6.5,Linux,4.38
3306,SMB,SMB version 7.5,Windows,8.3
21,ProFTPD,ProFTPD version 9.6,Unix,6.52
3306,MariaDB,MariaDB version 4.4,Linux,3.87
22,OpenSSH,OpenSSH version 9.5,Windows,6.07
80,Apache,Apache version 7.0,Windows,4.68
3306,Redis,Redis version 4.8,Windows,3.37
3306,MongoDB,MongoDB version 3.0,Linux,6.23
3306,RDP,RDP version 1.3,Linux,6.79
21,vsftpd,vsftpd version 1.1,Windows,4.5
3306,Redis,Redis version 2.9,Unix,4.77
3306,RDP,RDP version 1.9,Windows,4.89
3306,SMB,SMB version 2.1,Windows,5.71
80,nginx,nginx version 9.7,Windows,4.51
3306,RDP,RDP version 9.4,Windows,6.21
3306,SMB,SMB version 3.9,Unix,8.41
3306,RDP,RDP version 9.6,Windows,6.83
21,ProFTPD,ProFTPD version 5.8,Unix,7.78
3306,SMB,SMB version 7.1,Windows,6.51
21,vsftpd,vsftpd version 1.6,Unix,6.08
80,LiteSpeed,LiteSpeed version 8.2,Windows,5.1
21,ProFTPD,ProFTPD version 1.9,Unix,6.52
3306,PostgreSQL,PostgreSQL version 4.3,Unix,4.48
3306,MySQL,MySQL version 6.8,Unix,3.07
22,OpenSSH,OpenSSH version 8.5,Unix,5.26
3306,MariaDB,MariaDB version 2.4,Linux,4.44
21,vsftpd,vsftpd version 3.7,Unix,3.75
3306,PostgreSQL,PostgreSQL version 1.2,Unix,6.16
3306,SMB,SMB version 4.9,Windows,4.62
3306,SMB,SMB version 9.9,Unix,5.87
3306,RDP,RDP version 5.3,Unix,8.04
21,vsftpd,vsftpd version 8.6,Windows,4.97
3306,SMB,SMB version 7.4,Windows,6.43
80,LiteSpeed,LiteSpeed version 5.3,Windows,4.88
80,Apache,Apache version 8.8,Windows,4.77
80,nginx,nginx version 3.3,Unix,2.23
3306,MongoDB,MongoDB version 9.1,Unix,3.98
22,OpenSSH,OpenSSH version 4.7,Unix,6.92
3306,MySQL,MySQL version 8.7,Windows,3.51
21,vsftpd,vsftpd version 6.0,Unix,4.02
3306,SMB,SMB version 9.6,Linux,5.69
3306,MariaDB,MariaDB version 3.3,Windows,4.37
80,nginx,nginx version 1.8,Unix,3.63
3306,MongoDB,MongoDB version 9.1,Unix,5.23
80,nginx,nginx version 1.6,Linux,4.8
3306,RDP,RDP version 3.2,Unix,7.66
80,nginx,nginx version 1.1,Linux,2.92
3306,SMB,SMB version 9.6,Windows,5.99
21,vsftpd,vsftpd version 5.6,Unix,4.16
22,OpenSSH,OpenSSH version 9.3,Unix,5.18
80,nginx,nginx version 6.0,Unix,3.31
3306,SMB,SMB version 5.1,Linux,7.87
80,LiteSpeed,LiteSpeed version 1.2,Unix,6.28
3306,MySQL,MySQL version 7.6,Unix,3.02
3306,MySQL,MySQL version 1.3,Windows,3.76
21,ProFTPD,ProFTPD version 4.2,Linux,5.7
3306,MongoDB,MongoDB version 9.9,Windows,8.45
3306,RDP,RDP version 7.5,Windows,5.86
80,nginx,nginx version 2.3,Linux,7.02
80,nginx,nginx version 4.9,Linux,2.6
3306,PostgreSQL,PostgreSQL version 9.8,Linux,3.02
3306,Redis,Redis version 1.9,Windows,3.47
80,nginx,nginx version 3.2,Windows,3.23
3306,Redis,Redis version 2.6,Linux,4.1
80,Apache,Apache version 3.4,Windows,3.44
80,nginx,nginx version 3.3,Unix,3.27
3306,MongoDB,MongoDB version 4.7,Windows,6.24
3306,RDP,RDP version 8.7,Unix,8.34
3306,SMB,SMB version 6.5,Linux,7.92
3306,MariaDB,MariaDB version 3.2,Windows,5.29
3306,Redis,Redis version 1.7,Linux,4.64
80,nginx,nginx version 9.2,Linux,3.75
22,OpenSSH,OpenSSH version 2.4,Unix,3.07
21,vsftpd,vsftpd version 6.9,Windows,5.04
21,ProFTPD,ProFTPD version 9.9,Windows,4.74
21,ProFTPD,ProFTPD version 6.6,Linux,5.01
80,Apache,Apache version 7.4,Windows,6.23
22,OpenSSH,OpenSSH version 8.9,Linux,7.35
3306,PostgreSQL,PostgreSQL version 8.0,Unix,5.09
3306,PostgreSQL,PostgreSQL version 4.8,Unix,6.16
3306,MongoDB,MongoDB version 7.0,Unix,4.13
22,OpenSSH,OpenSSH version 7.3,Unix,2.49
80,Apache,Apache version 8.9,Linux,5.42
3306,PostgreSQL,PostgreSQL version 2.3,Unix,5.35
22,OpenSSH,OpenSSH version 5.7,Linux,4.61
21,vsftpd,vsftpd version 8.2,Unix,4.14
21,vsftpd,vsftpd version 8.8,Unix,5.94
80,nginx,nginx version 1.3,Windows,3.02
80,Apache,Apache version 1.7,Linux,3.34
3306,RDP,RDP version 5.1,Unix,4.99
3306,MongoDB,MongoDB version 7.6,Unix,4.63
3306,MariaDB,MariaDB version 4.7,Linux,2.87
3306,MariaDB,MariaDB version 3.8,Unix,3.47
3306,MySQL,MySQL version 3.1,Linux,3.44
80,LiteSpeed,LiteSpeed version 9.4,Windows,4.11
3306,Redis,Redis version 1.8,Windows,2.27
3306,MySQL,MySQL version 1.7,Linux,4.63
22,OpenSSH,OpenSSH version 7.7,Linux,6.37
3306,SMB,SMB version 7.1,Linux,6.7
3306,SMB,SMB version 7.3,Linux,8.81
80,nginx,nginx version 8.1,Linux,6.5
22,OpenSSH,OpenSSH version 5.6,Unix,5.67
3306,SMB,SMB version 9.2,Unix,6.61
80,nginx,nginx version 2.0,Unix,4.53
3306,Redis,Redis version 9.2,Linux,5.65
21,ProFTPD,ProFTPD version 5.1,Windows,5.91
80,Apache,Apache version 9.8,Linux,1.68
21,vsftpd,vsftpd version 6.1,Linux,5.24
21,ProFTPD,ProFTPD version 9.4,Windows,4.8
21,vsftpd,vsftpd version 1.9,Unix,3.06
3306,SMB,SMB version 4.1,Windows,6.5
21,vsftpd,vsftpd version 5.1,Unix,4.36
3306,RDP,RDP version 6.5,Windows,4.38
3306,SMB,SMB version 9.8,Linux,6.75
3306,SMB,SMB version 1.5,Linux,7.95
3306,PostgreSQL,PostgreSQL version 4.8,Unix,2.81
80,nginx,nginx version 7.0,Unix,6.41
22,OpenSSH,OpenSSH version 7.6,Windows,2.16
22,OpenSSH,OpenSSH version 7.5,Windows,7.68
3306,MongoDB,MongoDB version 1.0,Unix,3.88
80,nginx,nginx version 2.8,Unix,4.72
3306,MongoDB,MongoDB version 8.8,Windows,1.66
80,nginx,nginx version 6.2,Windows,4.41
3306,SMB,SMB version 2.8,Linux,6.84
21,vsftpd,vsftpd version 2.4,Unix,4.37
80,LiteSpeed,LiteSpeed version 9.8,Unix,3.66
80,nginx,nginx version 3.5,Linux,3.08
21,vsftpd,vsftpd version 2.3,Linux,6.2
3306,PostgreSQL,PostgreSQL version 6.5,Linux,4.55
22,OpenSSH,OpenSSH version 5.3,Windows,6.81
21,ProFTPD,ProFTPD version 4.4,Windows,5.71
3306,PostgreSQL,PostgreSQL version 9.2,Linux,3.85
80,LiteSpeed,LiteSpeed version 7.5,Unix,5.72
22,OpenSSH,OpenSSH version 4.1,Windows,2.07
3306,MySQL,MySQL version 4.0,Unix,2.68
3306,MySQL,MySQL version 1.0,Unix,6.15
3306,MariaDB,MariaDB version 2.9,Unix,2.74
3306,MariaDB,MariaDB version 2.5,Unix,1.77
3306,Redis,Redis version 1.6,Windows,7.3
80,Apache,Apache version 3.7,Windows,2.41
21,vsftpd,vsftpd version 8.5,Unix,4.78
3306,SMB,SMB version 5.0,Windows,6.6
3306,MariaDB,MariaDB version 5.1,Windows,0.28
21,vsftpd,vsftpd version 6.5,Unix,4.1
22,OpenSSH,OpenSSH version 8.4,Unix,5.17
3306,PostgreSQL,PostgreSQL version 3.0,Unix,5.03
3306,RDP,RDP version 7.2,Linux,7.86
3306,MariaDB,MariaDB version 1.7,Unix,3.92
22,OpenSSH,OpenSSH version 9.3,Unix,5.57
80,LiteSpeed,LiteSpeed version 9.5,Linux,3.47
3306,PostgreSQL,PostgreSQL version 6.2,Windows,2.38
3306,MySQL,MySQL version 4.2,Linux,2.55
3306,PostgreSQL,PostgreSQL version 6.6,Windows,2.31
3306,Redis,Redis version 3.1,Unix,6.01
3306,PostgreSQL,PostgreSQL version 9.1,Linux,2.23
21,ProFTPD,ProFTPD version 3.8,Windows,6.91
3306,RDP,RDP version 3.4,Linux,6.1
21,ProFTPD,ProFTPD version 1.4,Unix,6.35
3306,Redis,Redis version 2.4,Linux,6.55
22,OpenSSH,OpenSSH version 5.8,Unix,3.84
3306,MongoDB,MongoDB version 2.0,Windows,5.42
21,vsftpd,vsftpd version 2.2,Windows,4.56
3306,MongoDB,MongoDB version 3.8,Windows,4.27
21,ProFTPD,ProFTPD version 5.7,Linux,9.95
22,OpenSSH,OpenSSH version 6.4,Unix,2.34
80,Apache,Apache version 4.8,Windows,6.43
3306,Redis,Redis version 8.8,Linux,5.48
3306,RDP,RDP version 3.7,Linux,5.78
3306,Redis,Redis version 4.0,Unix,6.94
3306,RDP,RDP version 3.7,Unix,3.73
21,vsftpd,vsftpd version 3.0,Unix,3.72
3306,MongoDB,MongoDB version 7.0,Windows,2.69
21,vsftpd,vsftpd version 3.3,Windows,5.12
3306,SMB,SMB version 6.1,Unix,4.83
3306,MySQL,MySQL version 8.6,Linux,5.15
3306,RDP,RDP version 8.2,Unix,6.22
3306,MongoDB,MongoDB version 7.6,Windows,3.78
80,nginx,nginx version 4.3,Unix,5.08
80,Apache,Apache version 6.2,Linux,4.1
22,OpenSSH,OpenSSH version 1.3,Windows,2.87
3306,MariaDB,MariaDB version 9.8,Linux,8.7
3306,MongoDB,MongoDB version 2.7,Windows,3.77
21,vsftpd,vsftpd version 1.0,Windows,1.17
80,LiteSpeed,LiteSpeed version 5.1,Windows,3.24
3306,RDP,RDP version 1.3,Windows,4.6
3306,Redis,Redis version 4.9,Windows,5.74
3306,MySQL,MySQL version 1.1,Unix,4.98
21,vsftpd,vsftpd version 4.1,Linux,5.1
21,ProFTPD,ProFTPD version 3.7,Unix,5.94
80,Apache,Apache version 6.1,Linux,4.08
80,Apache,Apache version 4.9,Unix,3.94
3306,RDP,RDP version 2.6,Windows,6.38
3306,MongoDB,MongoDB version 6.5,Windows,5.75
3306,Redis,Redis version 9.0,Unix,5.0
3306,MySQL,MySQL version 9.0,Unix,5.25
3306,MariaDB,MariaDB version 4.1,Windows,5.25
80,nginx,nginx version 2.2,Windows,5.83
3306,Redis,Redis version 2.3,Linux,4.93
3306,Redis,Redis version 3.9,Unix,5.04
3306,MariaDB,MariaDB version 7.7,Linux,6.28
3306,Redis,Redis version 3.0,Windows,3.5
21,ProFTPD,ProFTPD version 2.2,Unix,5.22
80,Apache,Apache version 7.3,Linux,2.72
3306,Redis,Redis version 8.6,Unix,4.77
21,ProFTPD,ProFTPD version 9.2,Windows,3.72
3306,RDP,RDP version 9.1,Unix,7.19
3306,MongoDB,MongoDB version 7.1,Unix,4.34
80,Apache,Apache version 7.3,Unix,6.2
3306,MariaDB,MariaDB version 7.7,Unix,3.49
22,OpenSSH,OpenSSH version 7.3,Windows,4.2
3306,Redis,Redis version 2.5,Linux,6.18
3306,MongoDB,MongoDB version 5.5,Linux,6.57
3306,RDP,RDP version 2.3,Unix,5.48
3306,MySQL,MySQL version 7.7,Windows,4.77
21,vsftpd,vsftpd version 1.4,Linux,4.94
3306,MariaDB,MariaDB version 4.4,Windows,5.06
3306,MongoDB,MongoDB version 6.2,Linux,4.11
3306,PostgreSQL,PostgreSQL version 4.6,Windows,6.42
3306,MongoDB,MongoDB version 6.6,Unix,1.67
3306,RDP,RDP version 4.4,Linux,5.87
3306,Redis,Redis version 1.8,Linux,5.17
3306,PostgreSQL,PostgreSQL version 4.6,Unix,5.19
3306,MySQL,MySQL version 4.4,Linux,6.53
3306,MongoDB,MongoDB version 1.3,Windows,6.3
3306,SMB,SMB version 1.9,Linux,6.07
80,LiteSpeed,LiteSpeed version 5.4,Windows,6.45
80,nginx,nginx version 1.0,Windows,3.43
3306,RDP,RDP version 2.7,Unix,7.9
3306,SMB,SMB version 7.1,Windows,9.22
22,OpenSSH,OpenSSH version 6.0,Windows,6.32
21,vsftpd,vsftpd version 5.5,Windows,4.66
80,LiteSpeed,LiteSpeed version 1.8,Linux,4.0
80,LiteSpeed,LiteSpeed version 1.8,Linux,2.21
3306,MariaDB,MariaDB version 8.7,Windows,4.97
3306,RDP,RDP version 4.1,Linux,4.83
3306,MongoDB,MongoDB version 4.4,Unix,3.31
3306,MariaDB,MariaDB version 7.0,Unix,2.71
22,OpenSSH,OpenSSH version 2.8,Windows,3.81
3306,MySQL,MySQL version 8.8,Windows,4.46
21,vsftpd,vsftpd version 1.0,Linux,4.91
3306,RDP,RDP version 8.8,Windows,5.6
3306,Redis,Redis version 2.5,Linux,6.1
3306,MySQL,MySQL version 3.4,Linux,4.19
80,LiteSpeed,LiteSpeed version 1.2,Unix,3.32
22,OpenSSH,OpenSSH version 3.4,Windows,4.84
21,vsftpd,vsftpd version 2.3,Unix,7.45
3306,RDP,RDP version 2.1,Unix,7.0
80,nginx,nginx version 1.6,Windows,3.96
22,OpenSSH,OpenSSH version 9.3,Unix,2.21
3306,MariaDB,MariaDB version 6.7,Unix,4.17
21,vsftpd,vsftpd version 3.9,Unix,4.85
80,LiteSpeed,LiteSpeed version 6.6,Unix,3.92
21,vsftpd,vsftpd version 9.9,Linux,2.0
80,LiteSpeed,LiteSpeed version 5.4,Linux,3.22
3306,RDP,RDP version 6.4,Linux,8.68
3306,SMB,SMB version 9.7,Windows,8.65
80,Apache,Apache version 8.0,Unix,3.17
3306,SMB,SMB version 6.5,Unix,7.51
21,ProFTPD,ProFTPD version 6.5,Windows,4.73
80,LiteSpeed,LiteSpeed version 9.5,Linux,6.61
3306,PostgreSQL,PostgreSQL version 4.4,Linux,4.87
3306,MySQL,MySQL version 5.5,Unix,5.92
22,OpenSSH,OpenSSH version 1.4,Windows,1.93
3306,Redis,Redis version 9.2,Linux,5.52
3306,PostgreSQL,PostgreSQL version 9.9,Windows,4.49
80,LiteSpeed,LiteSpeed version 9.6,Unix,5.78
3306,Redis,Redis version 9.1,Windows,5.87
3306,PostgreSQL,PostgreSQL version 5.7,Unix,4.6
3306,PostgreSQL,PostgreSQL version 8.2,Windows,3.6
3306,MySQL,MySQL version 3.2,Windows,5.67
22,OpenSSH,OpenSSH version 8.8,Linux,4.41
22,OpenSSH,OpenSSH version 6.3,Linux,3.19
3306,SMB,SMB version 8.9,Linux,5.12
21,ProFTPD,ProFTPD version 5.8,Windows,4.28
80,Apache,Apache version 6.4,Unix,3.73
80,nginx,nginx version 9.0,Linux,6.15
3306,MongoDB,MongoDB version 7.9,Windows,4.77
3306,SMB,SMB version 3.1,Linux,5.71
80,nginx,nginx version 9.4,Unix,5.71
3306,SMB,SMB version 7.0,Linux,5.25
3306,Redis,Redis version 9.1,Linux,4.64
3306,MySQL,MySQL version 1.3,Unix,4.23
22,OpenSSH,OpenSSH version 5.8,Windows,5.67
3306,Redis,Redis version 1.9,Linux,2.13
3306,MongoDB,MongoDB version 8.8,Windows,3.22
3306,Redis,Redis version 5.0,Linux,2.04
80,Apache,Apache version 4.8,Linux,4.11
3306,RDP,RDP version 1.1,Linux,8.32
80,nginx,nginx version 7.8,Windows,3.74
21,ProFTPD,ProFTPD version 4.7,Linux,5.73
21,vsftpd,vsftpd version 1.3,Windows,5.81
80,LiteSpeed,LiteSpeed version 8.1,Windows,6.1
3306,MySQL,MySQL version 2.1,Unix,4.37
3306,RDP,RDP version 9.4,Linux,7.53
3306,SMB,SMB version 1.9,Windows,4.88
21,ProFTPD,ProFTPD version 8.2,Unix,8.57
3306,MySQL,MySQL version 3.5,Windows,7.72
3306,SMB,SMB version 7.4,Windows,7.28
3306,Redis,Redis version 6.1,Linux,1.37
80,LiteSpeed,LiteSpeed version 1.7,Windows,3.66
21,vsftpd,vsftpd version 5.1,Windows,5.42
3306,MongoDB,MongoDB version 7.0,Linux,3.87
3306,MySQL,MySQL version 1.7,Linux,6.41
21,ProFTPD,ProFTPD version 2.6,Windows,7.38
3306,PostgreSQL,PostgreSQL version 5.5,Unix,3.44
80,LiteSpeed,LiteSpeed version 1.9,Unix,4.55
3306,MariaDB,MariaDB version 6.5,Linux,3.16
80,nginx,nginx version 4.2,Linux,4.23
80,Apache,Apache version 7.0,Linux,3.67
80,nginx,nginx version 1.3,Windows,6.26
21,ProFTPD,ProFTPD version 1.4,Linux,9.67
3306,Redis,Redis version 1.2,Linux,2.35
80,Apache,Apache version 4.2,Unix,1.62
3306,PostgreSQL,PostgreSQL version 4.6,Unix,4.13
3306,MongoDB,MongoDB version 9.9,Windows,2.22
22,OpenSSH,OpenSSH version 1.5,Linux,4.57
80,nginx,nginx version 8.5,Windows,5.62
3306,Redis,Redis version 4.8,Unix,6.74
80,Apache,Apache version 4.9,Windows,4.8
80,LiteSpeed,LiteSpeed version 7.3,Linux,4.21
3306,PostgreSQL,PostgreSQL version 2.7,Unix,1.53
3306,PostgreSQL,PostgreSQL version 6.1,Unix,4.54
80,Apache,Apache version 3.6,Windows,4.61
21,ProFTPD,ProFTPD version 6.2,Unix,7.46
3306,MongoDB,MongoDB version 9.5,Windows,3.44
3306,MongoDB,MongoDB version 7.9,Linux,3.85
3306,MySQL,MySQL version 3.6,Unix,2.28
3306,MariaDB,MariaDB version 4.4,Windows,1.06
3306,Redis,Redis version 5.6,Windows,2.84
3306,Redis,Redis version 1.8,Linux,2.14
3306,MongoDB,MongoDB version 1.9,Unix,5.01
3306,MongoDB,MongoDB version 7.4,Windows,3.72
3306,MySQL,MySQL version 2.8,Windows,3.69
21,ProFTPD,ProFTPD version 4.6,Windows,5.02
3306,MySQL,MySQL version 3.7,Windows,0.0
3306,MariaDB,MariaDB version 7.8,Linux,6.76
3306,MySQL,MySQL version 2.1,Linux,3.0
3306,MySQL,MySQL version 3.2,Unix,3.88
3306,RDP,RDP version 4.9,Unix,4.32
3306,MariaDB,MariaDB version 6.6,Unix,5.96
3306,Redis,Redis version 2.2,Linux,4.72
80,nginx,nginx version 8.9,Windows,3.26
3306,RDP,RDP version 6.5,Windows,5.91
3306,Redis,Redis version 2.3,Linux,7.02
21,ProFTPD,ProFTPD version 5.2,Windows,6.39
3306,SMB,SMB version 2.7,Windows,6.23
80,LiteSpeed,LiteSpeed version 4.8,Unix,3.09
80,Apache,Apache version 8.2,Unix,1.66
80,Apache,Apache version 2.1,Windows,4.26
80,nginx,nginx version 7.2,Linux,4.99
21,vsftpd,vsftpd version 4.4,Linux,6.15
80,nginx,nginx version 4.6,Unix,1.13
80,nginx,nginx version 3.2,Linux,2.81
21,vsftpd,vsftpd version 8.1,Unix,3.63
3306,PostgreSQL,PostgreSQL version 9.9,Windows,4.49
80,Apache,Apache version 6.5,Unix,4.28
3306,MySQL,MySQL version 6.8,Windows,4.32
3306,MySQL,MySQL version 8.6,Windows,5.11
3306,Redis,Redis version 2.2,Windows,3.15
3306,SMB,SMB version 9.8,Unix,7.9
3306,SMB,SMB version 3.3,Unix,7.15
3306,PostgreSQL,PostgreSQL version 4.6,Linux,4.02
21,vsftpd,vsftpd version 6.5,Linux,6.9
80,nginx,nginx version 1.4,Windows,6.83
3306,Redis,Redis version 4.8,Linux,5.9
80,Apache,Apache version 4.4,Unix,0.0
22,OpenSSH,OpenSSH version 7.5,Windows,6.87
3306,MySQL,MySQL version 7.8,Unix,5.69
3306,RDP,RDP version 1.7,Unix,9.51
21,ProFTPD,ProFTPD version 8.5,Linux,8.36
3306,MongoDB,MongoDB version 7.0,Windows,6.87
3306,MariaDB,MariaDB version 4.7,Windows,5.82
3306,MariaDB,MariaDB version 1.6,Unix,6.52
3306,SMB,SMB version 2.3,Linux,9.49
3306,Redis,Redis version 5.5,Unix,4.82
3306,MongoDB,MongoDB version 4.1,Windows,2.14
3306,MySQL,MySQL version 9.6,Linux,4.04
3306,SMB,SMB version 7.8,Windows,7.08
3306,SMB,SMB version 8.2,Windows,6.61
21,vsftpd,vsftpd version 3.3,Linux,2.63
3306,MongoDB,MongoDB version 8.6,Unix,2.05
3306,MariaDB,MariaDB version 2.3,Linux,3.39
21,vsftpd,vsftpd version 2.6,Linux,5.71
21,ProFTPD,ProFTPD version 4.4,Linux,8.87
3306,MongoDB,MongoDB version 1.2,Linux,5.87
3306,MongoDB,MongoDB version 1.0,Unix,6.09
22,OpenSSH,OpenSSH version 5.7,Linux,4.38
3306,PostgreSQL,PostgreSQL version 2.4,Windows,1.89
80,Apache,Apache version 1.5,Linux,3.82
22,OpenSSH,OpenSSH version 2.3,Windows,4.11
3306,RDP,RDP version 7.5,Windows,5.75
3306,MySQL,MySQL version 9.5,Unix,4.58
3306,MySQL,MySQL version 1.8,Windows,5.16
3306,MySQL,MySQL version 6.0,Linux,5.78
3306,RDP,RDP version 6.6,Linux,6.08
22,OpenSSH,OpenSSH version 7.3,Windows,1.64
80,LiteSpeed,LiteSpeed version 1.9,Linux,3.78
3306,Redis,Redis version 3.1,Windows,4.57
22,OpenSSH,OpenSSH version 9.3,Linux,6.33
80,nginx,nginx version 1.2,Linux,3.65
3306,MongoDB,MongoDB version 3.3,Linux,5.27
3306,MongoDB,MongoDB version 7.2,Unix,4.94
22,OpenSSH,OpenSSH version 4.3,Windows,4.57
3306,Redis,Redis version 9.1,Windows,5.9
80,Apache,Apache version 9.9,Unix,3.51
3306,SMB,SMB version 5.2,Linux,5.64
80,LiteSpeed,LiteSpeed version 3.1,Windows,4.48
80,LiteSpeed,LiteSpeed version 4.0,Windows,3.54
21,vsftpd,vsftpd version 9.1,Unix,5.26
3306,MariaDB,MariaDB version 3.0,Windows,3.43
3306,MySQL,MySQL version 1.0,Unix,4.84
80,LiteSpeed,LiteSpeed version 6.0,Linux,4.35
80,nginx,nginx version 5.6,Windows,4.82
3306,MySQL,MySQL version 3.6,Linux,3.81
3306,MariaDB,MariaDB version 1.5,Unix,3.99
80,LiteSpeed,LiteSpeed version 3.6,Windows,4.64
21,ProFTPD,ProFTPD version 7.7,Unix,6.8
3306,RDP,RDP version 8.8,Windows,6.49
3306,PostgreSQL,PostgreSQL version 5.6,Windows,7.06
80,LiteSpeed,LiteSpeed version 2.7,Linux,3.01
3306,MariaDB,MariaDB version 7.9,Linux,4.4
22,OpenSSH,OpenSSH version 8.1,Linux,2.14
3306,MongoDB,MongoDB version 8.7,Unix,5.06
80,LiteSpeed,LiteSpeed version 9.7,Linux,2.83
3306,SMB,SMB version 1.2,Linux,6.08
3306,PostgreSQL,PostgreSQL version 7.7,Unix,3.94
80,Apache,Apache version 1.6,Unix,4.92
22,OpenSSH,OpenSSH version 8.0,Unix,3.67
3306,MySQL,MySQL version 8.1,Windows,3.61
80,Apache,Apache version 6.1,Unix,6.65
21,vsftpd,vsftpd version 9.5,Linux,4.93
3306,Redis,Redis version 4.9,Unix,3.66
21,ProFTPD,ProFTPD version 7.0,Windows,6.12
3306,MariaDB,MariaDB version 5.1,Windows,6.97
21,vsftpd,vsftpd version 7.1,Linux,4.15
3306,Redis,Redis version 6.7,Windows,3.47
3306,SMB,SMB version 5.7,Windows,5.47
3306,MongoDB,MongoDB version 8.5,Windows,3.68
3306,Redis,Redis version 1.8,Linux,3.61
22,OpenSSH,OpenSSH version 8.7,Linux,2.58
21,ProFTPD,ProFTPD version 6.9,Windows,4.81
3306,MariaDB,MariaDB version 2.2,Linux,3.26
80,nginx,nginx version 6.3,Unix,5.39
3306,MongoDB,MongoDB version 5.1,Windows,3.93
22,OpenSSH,OpenSSH version 8.9,Linux,4.19
3306,MariaDB,MariaDB version 5.3,Windows,6.41
3306,RDP,RDP version 1.9,Linux,8.44
80,nginx,nginx version 9.4,Linux,4.08
21,ProFTPD,ProFTPD version 7.3,Unix,5.55
3306,MongoDB,MongoDB version 4.8,Unix,3.2
80,nginx,nginx version 9.0,Linux,5.54
3306,MongoDB,MongoDB version 5.9,Windows,4.19
80,nginx,nginx version 3.2,Linux,3.92
3306,Redis,Redis version 7.5,Linux,3.28
21,vsftpd,vsftpd version 1.4,Windows,3.35
3306,RDP,RDP version 6.9,Unix,6.98
3306,MySQL,MySQL version 7.9,Windows,2.53
3306,PostgreSQL,PostgreSQL version 4.4,Unix,5.99
3306,MongoDB,MongoDB version 2.7,Unix,3.7
3306,MongoDB,MongoDB version 3.7,Linux,4.28
3306,Redis,Redis version 4.9,Linux,2.49
3306,MongoDB,MongoDB version 3.4,Windows,4.48
3306,RDP,RDP version 1.9,Unix,6.01
80,LiteSpeed,LiteSpeed version 3.1,Linux,4.42
80,nginx,nginx version 8.4,Unix,6.71
80,LiteSpeed,LiteSpeed version 7.6,Windows,4.77
3306,RDP,RDP version 7.9,Windows,5.31
80,nginx,nginx version 9.3,Unix,3.43
3306,MongoDB,MongoDB version 7.4,Unix,5.39
3306,MariaDB,MariaDB version 6.4,Unix,6.45
80,Apache,Apache version 5.1,Windows,4.92
3306,PostgreSQL,PostgreSQL version 8.1,Unix,5.53
3306,MongoDB,MongoDB version 6.0,Unix,5.41
80,Apache,Apache version 7.5,Windows,6.63
3306,SMB,SMB version 8.5,Unix,3.58
22,OpenSSH,OpenSSH version 3.5,Windows,5.5
3306,Redis,Redis version 5.3,Linux,5.98
22,OpenSSH,OpenSSH version 5.3,Windows,2.49
3306,RDP,RDP version 2.4,Linux,5.17
3306,MongoDB,MongoDB version 2.1,Linux,3.22
21,ProFTPD,ProFTPD version 7.4,Unix,5.41
22,OpenSSH,OpenSSH version 3.7,Unix,3.78
3306,Redis,Redis version 2.7,Linux,4.86
80,LiteSpeed,LiteSpeed version 5.0,Unix,5.8
80,nginx,nginx version 5.3,Linux,6.12
3306,SMB,SMB version 5.8,Windows,5.24
22,OpenSSH,OpenSSH version 7.7,Linux,3.23
3306,MySQL,MySQL version 4.5,Unix,6.47
3306,MariaDB,MariaDB version 6.2,Linux,5.47
21,ProFTPD,ProFTPD version 5.2,Unix,6.62
80,LiteSpeed,LiteSpeed version 7.4,Windows,5.21
80,Apache,Apache version 7.6,Linux,4.46
80,nginx,nginx version 9.9,Windows,5.29
3306,MongoDB,MongoDB version 9.6,Windows,4.0
80,nginx,nginx version 7.5,Unix,4.9
3306,MariaDB,MariaDB version 9.3,Unix,2.23
3306,PostgreSQL,PostgreSQL version 4.2,Windows,3.47
80,LiteSpeed,LiteSpeed version 6.2,Linux,3.48
80,Apache,Apache version 8.0,Linux,3.94
80,Apache,Apache version 5.5,Windows,3.11
21,vsftpd,vsftpd version 3.0,Windows,3.7
3306,MySQL,MySQL version 2.7,Linux,2.23
3306,MySQL,MySQL version 2.1,Linux,5.32
3306,MariaDB,MariaDB version 8.7,Linux,4.38
3306,SMB,SMB version 9.8,Windows,3.94
3306,RDP,RDP version 9.4,Windows,5.25
21,ProFTPD,ProFTPD version 5.0,Unix,7.0
3306,MySQL,MySQL version 6.4,Windows,3.69
3306,SMB,SMB version 4.0,Windows,5.45
3306,Redis,Redis version 2.4,Windows,4.39
3306,PostgreSQL,PostgreSQL version 5.7,Linux,5.02
3306,MariaDB,MariaDB version 5.8,Windows,2.35
3306,PostgreSQL,PostgreSQL version 3.4,Linux,5.33
3306,MySQL,MySQL version 8.7,Windows,3.3
3306,Redis,Redis version 8.9,Linux,4.47
22,OpenSSH,OpenSSH version 5.7,Windows,4.45
80,nginx,nginx version 6.9,Unix,3.71
3306,MongoDB,MongoDB version 4.5,Unix,2.96
3306,RDP,RDP version 8.0,Unix,6.07
80,LiteSpeed,LiteSpeed version 5.9,Linux,6.94
22,OpenSSH,OpenSSH version 4.6,Windows,2.46
80,nginx,nginx version 4.3,Windows,7.04
80,Apache,Apache version 3.4,Linux,4.11
21,vsftpd,vsftpd version 2.0,Linux,4.55
3306,MySQL,MySQL version 2.1,Windows,2.87
3306,SMB,SMB version 4.1,Windows,5.34
80,Apache,Apache version 4.9,Linux,3.75
3306,SMB,SMB version 6.2,Windows,4.93
80,Apache,Apache version 2.3,Unix,4.19
21,vsftpd,vsftpd version 1.6,Unix,3.89
80,LiteSpeed,LiteSpeed version 6.9,Unix,7.28
3306,Redis,Redis version 1.1,Unix,2.75
3306,Redis,Redis version 5.7,Unix,4.65
3306,RDP,RDP version 3.9,Windows,6.87
3306,PostgreSQL,PostgreSQL version 7.3,Unix,2.89
3306,MySQL,MySQL version 1.1,Windows,5.53
3306,SMB,SMB version 9.1,Unix,5.9
3306,MariaDB,MariaDB version 3.3,Windows,0.76
3306,MariaDB,MariaDB version 8.2,Linux,5.49
3306,RDP,RDP version 7.8,Windows,4.82
3306,SMB,SMB version 9.5,Unix,4.93
3306,SMB,SMB version 9.3,Linux,7.53
3306,Redis,Redis version 7.9,Unix,3.98
3306,RDP,RDP version 1.5,Linux,7.88
21,ProFTPD,ProFTPD version 5.1,Unix,8.32
21,vsftpd,vsftpd version 3.6,Unix,3.53
3306,MySQL,MySQL version 2.9,Unix,5.69
3306,PostgreSQL,PostgreSQL version 2.0,Unix,3.37
3306,SMB,SMB version 5.7,Windows,9.85
22,OpenSSH,OpenSSH version 1.5,Linux,3.46
80,Apache,Apache version 5.9,Windows,6.04
21,vsftpd,vsftpd version 4.5,Windows,5.77
80,LiteSpeed,LiteSpeed version 3.3,Unix,4.97
21,vsftpd,vsftpd version 2.1,Windows,3.49
3306,SMB,SMB version 6.9,Unix,6.27
80,nginx,nginx version 4.7,Windows,1.27
3306,MySQL,MySQL version 7.2,Linux,4.84
21,vsftpd,vsftpd version 7.4,Windows,5.02
80,LiteSpeed,LiteSpeed version 3.0,Windows,4.7
80,nginx,nginx version 6.7,Linux,0.04
3306,Redis,Redis version 4.7,Unix,2.6
3306,MariaDB,MariaDB version 5.8,Linux,3.38
3306,MySQL,MySQL version 5.4,Windows,4.94
21,ProFTPD,ProFTPD version 6.4,Windows,6.93
80,nginx,nginx version 4.7,Windows,4.24
80,nginx,nginx version 1.8,Linux,5.45
80,Apache,Apache version 1.3,Windows,2.96
3306,Redis,Redis version 5.3,Windows,5.42
22,OpenSSH,OpenSSH version 9.0,Linux,5.21
3306,MongoDB,MongoDB version 9.5,Windows,5.07
80,Apache,Apache version 7.6,Linux,4.23
80,LiteSpeed,LiteSpeed version 8.8,Linux,7.25
3306,SMB,SMB version 6.9,Linux,7.24
3306,Redis,Redis version 3.1,Linux,3.05
21,ProFTPD,ProFTPD version 6.2,Linux,6.87
22,OpenSSH,OpenSSH version 4.5,Unix,5.63
21,ProFTPD,ProFTPD version 2.4,Linux,5.62
3306,MariaDB,MariaDB version 1.7,Unix,6.13
21,ProFTPD,ProFTPD version 9.9,Windows,7.07
21,ProFTPD,ProFTPD version 7.4,Windows,2.99
3306,MariaDB,MariaDB version 4.2,Unix,4.95
3306,MongoDB,MongoDB version 7.2,Linux,3.89
21,vsftpd,vsftpd version 4.9,Windows,5.31
3306,MySQL,MySQL version 8.2,Windows,5.92
3306,RDP,RDP version 5.4,Unix,6.79
21,ProFTPD,ProFTPD version 3.5,Linux,9.0
3306,MongoDB,MongoDB version 8.3,Linux,4.23
3306,PostgreSQL,PostgreSQL version 4.0,Unix,5.44
3306,RDP,RDP version 2.1,Unix,7.71
80,LiteSpeed,LiteSpeed version 8.8,Linux,4.35
3306,RDP,RDP version 5.6,Unix,7.67
3306,Redis,Redis version 9.3,Linux,3.61
80,LiteSpeed,LiteSpeed version 4.8,Linux,3.87
80,LiteSpeed,LiteSpeed version 7.8,Linux,2.53
3306,RDP,RDP version 6.5,Windows,6.86
22,OpenSSH,OpenSSH version 6.0,Linux,4.99
3306,MariaDB,MariaDB version 5.5,Unix,6.27
3306,Redis,Redis version 1.3,Linux,5.69
3306,Redis,Redis version 9.8,Linux,4.07
22,OpenSSH,OpenSSH version 7.2,Unix,2.73
3306,Redis,Redis version 9.0,Unix,5.15
80,LiteSpeed,LiteSpeed version 8.8,Windows,6.17
21,vsftpd,vsftpd version 7.8,Linux,5.63
3306,MySQL,MySQL version 7.3,Windows,6.13
3306,MongoDB,MongoDB version 6.8,Unix,4.18
3306,MariaDB,MariaDB version 1.4,Windows,3.8
3306,SMB,SMB version 9.7,Unix,5.39
3306,SMB,SMB version 3.8,Unix,6.42
3306,MariaDB,MariaDB version 2.8,Unix,4.38
3306,Redis,Redis version 1.0,Linux,4.81
3306,PostgreSQL,PostgreSQL version 2.4,Unix,4.31
80,Apache,Apache version 3.2,Windows,4.3
3306,MySQL,MySQL version 5.9,Unix,3.33
3306,Redis,Redis version 2.0,Linux,5.91
3306,Redis,Redis version 2.0,Windows,4.61
21,vsftpd,vsftpd version 4.4,Linux,4.24
3306,SMB,SMB version 3.7,Unix,5.38
3306,MariaDB,MariaDB version 2.4,Unix,2.5
22,OpenSSH,OpenSSH version 8.0,Windows,6.46
3306,MySQL,MySQL version 5.6,Unix,5.33
3306,RDP,RDP version 9.6,Linux,4.06
3306,MariaDB,MariaDB version 6.5,Linux,5.64
21,vsftpd,vsftpd version 9.2,Linux,5.88
21,ProFTPD,ProFTPD version 4.3,Unix,6.69
80,nginx,nginx version 8.9,Unix,6.9
22,OpenSSH,OpenSSH version 4.4,Windows,4.83
80,LiteSpeed,LiteSpeed version 2.3,Linux,2.37
80,LiteSpeed,LiteSpeed version 7.7,Unix,5.05
80,Apache,Apache version 4.2,Windows,4.87
22,OpenSSH,OpenSSH version 3.5,Linux,3.6
3306,SMB,SMB version 6.5,Linux,7.36
3306,MySQL,MySQL version 3.2,Linux,2.0
80,nginx,nginx version 9.7,Unix,5.99
80,LiteSpeed,LiteSpeed version 3.3,Unix,3.18
3306,MongoDB,MongoDB version 6.1,Unix,3.02
80,Apache,Apache version 5.2,Linux,4.33
3306,Redis,Redis version 6.8,Windows,5.15
80,LiteSpeed,LiteSpeed version 1.1,Windows,4.75
21,ProFTPD,ProFTPD version 3.6,Unix,5.39
3306,MySQL,MySQL version 3.0,Unix,3.74
3306,PostgreSQL,PostgreSQL version 3.4,Windows,2.8
3306,MongoDB,MongoDB version 3.2,Windows,4.16
3306,MariaDB,MariaDB version 6.4,Windows,6.11
3306,MariaDB,MariaDB version 8.7,Linux,4.49
80,nginx,nginx version 9.5,Unix,5.79
21,vsftpd,vsftpd version 8.2,Windows,6.68
3306,SMB,SMB version 2.1,Unix,5.62
80,nginx,nginx version 6.8,Linux,4.22
3306,MariaDB,MariaDB version 4.0,Linux,7.76
3306,MySQL,MySQL version 8.6,Linux,6.67
80,LiteSpeed,LiteSpeed version 1.7,Windows,1.99
22,OpenSSH,OpenSSH version 4.0,Unix,5.08
3306,MariaDB,MariaDB version 5.5,Unix,4.5
3306,MariaDB,MariaDB version 7.7,Windows,5.74
3306,RDP,RDP version 8.0,Windows,5.38
3306,Redis,Redis version 2.8,Unix,3.24
80,LiteSpeed,LiteSpeed version 3.4,Linux,3.49
80,Apache,Apache version 5.0,Linux,3.64
3306,MongoDB,MongoDB version 4.0,Linux,5.72
80,Apache,Apache version 7.8,Windows,2.73
80,Apache,Apache version 3.5,Linux,3.57
3306,MySQL,MySQL version 2.7,Windows,1.82
80,nginx,nginx version 1.1,Linux,6.01
80,nginx,nginx version 2.9,Linux,6.41
80,LiteSpeed,LiteSpeed version 6.2,Windows,4.01
22,OpenSSH,OpenSSH version 9.3,Unix,4.05
80,Apache,Apache version 5.6,Windows,5.18
3306,SMB,SMB version 5.1,Linux,8.71
3306,MongoDB,MongoDB version 1.9,Windows,5.11
80,nginx,nginx version 5.5,Windows,3.45
21,ProFTPD,ProFTPD version 2.0,Unix,4.07
3306,MariaDB,MariaDB version 1.3,Windows,2.83
3306,MongoDB,MongoDB version 2.6,Linux,4.61
80,LiteSpeed,LiteSpeed version 1.9,Linux,3.52
3306,PostgreSQL,PostgreSQL version 6.3,Unix,4.79
80,Apache,Apache version 1.7,Linux,3.67
80,nginx,nginx version 9.2,Unix,2.91
3306,SMB,SMB version 8.4,Windows,4.73
3306,MySQL,MySQL version 9.5,Unix,6.84
3306,RDP,RDP version 7.9,Windows,7.83
22,OpenSSH,OpenSSH version 8.3,Windows,7.1
3306,PostgreSQL,PostgreSQL version 5.5,Windows,5.31
3306,SMB,SMB version 8.3,Windows,5.86
22,OpenSSH,OpenSSH version 5.2,Windows,6.49
3306,MariaDB,MariaDB version 4.4,Linux,4.45
3306,MongoDB,MongoDB version 6.5,Windows,4.83
3306,PostgreSQL,PostgreSQL version 2.6,Linux,4.44
3306,RDP,RDP version 2.0,Unix,2.08
3306,PostgreSQL,PostgreSQL version 8.5,Unix,6.91
21,ProFTPD,ProFTPD version 2.6,Unix,7.24
22,OpenSSH,OpenSSH version 8.0,Windows,4.99
3306,Redis,Redis version 6.8,Windows,4.41
3306,PostgreSQL,PostgreSQL version 4.1,Unix,4.75
3306,PostgreSQL,PostgreSQL version 5.6,Windows,3.6
3306,PostgreSQL,PostgreSQL version 9.3,Unix,5.42
80,LiteSpeed,LiteSpeed version 2.9,Unix,2.54
3306,MySQL,MySQL version 5.9,Windows,4.78
3306,MongoDB,MongoDB version 3.9,Windows,5.34
3306,PostgreSQL,PostgreSQL version 9.2,Unix,4.2
3306,MySQL,MySQL version 4.6,Unix,5.06
80,Apache,Apache version 2.4,Linux,3.01
80,Apache,Apache version 1.3,Unix,3.05
3306,MongoDB,MongoDB version 4.7,Linux,4.86
21,vsftpd,vsftpd version 1.1,Unix,5.52
3306,MySQL,MySQL version 6.8,Linux,1.69
80,Apache,Apache version 4.1,Windows,5.28
22,OpenSSH,OpenSSH version 4.1,Windows,3.69
80,LiteSpeed,LiteSpeed version 4.5,Windows,4.21
3306,MongoDB,MongoDB version 8.0,Windows,2.49
22,OpenSSH,OpenSSH version 8.3,Linux,3.22
80,LiteSpeed,LiteSpeed version 6.5,Unix,5.95
3306,SMB,SMB version 7.8,Unix,6.55
80,LiteSpeed,LiteSpeed version 5.1,Linux,3.93
22,OpenSSH,OpenSSH version 8.7,Unix,4.33
3306,Redis,Redis version 3.1,Unix,5.23
80,LiteSpeed,LiteSpeed version 9.3,Unix,5.16
80,nginx,nginx version 2.5,Unix,4.39
80,nginx,nginx version 8.9,Unix,6.14
3306,MySQL,MySQL version 1.8,Windows,5.96
80,nginx,nginx version 8.2,Unix,5.12
3306,PostgreSQL,PostgreSQL version 6.0,Unix,4.58
3306,RDP,RDP version 5.5,Linux,7.49
3306,MySQL,MySQL version 7.1,Linux,4.97
3306,SMB,SMB version 9.5,Unix,8.09
3306,RDP,RDP version 8.5,Unix,7.85
3306,MySQL,MySQL version 2.3,Unix,2.97
21,vsftpd,vsftpd version 5.5,Unix,2.87
3306,RDP,RDP version 3.4,Windows,5.45
21,ProFTPD,ProFTPD version 5.6,Unix,7.96
3306,Redis,Redis version 3.4,Unix,2.14
80,Apache,Apache version 1.0,Linux,5.09
3306,Redis,Redis version 2.8,Linux,5.04
3306,MariaDB,MariaDB version 2.4,Windows,6.24
3306,MariaDB,MariaDB version 5.3,Windows,4.77
3306,MySQL,MySQL version 7.9,Linux,2.49
3306,SMB,SMB version 1.8,Linux,5.06
22,OpenSSH,OpenSSH version 5.6,Linux,2.73
3306,MariaDB,MariaDB version 6.8,Windows,3.69
3306,MariaDB,MariaDB version 5.7,Unix,4.23
3306,MariaDB,MariaDB version 1.4,Windows,2.75
3306,Redis,Redis version 4.7,Unix,6.71
3306,Redis,Redis version 4.9,Unix,2.51
21,vsftpd,vsftpd version 1.5,Linux,6.52
80,LiteSpeed,LiteSpeed version 1.0,Unix,6.28
80,LiteSpeed,LiteSpeed version 2.9,Windows,5.85
3306,MongoDB,MongoDB version 2.0,Unix,3.46
80,Apache,Apache version 8.7,Windows,5.01
3306,MySQL,MySQL version 9.8,Windows,2.58
22,OpenSSH,OpenSSH version 4.6,Windows,5.87
3306,MySQL,MySQL version 6.8,Linux,4.39
3306,SMB,SMB version 9.0,Linux,5.89
3306,PostgreSQL,PostgreSQL version 6.7,Windows,2.66
80,Apache,Apache version 4.5,Unix,0.78
80,nginx,nginx version 5.3,Windows,2.94
22,OpenSSH,OpenSSH version 4.9,Unix,6.17
3306,RDP,RDP version 1.4,Unix,5.9
3306,MySQL,MySQL version 7.2,Windows,4.25
3306,RDP,RDP version 5.9,Windows,7.48
3306,MySQL,MySQL version 8.8,Unix,7.21
3306,MariaDB,MariaDB version 7.5,Windows,6.49
3306,MongoDB,MongoDB version 7.9,Unix,3.04
80,nginx,nginx version 8.3,Unix,1.59
22,OpenSSH,OpenSSH version 2.2,Unix,8.04
80,Apache,Apache version 2.2,Windows,7.9
3306,MariaDB,MariaDB version 9.8,Unix,4.78
80,Apache,Apache version 8.4,Windows,2.59
3306,RDP,RDP version 6.6,Windows,7.94
80,LiteSpeed,LiteSpeed version 3.1,Linux,4.34
21,ProFTPD,ProFTPD version 2.3,Unix,6.33
3306,MariaDB,MariaDB version 4.8,Linux,5.84
3306,SMB,SMB version 9.9,Linux,7.0
21,vsftpd,vsftpd version 7.7,Unix,2.72
3306,SMB,SMB version 2.1,Linux,6.01
3306,Redis,Redis version 8.4,Windows,5.49
3306,PostgreSQL,PostgreSQL version 8.4,Windows,5.27
3306,MySQL,MySQL version 4.8,Windows,4.89
3306,Redis,Redis version 7.1,Unix,5.9
3306,MariaDB,MariaDB version 1.8,Windows,3.96
3306,SMB,SMB version 7.8,Unix,6.77
80,LiteSpeed,LiteSpeed version 4.9,Linux,0.0
80,LiteSpeed,LiteSpeed version 3.8,Windows,3.83
22,OpenSSH,OpenSSH version 2.0,Windows,5.65
3306,MariaDB,MariaDB version 5.3,Windows,3.91
3306,MongoDB,MongoDB version 1.1,Unix,3.8
22,OpenSSH,OpenSSH version 3.3,Windows,2.94
21,vsftpd,vsftpd version 8.5,Windows,6.01
80,nginx,nginx version 6.0,Unix,5.32
3306,SMB,SMB version 2.8,Unix,7.74
3306,MariaDB,MariaDB version 4.3,Windows,1.91
3306,MongoDB,MongoDB version 5.3,Unix,4.26
3306,PostgreSQL,PostgreSQL version 1.2,Linux,4.08
3306,MySQL,MySQL version 6.0,Unix,4.08
3306,SMB,SMB version 6.5,Linux,5.58
80,nginx,nginx version 4.6,Unix,3.98
80,nginx,nginx version 4.1,Linux,5.77
3306,Redis,Redis version 9.1,Linux,1.63
3306,MariaDB,MariaDB version 6.0,Windows,7.17
3306,PostgreSQL,PostgreSQL version 3.7,Linux,5.23
3306,Redis,Redis version 9.1,Linux,4.44
3306,MariaDB,MariaDB version 6.2,Windows,5.86
3306,PostgreSQL,PostgreSQL version 1.4,Windows,2.32
3306,MariaDB,MariaDB version 1.6,Linux,3.5
3306,MariaDB,MariaDB version 7.3,Windows,4.32
3306,MariaDB,MariaDB version 2.9,Windows,6.55
21,ProFTPD,ProFTPD version 6.7,Unix,6.43
3306,MySQL,MySQL version 6.2,Linux,5.18
22,OpenSSH,OpenSSH version 1.6,Windows,3.62
3306,RDP,RDP version 7.4,Unix,7.23
80,LiteSpeed,LiteSpeed version 9.9,Windows,7.02
80,Apache,Apache version 9.2,Windows,5.99
3306,Redis,Redis version 3.7,Linux,4.38
22,OpenSSH,OpenSSH version 4.1,Linux,5.51
3306,SMB,SMB version 8.0,Windows,7.37
3306,MariaDB,MariaDB version 2.8,Unix,5.26
3306,PostgreSQL,PostgreSQL version 5.7,Linux,6.17
80,nginx,nginx version 1.9,Unix,6.16
21,vsftpd,vsftpd version 5.3,Unix,4.31
21,ProFTPD,ProFTPD version 7.9,Unix,7.46
80,LiteSpeed,LiteSpeed version 7.9,Unix,3.93
22,OpenSSH,OpenSSH version 6.8,Linux,3.12
3306,MongoDB,MongoDB version 9.7,Unix,4.1
80,Apache,Apache version 1.4,Linux,4.39
3306,MySQL,MySQL version 6.8,Linux,2.01
3306,PostgreSQL,PostgreSQL version 4.6,Windows,5.79
3306,MariaDB,MariaDB version 3.2,Linux,0.35
3306,Redis,Redis version 2.5,Unix,8.57
3306,MariaDB,MariaDB version 5.1,Linux,6.75
80,Apache,Apache version 4.9,Linux,4.11
3306,PostgreSQL,PostgreSQL version 3.2,Windows,4.51
80,nginx,nginx version 9.7,Linux,4.95
3306,RDP,RDP version 9.5,Windows,5.62
3306,MariaDB,MariaDB version 4.6,Linux,4.79
3306,MySQL,MySQL version 4.6,Unix,4.28
3306,PostgreSQL,PostgreSQL version 1.6,Linux,4.36
3306,RDP,RDP version 8.9,Linux,6.77
3306,PostgreSQL,PostgreSQL version 7.8,Unix,2.53
3306,MariaDB,MariaDB version 3.9,Linux,4.56
3306,SMB,SMB version 6.4,Unix,6.75
3306,SMB,SMB version 3.6,Unix,6.69
80,LiteSpeed,LiteSpeed version 1.3,Windows,4.18
80,nginx,nginx version 6.3,Unix,6.21
80,nginx,nginx version 6.2,Windows,3.97
3306,MongoDB,MongoDB version 7.4,Windows,4.84
3306,MySQL,MySQL version 2.9,Windows,6.45
3306,MongoDB,MongoDB version 3.7,Unix,4.38
22,OpenSSH,OpenSSH version 2.4,Windows,4.82
3306,PostgreSQL,PostgreSQL version 5.4,Linux,4.36
3306,MongoDB,MongoDB version 5.5,Unix,6.36
3306,SMB,SMB version 8.7,Unix,6.11
22,OpenSSH,OpenSSH version 5.8,Linux,6.43
3306,MongoDB,MongoDB version 6.0,Windows,4.34
3306,MongoDB,MongoDB version 2.4,Linux,3.21
80,LiteSpeed,LiteSpeed version 3.4,Linux,5.52
22,OpenSSH,OpenSSH version 7.7,Unix,4.04
22,OpenSSH,OpenSSH version 9.5,Linux,5.43
22,OpenSSH,OpenSSH version 6.7,Unix,0.41
80,Apache,Apache version 4.2,Unix,4.51
3306,Redis,Redis version 2.7,Windows,3.81
80,nginx,nginx version 3.9,Unix,2.91
3306,MariaDB,MariaDB version 2.1,Windows,3.67
3306,MariaDB,MariaDB version 5.6,Windows,3.64
22,OpenSSH,OpenSSH version 3.3,Unix,4.43
21,ProFTPD,ProFTPD version 5.0,Windows,4.45
3306,RDP,RDP version 4.3,Unix,6.97
21,ProFTPD,ProFTPD version 9.8,Windows,8.55
21,ProFTPD,ProFTPD version 1.2,Windows,6.92
22,OpenSSH,OpenSSH version 7.1,Windows,5.71
3306,SMB,SMB version 4.2,Linux,8.14
22,OpenSSH,OpenSSH version 7.2,Linux,6.35
3306,MySQL,MySQL version 8.4,Windows,7.31
3306,Redis,Redis version 8.7,Windows,3.75
3306,RDP,RDP version 5.7,Unix,5.42
80,LiteSpeed,LiteSpeed version 2.7,Unix,5.68
3306,MySQL,MySQL version 3.2,Linux,5.56
3306,MySQL,MySQL version 5.2,Linux,5.66
3306,PostgreSQL,PostgreSQL version 6.2,Unix,7.33
21,ProFTPD,ProFTPD version 4.0,Unix,6.52
3306,MySQL,MySQL version 4.6,Linux,5.14
3306,Redis,Redis version 9.1,Linux,3.03
80,nginx,nginx version 2.0,Linux,7.7
80,LiteSpeed,LiteSpeed version 6.9,Linux,4.0
3306,MongoDB,MongoDB version 6.2,Windows,4.04
3306,RDP,RDP version 1.0,Windows,5.98
3306,MariaDB,MariaDB version 7.3,Unix,3.53
80,Apache,Apache version 5.9,Windows,3.41
80,nginx,nginx version 1.5,Windows,3.71
3306,PostgreSQL,PostgreSQL version 6.4,Linux,2.45
80,Apache,Apache version 1.5,Linux,3.32
3306,MariaDB,MariaDB version 8.4,Windows,7.42
80,nginx,nginx version 2.1,Linux,5.6
3306,Redis,Redis version 9.0,Windows,5.89
3306,SMB,SMB version 3.8,Windows,8.27
3306,SMB,SMB version 3.8,Linux,9.25
3306,SMB,SMB version 3.7,Linux,3.84
3306,MariaDB,MariaDB version 8.8,Linux,2.66
21,vsftpd,vsftpd version 3.9,Windows,3.29
80,Apache,Apache version 6.8,Windows,3.8
3306,SMB,SMB version 4.5,Unix,6.05
3306,PostgreSQL,PostgreSQL version 2.3,Windows,3.83
3306,SMB,SMB version 7.3,Linux,6.83
21,ProFTPD,ProFTPD version 7.7,Windows,6.55
21,vsftpd,vsftpd version 6.5,Linux,3.42
80,nginx,nginx version 2.5,Linux,1.24
3306,Redis,Redis version 1.1,Windows,3.01
3306,MariaDB,MariaDB version 6.6,Windows,3.68
21,vsftpd,vsftpd version 2.5,Windows,4.13
80,LiteSpeed,LiteSpeed version 8.2,Unix,2.81
3306,PostgreSQL,PostgreSQL version 2.3,Linux,3.76
3306,SMB,SMB version 5.2,Unix,4.8
80,Apache,Apache version 1.0,Unix,4.31
3306,RDP,RDP version 9.3,Linux,4.89
3306,PostgreSQL,PostgreSQL version 9.9,Unix,3.23
80,Apache,Apache version 3.1,Linux,2.54
3306,MongoDB,MongoDB version 9.9,Linux,4.27
3306,MariaDB,MariaDB version 6.3,Windows,3.2
80,LiteSpeed,LiteSpeed version 5.6,Linux,5.86
3306,MySQL,MySQL version 1.8,Unix,5.11
3306,Redis,Redis version 1.8,Linux,4.4
22,OpenSSH,OpenSSH version 1.8,Linux,3.3
3306,PostgreSQL,PostgreSQL version 7.3,Unix,5.07
3306,SMB,SMB version 6.3,Linux,7.54
3306,MariaDB,MariaDB version 2.1,Windows,4.71
80,Apache,Apache version 4.4,Linux,6.91
3306,Redis,Redis version 3.4,Unix,5.19
80,Apache,Apache version 3.3,Linux,5.87
3306,PostgreSQL,PostgreSQL version 2.9,Linux,4.7
3306,MongoDB,MongoDB version 1.6,Unix,5.51
3306,MySQL,MySQL version 9.5,Windows,3.3
3306,MongoDB,MongoDB version 6.0,Unix,3.81
3306,MongoDB,MongoDB version 1.9,Linux,5.02
3306,MongoDB,MongoDB version 9.5,Windows,5.01
3306,Redis,Redis version 6.9,Unix,5.26
3306,MongoDB,MongoDB version 5.6,Windows,6.15
3306,RDP,RDP version 2.2,Unix,4.36
3306,RDP,RDP version 9.5,Linux,5.04
3306,MongoDB,MongoDB version 9.4,Linux,4.84
22,OpenSSH,OpenSSH version 6.6,Linux,3.41
3306,PostgreSQL,PostgreSQL version 8.4,Windows,9.57
3306,MariaDB,MariaDB version 5.9,Linux,5.27
21,ProFTPD,ProFTPD version 5.8,Unix,6.38
3306,MongoDB,MongoDB version 1.3,Unix,3.73
3306,Redis,Redis version 3.5,Windows,3.78
80,Apache,Apache version 5.3,Windows,4.55
3306,RDP,RDP version 5.5,Linux,6.67
3306,MySQL,MySQL version 1.8,Unix,3.81
22,OpenSSH,OpenSSH version 9.0,Linux,4.09
3306,PostgreSQL,PostgreSQL version 6.3,Windows,6.52
21,vsftpd,vsftpd version 6.6,Linux,6.58
22,OpenSSH,OpenSSH version 5.5,Linux,4.88
22,OpenSSH,OpenSSH version 8.6,Linux,2.49
80,Apache,Apache version 7.6,Unix,5.31
3306,SMB,SMB version 2.6,Unix,8.83
3306,PostgreSQL,PostgreSQL version 5.3,Unix,6.55
22,OpenSSH,OpenSSH version 6.5,Linux,5.6
3306,SMB,SMB version 1.9,Unix,8.63
21,ProFTPD,ProFTPD version 1.6,Unix,6.58
3306,PostgreSQL,PostgreSQL version 2.6,Linux,5.44
80,LiteSpeed,LiteSpeed version 1.2,Unix,3.48
3306,RDP,RDP version 5.4,Unix,6.94
21,vsftpd,vsftpd version 5.2,Unix,6.49
3306,Redis,Redis version 4.0,Unix,3.62
3306,MySQL,MySQL version 9.0,Windows,3.21
22,OpenSSH,OpenSSH version 5.6,Unix,4.65
3306,SMB,SMB version 6.9,Unix,6.16
3306,SMB,SMB version 5.9,Unix,7.47
3306,MongoDB,MongoDB version 7.5,Linux,3.82
3306,SMB,SMB version 8.1,Linux,9.08
3306,Redis,Redis version 8.4,Windows,2.57
3306,Redis,Redis version 3.1,Linux,6.38
3306,PostgreSQL,PostgreSQL version 6.3,Linux,3.35
3306,MongoDB,MongoDB version 9.8,Windows,1.81
3306,Redis,Redis version 9.4,Windows,4.86
80,LiteSpeed,LiteSpeed version 2.5,Linux,4.12
3306,SMB,SMB version 7.1,Windows,4.84
3306,SMB,SMB version 6.6,Unix,3.98
3306,MySQL,MySQL version 9.8,Unix,4.49
21,ProFTPD,ProFTPD version 2.4,Unix,7.96
3306,PostgreSQL,PostgreSQL version 5.1,Linux,5.38
3306,RDP,RDP version 5.5,Linux,6.59
21,ProFTPD,ProFTPD version 5.9,Unix,7.22
22,OpenSSH,OpenSSH version 5.9,Windows,4.46
3306,SMB,SMB version 3.3,Windows,4.36
3306,MySQL,MySQL version 3.7,Windows,2.37
3306,MariaDB,MariaDB version 5.5,Linux,4.2
3306,PostgreSQL,PostgreSQL version 6.9,Unix,4.26
80,nginx,nginx version 5.4,Unix,5.78
3306,PostgreSQL,PostgreSQL version 8.0,Unix,5.64
3306,PostgreSQL,PostgreSQL version 6.3,Unix,5.41
3306,Redis,Redis version 8.6,Linux,4.08
21,vsftpd,vsftpd version 8.5,Unix,2.43
3306,RDP,RDP version 5.3,Windows,7.12
80,LiteSpeed,LiteSpeed version 4.3,Windows,5.29
3306,RDP,RDP version 4.1,Unix,2.92
3306,SMB,SMB version 8.8,Linux,5.25
3306,Redis,Redis version 7.3,Windows,3.46
21,vsftpd,vsftpd version 6.9,Unix,4.68
21,ProFTPD,ProFTPD version 8.2,Windows,5.29
80,nginx,nginx version 6.5,Unix,4.44
3306,PostgreSQL,PostgreSQL version 4.1,Unix,4.18
22,OpenSSH,OpenSSH version 3.3,Unix,4.26
3306,RDP,RDP version 6.2,Windows,5.43
3306,Redis,Redis version 7.6,Linux,3.54
3306,PostgreSQL,PostgreSQL version 9.7,Unix,2.88
3306,RDP,RDP version 5.7,Windows,7.07
21,ProFTPD,ProFTPD version 7.4,Windows,7.36
3306,MySQL,MySQL version 3.3,Linux,3.34
22,OpenSSH,OpenSSH version 4.8,Linux,6.78
3306,RDP,RDP version 7.4,Windows,6.03
80,nginx,nginx version 9.4,Unix,6.8
3306,RDP,RDP version 6.7,Windows,5.54
80,LiteSpeed,LiteSpeed version 7.1,Linux,1.46
3306,MySQL,MySQL version 8.0,Unix,5.1
21,vsftpd,vsftpd version 2.3,Linux,4.87
21,vsftpd,vsftpd version 2.8,Linux,4.55
3306,SMB,SMB version 6.1,Unix,5.54
3306,Redis,Redis version 9.4,Unix,4.45
21,vsftpd,vsftpd version 8.6,Windows,3.73
3306,MySQL,MySQL version 5.0,Linux,4.05
3306,Redis,Redis version 6.8,Windows,5.76
3306,MariaDB,MariaDB version 9.9,Unix,4.78
80,nginx,nginx version 3.6,Windows,5.41
3306,PostgreSQL,PostgreSQL version 2.8,Windows,4.15
3306,Redis,Redis version 2.9,Windows,3.99
3306,Redis,Redis version 7.2,Windows,2.77
21,ProFTPD,ProFTPD version 2.9,Windows,5.94
21,ProFTPD,ProFTPD version 4.5,Unix,1.52
3306,MySQL,MySQL version 9.0,Windows,3.61
3306,Redis,Redis version 6.9,Unix,4.38
80,LiteSpeed,LiteSpeed version 8.6,Linux,5.35
3306,Redis,Redis version 2.6,Windows,4.1
3306,RDP,RDP version 1.1,Windows,7.02
80,nginx,nginx version 1.5,Windows,1.23
3306,Redis,Redis version 6.8,Linux,4.41
3306,RDP,RDP version 5.5,Unix,3.98
3306,SMB,SMB version 4.6,Windows,4.69
21,ProFTPD,ProFTPD version 7.4,Windows,6.22
3306,MySQL,MySQL version 9.6,Windows,6.41
80,Apache,Apache version 9.5,Linux,5.06
80,nginx,nginx version 1.5,Unix,4.53
80,LiteSpeed,LiteSpeed version 5.4,Windows,4.47
3306,RDP,RDP version 9.2,Linux,5.43
3306,MySQL,MySQL version 2.1,Unix,3.68
3306,MongoDB,MongoDB version 1.4,Unix,5.14
80,Apache,Apache version 7.4,Unix,2.42
22,OpenSSH,OpenSSH version 7.7,Windows,5.39
3306,MariaDB,MariaDB version 4.7,Unix,3.92
80,nginx,nginx version 6.7,Unix,5.74
3306,MongoDB,MongoDB version 5.4,Windows,5.94
21,ProFTPD,ProFTPD version 4.9,Unix,3.99
3306,SMB,SMB version 6.5,Unix,5.63
80,LiteSpeed,LiteSpeed version 9.1,Linux,3.22
3306,RDP,RDP version 6.4,Linux,3.78
3306,RDP,RDP version 7.4,Windows,4.95
80,Apache,Apache version 8.0,Unix,8.16
3306,SMB,SMB version 2.8,Unix,7.41
3306,MongoDB,MongoDB version 9.2,Windows,7.38
80,LiteSpeed,LiteSpeed version 9.6,Linux,5.74
3306,RDP,RDP version 9.1,Linux,5.39
3306,MongoDB,MongoDB version 2.7,Unix,3.93
80,LiteSpeed,LiteSpeed version 6.7,Windows,5.38
3306,SMB,SMB version 5.1,Windows,7.16
80,nginx,nginx version 6.5,Unix,3.63
3306,PostgreSQL,PostgreSQL version 6.7,Linux,2.24
3306,MongoDB,MongoDB version 6.0,Windows,9.43
21,ProFTPD,ProFTPD version 5.4,Linux,6.29
22,OpenSSH,OpenSSH version 7.0,Unix,4.01
3306,RDP,RDP version 2.5,Unix,6.67
3306,SMB,SMB version 1.9,Windows,6.14
3306,MySQL,MySQL version 9.5,Unix,4.68
3306,PostgreSQL,PostgreSQL version 3.6,Linux,6.43
3306,MongoDB,MongoDB version 4.3,Unix,4.31
21,ProFTPD,ProFTPD version 4.4,Linux,4.76
3306,PostgreSQL,PostgreSQL version 3.1,Linux,4.26
21,vsftpd,vsftpd version 9.5,Windows,3.8
3306,MariaDB,MariaDB version 7.4,Unix,6.64
3306,MariaDB,MariaDB version 9.0,Unix,6.26
3306,SMB,SMB version 2.4,Unix,6.66
22,OpenSSH,OpenSSH version 1.8,Linux,2.58
80,nginx,nginx version 1.2,Linux,2.66
3306,MySQL,MySQL version 4.1,Windows,4.52
80,LiteSpeed,LiteSpeed version 9.4,Linux,5.0
3306,Redis,Redis version 5.6,Unix,3.94
22,OpenSSH,OpenSSH version 8.6,Windows,3.78
3306,MySQL,MySQL version 3.9,Linux,3.61
3306,Redis,Redis version 4.7,Unix,4.46
80,LiteSpeed,LiteSpeed version 5.8,Windows,0.93
80,nginx,nginx version 8.1,Linux,2.85
3306,MySQL,MySQL version 8.9,Windows,3.56
3306,MariaDB,MariaDB version 5.7,Linux,6.31
80,Apache,Apache version 5.7,Windows,3.28
3306,SMB,SMB version 8.3,Windows,6.77
3306,MySQL,MySQL version 4.9,Unix,4.84
21,vsftpd,vsftpd version 7.3,Linux,6.45
3306,MariaDB,MariaDB version 2.4,Unix,6.39
80,nginx,nginx version 4.7,Linux,4.41
80,LiteSpeed,LiteSpeed version 6.9,Linux,3.79
3306,MongoDB,MongoDB version 7.1,Windows,3.5
3306,MySQL,MySQL version 9.0,Linux,4.14
3306,MongoDB,MongoDB version 9.0,Linux,3.85
3306,PostgreSQL,PostgreSQL version 2.5,Windows,5.33
21,vsftpd,vsftpd version 4.0,Unix,5.13
3306,Redis,Redis version 4.9,Unix,5.39
3306,MongoDB,MongoDB version 1.3,Linux,6.39
80,LiteSpeed,LiteSpeed version 8.2,Unix,7.29
3306,PostgreSQL,PostgreSQL version 7.2,Unix,4.69
22,OpenSSH,OpenSSH version 8.4,Unix,6.15
3306,RDP,RDP version 4.4,Linux,5.97
80,nginx,nginx version 1.9,Unix,6.28
3306,SMB,SMB version 6.7,Linux,8.09
80,LiteSpeed,LiteSpeed version 7.3,Linux,6.01
3306,Redis,Redis version 8.9,Windows,4.64
3306,SMB,SMB version 2.3,Linux,5.5
3306,MariaDB,MariaDB version 5.5,Windows,2.41
3306,SMB,SMB version 7.4,Windows,6.44
3306,SMB,SMB version 1.5,Unix,8.8
3306,MySQL,MySQL version 3.6,Linux,4.04
3306,RDP,RDP version 9.7,Windows,7.68
80,LiteSpeed,LiteSpeed version 1.9,Windows,5.77
3306,PostgreSQL,PostgreSQL version 9.7,Windows,4.07
3306,MySQL,MySQL version 7.0,Unix,6.47
80,LiteSpeed,LiteSpeed version 8.8,Windows,0.14
80,Apache,Apache version 9.5,Unix,2.67
3306,RDP,RDP version 4.1,Unix,5.13
3306,PostgreSQL,PostgreSQL version 3.9,Unix,3.27
21,vsftpd,vsftpd version 1.9,Windows,5.0
80,Apache,Apache version 5.6,Linux,4.94
80,Apache,Apache version 8.4,Unix,5.09
3306,SMB,SMB version 6.9,Windows,7.39
3306,Redis,Redis version 2.6,Unix,3.07
21,vsftpd,vsftpd version 7.1,Linux,2.67
3306,MongoDB,MongoDB version 6.7,Unix,5.09
22,OpenSSH,OpenSSH version 2.4,Unix,3.55
3306,PostgreSQL,PostgreSQL version 5.3,Windows,2.14
3306,SMB,SMB version 4.8,Linux,7.96
3306,SMB,SMB version 2.8,Linux,8.59
3306,SMB,SMB version 6.8,Linux,8.84
3306,SMB,SMB version 5.7,Windows,6.78
3306,MySQL,MySQL version 3.6,Windows,5.44
21,vsftpd,vsftpd version 4.5,Linux,6.55
3306,MongoDB,MongoDB version 9.7,Unix,3.54
22,OpenSSH,OpenSSH version 2.7,Linux,6.17
3306,MySQL,MySQL version 5.8,Linux,4.91
80,LiteSpeed,LiteSpeed version 7.2,Linux,5.87
3306,MySQL,MySQL version 1.9,Linux,4.78
80,Apache,Apache version 1.6,Unix,6.44
3306,Redis,Redis version 1.0,Windows,4.84
21,vsftpd,vsftpd version 9.3,Linux,2.27
21,vsftpd,vsftpd version 5.1,Linux,6.68
3306,MongoDB,MongoDB version 7.6,Windows,3.08
22,OpenSSH,OpenSSH version 5.7,Linux,6.38
3306,RDP,RDP version 5.8,Windows,6.36
80,Apache,Apache version 6.4,Unix,6.26
80,Apache,Apache version 2.2,Unix,6.2
80,LiteSpeed,LiteSpeed version 6.2,Linux,5.15
80,nginx,nginx version 5.1,Unix,5.26
3306,PostgreSQL,PostgreSQL version 2.5,Unix,5.13
22,OpenSSH,OpenSSH version 5.6,Linux,1.48
3306,PostgreSQL,PostgreSQL version 7.0,Windows,4.68
3306,SMB,SMB version 9.3,Linux,4.83
21,vsftpd,vsftpd version 1.7,Unix,4.76
22,OpenSSH,OpenSSH version 3.8,Linux,2.79
3306,SMB,SMB version 2.9,Unix,4.72
22,OpenSSH,OpenSSH version 1.9,Windows,6.91
3306,RDP,RDP version 6.1,Windows,8.1
3306,Redis,Redis version 8.1,Windows,4.49
3306,MySQL,MySQL version 1.2,Windows,4.78
21,vsftpd,vsftpd version 8.4,Windows,4.13
80,Apache,Apache version 1.5,Unix,5.35
3306,MariaDB,MariaDB version 7.0,Windows,3.49
3306,MySQL,MySQL version 5.7,Unix,5.99
21,ProFTPD,ProFTPD version 7.8,Windows,6.12
3306,MongoDB,MongoDB version 9.6,Unix,3.87
80,nginx,nginx version 1.9,Linux,4.53
3306,MongoDB,MongoDB version 5.8,Linux,3.61
3306,MongoDB,MongoDB version 2.6,Windows,4.99
3306,MySQL,MySQL version 4.2,Unix,3.69
80,LiteSpeed,LiteSpeed version 4.7,Linux,5.2
21,ProFTPD,ProFTPD version 6.6,Windows,8.32
80,LiteSpeed,LiteSpeed version 5.8,Windows,3.42
80,nginx,nginx version 3.5,Windows,4.3
21,ProFTPD,ProFTPD version 5.9,Windows,7.19
3306,MariaDB,MariaDB version 4.9,Unix,3.85
3306,Redis,Redis version 8.3,Windows,5.2
3306,MongoDB,MongoDB version 2.5,Windows,5.33
3306,MariaDB,MariaDB version 3.1,Windows,6.12
80,Apache,Apache version 7.9,Unix,3.59
3306,PostgreSQL,PostgreSQL version 4.4,Linux,3.09
22,OpenSSH,OpenSSH version 2.8,Windows,4.04
3306,Redis,Redis version 8.0,Unix,3.05
3306,RDP,RDP version 3.2,Windows,7.35
21,vsftpd,vsftpd version 8.4,Windows,2.76
80,LiteSpeed,LiteSpeed version 7.9,Windows,8.0
21,vsftpd,vsftpd version 7.7,Windows,6.44
3306,PostgreSQL,PostgreSQL version 6.8,Unix,4.52
21,vsftpd,vsftpd version 7.8,Unix,5.8
3306,SMB,SMB version 5.8,Unix,4.04
3306,MariaDB,MariaDB version 1.2,Unix,8.29
3306,SMB,SMB version 4.6,Linux,5.61
3306,MariaDB,MariaDB version 2.3,Linux,4.32
80,LiteSpeed,LiteSpeed version 6.7,Unix,1.72
80,nginx,nginx version 9.6,Windows,5.23
80,LiteSpeed,LiteSpeed version 1.2,Linux,2.84
3306,PostgreSQL,PostgreSQL version 5.4,Linux,4.65
3306,SMB,SMB version 5.0,Windows,5.68
3306,PostgreSQL,PostgreSQL version 1.1,Unix,2.88
3306,RDP,RDP version 5.8,Windows,5.29
21,ProFTPD,ProFTPD version 1.8,Windows,6.84
22,OpenSSH,OpenSSH version 3.9,Windows,2.58
3306,SMB,SMB version 2.1,Unix,5.38
80,LiteSpeed,LiteSpeed version 4.3,Windows,5.49
3306,Redis,Redis version 8.9,Linux,8.4
3306,Redis,Redis version 2.3,Windows,5.22
22,OpenSSH,OpenSSH version 2.1,Linux,3.12
3306,MySQL,MySQL version 8.8,Windows,3.95
3306,MongoDB,MongoDB version 6.2,Unix,4.55
3306,MongoDB,MongoDB version 6.9,Unix,3.98
21,vsftpd,vsftpd version 2.5,Windows,5.85
80,Apache,Apache version 6.5,Windows,4.83
3306,MySQL,MySQL version 1.1,Linux,5.86
80,Apache,Apache version 6.6,Windows,4.03
21,ProFTPD,ProFTPD version 1.9,Linux,8.49
3306,MySQL,MySQL version 9.9,Unix,4.25
80,LiteSpeed,LiteSpeed version 4.2,Linux,3.04
3306,MongoDB,MongoDB version 6.5,Windows,7.77
21,vsftpd,vsftpd version 4.1,Unix,1.76
3306,MySQL,MySQL version 2.5,Linux,3.39
22,OpenSSH,OpenSSH version 7.2,Windows,3.56
3306,SMB,SMB version 9.7,Linux,10.0
3306,RDP,RDP version 1.8,Windows,9.21
21,vsftpd,vsftpd version 5.1,Unix,6.74
21,vsftpd,vsftpd version 4.0,Linux,4.0
21,ProFTPD,ProFTPD version 8.5,Windows,10.0
3306,Redis,Redis version 7.9,Unix,5.05
21,vsftpd,vsftpd version 6.9,Unix,5.97
21,vsftpd,vsftpd version 4.1,Unix,4.77
80,LiteSpeed,LiteSpeed version 6.2,Unix,4.43
21,ProFTPD,ProFTPD version 9.9,Linux,6.12
21,vsftpd,vsftpd version 2.6,Windows,4.19
3306,RDP,RDP version 5.8,Unix,7.41
3306,RDP,RDP version 5.4,Windows,7.05
80,nginx,nginx version 3.7,Unix,4.45
3306,MariaDB,MariaDB version 7.4,Windows,6.76
80,nginx,nginx version 1.9,Windows,0.05
22,OpenSSH,OpenSSH version 5.9,Linux,5.26
3306,MongoDB,MongoDB version 8.6,Linux,5.58
80,nginx,nginx version 7.3,Windows,6.22
80,LiteSpeed,LiteSpeed version 8.9,Linux,4.4
80,Apache,Apache version 9.5,Linux,4.81
21,vsftpd,vsftpd version 5.2,Linux,5.98
3306,MariaDB,MariaDB version 6.7,Windows,6.74
3306,Redis,Redis version 5.3,Unix,4.05
3306,MariaDB,MariaDB version 8.0,Unix,4.9
3306,MongoDB,MongoDB version 3.6,Unix,7.02
21,ProFTPD,ProFTPD version 8.6,Windows,3.31
80,LiteSpeed,LiteSpeed version 3.1,Unix,3.46
3306,Redis,Redis version 7.1,Unix,6.7
3306,RDP,RDP version 5.6,Unix,8.14
21,vsftpd,vsftpd version 6.5,Unix,5.28
80,LiteSpeed,LiteSpeed version 7.6,Linux,3.83
3306,RDP,RDP version 5.8,Unix,5.18
80,LiteSpeed,LiteSpeed version 1.6,Unix,3.61
22,OpenSSH,OpenSSH version 6.7,Linux,6.82
80,Apache,Apache version 5.5,Windows,3.56
3306,Redis,Redis version 3.3,Unix,4.65
21,ProFTPD,ProFTPD version 7.2,Unix,5.37
3306,PostgreSQL,PostgreSQL version 3.9,Windows,5.76
3306,RDP,RDP version 3.8,Windows,5.69
21,ProFTPD,ProFTPD version 1.6,Windows,6.35
3306,RDP,RDP version 5.4,Linux,3.97
3306,RDP,RDP version 9.8,Windows,4.08
80,nginx,nginx version 7.7,Unix,4.51
21,vsftpd,vsftpd version 6.2,Linux,2.51
22,OpenSSH,OpenSSH version 1.7,Windows,7.66
21,vsftpd,vsftpd version 9.1,Windows,1.41
21,ProFTPD,ProFTPD version 7.6,Unix,5.3
80,LiteSpeed,LiteSpeed version 5.2,Windows,4.53
3306,MariaDB,MariaDB version 5.4,Linux,3.95
3306,PostgreSQL,PostgreSQL version 1.7,Unix,2.84
3306,MongoDB,MongoDB version 1.1,Linux,3.06
3306,RDP,RDP version 2.8,Windows,5.01
80,Apache,Apache version 9.8,Unix,4.07
80,LiteSpeed,LiteSpeed version 9.6,Unix,7.43
80,Apache,Apache version 7.6,Unix,4.62
21,vsftpd,vsftpd version 7.2,Windows,6.27
3306,Redis,Redis version 6.7,Unix,5.26
3306,MariaDB,MariaDB version 2.0,Unix,6.17
21,vsftpd,vsftpd version 1.9,Linux,0.3
3306,RDP,RDP version 2.7,Linux,6.04
3306,SMB,SMB version 3.9,Linux,8.46
3306,SMB,SMB version 3.0,Unix,5.64
3306,MySQL,MySQL version 6.8,Windows,7.14
3306,RDP,RDP version 5.1,Windows,8.73
80,nginx,nginx version 6.6,Linux,3.8
80,nginx,nginx version 7.1,Windows,3.75
22,OpenSSH,OpenSSH version 9.6,Windows,2.98
80,Apache,Apache version 2.3,Windows,3.56
80,LiteSpeed,LiteSpeed version 8.6,Linux,2.65
3306,MariaDB,MariaDB version 1.6,Windows,5.14
80,nginx,nginx version 6.7,Linux,2.32
3306,MySQL,MySQL version 5.0,Linux,5.41
80,LiteSpeed,LiteSpeed version 4.8,Unix,5.44
21,vsftpd,vsftpd version 4.5,Linux,2.01
80,LiteSpeed,LiteSpeed version 6.3,Linux,6.82
3306,RDP,RDP version 8.8,Unix,7.27
80,Apache,Apache version 9.9,Unix,5.62
21,ProFTPD,ProFTPD version 7.3,Linux,5.36
21,ProFTPD,ProFTPD version 8.7,Linux,7.43
80,LiteSpeed,LiteSpeed version 9.8,Unix,6.19
3306,MariaDB,MariaDB version 1.6,Windows,4.35
80,nginx,nginx version 2.6,Unix,7.5
3306,RDP,RDP version 2.2,Windows,6.57
3306,SMB,SMB version 7.0,Unix,8.21
3306,MongoDB,MongoDB version 4.1,Unix,4.94
80,Apache,Apache version 9.9,Unix,5.38
80,nginx,nginx version 1.8,Unix,1.99
3306,MySQL,MySQL version 7.7,Windows,5.06
80,nginx,nginx version 6.5,Windows,3.4
80,LiteSpeed,LiteSpeed version 5.9,Linux,3.23
21,ProFTPD,ProFTPD version 1.5,Linux,9.12
3306,SMB,SMB version 4.8,Unix,6.18
3306,RDP,RDP version 2.3,Unix,5.0
3306,SMB,SMB version 1.3,Windows,5.96
80,nginx,nginx version 4.5,Unix,2.55
3306,PostgreSQL,PostgreSQL version 2.8,Windows,6.65
3306,MySQL,MySQL version 2.8,Unix,3.46
22,OpenSSH,OpenSSH version 9.4,Windows,5.29
3306,MongoDB,MongoDB version 3.7,Windows,6.53
3306,SMB,SMB version 8.4,Unix,5.75
3306,PostgreSQL,PostgreSQL version 3.0,Linux,5.3
3306,MySQL,MySQL version 3.5,Unix,2.95
22,OpenSSH,OpenSSH version 1.3,Windows,8.17
3306,RDP,RDP version 6.8,Windows,7.9
3306,RDP,RDP version 9.5,Linux,6.21
80,nginx,nginx version 3.0,Windows,3.34
3306,MySQL,MySQL version 8.8,Unix,4.33
80,LiteSpeed,LiteSpeed version 1.0,Windows,3.99
3306,PostgreSQL,PostgreSQL version 6.6,Unix,7.43
3306,Redis,Redis version 4.3,Windows,2.66
80,LiteSpeed,LiteSpeed version 6.7,Linux,4.7
80,nginx,nginx version 5.4,Windows,4.47
80,Apache,Apache version 4.7,Unix,4.32
3306,RDP,RDP version 3.8,Unix,6.34
3306,MariaDB,MariaDB version 9.0,Unix,4.33
80,nginx,nginx version 6.4,Unix,5.81
3306,Redis,Redis version 7.1,Linux,5.41
3306,SMB,SMB version 7.7,Linux,7.13
3306,PostgreSQL,PostgreSQL version 5.3,Unix,0.0
3306,SMB,SMB version 5.0,Linux,6.95
3306,Redis,Redis version 2.1,Linux,2.02
3306,PostgreSQL,PostgreSQL version 2.7,Windows,5.47
21,vsftpd,vsftpd version 5.1,Linux,6.71
3306,Redis,Redis version 8.0,Windows,3.11
80,Apache,Apache version 9.2,Unix,4.11
3306,SMB,SMB version 7.7,Linux,5.6
3306,MongoDB,MongoDB version 7.4,Unix,6.35
80,Apache,Apache version 9.0,Linux,4.64
80,nginx,nginx version 7.3,Unix,7.09
21,vsftpd,vsftpd version 3.3,Unix,5.12
3306,RDP,RDP version 5.2,Windows,6.86
3306,MariaDB,MariaDB version 8.8,Linux,4.6
22,OpenSSH,OpenSSH version 5.4,Windows,5.73
3306,PostgreSQL,PostgreSQL version 4.2,Linux,1.89
80,nginx,nginx version 8.7,Linux,4.63
21,vsftpd,vsftpd version 2.0,Windows,4.39
21,ProFTPD,ProFTPD version 8.0,Linux,7.59
3306,MariaDB,MariaDB version 2.1,Unix,4.22
80,LiteSpeed,LiteSpeed version 7.0,Linux,2.94
21,ProFTPD,ProFTPD version 2.9,Unix,6.51
80,nginx,nginx version 8.2,Windows,2.88
22,OpenSSH,OpenSSH version 1.0,Windows,1.61
22,OpenSSH,OpenSSH version 2.5,Linux,5.59
21,ProFTPD,ProFTPD version 3.0,Windows,7.37
22,OpenSSH,OpenSSH version 1.7,Windows,5.2
3306,Redis,Redis version 5.2,Unix,6.45
3306,Redis,Redis version 1.9,Linux,3.5
21,ProFTPD,ProFTPD version 7.7,Windows,4.35
3306,MongoDB,MongoDB version 5.9,Unix,4.39
80,Apache,Apache version 8.1,Linux,3.98
3306,SMB,SMB version 5.0,Windows,5.24
3306,SMB,SMB version 8.8,Unix,6.38
3306,MariaDB,MariaDB version 6.2,Linux,3.58
80,nginx,nginx version 3.4,Windows,1.75
3306,MongoDB,MongoDB version 8.0,Unix,3.84
3306,PostgreSQL,PostgreSQL version 4.6,Linux,2.8
80,Apache,Apache version 3.9,Unix,4.85
3306,Redis,Redis version 6.4,Unix,3.52
22,OpenSSH,OpenSSH version 5.5,Linux,6.17
22,OpenSSH,OpenSSH version 5.6,Unix,6.91
80,nginx,nginx version 4.5,Windows,5.52
22,OpenSSH,OpenSSH version 3.1,Windows,2.17
3306,MongoDB,MongoDB version 5.3,Windows,6.76
80,LiteSpeed,LiteSpeed version 4.4,Windows,6.86
3306,Redis,Redis version 4.9,Unix,4.53
80,nginx,nginx version 7.7,Windows,6.48
3306,Redis,Redis version 9.4,Windows,3.67
80,Apache,Apache version 9.7,Windows,1.7
3306,MariaDB,MariaDB version 4.4,Windows,3.36
80,Apache,Apache version 5.5,Windows,7.09
3306,MySQL,MySQL version 9.1,Windows,2.26
3306,MariaDB,MariaDB version 6.5,Unix,4.5
21,vsftpd,vsftpd version 7.7,Linux,4.55
80,Apache,Apache version 3.3,Unix,3.73
21,ProFTPD,ProFTPD version 5.3,Unix,5.83
80,LiteSpeed,LiteSpeed version 5.6,Windows,4.61
3306,PostgreSQL,PostgreSQL version 6.2,Windows,3.66
21,vsftpd,vsftpd version 1.8,Linux,2.37
3306,MongoDB,MongoDB version 6.5,Windows,4.82
80,nginx,nginx version 7.8,Unix,6.11
21,ProFTPD,ProFTPD version 8.9,Linux,7.8
3306,MySQL,MySQL version 6.1,Linux,3.29
22,OpenSSH,OpenSSH version 2.7,Unix,2.62
80,LiteSpeed,LiteSpeed version 8.2,Linux,4.07
3306,SMB,SMB version 4.5,Unix,8.85
80,LiteSpeed,LiteSpeed version 1.8,Linux,5.47
80,LiteSpeed,LiteSpeed version 6.7,Windows,5.56
3306,RDP,RDP version 1.1,Windows,7.83
3306,RDP,RDP version 1.7,Unix,7.13
3306,Redis,Redis version 9.8,Linux,4.68
3306,MongoDB,MongoDB version 8.6,Linux,5.49
3306,MongoDB,MongoDB version 3.4,Windows,3.68
3306,Redis,Redis version 7.4,Linux,2.38
3306,SMB,SMB version 7.0,Windows,7.58
3306,RDP,RDP version 1.9,Linux,8.36
3306,MySQL,MySQL version 1.1,Linux,2.82
80,nginx,nginx version 1.3,Windows,5.73
3306,MongoDB,MongoDB version 4.9,Unix,7.02
3306,MongoDB,MongoDB version 1.3,Windows,4.5
3306,RDP,RDP version 3.3,Windows,5.27
3306,RDP,RDP version 9.4,Linux,6.68
22,OpenSSH,OpenSSH version 5.7,Linux,3.67
3306,PostgreSQL,PostgreSQL version 7.5,Windows,3.57
80,nginx,nginx version 7.1,Unix,5.15
22,OpenSSH,OpenSSH version 6.8,Linux,2.09
3306,RDP,RDP version 7.7,Linux,4.33
22,OpenSSH,OpenSSH version 4.4,Windows,4.53
21,ProFTPD,ProFTPD version 7.4,Linux,6.47
80,nginx,nginx version 5.7,Linux,5.02
21,ProFTPD,ProFTPD version 8.8,Unix,9.31
3306,MariaDB,MariaDB version 5.9,Unix,4.66
80,LiteSpeed,LiteSpeed version 7.3,Windows,5.4
21,ProFTPD,ProFTPD version 5.9,Windows,5.04
21,ProFTPD,ProFTPD version 4.9,Linux,7.65
3306,SMB,SMB version 4.4,Unix,5.71
3306,PostgreSQL,PostgreSQL version 7.7,Linux,4.61
3306,SMB,SMB version 9.4,Unix,6.34
3306,PostgreSQL,PostgreSQL version 8.8,Unix,6.05
3306,MariaDB,MariaDB version 8.3,Unix,2.54
3306,Redis,Redis version 8.0,Linux,1.08
22,OpenSSH,OpenSSH version 3.7,Linux,4.18
3306,SMB,SMB version 5.3,Linux,7.2
3306,MariaDB,MariaDB version 6.5,Linux,4.73
21,vsftpd,vsftpd version 3.5,Windows,6.35
3306,MariaDB,MariaDB version 9.4,Unix,5.16
3306,MariaDB,MariaDB version 8.5,Unix,3.65
3306,MongoDB,MongoDB version 4.9,Unix,1.01
3306,SMB,SMB version 4.2,Windows,6.14
3306,MongoDB,MongoDB version 1.0,Windows,6.04
3306,PostgreSQL,PostgreSQL version 2.0,Unix,3.91
3306,MariaDB,MariaDB version 4.8,Windows,4.54
22,OpenSSH,OpenSSH version 3.2,Unix,5.13
80,nginx,nginx version 3.7,Unix,2.98
3306,MariaDB,MariaDB version 7.2,Linux,5.43
80,LiteSpeed,LiteSpeed version 5.7,Windows,6.96
80,LiteSpeed,LiteSpeed version 5.4,Linux,4.24
22,OpenSSH,OpenSSH version 2.8,Linux,2.81
21,ProFTPD,ProFTPD version 8.0,Windows,6.4
22,OpenSSH,OpenSSH version 1.3,Linux,1.16
80,LiteSpeed,LiteSpeed version 2.6,Linux,5.01
3306,Redis,Redis version 1.1,Windows,5.18
21,ProFTPD,ProFTPD version 6.6,Linux,9.01
22,OpenSSH,OpenSSH version 2.1,Unix,4.21
3306,RDP,RDP version 6.8,Linux,7.11
3306,MariaDB,MariaDB version 8.6,Unix,3.21
3306,MongoDB,MongoDB version 7.8,Linux,3.97
3306,PostgreSQL,PostgreSQL version 8.0,Linux,2.21
80,nginx,nginx version 4.0,Unix,4.21
80,LiteSpeed,LiteSpeed version 2.4,Unix,4.04
22,OpenSSH,OpenSSH version 4.7,Windows,4.95
21,ProFTPD,ProFTPD version 2.9,Linux,5.56
3306,MariaDB,MariaDB version 4.8,Windows,4.63
3306,MariaDB,MariaDB version 1.5,Windows,4.0
80,LiteSpeed,LiteSpeed version 6.6,Linux,4.0
21,ProFTPD,ProFTPD version 4.5,Unix,6.62
3306,Redis,Redis version 6.9,Linux,4.56
80,nginx,nginx version 4.6,Unix,5.64
3306,MariaDB,MariaDB version 2.9,Unix,4.32
22,OpenSSH,OpenSSH version 2.6,Windows,3.98
3306,SMB,SMB version 4.0,Unix,6.23
22,OpenSSH,OpenSSH version 6.0,Linux,3.43
21,vsftpd,vsftpd version 8.7,Windows,3.96
80,LiteSpeed,LiteSpeed version 9.6,Linux,7.55
80,nginx,nginx version 6.9,Linux,3.13
3306,PostgreSQL,PostgreSQL version 5.2,Windows,4.08
3306,SMB,SMB version 8.3,Windows,5.92
3306,Redis,Redis version 1.4,Windows,4.13
3306,SMB,SMB version 1.0,Linux,6.0
3306,SMB,SMB version 1.1,Linux,6.92
3306,MySQL,MySQL version 6.2,Windows,1.93
3306,MySQL,MySQL version 6.7,Unix,6.06
3306,MongoDB,MongoDB version 3.1,Unix,5.45
3306,RDP,RDP version 9.7,Unix,4.64
3306,Redis,Redis version 3.0,Windows,1.1
21,ProFTPD,ProFTPD version 7.2,Linux,5.03
3306,Redis,Redis version 9.8,Windows,4.14
3306,RDP,RDP version 2.8,Unix,10.0
3306,MySQL,MySQL version 7.3,Linux,5.31
80,Apache,Apache version 9.1,Unix,1.79
3306,Redis,Redis version 8.0,Linux,3.47
3306,MySQL,MySQL version 3.3,Windows,4.42
21,vsftpd,vsftpd version 4.8,Windows,4.88
3306,RDP,RDP version 7.7,Unix,4.53
22,OpenSSH,OpenSSH version 3.3,Windows,4.3
3306,MariaDB,MariaDB version 1.2,Windows,3.42
80,nginx,nginx version 7.0,Windows,2.84
3306,MariaDB,MariaDB version 1.3,Linux,4.89
80,LiteSpeed,LiteSpeed version 3.7,Unix,5.66
21,ProFTPD,ProFTPD version 4.1,Windows,7.76
80,Apache,Apache version 3.7,Windows,5.36
3306,SMB,SMB version 1.2,Windows,5.75
3306,MariaDB,MariaDB version 5.1,Windows,5.57
80,nginx,nginx version 5.2,Windows,4.96
3306,MariaDB,MariaDB version 6.3,Windows,4.7
80,LiteSpeed,LiteSpeed version 5.0,Windows,3.58
3306,SMB,SMB version 4.4,Windows,5.75
3306,Redis,Redis version 1.4,Linux,4.61
21,vsftpd,vsftpd version 2.5,Windows,8.16
3306,MySQL,MySQL version 8.5,Linux,4.95
3306,MySQL,MySQL version 7.1,Linux,3.58
3306,MongoDB,MongoDB version 7.9,Windows,3.25
3306,MySQL,MySQL version 7.4,Unix,3.76
3306,MariaDB,MariaDB version 8.5,Linux,7.77
21,ProFTPD,ProFTPD version 6.2,Linux,5.9
3306,SMB,SMB version 4.1,Linux,7.86
80,Apache,Apache version 4.7,Unix,3.94
3306,PostgreSQL,PostgreSQL version 4.6,Windows,4.89
21,vsftpd,vsftpd version 6.4,Unix,5.69
3306,RDP,RDP version 8.5,Unix,5.64
3306,MariaDB,MariaDB version 6.4,Linux,3.54
3306,MongoDB,MongoDB version 7.3,Linux,6.99
80,nginx,nginx version 9.1,Linux,5.98
80,LiteSpeed,LiteSpeed version 5.4,Unix,5.69
80,nginx,nginx version 1.5,Windows,5.68
80,nginx,nginx version 8.3,Linux,5.19
21,vsftpd,vsftpd version 9.4,Unix,7.53
3306,Redis,Redis version 8.0,Unix,4.57
3306,MariaDB,MariaDB version 4.8,Linux,5.37
80,LiteSpeed,LiteSpeed version 2.9,Unix,2.32
21,vsftpd,vsftpd version 7.9,Windows,3.26
3306,MySQL,MySQL version 1.7,Unix,2.7
21,ProFTPD,ProFTPD version 3.9,Unix,8.41
21,vsftpd,vsftpd version 2.7,Windows,0.67
80,LiteSpeed,LiteSpeed version 3.5,Unix,3.9
21,ProFTPD,ProFTPD version 7.9,Windows,2.01
3306,MySQL,MySQL version 3.3,Linux,3.25
80,LiteSpeed,LiteSpeed version 7.5,Windows,3.76
3306,MariaDB,MariaDB version 3.1,Unix,6.58
80,Apache,Apache version 8.6,Unix,5.09
3306,Redis,Redis version 2.7,Linux,3.25
21,vsftpd,vsftpd version 5.1,Linux,6.1
22,OpenSSH,OpenSSH version 2.3,Linux,4.53
3306,MariaDB,MariaDB version 7.1,Linux,4.56
3306,Redis,Redis version 7.2,Unix,2.7
80,LiteSpeed,LiteSpeed version 1.1,Unix,3.01
3306,RDP,RDP version 6.1,Unix,5.26
3306,Redis,Redis version 5.8,Windows,4.57
22,OpenSSH,OpenSSH version 7.0,Windows,4.62
3306,MongoDB,MongoDB version 3.4,Linux,6.82
3306,MongoDB,MongoDB version 3.1,Windows,5.08
3306,MariaDB,MariaDB version 1.7,Linux,0.44
80,Apache,Apache version 9.1,Unix,4.89
3306,MongoDB,MongoDB version 3.5,Windows,2.32
3306,SMB,SMB version 6.6,Windows,5.05
3306,PostgreSQL,PostgreSQL version 5.0,Windows,3.28
21,vsftpd,vsftpd version 5.3,Linux,3.5
3306,SMB,SMB version 2.0,Linux,4.44
3306,Redis,Redis version 1.0,Linux,4.81
80,Apache,Apache version 7.1,Unix,2.38
21,ProFTPD,ProFTPD version 6.1,Unix,7.04
3306,MySQL,MySQL version 1.3,Linux,7.86
80,Apache,Apache version 7.1,Windows,2.51
3306,MariaDB,MariaDB version 9.7,Linux,4.07
80,nginx,nginx version 7.7,Unix,0.71
3306,MySQL,MySQL version 1.6,Linux,4.05
80,nginx,nginx version 5.3,Windows,5.46
3306,MongoDB,MongoDB version 2.5,Unix,5.58
3306,SMB,SMB version 4.7,Unix,6.62
3306,MySQL,MySQL version 7.8,Windows,5.83
3306,RDP,RDP version 3.5,Windows,10.0
3306,MongoDB,MongoDB version 6.4,Linux,7.07
21,ProFTPD,ProFTPD version 4.9,Unix,5.72
3306,RDP,RDP version 3.5,Unix,4.32
21,vsftpd,vsftpd version 7.0,Unix,3.89
21,vsftpd,vsftpd version 5.7,Linux,3.08
80,Apache,Apache version 8.6,Windows,5.18
3306,PostgreSQL,PostgreSQL version 3.5,Linux,2.73
80,Apache,Apache version 9.5,Unix,4.39
3306,MariaDB,MariaDB version 6.2,Windows,5.76
80,nginx,nginx version 4.8,Linux,4.35
3306,MariaDB,MariaDB version 2.4,Windows,3.08
22,OpenSSH,OpenSSH version 6.5,Windows,6.26
3306,RDP,RDP version 1.2,Unix,3.68
3306,SMB,SMB version 8.5,Unix,6.01
80,LiteSpeed,LiteSpeed version 5.7,Linux,4.44
21,ProFTPD,ProFTPD version 9.5,Linux,6.52
3306,RDP,RDP version 5.9,Unix,6.77
21,vsftpd,vsftpd version 9.2,Linux,5.42
80,nginx,nginx version 2.8,Unix,4.45
3306,RDP,RDP version 5.7,Windows,5.95
3306,SMB,SMB version 7.1,Windows,5.89
80,LiteSpeed,LiteSpeed version 2.5,Unix,3.58
3306,Redis,Redis version 5.1,Windows,5.68
80,LiteSpeed,LiteSpeed version 3.2,Linux,3.53
3306,SMB,SMB version 6.7,Windows,7.77
3306,Redis,Redis version 6.6,Linux,4.53
21,vsftpd,vsftpd version 7.7,Linux,3.72
80,LiteSpeed,LiteSpeed version 3.4,Linux,5.43
3306,SMB,SMB version 3.4,Linux,5.41
21,ProFTPD,ProFTPD version 6.2,Linux,7.46
3306,MongoDB,MongoDB version 6.0,Windows,4.82
3306,SMB,SMB version 5.7,Unix,5.61
22,OpenSSH,OpenSSH version 8.3,Linux,5.29
80,LiteSpeed,LiteSpeed version 4.3,Linux,5.32
3306,MariaDB,MariaDB version 3.1,Linux,6.24
21,ProFTPD,ProFTPD version 8.9,Unix,7.95
3306,RDP,RDP version 1.5,Unix,7.24
3306,Redis,Redis version 3.0,Unix,2.81
3306,RDP,RDP version 6.3,Unix,10.0
22,OpenSSH,OpenSSH version 4.5,Linux,2.39
3306,MySQL,MySQL version 1.0,Windows,5.92
22,OpenSSH,OpenSSH version 6.7,Unix,5.15
3306,PostgreSQL,PostgreSQL version 4.4,Unix,2.74
3306,RDP,RDP version 3.7,Linux,6.31
21,vsftpd,vsftpd version 5.2,Linux,4.38
21,ProFTPD,ProFTPD version 3.1,Unix,8.46
3306,MySQL,MySQL version 1.0,Windows,3.43
3306,SMB,SMB version 4.7,Windows,6.11
80,nginx,nginx version 6.9,Windows,1.0
22,OpenSSH,OpenSSH version 7.6,Unix,7.1
80,LiteSpeed,LiteSpeed version 1.5,Unix,2.89
22,OpenSSH,OpenSSH version 6.0,Linux,4.99
3306,MySQL,MySQL version 8.8,Linux,4.35
80,Apache,Apache version 9.2,Unix,4.35
3306,MariaDB,MariaDB version 4.5,Unix,5.71
3306,Redis,Redis version 8.9,Linux,7.01
80,nginx,nginx version 8.6,Windows,4.88
3306,MariaDB,MariaDB version 7.6,Windows,5.48
80,LiteSpeed,LiteSpeed version 1.4,Unix,4.99
21,ProFTPD,ProFTPD version 1.6,Linux,8.03
3306,RDP,RDP version 7.1,Windows,5.81
80,nginx,nginx version 1.5,Windows,6.11
3306,MySQL,MySQL version 3.1,Unix,6.17
3306,SMB,SMB version 3.6,Unix,8.12
21,ProFTPD,ProFTPD version 8.6,Unix,5.51
3306,Redis,Redis version 4.8,Windows,4.25
80,Apache,Apache version 5.1,Unix,4.86
3306,SMB,SMB version 4.8,Windows,4.44
3306,MariaDB,MariaDB version 8.1,Linux,6.89
3306,MariaDB,MariaDB version 5.0,Unix,4.48
22,OpenSSH,OpenSSH version 8.8,Windows,4.93
3306,PostgreSQL,PostgreSQL version 9.7,Unix,3.63
3306,RDP,RDP version 6.9,Windows,4.51
3306,MariaDB,MariaDB version 6.5,Linux,3.59
3306,RDP,RDP version 8.2,Unix,6.83
22,OpenSSH,OpenSSH version 2.9,Windows,5.51
21,ProFTPD,ProFTPD version 6.0,Unix,6.74
3306,SMB,SMB version 5.7,Linux,7.02
3306,RDP,RDP version 5.2,Linux,5.99
3306,SMB,SMB version 9.9,Unix,7.24
22,OpenSSH,OpenSSH version 5.3,Windows,6.72
21,vsftpd,vsftpd version 6.1,Windows,5.56
80,LiteSpeed,LiteSpeed version 3.8,Windows,5.71
3306,MongoDB,MongoDB version 2.5,Linux,4.94
3306,PostgreSQL,PostgreSQL version 3.3,Linux,2.25
80,LiteSpeed,LiteSpeed version 2.0,Linux,2.93
21,ProFTPD,ProFTPD version 6.8,Unix,7.18
80,LiteSpeed,LiteSpeed version 9.9,Unix,4.48
80,LiteSpeed,LiteSpeed version 5.5,Linux,5.16
80,Apache,Apache version 5.1,Unix,7.01
80,LiteSpeed,LiteSpeed version 7.5,Linux,5.59
3306,PostgreSQL,PostgreSQL version 6.3,Unix,6.39
3306,MariaDB,MariaDB version 3.1,Linux,4.64
3306,MySQL,MySQL version 1.2,Linux,3.29
21,vsftpd,vsftpd version 4.0,Windows,4.41
3306,PostgreSQL,PostgreSQL version 9.9,Windows,3.29
80,nginx,nginx version 8.7,Linux,6.84
21,vsftpd,vsftpd version 3.9,Unix,5.69
3306,PostgreSQL,PostgreSQL version 5.9,Windows,5.28
3306,SMB,SMB version 2.3,Linux,8.35
3306,RDP,RDP version 3.3,Unix,3.47
3306,PostgreSQL,PostgreSQL version 6.1,Linux,5.38
21,ProFTPD,ProFTPD version 9.6,Linux,4.53
3306,MySQL,MySQL version 1.2,Linux,4.49
80,Apache,Apache version 6.6,Unix,4.03
80,LiteSpeed,LiteSpeed version 6.1,Linux,5.49
3306,PostgreSQL,PostgreSQL version 3.4,Linux,4.84
3306,SMB,SMB version 3.3,Windows,8.52
21,ProFTPD,ProFTPD version 8.5,Windows,5.6
3306,PostgreSQL,PostgreSQL version 1.3,Windows,5.56
3306,MongoDB,MongoDB version 6.3,Windows,4.74
80,Apache,Apache version 4.5,Linux,2.05
80,Apache,Apache version 3.1,Unix,3.12
80,LiteSpeed,LiteSpeed version 5.4,Unix,4.28
3306,SMB,SMB version 6.9,Linux,8.17
22,OpenSSH,OpenSSH version 9.2,Unix,5.2
3306,SMB,SMB version 1.1,Windows,4.75
80,nginx,nginx version 5.6,Unix,4.29
3306,PostgreSQL,PostgreSQL version 4.7,Windows,7.53
3306,Redis,Redis version 5.2,Windows,4.67
22,OpenSSH,OpenSSH version 9.8,Unix,4.01
3306,MongoDB,MongoDB version 1.0,Windows,5.24
3306,MongoDB,MongoDB version 5.1,Windows,5.65
80,Apache,Apache version 2.2,Linux,3.82
21,ProFTPD,ProFTPD version 3.7,Linux,7.25
80,Apache,Apache version 3.8,Linux,4.01
80,Apache,Apache version 2.2,Windows,5.58
21,ProFTPD,ProFTPD version 1.1,Unix,6.75
80,Apache,Apache version 1.2,Unix,5.22
21,ProFTPD,ProFTPD version 2.8,Linux,5.36
3306,PostgreSQL,PostgreSQL version 1.6,Windows,3.27
3306,Redis,Redis version 4.2,Linux,5.92
21,ProFTPD,ProFTPD version 3.2,Linux,6.38
3306,SMB,SMB version 9.8,Linux,6.93
22,OpenSSH,OpenSSH version 1.0,Windows,4.04
80,nginx,nginx version 8.8,Unix,5.85
22,OpenSSH,OpenSSH version 2.5,Unix,3.59
3306,Redis,Redis version 3.6,Windows,4.3
3306,RDP,RDP version 3.3,Unix,7.68
3306,PostgreSQL,PostgreSQL version 8.1,Unix,6.26
3306,SMB,SMB version 6.8,Unix,5.71
3306,MongoDB,MongoDB version 5.7,Linux,7.44
3306,MariaDB,MariaDB version 6.5,Windows,4.97
80,Apache,Apache version 1.7,Unix,2.94
21,ProFTPD,ProFTPD version 3.3,Windows,7.05
80,nginx,nginx version 1.5,Linux,3.93
3306,MySQL,MySQL version 2.4,Linux,5.15
21,ProFTPD,ProFTPD version 4.9,Linux,6.44
3306,SMB,SMB version 1.3,Unix,6.61
21,ProFTPD,ProFTPD version 1.9,Unix,5.13
80,LiteSpeed,LiteSpeed version 6.3,Unix,5.99
3306,MongoDB,MongoDB version 9.4,Windows,2.77
22,OpenSSH,OpenSSH version 6.9,Unix,2.84
3306,RDP,RDP version 4.9,Unix,7.05
3306,SMB,SMB version 8.3,Unix,8.9
80,nginx,nginx version 8.2,Linux,3.97
21,ProFTPD,ProFTPD version 7.8,Linux,7.55
3306,SMB,SMB version 8.2,Windows,8.11
3306,SMB,SMB version 7.0,Windows,7.72
21,ProFTPD,ProFTPD version 4.6,Windows,6.03
3306,PostgreSQL,PostgreSQL version 4.4,Unix,2.86
80,LiteSpeed,LiteSpeed version 7.3,Unix,1.19
80,nginx,nginx version 2.1,Windows,4.11
3306,RDP,RDP version 7.3,Windows,8.27
21,vsftpd,vsftpd version 4.5,Linux,2.81
80,LiteSpeed,LiteSpeed version 2.4,Windows,5.55
80,nginx,nginx version 8.2,Unix,3.07
3306,MySQL,MySQL version 7.2,Linux,4.66
3306,MySQL,MySQL version 9.9,Unix,5.56
3306,MongoDB,MongoDB version 3.5,Linux,3.51
80,Apache,Apache version 5.1,Linux,4.76
21,ProFTPD,ProFTPD version 6.8,Linux,5.88
3306,MariaDB,MariaDB version 4.3,Windows,5.56
21,vsftpd,vsftpd version 7.2,Unix,4.85
21,ProFTPD,ProFTPD version 9.4,Windows,6.58
3306,MariaDB,MariaDB version 9.4,Windows,6.84
21,vsftpd,vsftpd version 8.1,Linux,5.49
3306,MySQL,MySQL version 3.4,Linux,3.46
3306,SMB,SMB version 1.9,Windows,6.37
3306,PostgreSQL,PostgreSQL version 7.5,Windows,4.39
3306,Redis,Redis version 9.9,Unix,4.62
3306,Redis,Redis version 9.3,Linux,8.29
3306,RDP,RDP version 2.1,Unix,7.06
3306,PostgreSQL,PostgreSQL version 8.1,Unix,1.45
21,vsftpd,vsftpd version 7.5,Linux,3.69
22,OpenSSH,OpenSSH version 6.3,Unix,1.6
3306,MySQL,MySQL version 6.3,Linux,4.01
3306,PostgreSQL,PostgreSQL version 1.6,Linux,1.52
3306,MySQL,MySQL version 5.5,Linux,3.19
22,OpenSSH,OpenSSH version 4.5,Unix,2.22
21,ProFTPD,ProFTPD version 6.6,Linux,7.08
3306,RDP,RDP version 4.2,Unix,6.5
80,LiteSpeed,LiteSpeed version 4.4,Unix,4.95
3306,MySQL,MySQL version 8.3,Unix,4.34
3306,RDP,RDP version 1.2,Unix,4.41
3306,PostgreSQL,PostgreSQL version 7.1,Linux,5.27
3306,MongoDB,MongoDB version 9.3,Linux,7.38
3306,Redis,Redis version 8.0,Unix,5.11
3306,RDP,RDP version 7.0,Linux,5.86
3306,RDP,RDP version 1.1,Windows,4.36
22,OpenSSH,OpenSSH version 3.1,Unix,3.14
80,Apache,Apache version 1.2,Windows,5.18
3306,PostgreSQL,PostgreSQL version 2.9,Linux,6.11
80,nginx,nginx version 4.8,Windows,4.89
3306,MongoDB,MongoDB version 2.6,Unix,5.7
3306,MariaDB,MariaDB version 8.1,Windows,5.56
3306,PostgreSQL,PostgreSQL version 5.5,Unix,5.26
21,vsftpd,vsftpd version 1.4,Unix,3.51
21,vsftpd,vsftpd version 2.8,Linux,4.76
3306,MariaDB,MariaDB version 9.8,Linux,3.23
3306,Redis,Redis version 3.3,Linux,4.53
80,LiteSpeed,LiteSpeed version 9.2,Windows,5.0
22,OpenSSH,OpenSSH version 7.4,Windows,7.02
3306,RDP,RDP version 4.7,Linux,4.54
80,LiteSpeed,LiteSpeed version 5.1,Windows,5.22
21,ProFTPD,ProFTPD version 4.0,Linux,8.72
80,nginx,nginx version 1.8,Linux,5.64
80,nginx,nginx version 4.5,Unix,5.75
21,vsftpd,vsftpd version 3.4,Unix,5.38
80,LiteSpeed,LiteSpeed version 6.1,Unix,6.45
3306,Redis,Redis version 1.0,Unix,2.87
80,Apache,Apache version 4.2,Unix,2.42
22,OpenSSH,OpenSSH version 3.4,Linux,4.49
3306,MySQL,MySQL version 4.1,Linux,1.26
3306,SMB,SMB version 9.3,Unix,8.35
3306,MariaDB,MariaDB version 2.2,Linux,6.33
80,Apache,Apache version 2.5,Unix,3.85
3306,Redis,Redis version 3.2,Linux,3.94
21,vsftpd,vsftpd version 4.1,Windows,4.39
3306,MySQL,MySQL version 6.4,Linux,4.58
21,vsftpd,vsftpd version 2.6,Windows,4.69
3306,RDP,RDP version 9.1,Linux,7.34
3306,Redis,Redis version 5.3,Linux,4.24
22,OpenSSH,OpenSSH version 3.6,Windows,5.91
3306,SMB,SMB version 4.0,Windows,7.17
80,nginx,nginx version 1.2,Linux,3.59
21,ProFTPD,ProFTPD version 1.5,Linux,8.5
3306,Redis,Redis version 9.1,Unix,2.46
21,vsftpd,vsftpd version 3.4,Linux,4.36
3306,PostgreSQL,PostgreSQL version 4.8,Unix,5.95
3306,MongoDB,MongoDB version 1.0,Linux,3.42
3306,Redis,Redis version 2.5,Linux,4.96
3306,RDP,RDP version 8.8,Linux,7.32
80,nginx,nginx version 2.6,Linux,3.21
21,ProFTPD,ProFTPD version 4.5,Windows,6.39
21,vsftpd,vsftpd version 1.9,Linux,4.27
22,OpenSSH,OpenSSH version 7.5,Linux,3.67
3306,SMB,SMB version 2.0,Unix,9.95
3306,PostgreSQL,PostgreSQL version 9.7,Unix,3.36
3306,MongoDB,MongoDB version 8.5,Linux,6.01
3306,Redis,Redis version 4.6,Windows,3.91
21,vsftpd,vsftpd version 1.8,Linux,2.87
3306,MariaDB,MariaDB version 7.2,Windows,4.65
21,ProFTPD,ProFTPD version 5.4,Linux,7.47
3306,MariaDB,MariaDB version 1.6,Linux,5.88
80,nginx,nginx version 7.9,Linux,6.84
3306,MongoDB,MongoDB version 6.8,Windows,8.92
21,ProFTPD,ProFTPD version 7.7,Unix,6.88
3306,PostgreSQL,PostgreSQL version 7.2,Windows,3.51
22,OpenSSH,OpenSSH version 8.3,Windows,5.18
80,Apache,Apache version 8.0,Windows,4.1
3306,MongoDB,MongoDB version 8.3,Unix,5.89
3306,MariaDB,MariaDB version 7.7,Unix,2.55
80,nginx,nginx version 6.5,Windows,8.05
80,LiteSpeed,LiteSpeed version 6.0,Windows,5.78
80,LiteSpeed,LiteSpeed version 6.3,Linux,1.97
3306,MySQL,MySQL version 8.9,Linux,3.44
22,OpenSSH,OpenSSH version 1.9,Windows,5.72
3306,MySQL,MySQL version 4.3,Unix,6.26
3306,SMB,SMB version 3.3,Windows,4.59
21,ProFTPD,ProFTPD version 3.1,Windows,7.57
80,nginx,nginx version 9.4,Windows,1.58
3306,RDP,RDP version 5.4,Windows,6.37
22,OpenSSH,OpenSSH version 2.3,Linux,6.17
21,ProFTPD,ProFTPD version 3.0,Windows,5.67
3306,RDP,RDP version 2.0,Windows,4.24
3306,Redis,Redis version 1.1,Linux,4.72
3306,MySQL,MySQL version 6.1,Linux,3.59
21,ProFTPD,ProFTPD version 3.9,Unix,7.44
80,Apache,Apache version 7.4,Unix,3.17
3306,SMB,SMB version 5.9,Linux,5.34
80,nginx,nginx version 2.7,Windows,1.47
80,LiteSpeed,LiteSpeed version 3.4,Windows,4.75
3306,SMB,SMB version 6.1,Windows,6.26
3306,MySQL,MySQL version 1.6,Unix,2.72
3306,Redis,Redis version 9.1,Windows,4.79
3306,MariaDB,MariaDB version 4.1,Linux,6.04
80,nginx,nginx version 7.0,Windows,4.18
3306,Redis,Redis version 7.0,Windows,4.9
3306,SMB,SMB version 5.7,Unix,6.91
22,OpenSSH,OpenSSH version 3.0,Windows,2.69
80,nginx,nginx version 6.9,Windows,7.58
80,nginx,nginx version 8.0,Linux,3.79
3306,SMB,SMB version 5.2,Windows,7.48
21,vsftpd,vsftpd version 1.1,Linux,5.65
3306,MySQL,MySQL version 6.6,Linux,4.29
22,OpenSSH,OpenSSH version 9.3,Linux,5.41
3306,RDP,RDP version 9.5,Linux,6.87
3306,SMB,SMB version 9.9,Linux,4.37
3306,MariaDB,MariaDB version 3.8,Linux,4.0
21,vsftpd,vsftpd version 3.2,Windows,3.58
3306,PostgreSQL,PostgreSQL version 2.9,Unix,3.81
3306,MySQL,MySQL version 7.1,Linux,2.54
3306,MySQL,MySQL version 1.2,Unix,6.19
3306,PostgreSQL,PostgreSQL version 9.7,Windows,6.9
3306,Redis,Redis version 5.5,Unix,5.97
80,LiteSpeed,LiteSpeed version 1.8,Windows,6.41
3306,MongoDB,MongoDB version 6.4,Unix,3.98
3306,PostgreSQL,PostgreSQL version 8.6,Unix,3.55
3306,RDP,RDP version 8.0,Windows,5.33
3306,PostgreSQL,PostgreSQL version 1.5,Unix,5.47
3306,PostgreSQL,PostgreSQL version 6.9,Unix,4.84
3306,SMB,SMB version 3.3,Linux,6.38
3306,SMB,SMB version 8.6,Windows,8.44
80,LiteSpeed,LiteSpeed version 9.9,Linux,5.11
3306,MongoDB,MongoDB version 1.9,Windows,3.24
3306,Redis,Redis version 6.8,Linux,3.48
3306,MySQL,MySQL version 3.7,Windows,5.52
21,vsftpd,vsftpd version 4.9,Windows,6.06
80,LiteSpeed,LiteSpeed version 6.5,Unix,5.33
3306,PostgreSQL,PostgreSQL version 4.0,Unix,7.35
21,vsftpd,vsftpd version 8.4,Linux,6.95
3306,Redis,Redis version 6.7,Unix,5.16
22,OpenSSH,OpenSSH version 2.8,Unix,3.24
3306,Redis,Redis version 5.6,Linux,2.54
3306,SMB,SMB version 6.9,Windows,5.92
80,LiteSpeed,LiteSpeed version 2.8,Windows,5.63
21,vsftpd,vsftpd version 2.8,Windows,7.24
3306,SMB,SMB version 8.5,Windows,7.13
80,nginx,nginx version 5.4,Linux,6.25
3306,PostgreSQL,PostgreSQL version 8.6,Windows,4.13
3306,MongoDB,MongoDB version 7.2,Linux,5.43
80,Apache,Apache version 3.7,Unix,5.74
80,nginx,nginx version 8.5,Unix,1.53
3306,Redis,Redis version 6.2,Linux,3.88
80,LiteSpeed,LiteSpeed version 2.8,Unix,5.92
3306,RDP,RDP version 4.1,Unix,6.91
21,vsftpd,vsftpd version 3.3,Windows,2.71
21,vsftpd,vsftpd version 7.0,Unix,0.85
3306,MySQL,MySQL version 7.6,Linux,3.95
3306,MongoDB,MongoDB version 4.5,Unix,4.39
3306,MariaDB,MariaDB version 4.5,Windows,3.17
3306,RDP,RDP version 9.7,Windows,6.71
3306,MariaDB,MariaDB version 9.0,Windows,5.26
3306,SMB,SMB version 4.9,Linux,7.51
3306,Redis,Redis version 1.7,Linux,0.97
80,nginx,nginx version 6.1,Linux,2.53
21,vsftpd,vsftpd version 9.2,Windows,4.04
3306,RDP,RDP version 9.1,Unix,7.36
3306,RDP,RDP version 5.8,Windows,7.23
80,nginx,nginx version 1.5,Linux,5.21
80,Apache,Apache version 9.4,Linux,3.92
3306,SMB,SMB version 4.4,Unix,6.01
3306,MongoDB,MongoDB version 3.8,Unix,3.41
80,LiteSpeed,LiteSpeed version 1.8,Unix,5.65
3306,PostgreSQL,PostgreSQL version 4.5,Windows,3.12
21,ProFTPD,ProFTPD version 1.9,Linux,7.78
3306,MongoDB,MongoDB version 1.1,Linux,4.81
80,LiteSpeed,LiteSpeed version 8.6,Linux,4.43
3306,MariaDB,MariaDB version 5.5,Unix,3.51
80,nginx,nginx version 1.0,Unix,2.47
3306,Redis,Redis version 6.9,Unix,3.53
3306,MariaDB,MariaDB version 6.3,Linux,4.0
3306,PostgreSQL,PostgreSQL version 4.0,Unix,0.95
80,Apache,Apache version 9.8,Unix,4.2
22,OpenSSH,OpenSSH version 3.2,Windows,5.89
80,LiteSpeed,LiteSpeed version 4.0,Windows,5.35
3306,MariaDB,MariaDB version 9.2,Unix,3.76
3306,Redis,Redis version 6.2,Unix,4.57
21,ProFTPD,ProFTPD version 9.8,Linux,5.67
3306,PostgreSQL,PostgreSQL version 8.4,Windows,4.72
3306,MySQL,MySQL version 7.4,Linux,6.81
22,OpenSSH,OpenSSH version 5.3,Unix,5.95
80,nginx,nginx version 5.7,Windows,5.28
3306,PostgreSQL,PostgreSQL version 9.4,Unix,3.76
3306,RDP,RDP version 6.3,Windows,7.62
21,ProFTPD,ProFTPD version 9.0,Windows,3.97
21,ProFTPD,ProFTPD version 7.2,Unix,6.12
80,Apache,Apache version 4.9,Windows,5.38
3306,PostgreSQL,PostgreSQL version 3.0,Windows,5.61
3306,MySQL,MySQL version 4.3,Unix,5.5
3306,MongoDB,MongoDB version 1.4,Windows,4.94
3306,RDP,RDP version 7.3,Unix,6.21
3306,SMB,SMB version 1.4,Linux,7.31
21,vsftpd,vsftpd version 7.4,Windows,3.07
21,ProFTPD,ProFTPD version 9.7,Linux,5.23
21,vsftpd,vsftpd version 8.8,Linux,4.59
80,Apache,Apache version 5.7,Windows,4.76
21,vsftpd,vsftpd version 5.4,Windows,1.76
80,LiteSpeed,LiteSpeed version 3.9,Windows,5.18
3306,MySQL,MySQL version 2.4,Unix,5.66
21,vsftpd,vsftpd version 8.4,Windows,4.38
21,vsftpd,vsftpd version 8.3,Linux,8.06
21,vsftpd,vsftpd version 8.6,Unix,3.48
3306,MySQL,MySQL version 9.3,Unix,3.96
3306,RDP,RDP version 1.3,Unix,5.91
80,nginx,nginx version 3.9,Linux,4.39
80,LiteSpeed,LiteSpeed version 3.4,Unix,4.01
22,OpenSSH,OpenSSH version 5.1,Windows,2.39
21,vsftpd,vsftpd version 8.5,Linux,3.68
3306,MariaDB,MariaDB version 3.4,Unix,4.35
21,vsftpd,vsftpd version 8.7,Windows,6.34
80,Apache,Apache version 3.5,Unix,7.8
80,nginx,nginx version 9.7,Windows,6.5
3306,MongoDB,MongoDB version 9.2,Windows,3.34
3306,PostgreSQL,PostgreSQL version 9.5,Unix,3.46
3306,MariaDB,MariaDB version 1.3,Linux,4.26
3306,MySQL,MySQL version 3.8,Linux,7.18
3306,MySQL,MySQL version 1.6,Linux,4.25
3306,Redis,Redis version 3.6,Linux,2.51
3306,MySQL,MySQL version 6.6,Windows,3.75
3306,Redis,Redis version 1.7,Linux,5.64
3306,MongoDB,MongoDB version 1.5,Linux,5.53
3306,Redis,Redis version 2.0,Linux,4.2
3306,SMB,SMB version 1.9,Unix,7.53
3306,PostgreSQL,PostgreSQL version 5.2,Windows,1.09
3306,MongoDB,MongoDB version 5.1,Unix,4.66
3306,SMB,SMB version 7.1,Windows,7.79
22,OpenSSH,OpenSSH version 2.7,Windows,3.25
3306,Redis,Redis version 4.6,Windows,3.25
3306,PostgreSQL,PostgreSQL version 5.2,Unix,1.7
80,nginx,nginx version 4.4,Unix,6.88
21,vsftpd,vsftpd version 5.8,Windows,3.42
3306,MariaDB,MariaDB version 6.4,Unix,4.86
22,OpenSSH,OpenSSH version 9.8,Windows,5.41
3306,PostgreSQL,PostgreSQL version 9.9,Linux,6.77
3306,RDP,RDP version 6.5,Unix,6.27
80,LiteSpeed,LiteSpeed version 3.8,Unix,3.69
3306,MongoDB,MongoDB version 6.0,Windows,4.76
21,vsftpd,vsftpd version 1.9,Unix,6.43
3306,MariaDB,MariaDB version 9.2,Windows,4.24
22,OpenSSH,OpenSSH version 1.8,Windows,3.07
21,vsftpd,vsftpd version 3.5,Windows,2.19
3306,MySQL,MySQL version 9.6,Linux,2.67
3306,RDP,RDP version 8.1,Windows,7.8
3306,MariaDB,MariaDB version 9.9,Windows,4.02
80,nginx,nginx version 7.4,Windows,3.59
80,Apache,Apache version 1.8,Windows,3.43
3306,Redis,Redis version 9.2,Linux,4.63
3306,PostgreSQL,PostgreSQL version 7.3,Windows,4.14
21,vsftpd,vsftpd version 9.0,Linux,4.09
80,nginx,nginx version 3.0,Windows,6.52
3306,SMB,SMB version 3.4,Unix,8.81
22,OpenSSH,OpenSSH version 1.9,Windows,2.08
3306,MariaDB,MariaDB version 1.5,Unix,4.99
22,OpenSSH,OpenSSH version 3.2,Linux,3.33
21,ProFTPD,ProFTPD version 5.2,Linux,6.13
3306,PostgreSQL,PostgreSQL version 4.3,Unix,4.96
3306,PostgreSQL,PostgreSQL version 9.7,Linux,4.18
21,vsftpd,vsftpd version 6.0,Windows,4.85
3306,MongoDB,MongoDB version 3.1,Linux,5.51
22,OpenSSH,OpenSSH version 6.8,Unix,4.94
3306,RDP,RDP version 4.0,Windows,5.53
3306,MariaDB,MariaDB version 8.9,Windows,3.56
3306,RDP,RDP version 6.0,Windows,4.34
3306,MySQL,MySQL version 6.7,Windows,3.22
22,OpenSSH,OpenSSH version 2.2,Windows,7.44
3306,MySQL,MySQL version 9.6,Linux,3.31
22,OpenSSH,OpenSSH version 6.1,Windows,2.71
3306,MySQL,MySQL version 3.6,Linux,4.98
80,Apache,Apache version 7.0,Unix,4.33
3306,RDP,RDP version 7.7,Windows,6.21
3306,MySQL,MySQL version 9.2,Windows,6.61
21,vsftpd,vsftpd version 7.0,Linux,5.32
3306,SMB,SMB version 5.7,Unix,5.71
21,vsftpd,vsftpd version 6.4,Windows,3.86
80,LiteSpeed,LiteSpeed version 3.9,Unix,3.75
3306,MySQL,MySQL version 9.5,Unix,5.81
3306,PostgreSQL,PostgreSQL version 9.1,Windows,4.04
80,Apache,Apache version 5.5,Linux,1.81
3306,PostgreSQL,PostgreSQL version 8.3,Windows,4.43
21,vsftpd,vsftpd version 5.2,Unix,2.19
3306,MongoDB,MongoDB version 8.3,Linux,7.78
21,vsftpd,vsftpd version 2.4,Linux,3.05
21,ProFTPD,ProFTPD version 2.3,Unix,6.26
3306,MongoDB,MongoDB version 5.5,Linux,4.89
80,Apache,Apache version 1.8,Windows,4.07
3306,RDP,RDP version 5.9,Windows,6.06
80,Apache,Apache version 6.6,Windows,5.13
3306,MongoDB,MongoDB version 5.4,Windows,6.79
3306,MariaDB,MariaDB version 7.4,Unix,5.65
22,OpenSSH,OpenSSH version 6.4,Windows,6.72
3306,MongoDB,MongoDB version 1.7,Windows,2.93
21,ProFTPD,ProFTPD version 4.4,Unix,6.98
3306,RDP,RDP version 2.2,Windows,6.73
80,Apache,Apache version 2.9,Unix,5.03
3306,Redis,Redis version 8.4,Windows,6.56
3306,SMB,SMB version 2.2,Linux,6.17
3306,PostgreSQL,PostgreSQL version 2.0,Unix,3.89
80,Apache,Apache version 2.8,Unix,5.3
80,Apache,Apache version 8.9,Windows,1.83
22,OpenSSH,OpenSSH version 4.2,Windows,4.14
21,ProFTPD,ProFTPD version 8.3,Linux,6.3
3306,RDP,RDP version 5.5,Linux,5.12
3306,RDP,RDP version 2.1,Linux,8.09
3306,MongoDB,MongoDB version 9.1,Windows,2.91
3306,SMB,SMB version 4.2,Unix,6.3
80,LiteSpeed,LiteSpeed version 5.8,Linux,4.94
3306,PostgreSQL,PostgreSQL version 9.0,Windows,6.53
3306,Redis,Redis version 3.2,Unix,4.48
21,vsftpd,vsftpd version 5.7,Windows,5.9
3306,RDP,RDP version 3.9,Unix,7.55
80,nginx,nginx version 6.5,Windows,4.69
80,nginx,nginx version 8.8,Unix,2.87
21,vsftpd,vsftpd version 8.6,Linux,2.35
80,Apache,Apache version 7.1,Linux,4.66
21,ProFTPD,ProFTPD version 4.4,Windows,5.69
3306,MongoDB,MongoDB version 8.1,Windows,5.88
21,vsftpd,vsftpd version 3.6,Linux,5.62
80,LiteSpeed,LiteSpeed version 9.4,Windows,4.22
80,LiteSpeed,LiteSpeed version 7.2,Linux,2.76
3306,MySQL,MySQL version 2.5,Unix,5.27
3306,PostgreSQL,PostgreSQL version 6.6,Linux,2.97
3306,RDP,RDP version 1.6,Linux,5.36
3306,MariaDB,MariaDB version 1.4,Windows,3.03
80,nginx,nginx version 7.3,Windows,4.29
3306,PostgreSQL,PostgreSQL version 1.4,Linux,6.26
3306,SMB,SMB version 3.4,Unix,6.49
3306,MySQL,MySQL version 1.7,Windows,3.84
80,nginx,nginx version 3.2,Windows,2.21
3306,Redis,Redis version 5.0,Windows,5.33
3306,SMB,SMB version 2.4,Unix,5.33
21,vsftpd,vsftpd version 1.0,Windows,4.68
3306,MongoDB,MongoDB version 2.4,Windows,3.97
21,ProFTPD,ProFTPD version 6.0,Windows,7.76
21,ProFTPD,ProFTPD version 4.2,Windows,6.26
22,OpenSSH,OpenSSH version 9.4,Linux,4.41
3306,SMB,SMB version 4.6,Linux,7.23
3306,PostgreSQL,PostgreSQL version 6.7,Windows,7.66
80,Apache,Apache version 9.7,Unix,5.83
3306,MariaDB,MariaDB version 7.2,Windows,4.37
80,Apache,Apache version 4.2,Unix,4.5
3306,PostgreSQL,PostgreSQL version 4.2,Unix,3.71
3306,PostgreSQL,PostgreSQL version 3.8,Windows,3.08
22,OpenSSH,OpenSSH version 6.0,Linux,3.67
80,nginx,nginx version 9.0,Linux,3.34
21,ProFTPD,ProFTPD version 6.0,Windows,7.48
3306,MariaDB,MariaDB version 3.4,Linux,2.89
80,LiteSpeed,LiteSpeed version 2.0,Windows,6.5
80,Apache,Apache version 2.8,Linux,5.63
3306,MongoDB,MongoDB version 5.2,Windows,4.53
80,Apache,Apache version 6.5,Windows,4.5
80,LiteSpeed,LiteSpeed version 3.8,Linux,3.66
22,OpenSSH,OpenSSH version 6.8,Windows,4.91
3306,MariaDB,MariaDB version 2.4,Unix,6.13
21,ProFTPD,ProFTPD version 2.6,Unix,5.45
22,OpenSSH,OpenSSH version 8.4,Windows,2.2
3306,SMB,SMB version 6.1,Windows,7.55
3306,Redis,Redis version 4.1,Linux,4.99
3306,SMB,SMB version 5.6,Linux,4.82
3306,MariaDB,MariaDB version 6.3,Unix,3.4
80,Apache,Apache version 7.7,Unix,3.21
80,LiteSpeed,LiteSpeed version 5.9,Windows,3.41
3306,PostgreSQL,PostgreSQL version 3.2,Unix,4.01
22,OpenSSH,OpenSSH version 2.8,Linux,4.1
3306,PostgreSQL,PostgreSQL version 9.0,Unix,3.52
80,nginx,nginx version 4.4,Linux,3.36
3306,MariaDB,MariaDB version 6.0,Windows,4.16
21,ProFTPD,ProFTPD version 4.5,Windows,6.75
3306,PostgreSQL,PostgreSQL version 6.3,Windows,4.03
80,nginx,nginx version 3.3,Linux,6.24
3306,SMB,SMB version 8.0,Linux,7.26
3306,SMB,SMB version 6.1,Unix,4.11
3306,Redis,Redis version 8.7,Linux,5.29
3306,MySQL,MySQL version 6.8,Windows,5.41
3306,RDP,RDP version 4.1,Unix,5.85
3306,MongoDB,MongoDB version 5.0,Unix,2.26
22,OpenSSH,OpenSSH version 6.3,Linux,4.51
3306,MySQL,MySQL version 2.4,Linux,4.49
3306,RDP,RDP version 2.9,Unix,4.82
3306,MongoDB,MongoDB version 6.2,Unix,2.32
3306,MongoDB,MongoDB version 4.6,Windows,4.37
3306,MariaDB,MariaDB version 8.3,Unix,4.15
3306,MySQL,MySQL version 4.9,Linux,3.87
22,OpenSSH,OpenSSH version 7.8,Unix,4.37
3306,RDP,RDP version 5.7,Unix,4.85
3306,MySQL,MySQL version 4.0,Unix,3.85
80,Apache,Apache version 8.0,Linux,5.3
21,vsftpd,vsftpd version 6.5,Linux,3.98
3306,MariaDB,MariaDB version 6.8,Unix,1.99
80,nginx,nginx version 6.1,Linux,3.79
80,nginx,nginx version 5.7,Windows,2.89
80,Apache,Apache version 7.9,Windows,4.9
21,vsftpd,vsftpd version 4.1,Windows,4.98
80,nginx,nginx version 9.2,Windows,2.01
3306,SMB,SMB version 7.9,Unix,7.64
21,ProFTPD,ProFTPD version 5.9,Windows,4.83
3306,Redis,Redis version 1.2,Unix,6.84
3306,Redis,Redis version 2.3,Windows,4.43
3306,MongoDB,MongoDB version 8.8,Linux,2.63
22,OpenSSH,OpenSSH version 7.8,Unix,2.79
80,LiteSpeed,LiteSpeed version 3.2,Linux,5.02
21,ProFTPD,ProFTPD version 8.6,Linux,5.91
3306,PostgreSQL,PostgreSQL version 4.5,Linux,4.36
3306,RDP,RDP version 1.6,Unix,8.92
3306,RDP,RDP version 5.3,Unix,5.45
3306,PostgreSQL,PostgreSQL version 7.4,Windows,4.59
3306,RDP,RDP version 2.9,Windows,8.63
3306,MariaDB,MariaDB version 5.4,Unix,4.91
3306,MySQL,MySQL version 5.5,Windows,2.09
3306,MongoDB,MongoDB version 6.9,Linux,5.26
21,ProFTPD,ProFTPD version 7.0,Unix,4.76
21,ProFTPD,ProFTPD version 6.2,Unix,8.61
3306,PostgreSQL,PostgreSQL version 2.4,Unix,3.27
3306,SMB,SMB version 8.4,Unix,10.0
3306,MariaDB,MariaDB version 6.4,Unix,6.7
3306,SMB,SMB version 6.0,Linux,5.31
80,nginx,nginx version 5.3,Linux,4.53
80,Apache,Apache version 3.7,Windows,5.63
21,ProFTPD,ProFTPD version 5.7,Windows,7.68
22,OpenSSH,OpenSSH version 4.7,Linux,5.16
3306,MariaDB,MariaDB version 8.0,Windows,6.38
3306,RDP,RDP version 8.3,Linux,6.32
80,Apache,Apache version 1.7,Linux,3.95
3306,MariaDB,MariaDB version 6.1,Unix,3.98
3306,SMB,SMB version 5.6,Unix,7.79
80,LiteSpeed,LiteSpeed version 1.7,Windows,5.05
3306,SMB,SMB version 4.0,Windows,6.94
3306,SMB,SMB version 9.9,Linux,7.69
80,Apache,Apache version 6.5,Unix,1.42
3306,SMB,SMB version 8.4,Windows,6.97
3306,RDP,RDP version 1.9,Linux,6.83
3306,SMB,SMB version 4.8,Unix,9.0
3306,MariaDB,MariaDB version 6.6,Linux,2.21
21,vsftpd,vsftpd version 9.3,Windows,6.84
21,ProFTPD,ProFTPD version 9.1,Unix,6.61
3306,Redis,Redis version 6.2,Unix,5.23
80,LiteSpeed,LiteSpeed version 6.1,Unix,7.01
3306,PostgreSQL,PostgreSQL version 6.5,Windows,5.34
3306,Redis,Redis version 6.7,Linux,5.1
3306,MariaDB,MariaDB version 2.3,Linux,4.86
3306,PostgreSQL,PostgreSQL version 8.7,Windows,3.77
3306,Redis,Redis version 1.0,Unix,4.46
80,LiteSpeed,LiteSpeed version 7.5,Windows,3.43
3306,MongoDB,MongoDB version 2.1,Windows,4.43
21,vsftpd,vsftpd version 9.3,Unix,1.0
22,OpenSSH,OpenSSH version 1.0,Linux,5.14
3306,PostgreSQL,PostgreSQL version 3.3,Windows,4.32
3306,MySQL,MySQL version 3.3,Linux,4.0
3306,Redis,Redis version 1.9,Windows,4.83
3306,PostgreSQL,PostgreSQL version 4.5,Linux,2.35
3306,MongoDB,MongoDB version 9.0,Unix,7.39
3306,PostgreSQL,PostgreSQL version 9.5,Linux,4.35
21,vsftpd,vsftpd version 5.7,Linux,4.28
80,nginx,nginx version 7.2,Windows,3.05
80,nginx,nginx version 1.7,Unix,4.54
21,ProFTPD,ProFTPD version 5.7,Windows,8.58
3306,PostgreSQL,PostgreSQL version 9.7,Windows,6.05
21,vsftpd,vsftpd version 1.1,Linux,5.78
80,nginx,nginx version 4.5,Linux,5.32
3306,RDP,RDP version 3.8,Unix,5.96
3306,MongoDB,MongoDB version 1.7,Unix,2.32
3306,MySQL,MySQL version 4.3,Windows,4.2
80,nginx,nginx version 8.2,Windows,4.15
3306,RDP,RDP version 8.0,Linux,8.07
22,OpenSSH,OpenSSH version 1.8,Linux,4.96
80,nginx,nginx version 7.7,Linux,6.92
21,vsftpd,vsftpd version 4.0,Windows,6.3
3306,RDP,RDP version 1.9,Windows,5.82
3306,RDP,RDP version 7.6,Windows,3.81
22,OpenSSH,OpenSSH version 9.3,Linux,6.58
21,vsftpd,vsftpd version 2.3,Linux,6.54
21,ProFTPD,ProFTPD version 6.9,Windows,4.45
21,ProFTPD,ProFTPD version 6.1,Windows,8.76
3306,Redis,Redis version 2.9,Unix,5.07
3306,MariaDB,MariaDB version 3.2,Windows,4.74
21,vsftpd,vsftpd version 6.7,Windows,6.92
3306,PostgreSQL,PostgreSQL version 5.8,Linux,6.52
3306,MongoDB,MongoDB version 5.2,Windows,5.48
21,vsftpd,vsftpd version 7.3,Unix,5.21
80,Apache,Apache version 5.8,Linux,5.42
22,OpenSSH,OpenSSH version 6.3,Unix,3.9
3306,RDP,RDP version 4.6,Linux,6.42
3306,MongoDB,MongoDB version 7.6,Linux,3.15
22,OpenSSH,OpenSSH version 7.4,Windows,4.0
3306,Redis,Redis version 9.6,Unix,3.95
21,vsftpd,vsftpd version 8.5,Linux,3.55
21,ProFTPD,ProFTPD version 6.1,Linux,6.71
3306,SMB,SMB version 1.3,Unix,6.01
80,Apache,Apache version 8.0,Linux,5.25
3306,PostgreSQL,PostgreSQL version 9.4,Windows,2.07
80,nginx,nginx version 5.0,Linux,4.33
3306,RDP,RDP version 1.9,Linux,6.7
3306,MariaDB,MariaDB version 2.8,Linux,4.03
80,LiteSpeed,LiteSpeed version 3.9,Linux,4.24
80,LiteSpeed,LiteSpeed version 8.3,Linux,2.12
21,ProFTPD,ProFTPD version 1.6,Windows,7.03
3306,MySQL,MySQL version 3.0,Windows,5.47
3306,SMB,SMB version 1.0,Linux,7.24
80,nginx,nginx version 4.7,Windows,6.06
3306,RDP,RDP version 5.0,Windows,6.8
80,nginx,nginx version 4.0,Windows,5.22
3306,PostgreSQL,PostgreSQL version 2.1,Linux,4.73
80,nginx,nginx version 3.0,Windows,5.53
80,nginx,nginx version 7.5,Linux,2.13
3306,RDP,RDP version 9.7,Linux,5.16
21,vsftpd,vsftpd version 1.6,Unix,6.88
21,vsftpd,vsftpd version 1.5,Windows,0.81
22,OpenSSH,OpenSSH version 6.7,Unix,4.29
21,vsftpd,vsftpd version 7.0,Linux,6.26
21,ProFTPD,ProFTPD version 6.7,Unix,6.36
3306,SMB,SMB version 2.3,Unix,5.89
21,vsftpd,vsftpd version 9.8,Linux,4.69
3306,SMB,SMB version 6.8,Unix,5.97
80,Apache,Apache version 3.6,Windows,4.55
3306,Redis,Redis version 2.9,Windows,3.47
22,OpenSSH,OpenSSH version 9.9,Windows,6.16
80,Apache,Apache version 9.1,Windows,6.63
80,Apache,Apache version 3.6,Linux,4.3
21,ProFTPD,ProFTPD version 3.0,Windows,4.42
21,ProFTPD,ProFTPD version 6.2,Unix,5.71
3306,RDP,RDP version 7.0,Linux,6.22
3306,PostgreSQL,PostgreSQL version 9.9,Linux,5.26
3306,PostgreSQL,PostgreSQL version 8.6,Unix,2.99
80,LiteSpeed,LiteSpeed version 6.3,Windows,3.35
21,vsftpd,vsftpd version 8.7,Unix,5.27
3306,MongoDB,MongoDB version 9.0,Linux,5.91
3306,PostgreSQL,PostgreSQL version 7.5,Linux,3.57
3306,MongoDB,MongoDB version 5.7,Unix,2.5
3306,SMB,SMB version 8.7,Unix,10.0
3306,PostgreSQL,PostgreSQL version 4.5,Windows,5.67
21,vsftpd,vsftpd version 5.7,Linux,4.1
80,Apache,Apache version 1.3,Windows,5.8
21,vsftpd,vsftpd version 6.8,Unix,4.31
80,LiteSpeed,LiteSpeed version 3.0,Windows,5.8
22,OpenSSH,OpenSSH version 7.3,Windows,4.74
22,OpenSSH,OpenSSH version 9.9,Unix,4.64
3306,SMB,SMB version 5.6,Windows,6.33
3306,MariaDB,MariaDB version 8.8,Windows,2.33
21,vsftpd,vsftpd version 6.2,Windows,7.41
22,OpenSSH,OpenSSH version 1.9,Windows,3.09
22,OpenSSH,OpenSSH version 1.6,Unix,2.46
80,LiteSpeed,LiteSpeed version 3.9,Windows,4.18
80,LiteSpeed,LiteSpeed version 4.1,Unix,3.06
21,vsftpd,vsftpd version 6.5,Windows,4.42
3306,RDP,RDP version 2.5,Linux,7.53
3306,Redis,Redis version 3.2,Unix,5.99
80,nginx,nginx version 7.2,Linux,5.72
3306,Redis,Redis version 7.1,Unix,4.04
3306,RDP,RDP version 6.0,Unix,6.57
3306,SMB,SMB version 3.5,Linux,7.11
80,Apache,Apache version 9.4,Unix,1.86
3306,MongoDB,MongoDB version 1.1,Windows,5.36
80,LiteSpeed,LiteSpeed version 9.1,Windows,2.31
80,LiteSpeed,LiteSpeed version 8.9,Windows,7.56
21,ProFTPD,ProFTPD version 6.5,Unix,5.89
3306,MySQL,MySQL version 8.4,Unix,4.22
80,LiteSpeed,LiteSpeed version 3.8,Unix,3.35
3306,MongoDB,MongoDB version 5.6,Unix,3.56
3306,MySQL,MySQL version 3.8,Linux,7.91
22,OpenSSH,OpenSSH version 1.8,Windows,5.91
21,vsftpd,vsftpd version 6.4,Windows,2.18
21,ProFTPD,ProFTPD version 7.6,Windows,8.76
3306,MongoDB,MongoDB version 8.1,Unix,6.29
3306,Redis,Redis version 6.4,Windows,4.08
21,vsftpd,vsftpd version 2.0,Windows,4.96
80,nginx,nginx version 7.8,Linux,4.48
80,nginx,nginx version 6.6,Linux,7.46
3306,MongoDB,MongoDB version 5.0,Unix,3.31
3306,MySQL,MySQL version 6.3,Windows,4.72
80,nginx,nginx version 5.0,Linux,3.86
3306,MySQL,MySQL version 9.7,Windows,2.35
80,Apache,Apache version 4.1,Linux,7.79
80,Apache,Apache version 5.8,Linux,2.73
21,vsftpd,vsftpd version 8.2,Unix,4.83
3306,Redis,Redis version 4.5,Windows,1.89
80,LiteSpeed,LiteSpeed version 6.1,Unix,3.9
3306,RDP,RDP version 8.1,Linux,7.13
21,vsftpd,vsftpd version 2.7,Windows,3.26
3306,MongoDB,MongoDB version 3.4,Linux,5.38
3306,Redis,Redis version 1.7,Windows,4.1
80,nginx,nginx version 5.9,Unix,6.24
22,OpenSSH,OpenSSH version 4.8,Windows,6.54
21,vsftpd,vsftpd version 1.8,Unix,3.62
3306,MongoDB,MongoDB version 5.3,Windows,4.62
3306,MariaDB,MariaDB version 3.0,Windows,4.78
80,Apache,Apache version 3.1,Windows,5.43
80,nginx,nginx version 5.3,Unix,4.52
3306,Redis,Redis version 5.5,Windows,4.79
22,OpenSSH,OpenSSH version 3.6,Unix,4.13
3306,PostgreSQL,PostgreSQL version 4.9,Linux,4.67
3306,Redis,Redis version 9.7,Windows,6.45
3306,Redis,Redis version 5.9,Linux,5.47
3306,Redis,Redis version 4.0,Linux,5.55
22,OpenSSH,OpenSSH version 4.1,Linux,5.58
3306,MariaDB,MariaDB version 1.1,Windows,4.27
80,Apache,Apache version 4.0,Windows,4.98
80,Apache,Apache version 4.9,Linux,2.87
80,Apache,Apache version 7.3,Linux,6.4
3306,Redis,Redis version 8.5,Unix,0.33
22,OpenSSH,OpenSSH version 7.6,Linux,4.37
3306,MySQL,MySQL version 6.6,Linux,6.21
3306,MongoDB,MongoDB version 3.9,Unix,2.45
3306,RDP,RDP version 8.0,Windows,7.1
3306,PostgreSQL,PostgreSQL version 2.7,Unix,3.48
3306,RDP,RDP version 4.3,Windows,5.95
80,Apache,Apache version 9.5,Windows,5.92
22,OpenSSH,OpenSSH version 8.5,Windows,4.8
3306,SMB,SMB version 4.5,Windows,3.45
22,OpenSSH,OpenSSH version 9.5,Windows,3.04
3306,MariaDB,MariaDB version 5.3,Linux,5.96
21,vsftpd,vsftpd version 2.0,Windows,5.17
3306,MongoDB,MongoDB version 8.0,Unix,7.12
22,OpenSSH,OpenSSH version 8.6,Linux,7.02
3306,RDP,RDP version 1.4,Linux,5.99
3306,SMB,SMB version 2.1,Unix,10.0
3306,MongoDB,MongoDB version 1.6,Unix,4.54
3306,MySQL,MySQL version 2.8,Windows,3.06
3306,Redis,Redis version 8.4,Unix,3.55
80,Apache,Apache version 3.2,Linux,1.11
3306,MongoDB,MongoDB version 1.4,Windows,6.91
3306,PostgreSQL,PostgreSQL version 4.5,Linux,6.89
21,vsftpd,vsftpd version 3.0,Unix,2.98
80,Apache,Apache version 9.1,Linux,4.16
80,Apache,Apache version 8.6,Linux,4.64
80,nginx,nginx version 4.1,Linux,3.06
21,vsftpd,vsftpd version 6.2,Linux,1.87
3306,PostgreSQL,PostgreSQL version 9.0,Windows,4.18
80,nginx,nginx version 4.9,Linux,4.02
3306,MongoDB,MongoDB version 2.0,Linux,3.92
80,Apache,Apache version 5.4,Windows,4.83
21,vsftpd,vsftpd version 2.7,Linux,6.64
3306,MongoDB,MongoDB version 9.1,Unix,4.05
80,Apache,Apache version 3.6,Linux,4.76
3306,MariaDB,MariaDB version 3.6,Linux,5.59
3306,MariaDB,MariaDB version 5.5,Linux,5.33
21,ProFTPD,ProFTPD version 9.5,Unix,5.58
80,LiteSpeed,LiteSpeed version 3.6,Unix,4.64
3306,MySQL,MySQL version 9.9,Unix,5.32
3306,PostgreSQL,PostgreSQL version 3.9,Windows,2.81
3306,RDP,RDP version 7.7,Linux,8.4
22,OpenSSH,OpenSSH version 9.0,Unix,6.65
80,nginx,nginx version 7.4,Unix,3.42
80,Apache,Apache version 8.1,Unix,4.79
3306,RDP,RDP version 3.7,Linux,7.46
21,ProFTPD,ProFTPD version 2.1,Unix,5.68
3306,RDP,RDP version 7.8,Windows,7.22
80,Apache,Apache version 1.6,Windows,4.74
3306,PostgreSQL,PostgreSQL version 4.6,Windows,2.3
80,nginx,nginx version 6.6,Unix,5.19
3306,Redis,Redis version 3.2,Unix,2.85
3306,MariaDB,MariaDB version 6.3,Linux,5.91
3306,SMB,SMB version 6.1,Linux,5.49
3306,RDP,RDP version 5.6,Linux,6.26
3306,RDP,RDP version 9.7,Windows,8.56
3306,MongoDB,MongoDB version 3.7,Windows,5.24
3306,MongoDB,MongoDB version 2.1,Unix,2.88
21,vsftpd,vsftpd version 7.4,Windows,2.98
3306,Redis,Redis version 5.1,Unix,3.6
21,ProFTPD,ProFTPD version 6.5,Windows,7.09
3306,MariaDB,MariaDB version 9.1,Unix,5.04
21,vsftpd,vsftpd version 6.4,Linux,3.24
3306,PostgreSQL,PostgreSQL version 3.0,Windows,2.75
3306,Redis,Redis version 3.2,Linux,4.92
21,ProFTPD,ProFTPD version 9.7,Unix,6.23
3306,Redis,Redis version 8.4,Linux,7.74
3306,MariaDB,MariaDB version 7.7,Windows,4.55
3306,PostgreSQL,PostgreSQL version 7.4,Linux,7.22
3306,RDP,RDP version 5.1,Linux,4.74
80,LiteSpeed,LiteSpeed version 9.2,Windows,2.14
80,Apache,Apache version 6.8,Linux,2.82
3306,MySQL,MySQL version 7.4,Linux,6.28
80,nginx,nginx version 1.1,Linux,7.13
21,vsftpd,vsftpd version 7.7,Unix,3.33
3306,SMB,SMB version 3.3,Windows,5.81
3306,PostgreSQL,PostgreSQL version 9.1,Unix,2.75
21,ProFTPD,ProFTPD version 2.6,Linux,3.78
80,LiteSpeed,LiteSpeed version 5.0,Linux,5.58
3306,RDP,RDP version 7.9,Linux,6.83
21,vsftpd,vsftpd version 1.5,Windows,4.52
3306,MariaDB,MariaDB version 3.2,Unix,2.4
22,OpenSSH,OpenSSH version 3.9,Windows,6.96
21,vsftpd,vsftpd version 9.8,Unix,3.74
3306,SMB,SMB version 8.0,Linux,7.3
22,OpenSSH,OpenSSH version 2.2,Linux,2.32
80,Apache,Apache version 1.4,Linux,4.21
3306,MariaDB,MariaDB version 8.3,Windows,4.94
3306,SMB,SMB version 8.9,Linux,6.99
3306,SMB,SMB version 4.7,Windows,6.73
21,ProFTPD,ProFTPD version 8.2,Unix,7.24
80,LiteSpeed,LiteSpeed version 4.3,Linux,2.8
21,ProFTPD,ProFTPD version 9.6,Linux,6.8
21,vsftpd,vsftpd version 9.6,Unix,4.67
21,vsftpd,vsftpd version 3.1,Unix,4.85
3306,PostgreSQL,PostgreSQL version 3.6,Unix,4.61
3306,MongoDB,MongoDB version 9.4,Linux,2.59
3306,PostgreSQL,PostgreSQL version 7.1,Linux,2.52
3306,MongoDB,MongoDB version 1.4,Windows,1.18
80,Apache,Apache version 5.5,Unix,5.73
3306,MariaDB,MariaDB version 2.8,Windows,5.74
3306,PostgreSQL,PostgreSQL version 4.0,Windows,5.77
3306,MongoDB,MongoDB version 7.3,Linux,4.96
3306,RDP,RDP version 7.6,Unix,3.3
3306,MySQL,MySQL version 1.0,Windows,2.96
3306,MySQL,MySQL version 9.9,Unix,4.76
3306,Redis,Redis version 2.6,Linux,4.7
3306,Redis,Redis version 1.8,Linux,4.17
21,ProFTPD,ProFTPD version 1.7,Unix,7.05
3306,MySQL,MySQL version 7.7,Linux,4.52
80,nginx,nginx version 3.5,Windows,4.68
3306,RDP,RDP version 9.3,Unix,5.54
3306,SMB,SMB version 1.6,Linux,7.97
21,vsftpd,vsftpd version 9.2,Linux,3.85
80,nginx,nginx version 6.8,Linux,2.5
3306,Redis,Redis version 8.4,Unix,3.34
3306,MariaDB,MariaDB version 2.5,Windows,3.98
3306,MariaDB,MariaDB version 9.5,Windows,5.99
3306,SMB,SMB version 6.8,Linux,6.44
80,Apache,Apache version 4.2,Unix,4.22
3306,Redis,Redis version 1.0,Unix,2.63
3306,Redis,Redis version 8.6,Unix,5.68
3306,MongoDB,MongoDB version 9.1,Linux,3.52
3306,MongoDB,MongoDB version 1.0,Unix,4.35
80,LiteSpeed,LiteSpeed version 5.0,Linux,6.72
21,ProFTPD,ProFTPD version 6.6,Linux,7.26
3306,MariaDB,MariaDB version 4.5,Windows,2.06
3306,Redis,Redis version 3.1,Windows,1.85
80,nginx,nginx version 9.4,Windows,4.4
3306,MariaDB,MariaDB version 1.0,Linux,2.68
80,LiteSpeed,LiteSpeed version 4.0,Windows,5.47
3306,MariaDB,MariaDB version 9.5,Linux,4.56
3306,MongoDB,MongoDB version 1.8,Windows,4.75
3306,Redis,Redis version 9.6,Windows,3.44
21,vsftpd,vsftpd version 7.8,Windows,7.11
80,nginx,nginx version 5.8,Windows,8.76
80,Apache,Apache version 3.1,Linux,4.08
21,ProFTPD,ProFTPD version 2.0,Unix,7.03
21,vsftpd,vsftpd version 1.0,Windows,4.65
3306,PostgreSQL,PostgreSQL version 1.3,Unix,4.11
3306,MongoDB,MongoDB version 1.1,Windows,3.25
3306,SMB,SMB version 7.9,Linux,4.87
80,nginx,nginx version 1.7,Unix,2.8
80,LiteSpeed,LiteSpeed version 9.2,Linux,5.11
3306,MySQL,MySQL version 6.5,Unix,3.72
80,LiteSpeed,LiteSpeed version 7.5,Linux,0.63
3306,MySQL,MySQL version 7.3,Windows,5.17
3306,PostgreSQL,PostgreSQL version 8.8,Unix,4.44
80,Apache,Apache version 4.8,Linux,6.52
3306,MySQL,MySQL version 7.4,Linux,5.06
80,Apache,Apache version 1.2,Linux,2.28
3306,MariaDB,MariaDB version 8.5,Unix,1.16
3306,RDP,RDP version 7.0,Linux,5.42
21,vsftpd,vsftpd version 3.4,Linux,3.56
80,LiteSpeed,LiteSpeed version 4.2,Linux,5.91
3306,MariaDB,MariaDB version 9.2,Unix,4.49
3306,MongoDB,MongoDB version 6.3,Unix,6.2
3306,MariaDB,MariaDB version 7.1,Linux,2.51
80,Apache,Apache version 8.4,Linux,5.95
21,vsftpd,vsftpd version 8.5,Unix,5.58
80,nginx,nginx version 8.7,Linux,1.47
3306,MySQL,MySQL version 5.9,Linux,6.48
3306,SMB,SMB version 1.4,Windows,6.64
3306,RDP,RDP version 6.2,Linux,7.09
80,LiteSpeed,LiteSpeed version 6.7,Linux,3.2
21,vsftpd,vsftpd version 9.4,Unix,6.41
3306,SMB,SMB version 3.3,Windows,4.72
80,LiteSpeed,LiteSpeed version 7.7,Windows,5.75
80,Apache,Apache version 1.9,Linux,5.73
80,Apache,Apache version 3.6,Linux,3.04
3306,MariaDB,MariaDB version 9.6,Unix,7.48
22,OpenSSH,OpenSSH version 5.1,Linux,4.85
3306,SMB,SMB version 2.6,Linux,7.48
3306,PostgreSQL,PostgreSQL version 6.1,Unix,2.21
22,OpenSSH,OpenSSH version 2.8,Windows,7.68
3306,PostgreSQL,PostgreSQL version 5.5,Windows,2.66
3306,MongoDB,MongoDB version 4.1,Unix,6.04
80,nginx,nginx version 4.1,Unix,3.01
3306,PostgreSQL,PostgreSQL version 1.9,Unix,3.57
21,vsftpd,vsftpd version 8.4,Windows,5.68
80,LiteSpeed,LiteSpeed version 8.0,Linux,6.04
22,OpenSSH,OpenSSH version 5.8,Windows,2.59
21,ProFTPD,ProFTPD version 1.2,Linux,8.14
80,LiteSpeed,LiteSpeed version 8.9,Unix,6.07
3306,MariaDB,MariaDB version 3.3,Windows,3.09
3306,SMB,SMB version 4.7,Windows,8.9
80,Apache,Apache version 6.9,Unix,2.31
3306,RDP,RDP version 8.5,Unix,5.56
3306,PostgreSQL,PostgreSQL version 7.0,Linux,5.22
3306,PostgreSQL,PostgreSQL version 3.7,Linux,3.22
3306,RDP,RDP version 1.4,Unix,6.9
3306,MariaDB,MariaDB version 9.8,Linux,4.86
3306,SMB,SMB version 2.5,Linux,6.22
21,vsftpd,vsftpd version 5.9,Unix,5.75
80,Apache,Apache version 4.0,Linux,4.16
3306,Redis,Redis version 8.1,Windows,4.85
21,vsftpd,vsftpd version 6.7,Unix,6.22
22,OpenSSH,OpenSSH version 6.4,Unix,5.69
3306,PostgreSQL,PostgreSQL version 8.8,Linux,5.68
3306,PostgreSQL,PostgreSQL version 6.6,Unix,2.78
21,ProFTPD,ProFTPD version 4.3,Unix,7.29
3306,MySQL,MySQL version 1.6,Windows,3.18
21,vsftpd,vsftpd version 5.6,Unix,2.58
3306,MongoDB,MongoDB version 1.3,Linux,4.39
21,vsftpd,vsftpd version 5.4,Linux,3.14
80,nginx,nginx version 8.6,Windows,5.69
22,OpenSSH,OpenSSH version 4.4,Unix,5.72
3306,MySQL,MySQL version 7.0,Unix,1.65
3306,Redis,Redis version 8.2,Unix,3.26
3306,RDP,RDP version 4.3,Unix,4.31
3306,MongoDB,MongoDB version 5.9,Linux,3.81
80,nginx,nginx version 3.1,Unix,5.18
80,nginx,nginx version 6.8,Unix,4.14
3306,PostgreSQL,PostgreSQL version 6.6,Linux,3.62
80,nginx,nginx version 4.1,Windows,6.45
3306,MySQL,MySQL version 7.9,Unix,1.04
3306,SMB,SMB version 5.8,Unix,8.36
3306,PostgreSQL,PostgreSQL version 9.0,Unix,3.68
22,OpenSSH,OpenSSH version 3.8,Windows,4.38
3306,PostgreSQL,PostgreSQL version 9.7,Linux,3.71
80,LiteSpeed,LiteSpeed version 9.0,Linux,6.81
22,OpenSSH,OpenSSH version 7.9,Linux,2.65
21,ProFTPD,ProFTPD version 1.0,Unix,6.52
3306,MariaDB,MariaDB version 1.0,Windows,5.29
3306,MySQL,MySQL version 6.6,Linux,2.08
80,nginx,nginx version 9.0,Windows,3.12
3306,SMB,SMB version 9.7,Linux,6.28
80,nginx,nginx version 8.6,Linux,3.17
21,vsftpd,vsftpd version 8.4,Linux,3.28
3306,Redis,Redis version 5.4,Linux,3.98
22,OpenSSH,OpenSSH version 6.2,Windows,5.47
80,Apache,Apache version 1.5,Unix,3.99
21,vsftpd,vsftpd version 5.6,Linux,6.12
3306,MariaDB,MariaDB version 2.9,Linux,3.0
80,Apache,Apache version 5.1,Windows,2.62
3306,MongoDB,MongoDB version 9.6,Windows,7.39
21,vsftpd,vsftpd version 1.5,Unix,3.51
3306,MySQL,MySQL version 7.5,Unix,2.53
3306,SMB,SMB version 8.6,Windows,3.89
3306,MySQL,MySQL version 6.9,Unix,6.11
3306,RDP,RDP version 5.9,Linux,5.99
22,OpenSSH,OpenSSH version 2.3,Unix,4.12
80,nginx,nginx version 4.6,Windows,4.26
3306,MySQL,MySQL version 9.0,Unix,6.02
3306,SMB,SMB version 1.3,Windows,6.23
21,vsftpd,vsftpd version 1.0,Windows,8.02
3306,RDP,RDP version 7.8,Unix,6.7
3306,MariaDB,MariaDB version 8.1,Windows,6.09
3306,RDP,RDP version 4.6,Windows,7.71
3306,SMB,SMB version 2.7,Unix,6.45
3306,PostgreSQL,PostgreSQL version 6.7,Unix,3.62
3306,MySQL,MySQL version 9.7,Linux,5.0
80,Apache,Apache version 4.0,Windows,5.27
3306,PostgreSQL,PostgreSQL version 2.6,Windows,3.64
80,nginx,nginx version 5.2,Unix,4.75
21,ProFTPD,ProFTPD version 9.2,Linux,8.35
3306,Redis,Redis version 5.5,Linux,7.6
3306,RDP,RDP version 4.7,Windows,7.78
21,vsftpd,vsftpd version 1.1,Linux,7.29
80,LiteSpeed,LiteSpeed version 1.1,Unix,3.56
80,Apache,Apache version 7.6,Windows,5.55
3306,SMB,SMB version 8.0,Unix,8.51
21,vsftpd,vsftpd version 1.5,Linux,3.16
80,Apache,Apache version 3.9,Linux,3.77
3306,MariaDB,MariaDB version 3.5,Unix,7.11
21,vsftpd,vsftpd version 2.1,Linux,3.04
3306,SMB,SMB version 3.7,Linux,4.49
3306,PostgreSQL,PostgreSQL version 6.7,Linux,6.79
22,OpenSSH,OpenSSH version 1.1,Unix,6.3
3306,RDP,RDP version 2.2,Linux,7.15
80,nginx,nginx version 1.1,Unix,4.43
3306,SMB,SMB version 3.8,Linux,5.84
3306,Redis,Redis version 3.1,Windows,4.92
80,nginx,nginx version 9.6,Unix,6.87
80,Apache,Apache version 5.2,Windows,4.86
22,OpenSSH,OpenSSH version 3.8,Unix,7.75
21,vsftpd,vsftpd version 4.1,Unix,3.15
3306,RDP,RDP version 3.6,Windows,6.47
80,LiteSpeed,LiteSpeed version 5.1,Linux,3.94
21,vsftpd,vsftpd version 5.5,Linux,2.87
3306,PostgreSQL,PostgreSQL version 9.9,Unix,4.27
3306,MongoDB,MongoDB version 5.3,Windows,5.13
3306,RDP,RDP version 1.9,Linux,7.29
3306,RDP,RDP version 2.2,Windows,9.76
80,nginx,nginx version 7.7,Linux,5.2
3306,MongoDB,MongoDB version 5.5,Windows,6.23
3306,MongoDB,MongoDB version 8.0,Unix,4.6
3306,MySQL,MySQL version 8.8,Linux,7.02
3306,Redis,Redis version 6.5,Unix,8.1
80,LiteSpeed,LiteSpeed version 5.5,Unix,5.3
3306,RDP,RDP version 7.0,Linux,5.01
3306,RDP,RDP version 7.8,Linux,5.68
3306,MongoDB,MongoDB version 1.9,Linux,4.92
80,Apache,Apache version 9.8,Unix,5.18
3306,RDP,RDP version 7.7,Windows,7.55
21,ProFTPD,ProFTPD version 7.9,Windows,7.19
21,ProFTPD,ProFTPD version 2.3,Linux,6.51
21,vsftpd,vsftpd version 8.2,Linux,3.55
80,nginx,nginx version 5.2,Linux,5.1
80,nginx,nginx version 7.1,Windows,7.28
3306,MariaDB,MariaDB version 2.0,Unix,6.03
21,vsftpd,vsftpd version 9.4,Windows,5.3
3306,MongoDB,MongoDB version 5.1,Linux,6.04
3306,RDP,RDP version 1.2,Unix,5.94
3306,RDP,RDP version 2.5,Linux,5.74
21,ProFTPD,ProFTPD version 9.1,Unix,5.38
3306,Redis,Redis version 1.6,Unix,4.31
3306,MySQL,MySQL version 3.5,Linux,3.87
3306,Redis,Redis version 4.0,Unix,6.31
3306,PostgreSQL,PostgreSQL version 7.7,Linux,3.79
3306,MariaDB,MariaDB version 9.0,Linux,3.3
80,LiteSpeed,LiteSpeed version 5.1,Unix,7.41
80,nginx,nginx version 7.5,Windows,3.82
3306,PostgreSQL,PostgreSQL version 9.2,Windows,4.73
3306,MongoDB,MongoDB version 9.3,Unix,5.18
22,OpenSSH,OpenSSH version 2.1,Linux,2.79
3306,MySQL,MySQL version 6.1,Windows,6.35
80,nginx,nginx version 8.7,Linux,5.46
3306,RDP,RDP version 3.8,Windows,8.84
22,OpenSSH,OpenSSH version 3.5,Linux,3.48
80,Apache,Apache version 9.9,Unix,4.65
21,vsftpd,vsftpd version 7.9,Linux,4.56
21,ProFTPD,ProFTPD version 1.8,Unix,6.9
21,vsftpd,vsftpd version 2.7,Unix,2.32
80,LiteSpeed,LiteSpeed version 2.2,Windows,4.67
22,OpenSSH,OpenSSH version 9.6,Linux,2.36
3306,MySQL,MySQL version 7.2,Linux,5.04
21,ProFTPD,ProFTPD version 3.2,Windows,3.31
3306,Redis,Redis version 2.6,Unix,1.72
3306,PostgreSQL,PostgreSQL version 3.9,Linux,5.73
3306,PostgreSQL,PostgreSQL version 7.6,Windows,3.68
3306,SMB,SMB version 9.3,Unix,5.02
3306,MongoDB,MongoDB version 8.8,Unix,6.41
80,Apache,Apache version 5.4,Windows,4.99
3306,SMB,SMB version 2.5,Windows,7.81
80,LiteSpeed,LiteSpeed version 5.0,Linux,4.25
21,ProFTPD,ProFTPD version 3.9,Unix,10.0
21,ProFTPD,ProFTPD version 9.4,Unix,5.59
3306,RDP,RDP version 8.4,Windows,9.12
22,OpenSSH,OpenSSH version 9.7,Unix,4.41
21,ProFTPD,ProFTPD version 6.3,Windows,4.02
3306,MariaDB,MariaDB version 9.6,Windows,5.22
3306,MySQL,MySQL version 2.3,Linux,4.97
80,Apache,Apache version 1.7,Windows,2.92
80,Apache,Apache version 7.9,Unix,3.12
80,LiteSpeed,LiteSpeed version 4.3,Linux,4.46
80,Apache,Apache version 9.1,Windows,5.02
3306,SMB,SMB version 4.5,Windows,2.79
80,Apache,Apache version 6.8,Windows,6.08
21,ProFTPD,ProFTPD version 1.3,Windows,5.76
80,LiteSpeed,LiteSpeed version 9.6,Unix,2.5
3306,MariaDB,MariaDB version 2.6,Windows,5.91
21,vsftpd,vsftpd version 5.7,Linux,4.46
80,nginx,nginx version 9.5,Windows,6.32
3306,PostgreSQL,PostgreSQL version 6.9,Unix,5.16
80,nginx,nginx version 7.8,Windows,4.5
80,nginx,nginx version 1.4,Unix,4.27
3306,Redis,Redis version 9.7,Windows,5.22
3306,Redis,Redis version 2.8,Linux,3.88
3306,MongoDB,MongoDB version 8.7,Windows,3.22
3306,RDP,RDP version 7.4,Unix,7.41
3306,MySQL,MySQL version 3.9,Windows,4.28
3306,MySQL,MySQL version 5.8,Linux,4.55
3306,MariaDB,MariaDB version 1.7,Windows,6.13
21,vsftpd,vsftpd version 7.6,Windows,4.33
21,ProFTPD,ProFTPD version 4.2,Unix,6.52
21,vsftpd,vsftpd version 9.7,Unix,3.6
3306,MariaDB,MariaDB version 3.6,Windows,5.15
3306,PostgreSQL,PostgreSQL version 3.3,Windows,5.02
3306,MongoDB,MongoDB version 3.8,Windows,5.85
3306,Redis,Redis version 7.8,Windows,3.63
3306,MySQL,MySQL version 4.0,Unix,3.81
80,LiteSpeed,LiteSpeed version 4.0,Windows,5.69
21,vsftpd,vsftpd version 2.7,Windows,4.88
22,OpenSSH,OpenSSH version 8.2,Unix,3.14
21,vsftpd,vsftpd version 4.8,Linux,6.46
3306,MongoDB,MongoDB version 3.7,Linux,1.95
21,vsftpd,vsftpd version 2.9,Unix,5.68
22,OpenSSH,OpenSSH version 3.5,Linux,2.6
21,vsftpd,vsftpd version 5.1,Unix,7.33
3306,MariaDB,MariaDB version 8.3,Windows,2.18
21,ProFTPD,ProFTPD version 4.1,Linux,8.23
21,vsftpd,vsftpd version 4.4,Windows,4.38
3306,RDP,RDP version 2.3,Linux,5.95
80,Apache,Apache version 7.2,Windows,4.78
80,LiteSpeed,LiteSpeed version 3.8,Unix,5.45
3306,PostgreSQL,PostgreSQL version 5.1,Unix,3.14
3306,MySQL,MySQL version 9.2,Windows,3.28
3306,MongoDB,MongoDB version 2.3,Unix,5.47
3306,PostgreSQL,PostgreSQL version 4.1,Unix,1.94
3306,SMB,SMB version 8.9,Linux,5.62
3306,RDP,RDP version 8.1,Linux,10.0
21,vsftpd,vsftpd version 5.4,Windows,3.05
3306,MariaDB,MariaDB version 5.9,Unix,6.22
3306,PostgreSQL,PostgreSQL version 5.8,Unix,3.62
3306,MongoDB,MongoDB version 7.4,Windows,5.26
3306,MariaDB,MariaDB version 4.4,Linux,5.48
3306,PostgreSQL,PostgreSQL version 8.4,Unix,6.19
3306,Redis,Redis version 7.1,Linux,4.2
3306,Redis,Redis version 4.4,Unix,7.48
21,ProFTPD,ProFTPD version 7.7,Linux,5.62
3306,RDP,RDP version 2.3,Linux,6.85
80,nginx,nginx version 2.5,Unix,4.87
21,vsftpd,vsftpd version 2.1,Unix,2.82
80,LiteSpeed,LiteSpeed version 6.6,Unix,4.07
3306,Redis,Redis version 6.5,Windows,4.74
21,vsftpd,vsftpd version 1.5,Unix,3.85
22,OpenSSH,OpenSSH version 7.5,Windows,8.16
21,ProFTPD,ProFTPD version 8.4,Windows,5.24
80,nginx,nginx version 3.1,Windows,6.27
3306,MongoDB,MongoDB version 3.5,Unix,5.78
80,Apache,Apache version 9.9,Windows,4.48
3306,MongoDB,MongoDB version 6.5,Unix,3.2
80,Apache,Apache version 1.1,Linux,3.35
80,Apache,Apache version 2.0,Windows,3.72
3306,SMB,SMB version 8.6,Unix,3.82
21,vsftpd,vsftpd version 5.6,Linux,2.99
3306,RDP,RDP version 7.2,Unix,4.28
80,Apache,Apache version 3.4,Linux,6.52
80,Apache,Apache version 6.9,Linux,5.43
21,vsftpd,vsftpd version 6.8,Windows,5.68
3306,RDP,RDP version 5.1,Windows,7.38
3306,Redis,Redis version 2.0,Linux,4.75
80,LiteSpeed,LiteSpeed version 1.9,Unix,6.69
80,Apache,Apache version 4.9,Windows,3.58
3306,MySQL,MySQL version 5.8,Windows,4.66
3306,PostgreSQL,PostgreSQL version 4.1,Linux,5.62
80,nginx,nginx version 2.8,Windows,2.52
3306,MariaDB,MariaDB version 3.4,Linux,9.14
3306,RDP,RDP version 4.9,Linux,6.54
80,Apache,Apache version 8.2,Windows,4.71
21,ProFTPD,ProFTPD version 6.7,Unix,8.39
3306,SMB,SMB version 7.9,Windows,7.87
80,nginx,nginx version 4.1,Linux,4.56
80,Apache,Apache version 2.8,Unix,4.7
3306,PostgreSQL,PostgreSQL version 9.7,Linux,2.24
21,ProFTPD,ProFTPD version 3.3,Windows,5.67
3306,RDP,RDP version 1.5,Linux,7.28
3306,SMB,SMB version 9.4,Windows,7.17
21,ProFTPD,ProFTPD version 6.0,Linux,8.33
3306,PostgreSQL,PostgreSQL version 2.4,Unix,4.32
21,vsftpd,vsftpd version 3.6,Unix,2.42
21,ProFTPD,ProFTPD version 9.9,Linux,8.09
3306,MongoDB,MongoDB version 8.1,Windows,6.65
3306,MySQL,MySQL version 9.7,Windows,5.85
21,vsftpd,vsftpd version 4.0,Linux,4.25
3306,RDP,RDP version 9.7,Windows,8.07
3306,MongoDB,MongoDB version 4.9,Unix,9.64
3306,RDP,RDP version 3.7,Windows,6.67
3306,RDP,RDP version 5.5,Linux,4.53
3306,PostgreSQL,PostgreSQL version 4.2,Windows,3.62
3306,MongoDB,MongoDB version 2.2,Unix,5.44
3306,MySQL,MySQL version 3.1,Windows,2.09
3306,PostgreSQL,PostgreSQL version 3.0,Linux,4.75
80,Apache,Apache version 5.3,Linux,5.07
3306,Redis,Redis version 1.6,Unix,6.8
22,OpenSSH,OpenSSH version 8.2,Unix,6.47
21,ProFTPD,ProFTPD version 9.6,Linux,7.8
3306,MySQL,MySQL version 5.5,Unix,1.26
3306,MariaDB,MariaDB version 9.7,Linux,5.88
3306,MongoDB,MongoDB version 7.5,Windows,5.56
80,nginx,nginx version 4.1,Windows,4.88
3306,MySQL,MySQL version 9.5,Windows,1.9
3306,Redis,Redis version 8.2,Linux,3.33
22,OpenSSH,OpenSSH version 4.0,Linux,2.75
3306,Redis,Redis version 6.3,Unix,1.48
22,OpenSSH,OpenSSH version 2.1,Windows,4.5
3306,SMB,SMB version 8.8,Windows,5.3
21,ProFTPD,ProFTPD version 4.5,Linux,10.0
3306,MySQL,MySQL version 6.6,Unix,4.25
3306,MySQL,MySQL version 2.0,Unix,6.44
22,OpenSSH,OpenSSH version 3.7,Linux,2.15
3306,RDP,RDP version 4.4,Unix,5.7
3306,MariaDB,MariaDB version 9.2,Unix,4.65
80,Apache,Apache version 5.1,Windows,3.14
3306,Redis,Redis version 5.2,Linux,3.87
3306,MySQL,MySQL version 7.9,Unix,4.17
80,nginx,nginx version 9.3,Unix,4.15
21,vsftpd,vsftpd version 2.6,Windows,7.28
3306,PostgreSQL,PostgreSQL version 6.4,Linux,5.07
3306,MySQL,MySQL version 3.1,Linux,5.22
3306,MariaDB,MariaDB version 2.4,Unix,5.31
21,vsftpd,vsftpd version 1.3,Unix,5.42
3306,Redis,Redis version 7.2,Unix,4.38
80,Apache,Apache version 3.2,Windows,4.02
80,LiteSpeed,LiteSpeed version 2.0,Unix,4.75
80,Apache,Apache version 6.5,Linux,6.24
22,OpenSSH,OpenSSH version 8.3,Unix,6.19
21,vsftpd,vsftpd version 7.2,Windows,4.14
3306,MongoDB,MongoDB version 8.8,Windows,5.65
3306,MySQL,MySQL version 3.0,Windows,4.21
3306,MongoDB,MongoDB version 6.1,Linux,4.55
3306,MongoDB,MongoDB version 3.6,Linux,3.79
21,vsftpd,vsftpd version 9.0,Linux,4.23
3306,MySQL,MySQL version 3.5,Unix,6.51
80,Apache,Apache version 4.7,Windows,4.64
21,ProFTPD,ProFTPD version 7.4,Unix,6.7
3306,Redis,Redis version 9.7,Linux,2.33
3306,SMB,SMB version 1.7,Unix,6.04
80,nginx,nginx version 1.4,Linux,4.14
21,vsftpd,vsftpd version 4.0,Windows,3.26
21,vsftpd,vsftpd version 3.6,Unix,4.53
3306,SMB,SMB version 5.2,Windows,5.86
22,OpenSSH,OpenSSH version 8.3,Linux,4.62
80,nginx,nginx version 8.2,Windows,4.68
3306,MariaDB,MariaDB version 1.0,Unix,3.07
22,OpenSSH,OpenSSH version 3.2,Linux,3.9
80,LiteSpeed,LiteSpeed version 1.7,Windows,4.62
80,LiteSpeed,LiteSpeed version 4.1,Linux,6.28
3306,PostgreSQL,PostgreSQL version 8.2,Windows,4.89
80,LiteSpeed,LiteSpeed version 1.7,Unix,3.51
80,nginx,nginx version 7.4,Linux,5.1
21,vsftpd,vsftpd version 2.6,Unix,7.06
80,Apache,Apache version 7.0,Unix,5.88
3306,RDP,RDP version 6.6,Unix,7.32
3306,SMB,SMB version 4.1,Linux,7.59
3306,PostgreSQL,PostgreSQL version 6.7,Windows,6.66
3306,PostgreSQL,PostgreSQL version 8.9,Unix,6.11
21,vsftpd,vsftpd version 7.0,Linux,5.35
80,nginx,nginx version 1.5,Unix,6.1
3306,Redis,Redis version 7.2,Unix,2.88
3306,MySQL,MySQL version 5.4,Unix,2.25
80,nginx,nginx version 5.5,Windows,4.74
3306,RDP,RDP version 2.3,Linux,6.6
80,LiteSpeed,LiteSpeed version 2.3,Windows,3.68
3306,MariaDB,MariaDB version 9.9,Linux,5.74
21,ProFTPD,ProFTPD version 4.8,Windows,3.71
3306,MySQL,MySQL version 6.5,Windows,3.7
80,nginx,nginx version 2.1,Windows,3.77
3306,MariaDB,MariaDB version 5.6,Linux,2.05
22,OpenSSH,OpenSSH version 7.1,Windows,6.74
80,Apache,Apache version 7.8,Unix,2.46
80,LiteSpeed,LiteSpeed version 2.2,Unix,3.62
80,LiteSpeed,LiteSpeed version 9.4,Unix,5.86
3306,MongoDB,MongoDB version 7.8,Windows,5.47
3306,MySQL,MySQL version 9.8,Unix,2.84
3306,MongoDB,MongoDB version 9.0,Unix,5.52
3306,PostgreSQL,PostgreSQL version 5.5,Windows,4.93
80,LiteSpeed,LiteSpeed version 3.4,Windows,8.0
21,vsftpd,vsftpd version 2.7,Unix,5.11
22,OpenSSH,OpenSSH version 5.5,Windows,4.29
3306,SMB,SMB version 4.2,Windows,5.22
3306,RDP,RDP version 4.6,Windows,5.38
80,Apache,Apache version 6.6,Unix,3.26
3306,MongoDB,MongoDB version 2.9,Unix,6.56
80,LiteSpeed,LiteSpeed version 6.9,Linux,4.53
3306,MySQL,MySQL version 8.5,Unix,5.35
3306,SMB,SMB version 3.1,Windows,8.77
3306,MongoDB,MongoDB version 2.6,Linux,0.96
3306,Redis,Redis version 5.5,Unix,6.42
3306,MongoDB,MongoDB version 4.4,Unix,4.58
3306,MongoDB,MongoDB version 2.2,Linux,5.15
3306,PostgreSQL,PostgreSQL version 5.3,Unix,3.26
80,Apache,Apache version 9.6,Windows,3.37
21,ProFTPD,ProFTPD version 5.8,Windows,7.23
3306,MySQL,MySQL version 4.8,Windows,8.08
80,Apache,Apache version 7.3,Linux,6.0
21,vsftpd,vsftpd version 2.9,Linux,6.4
3306,PostgreSQL,PostgreSQL version 3.1,Unix,4.21
80,LiteSpeed,LiteSpeed version 6.2,Linux,3.6
80,LiteSpeed,LiteSpeed version 1.9,Unix,3.33
3306,SMB,SMB version 9.9,Windows,5.77
21,ProFTPD,ProFTPD version 7.0,Linux,3.42
3306,RDP,RDP version 9.4,Unix,5.41
3306,RDP,RDP version 7.4,Windows,5.66
3306,SMB,SMB version 5.5,Unix,6.24
3306,MongoDB,MongoDB version 2.0,Windows,4.7
3306,MongoDB,MongoDB version 8.1,Unix,5.04
80,nginx,nginx version 6.4,Windows,4.48
3306,Redis,Redis version 5.7,Linux,3.63
21,vsftpd,vsftpd version 2.3,Windows,1.55
22,OpenSSH,OpenSSH version 5.2,Linux,3.64
3306,Redis,Redis version 7.3,Unix,3.04
3306,MySQL,MySQL version 1.3,Windows,5.2
80,Apache,Apache version 4.9,Unix,5.86
3306,Redis,Redis version 6.2,Windows,5.91
80,Apache,Apache version 4.9,Unix,5.64
22,OpenSSH,OpenSSH version 3.0,Unix,4.3
3306,SMB,SMB version 1.9,Linux,5.72
3306,MySQL,MySQL version 3.3,Unix,3.38
21,vsftpd,vsftpd version 2.4,Unix,2.24
22,OpenSSH,OpenSSH version 7.6,Windows,5.99
3306,Redis,Redis version 1.5,Linux,4.24
21,ProFTPD,ProFTPD version 4.5,Unix,4.63
3306,MongoDB,MongoDB version 1.1,Unix,3.26
3306,MariaDB,MariaDB version 8.0,Linux,3.2
22,OpenSSH,OpenSSH version 8.4,Linux,4.56
3306,Redis,Redis version 7.2,Linux,6.1
80,LiteSpeed,LiteSpeed version 1.6,Windows,3.98
3306,MongoDB,MongoDB version 4.0,Linux,1.12
80,LiteSpeed,LiteSpeed version 9.0,Unix,4.22
80,LiteSpeed,LiteSpeed version 1.3,Linux,4.27
80,LiteSpeed,LiteSpeed version 6.1,Unix,4.16
21,vsftpd,vsftpd version 3.3,Linux,3.56
80,nginx,nginx version 4.3,Linux,4.83
3306,MariaDB,MariaDB version 7.5,Linux,4.6
80,nginx,nginx version 9.4,Windows,4.46
3306,RDP,RDP version 6.7,Windows,7.12
80,Apache,Apache version 4.8,Unix,3.86
3306,RDP,RDP version 7.7,Linux,5.77
21,vsftpd,vsftpd version 4.2,Linux,6.57
3306,SMB,SMB version 7.4,Linux,7.34
3306,MongoDB,MongoDB version 8.3,Windows,5.74
3306,PostgreSQL,PostgreSQL version 6.5,Unix,6.34
80,Apache,Apache version 4.4,Windows,5.29
3306,SMB,SMB version 4.4,Linux,7.89
80,nginx,nginx version 2.1,Unix,2.13
21,ProFTPD,ProFTPD version 3.2,Linux,6.81
3306,RDP,RDP version 5.1,Windows,6.23
80,Apache,Apache version 4.6,Linux,7.02
80,Apache,Apache version 9.5,Linux,5.89
3306,PostgreSQL,PostgreSQL version 7.7,Windows,3.55
80,Apache,Apache version 1.3,Linux,5.06
22,OpenSSH,OpenSSH version 7.6,Windows,4.75
3306,PostgreSQL,PostgreSQL version 2.5,Windows,5.18
3306,MariaDB,MariaDB version 7.8,Linux,2.97
80,LiteSpeed,LiteSpeed version 5.4,Linux,5.04
21,vsftpd,vsftpd version 5.6,Linux,4.16
3306,Redis,Redis version 5.6,Windows,4.92
80,Apache,Apache version 8.0,Linux,3.41
3306,MariaDB,MariaDB version 7.0,Linux,3.62
3306,MariaDB,MariaDB version 6.1,Windows,6.26
3306,SMB,SMB version 6.3,Unix,4.92
80,nginx,nginx version 2.0,Windows,3.03
3306,PostgreSQL,PostgreSQL version 7.3,Linux,4.42
3306,MySQL,MySQL version 2.6,Windows,3.34
3306,MariaDB,MariaDB version 1.3,Linux,3.17
3306,SMB,SMB version 3.3,Windows,6.66
80,LiteSpeed,LiteSpeed version 5.9,Linux,2.24
3306,SMB,SMB version 1.8,Windows,4.99
21,vsftpd,vsftpd version 7.1,Linux,7.58
21,vsftpd,vsftpd version 2.4,Windows,5.19
80,LiteSpeed,LiteSpeed version 4.8,Windows,3.38
3306,RDP,RDP version 6.7,Unix,7.13
3306,PostgreSQL,PostgreSQL version 5.1,Linux,5.35
21,vsftpd,vsftpd version 9.9,Unix,5.99
3306,MariaDB,MariaDB version 3.5,Unix,4.31
3306,MongoDB,MongoDB version 1.5,Linux,5.96
3306,MongoDB,MongoDB version 6.8,Unix,1.44
80,LiteSpeed,LiteSpeed version 5.0,Linux,2.92
80,Apache,Apache version 8.0,Windows,4.75
80,LiteSpeed,LiteSpeed version 4.4,Linux,4.99
3306,MariaDB,MariaDB version 9.0,Linux,3.13
3306,PostgreSQL,PostgreSQL version 9.0,Linux,4.89
3306,Redis,Redis version 2.3,Unix,3.56
3306,MySQL,MySQL version 5.7,Unix,4.08
21,vsftpd,vsftpd version 4.8,Windows,6.04
3306,Redis,Redis version 1.9,Windows,5.86
80,LiteSpeed,LiteSpeed version 1.2,Linux,3.0
3306,MongoDB,MongoDB version 7.0,Unix,2.91
21,vsftpd,vsftpd version 4.7,Unix,3.88
80,nginx,nginx version 8.0,Unix,4.46
80,LiteSpeed,LiteSpeed version 4.9,Unix,3.51
21,vsftpd,vsftpd version 2.9,Linux,6.06
80,Apache,Apache version 5.6,Windows,5.02
80,Apache,Apache version 1.0,Windows,5.11
80,LiteSpeed,LiteSpeed version 4.1,Windows,2.6
3306,RDP,RDP version 4.9,Unix,8.25
3306,MongoDB,MongoDB version 8.8,Windows,0.27
80,nginx,nginx version 7.1,Windows,5.75
3306,MongoDB,MongoDB version 3.9,Windows,5.9
3306,Redis,Redis version 3.4,Windows,3.85
22,OpenSSH,OpenSSH version 7.6,Windows,6.41
80,nginx,nginx version 1.2,Unix,4.41
3306,PostgreSQL,PostgreSQL version 3.8,Windows,4.59
3306,SMB,SMB version 7.3,Windows,7.01
3306,SMB,SMB version 5.9,Linux,10.0
3306,MySQL,MySQL version 8.5,Linux,6.52
3306,PostgreSQL,PostgreSQL version 7.0,Windows,5.55
3306,MongoDB,MongoDB version 4.5,Unix,3.13
80,Apache,Apache version 4.3,Linux,4.72
3306,Redis,Redis version 3.2,Linux,3.28
3306,MySQL,MySQL version 7.8,Windows,5.73
3306,MariaDB,MariaDB version 7.5,Linux,4.71
80,nginx,nginx version 9.3,Linux,2.81
3306,MySQL,MySQL version 3.0,Linux,4.62
3306,MySQL,MySQL version 7.7,Unix,3.23
3306,MariaDB,MariaDB version 3.9,Windows,4.73
80,Apache,Apache version 9.7,Windows,3.21
21,vsftpd,vsftpd version 6.1,Windows,4.54
3306,Redis,Redis version 8.9,Linux,5.63
21,ProFTPD,ProFTPD version 7.3,Unix,6.42
3306,MongoDB,MongoDB version 5.0,Windows,3.91
3306,SMB,SMB version 1.6,Windows,6.8
80,Apache,Apache version 3.5,Linux,5.55
22,OpenSSH,OpenSSH version 4.4,Linux,2.84
3306,Redis,Redis version 2.0,Unix,4.89
22,OpenSSH,OpenSSH version 7.3,Linux,6.48
80,nginx,nginx version 6.0,Linux,5.36
80,nginx,nginx version 1.3,Unix,4.59
3306,Redis,Redis version 5.4,Linux,5.46
3306,MariaDB,MariaDB version 3.4,Linux,5.18
3306,MySQL,MySQL version 9.3,Unix,5.63
22,OpenSSH,OpenSSH version 8.4,Windows,1.46
3306,Redis,Redis version 8.4,Linux,2.17
3306,MariaDB,MariaDB version 6.9,Unix,6.01
3306,MySQL,MySQL version 5.9,Unix,2.24
3306,PostgreSQL,PostgreSQL version 4.3,Windows,5.1
80,LiteSpeed,LiteSpeed version 1.8,Windows,3.97
3306,RDP,RDP version 8.1,Unix,5.01
80,nginx,nginx version 2.7,Linux,5.02
80,nginx,nginx version 1.8,Windows,4.8
3306,MariaDB,MariaDB version 1.7,Linux,7.67
3306,MySQL,MySQL version 7.0,Windows,3.56
3306,PostgreSQL,PostgreSQL version 4.7,Linux,6.66
3306,PostgreSQL,PostgreSQL version 6.2,Linux,5.03
80,LiteSpeed,LiteSpeed version 7.0,Linux,3.51
21,ProFTPD,ProFTPD version 7.3,Windows,7.7
3306,SMB,SMB version 9.1,Unix,7.35
80,LiteSpeed,LiteSpeed version 7.5,Windows,4.55
80,nginx,nginx version 2.4,Linux,4.9
3306,RDP,RDP version 5.4,Linux,5.6
3306,Redis,Redis version 5.7,Windows,3.26
21,vsftpd,vsftpd version 5.2,Windows,5.64
21,ProFTPD,ProFTPD version 8.7,Unix,6.16
3306,MariaDB,MariaDB version 8.3,Linux,4.38
80,Apache,Apache version 1.6,Linux,4.92
22,OpenSSH,OpenSSH version 9.1,Windows,4.9
21,vsftpd,vsftpd version 4.8,Unix,2.36
3306,MariaDB,MariaDB version 5.2,Windows,6.43
80,nginx,nginx version 8.9,Linux,4.68
22,OpenSSH,OpenSSH version 6.2,Windows,4.2
80,nginx,nginx version 1.0,Unix,5.15
3306,SMB,SMB version 5.9,Windows,6.85
22,OpenSSH,OpenSSH version 4.1,Linux,5.65
3306,Redis,Redis version 6.0,Unix,5.31
80,LiteSpeed,LiteSpeed version 3.6,Unix,5.58
80,LiteSpeed,LiteSpeed version 8.7,Unix,6.53
3306,MongoDB,MongoDB version 7.3,Windows,5.83
80,LiteSpeed,LiteSpeed version 5.7,Unix,4.26
3306,PostgreSQL,PostgreSQL version 4.3,Linux,2.82
3306,PostgreSQL,PostgreSQL version 5.5,Unix,7.0
3306,SMB,SMB version 2.1,Unix,6.14
3306,RDP,RDP version 5.6,Unix,5.79
80,Apache,Apache version 9.0,Windows,1.89
3306,PostgreSQL,PostgreSQL version 5.9,Unix,5.01
21,ProFTPD,ProFTPD version 3.6,Linux,6.72
3306,MongoDB,MongoDB version 6.9,Linux,2.23
3306,SMB,SMB version 1.5,Windows,7.18
3306,MongoDB,MongoDB version 8.5,Windows,3.75
3306,Redis,Redis version 7.6,Windows,8.54
80,LiteSpeed,LiteSpeed version 3.5,Linux,3.65
3306,PostgreSQL,PostgreSQL version 6.5,Linux,3.85
3306,SMB,SMB version 1.3,Unix,5.19
3306,SMB,SMB version 2.8,Linux,8.42
3306,MySQL,MySQL version 4.6,Linux,3.94
80,nginx,nginx version 4.1,Linux,3.41
3306,MySQL,MySQL version 2.8,Windows,5.56
3306,SMB,SMB version 6.3,Unix,4.43
3306,PostgreSQL,PostgreSQL version 5.2,Windows,5.44
80,LiteSpeed,LiteSpeed version 3.7,Windows,7.17
80,LiteSpeed,LiteSpeed version 3.2,Unix,5.35
3306,MongoDB,MongoDB version 6.0,Unix,5.46
22,OpenSSH,OpenSSH version 2.7,Linux,5.81
22,OpenSSH,OpenSSH version 5.9,Windows,7.06
80,LiteSpeed,LiteSpeed version 7.9,Linux,6.31
80,LiteSpeed,LiteSpeed version 7.0,Linux,5.16
80,LiteSpeed,LiteSpeed version 9.5,Unix,5.86
3306,MySQL,MySQL version 4.7,Linux,3.17
21,vsftpd,vsftpd version 9.3,Unix,5.66
3306,MariaDB,MariaDB version 9.2,Linux,2.99
3306,MariaDB,MariaDB version 8.3,Linux,3.95
80,Apache,Apache version 5.3,Windows,0.0
80,nginx,nginx version 3.5,Windows,5.1
3306,MongoDB,MongoDB version 7.5,Linux,3.53
3306,MongoDB,MongoDB version 7.8,Unix,6.17
3306,MariaDB,MariaDB version 2.1,Linux,5.09
3306,SMB,SMB version 5.3,Linux,8.19
3306,PostgreSQL,PostgreSQL version 3.9,Windows,2.87
80,LiteSpeed,LiteSpeed version 8.4,Windows,6.06
3306,PostgreSQL,PostgreSQL version 5.9,Unix,7.66
80,Apache,Apache version 3.5,Unix,5.65
3306,MySQL,MySQL version 3.1,Windows,5.69
80,LiteSpeed,LiteSpeed version 2.9,Unix,4.75
3306,MySQL,MySQL version 1.1,Linux,3.71
80,Apache,Apache version 8.3,Unix,5.64
22,OpenSSH,OpenSSH version 9.4,Windows,2.24
3306,MySQL,MySQL version 4.5,Windows,3.87
3306,SMB,SMB version 3.1,Windows,3.84
3306,PostgreSQL,PostgreSQL version 1.0,Linux,3.44
3306,Redis,Redis version 3.6,Unix,5.46
3306,Redis,Redis version 1.6,Unix,5.26
3306,SMB,SMB version 4.9,Linux,6.58
3306,MongoDB,MongoDB version 4.7,Windows,4.76
80,Apache,Apache version 2.7,Linux,1.67
3306,MongoDB,MongoDB version 7.1,Unix,3.94
3306,MariaDB,MariaDB version 2.6,Linux,3.48
3306,MySQL,MySQL version 9.1,Windows,3.51
21,ProFTPD,ProFTPD version 8.9,Unix,7.4
3306,MariaDB,MariaDB version 7.5,Windows,3.21
80,nginx,nginx version 8.9,Unix,3.59
21,vsftpd,vsftpd version 5.4,Windows,1.37
3306,Redis,Redis version 1.5,Unix,4.06
3306,PostgreSQL,PostgreSQL version 1.7,Unix,2.87
21,vsftpd,vsftpd version 9.2,Linux,4.62
80,Apache,Apache version 4.4,Linux,3.07
3306,MySQL,MySQL version 6.6,Linux,4.66
3306,PostgreSQL,PostgreSQL version 4.1,Linux,4.28
3306,RDP,RDP version 3.9,Windows,9.01
3306,PostgreSQL,PostgreSQL version 5.8,Linux,5.25
3306,MongoDB,MongoDB version 7.6,Linux,1.74
21,vsftpd,vsftpd version 6.3,Linux,2.6
21,ProFTPD,ProFTPD version 1.4,Windows,6.58
3306,MariaDB,MariaDB version 1.3,Unix,3.11
80,Apache,Apache version 6.9,Unix,0.05
80,LiteSpeed,LiteSpeed version 8.4,Unix,6.52
21,vsftpd,vsftpd version 9.7,Unix,5.58
80,Apache,Apache version 5.9,Unix,5.28
21,vsftpd,vsftpd version 5.4,Windows,3.59
80,Apache,Apache version 9.2,Unix,5.14
22,OpenSSH,OpenSSH version 4.7,Windows,3.44
3306,RDP,RDP version 2.6,Unix,6.81
22,OpenSSH,OpenSSH version 6.4,Linux,3.12
3306,PostgreSQL,PostgreSQL version 5.2,Linux,6.77
3306,PostgreSQL,PostgreSQL version 4.2,Windows,2.14
3306,Redis,Redis version 7.0,Linux,6.35
3306,PostgreSQL,PostgreSQL version 9.0,Unix,4.56
80,nginx,nginx version 3.0,Unix,3.77
3306,PostgreSQL,PostgreSQL version 5.3,Unix,4.75
3306,MariaDB,MariaDB version 9.2,Linux,5.6
22,OpenSSH,OpenSSH version 8.8,Unix,6.55
22,OpenSSH,OpenSSH version 5.6,Linux,4.97
21,ProFTPD,ProFTPD version 7.1,Linux,5.16
3306,MongoDB,MongoDB version 4.2,Windows,4.58
21,ProFTPD,ProFTPD version 1.3,Linux,9.23
3306,SMB,SMB version 1.1,Linux,8.52
3306,MySQL,MySQL version 8.5,Linux,5.86
80,LiteSpeed,LiteSpeed version 3.1,Linux,5.69
22,OpenSSH,OpenSSH version 1.9,Unix,5.55
3306,RDP,RDP version 3.2,Unix,8.24
80,Apache,Apache version 7.7,Unix,3.82
3306,Redis,Redis version 7.6,Linux,2.47
3306,PostgreSQL,PostgreSQL version 4.6,Linux,4.6
21,ProFTPD,ProFTPD version 4.4,Windows,5.27
3306,SMB,SMB version 3.2,Unix,4.92
80,LiteSpeed,LiteSpeed version 5.5,Windows,3.42
3306,MySQL,MySQL version 9.5,Windows,8.23
3306,PostgreSQL,PostgreSQL version 7.0,Windows,4.7
3306,PostgreSQL,PostgreSQL version 5.7,Windows,5.04
3306,MongoDB,MongoDB version 3.9,Unix,2.67
80,nginx,nginx version 9.0,Windows,1.73
22,OpenSSH,OpenSSH version 9.8,Unix,3.27
3306,MariaDB,MariaDB version 3.8,Unix,6.66
80,LiteSpeed,LiteSpeed version 1.1,Windows,5.0
3306,MongoDB,MongoDB version 8.0,Windows,5.4
3306,PostgreSQL,PostgreSQL version 9.7,Unix,5.61
22,OpenSSH,OpenSSH version 3.8,Windows,3.61
3306,PostgreSQL,PostgreSQL version 2.5,Windows,6.58
3306,RDP,RDP version 5.5,Unix,5.55
22,OpenSSH,OpenSSH version 2.0,Linux,6.61
21,ProFTPD,ProFTPD version 4.8,Unix,7.16
3306,PostgreSQL,PostgreSQL version 8.8,Linux,1.82
3306,MongoDB,MongoDB version 9.9,Linux,3.38
22,OpenSSH,OpenSSH version 1.9,Windows,1.82
3306,RDP,RDP version 7.4,Windows,8.24
3306,SMB,SMB version 9.9,Windows,6.46
3306,SMB,SMB version 2.3,Unix,3.16
22,OpenSSH,OpenSSH version 8.5,Windows,5.06
3306,Redis,Redis version 2.4,Unix,3.69
3306,MariaDB,MariaDB version 4.6,Unix,2.27
21,vsftpd,vsftpd version 8.6,Unix,7.02
22,OpenSSH,OpenSSH version 9.0,Windows,4.66
21,ProFTPD,ProFTPD version 2.8,Unix,6.06
3306,Redis,Redis version 6.1,Linux,3.9
21,ProFTPD,ProFTPD version 8.3,Linux,4.23
3306,MySQL,MySQL version 7.8,Unix,2.54
80,nginx,nginx version 5.6,Unix,6.43
80,nginx,nginx version 5.8,Windows,3.79
80,LiteSpeed,LiteSpeed version 7.0,Windows,4.53
3306,MySQL,MySQL version 4.7,Windows,1.43
3306,MariaDB,MariaDB version 4.4,Unix,2.52
21,ProFTPD,ProFTPD version 2.7,Linux,7.41
3306,RDP,RDP version 5.7,Windows,7.07
22,OpenSSH,OpenSSH version 1.5,Linux,7.13
80,nginx,nginx version 7.9,Windows,6.51
80,Apache,Apache version 7.2,Windows,4.15
3306,RDP,RDP version 7.8,Windows,7.21
80,nginx,nginx version 8.4,Windows,4.03
21,vsftpd,vsftpd version 2.2,Windows,7.58
22,OpenSSH,OpenSSH version 2.5,Linux,6.22
3306,MongoDB,MongoDB version 3.6,Linux,4.75
21,ProFTPD,ProFTPD version 5.4,Windows,6.8
3306,RDP,RDP version 6.2,Windows,8.67
80,nginx,nginx version 9.3,Windows,5.37
80,LiteSpeed,LiteSpeed version 7.4,Linux,6.84
3306,Redis,Redis version 5.7,Windows,1.21
3306,Redis,Redis version 7.6,Windows,5.19
80,nginx,nginx version 5.6,Windows,3.73
21,vsftpd,vsftpd version 7.5,Windows,7.13
3306,MongoDB,MongoDB version 5.6,Windows,6.82
80,Apache,Apache version 5.1,Windows,4.55
21,ProFTPD,ProFTPD version 4.4,Unix,8.8
3306,RDP,RDP version 8.3,Windows,9.17
3306,Redis,Redis version 9.8,Linux,4.61
3306,Redis,Redis version 7.2,Unix,8.21
3306,RDP,RDP version 8.7,Unix,6.45
80,Apache,Apache version 1.4,Linux,4.18
80,nginx,nginx version 4.1,Linux,5.8
80,LiteSpeed,LiteSpeed version 9.5,Linux,3.97
3306,SMB,SMB version 5.1,Linux,6.63
21,vsftpd,vsftpd version 1.4,Linux,6.61
3306,RDP,RDP version 1.7,Unix,6.53
3306,MongoDB,MongoDB version 3.8,Unix,1.96
3306,MariaDB,MariaDB version 9.9,Windows,5.05
3306,MariaDB,MariaDB version 4.2,Linux,3.46
3306,RDP,RDP version 6.6,Windows,7.8
80,Apache,Apache version 4.1,Unix,5.54
3306,SMB,SMB version 8.8,Windows,8.71
3306,MariaDB,MariaDB version 6.2,Unix,5.86
22,OpenSSH,OpenSSH version 7.9,Unix,6.14
3306,PostgreSQL,PostgreSQL version 2.6,Unix,3.5
3306,RDP,RDP version 8.5,Linux,7.71
21,ProFTPD,ProFTPD version 6.9,Linux,9.45
3306,SMB,SMB version 7.3,Linux,5.47
22,OpenSSH,OpenSSH version 1.5,Unix,7.2
21,ProFTPD,ProFTPD version 5.0,Unix,5.68
21,vsftpd,vsftpd version 6.0,Unix,3.22
3306,PostgreSQL,PostgreSQL version 4.4,Windows,4.94
3306,Redis,Redis version 3.9,Windows,5.57
3306,RDP,RDP version 2.8,Linux,7.87
21,ProFTPD,ProFTPD version 9.9,Unix,5.06
80,Apache,Apache version 9.7,Unix,5.15
3306,MariaDB,MariaDB version 9.7,Linux,3.47
3306,MongoDB,MongoDB version 6.4,Linux,2.27
3306,MySQL,MySQL version 8.0,Unix,3.11
80,nginx,nginx version 4.4,Windows,3.37
80,nginx,nginx version 1.2,Linux,5.28
3306,SMB,SMB version 9.0,Windows,8.23
3306,Redis,Redis version 4.2,Unix,2.29
3306,MariaDB,MariaDB version 3.2,Unix,5.03
21,vsftpd,vsftpd version 1.6,Unix,2.73
21,vsftpd,vsftpd version 9.3,Windows,5.44
80,LiteSpeed,LiteSpeed version 1.8,Linux,3.57
21,ProFTPD,ProFTPD version 8.7,Unix,4.92
80,Apache,Apache version 3.1,Windows,5.7
3306,MongoDB,MongoDB version 4.8,Unix,3.62
22,OpenSSH,OpenSSH version 3.1,Unix,4.03
3306,Redis,Redis version 8.2,Unix,1.17
22,OpenSSH,OpenSSH version 3.9,Windows,5.92
21,vsftpd,vsftpd version 8.8,Windows,5.73
21,vsftpd,vsftpd version 6.0,Windows,4.51
80,LiteSpeed,LiteSpeed version 3.4,Unix,2.21
80,LiteSpeed,LiteSpeed version 5.2,Unix,6.31
3306,MongoDB,MongoDB version 4.5,Linux,3.5
3306,MongoDB,MongoDB version 2.1,Linux,3.82
3306,MySQL,MySQL version 3.5,Linux,7.97
3306,MySQL,MySQL version 8.5,Unix,3.44
3306,PostgreSQL,PostgreSQL version 5.1,Unix,5.61
3306,SMB,SMB version 2.0,Linux,7.34
3306,MariaDB,MariaDB version 9.3,Windows,5.09
3306,Redis,Redis version 5.3,Linux,4.92
80,nginx,nginx version 3.8,Windows,5.06
3306,MariaDB,MariaDB version 9.8,Linux,4.91
3306,SMB,SMB version 3.3,Linux,6.42
21,ProFTPD,ProFTPD version 2.6,Unix,8.77
3306,RDP,RDP version 1.0,Windows,4.53
3306,Redis,Redis version 5.3,Windows,6.03
21,vsftpd,vsftpd version 3.7,Linux,5.73
80,LiteSpeed,LiteSpeed version 2.8,Unix,5.55
3306,MySQL,MySQL version 9.6,Unix,6.18
22,OpenSSH,OpenSSH version 9.7,Linux,4.36
80,nginx,nginx version 7.0,Linux,1.7
21,vsftpd,vsftpd version 7.5,Windows,4.39
21,vsftpd,vsftpd version 4.3,Linux,3.01
3306,Redis,Redis version 9.4,Linux,3.4
3306,Redis,Redis version 6.2,Windows,2.64
22,OpenSSH,OpenSSH version 9.2,Linux,3.78
3306,RDP,RDP version 9.7,Windows,5.61
3306,RDP,RDP version 1.7,Windows,2.93
21,vsftpd,vsftpd version 9.4,Linux,5.55
21,vsftpd,vsftpd version 7.9,Unix,7.83
3306,MongoDB,MongoDB version 1.0,Windows,5.41
80,Apache,Apache version 8.6,Linux,4.2
3306,PostgreSQL,PostgreSQL version 4.1,Windows,4.42
80,nginx,nginx version 7.0,Windows,3.87
80,Apache,Apache version 5.8,Windows,4.64
3306,RDP,RDP version 9.8,Windows,6.44
3306,MariaDB,MariaDB version 7.8,Unix,3.24
3306,Redis,Redis version 4.8,Linux,7.02
3306,SMB,SMB version 2.5,Linux,4.27
80,nginx,nginx version 7.6,Windows,5.58
21,vsftpd,vsftpd version 5.4,Linux,4.35
80,nginx,nginx version 1.3,Windows,7.35
22,OpenSSH,OpenSSH version 4.1,Unix,5.01
3306,MySQL,MySQL version 7.3,Windows,3.96
21,ProFTPD,ProFTPD version 2.4,Unix,6.13
80,Apache,Apache version 1.0,Linux,4.56
21,ProFTPD,ProFTPD version 9.9,Unix,4.79
80,nginx,nginx version 9.6,Windows,3.35
80,Apache,Apache version 5.8,Linux,1.82
3306,SMB,SMB version 2.7,Unix,5.12
3306,MongoDB,MongoDB version 9.3,Linux,4.64
80,Apache,Apache version 1.4,Linux,4.95
3306,PostgreSQL,PostgreSQL version 4.0,Unix,1.53
22,OpenSSH,OpenSSH version 1.7,Linux,4.29
3306,Redis,Redis version 7.2,Linux,5.35
80,Apache,Apache version 6.7,Linux,4.26
80,nginx,nginx version 7.9,Linux,3.55
3306,MariaDB,MariaDB version 7.6,Unix,3.88
22,OpenSSH,OpenSSH version 4.3,Unix,3.69
3306,MariaDB,MariaDB version 2.8,Windows,3.54
3306,MariaDB,MariaDB version 3.9,Linux,4.76
3306,RDP,RDP version 7.6,Windows,9.96
80,nginx,nginx version 7.6,Linux,3.38
3306,RDP,RDP version 6.9,Linux,6.02
3306,MariaDB,MariaDB version 7.2,Linux,4.42
21,vsftpd,vsftpd version 2.7,Linux,3.47
3306,Redis,Redis version 6.4,Linux,6.15
3306,MySQL,MySQL version 3.6,Windows,0.94
3306,PostgreSQL,PostgreSQL version 3.8,Windows,3.7
21,ProFTPD,ProFTPD version 7.4,Windows,7.73
3306,MariaDB,MariaDB version 3.5,Windows,4.06
3306,Redis,Redis version 7.2,Unix,3.27
3306,Redis,Redis version 3.2,Linux,5.16
3306,SMB,SMB version 5.0,Windows,7.86
80,Apache,Apache version 3.2,Windows,4.82
3306,RDP,RDP version 8.4,Unix,5.3
3306,MariaDB,MariaDB version 4.8,Linux,5.18
3306,MariaDB,MariaDB version 8.8,Unix,3.9
80,LiteSpeed,LiteSpeed version 2.1,Linux,5.62
3306,MySQL,MySQL version 1.2,Windows,6.72
3306,Redis,Redis version 2.7,Windows,0.59
3306,MySQL,MySQL version 7.4,Linux,4.67
80,LiteSpeed,LiteSpeed version 5.6,Linux,1.9
3306,SMB,SMB version 8.4,Windows,10.0
3306,MongoDB,MongoDB version 2.5,Windows,3.8
3306,SMB,SMB version 7.0,Linux,7.62
3306,MongoDB,MongoDB version 5.6,Windows,4.45
3306,MySQL,MySQL version 6.8,Linux,3.3
3306,PostgreSQL,PostgreSQL version 4.9,Unix,3.12
80,nginx,nginx version 7.1,Unix,6.88
3306,PostgreSQL,PostgreSQL version 4.2,Windows,5.93
80,LiteSpeed,LiteSpeed version 3.4,Unix,7.42
21,vsftpd,vsftpd version 1.7,Windows,4.58
3306,PostgreSQL,PostgreSQL version 6.6,Unix,4.93
21,ProFTPD,ProFTPD version 3.1,Unix,6.1
3306,MariaDB,MariaDB version 2.1,Linux,4.07
3306,PostgreSQL,PostgreSQL version 8.2,Windows,2.94
21,ProFTPD,ProFTPD version 5.0,Linux,6.63
3306,Redis,Redis version 6.8,Windows,3.32
80,LiteSpeed,LiteSpeed version 5.6,Linux,5.16
80,LiteSpeed,LiteSpeed version 9.4,Windows,4.76
21,vsftpd,vsftpd version 2.1,Linux,4.93
3306,MongoDB,MongoDB version 8.9,Windows,7.01
3306,MySQL,MySQL version 9.1,Linux,4.44
80,nginx,nginx version 5.9,Unix,5.64
80,nginx,nginx version 1.9,Linux,7.58
3306,SMB,SMB version 2.7,Windows,8.46
80,LiteSpeed,LiteSpeed version 2.6,Linux,6.23
80,LiteSpeed,LiteSpeed version 3.4,Unix,4.04
3306,MongoDB,MongoDB version 6.9,Linux,4.84
3306,RDP,RDP version 8.2,Unix,4.52
80,LiteSpeed,LiteSpeed version 8.6,Windows,5.25
21,ProFTPD,ProFTPD version 7.8,Unix,6.91
80,LiteSpeed,LiteSpeed version 4.3,Linux,4.54
3306,MariaDB,MariaDB version 3.3,Linux,6.04
3306,MySQL,MySQL version 7.8,Unix,2.69
3306,Redis,Redis version 7.7,Unix,6.95
3306,SMB,SMB version 7.8,Windows,7.85
80,LiteSpeed,LiteSpeed version 2.9,Linux,4.39
3306,RDP,RDP version 4.2,Unix,6.28
21,vsftpd,vsftpd version 6.3,Unix,5.22
3306,MariaDB,MariaDB version 8.5,Linux,6.78
3306,Redis,Redis version 6.2,Unix,4.65
21,ProFTPD,ProFTPD version 3.3,Windows,6.72
3306,MongoDB,MongoDB version 9.3,Windows,4.53
22,OpenSSH,OpenSSH version 9.6,Linux,7.17
3306,SMB,SMB version 5.1,Windows,5.95
3306,RDP,RDP version 2.9,Unix,6.46
3306,PostgreSQL,PostgreSQL version 3.7,Unix,6.7
3306,Redis,Redis version 8.9,Linux,4.72
80,nginx,nginx version 3.4,Windows,6.21
3306,RDP,RDP version 3.3,Windows,5.13
3306,MariaDB,MariaDB version 6.6,Windows,4.19
22,OpenSSH,OpenSSH version 8.1,Windows,6.73
3306,MySQL,MySQL version 8.7,Windows,3.49
80,LiteSpeed,LiteSpeed version 6.3,Linux,4.27
80,LiteSpeed,LiteSpeed version 5.8,Windows,4.89
21,ProFTPD,ProFTPD version 8.7,Windows,5.02
21,vsftpd,vsftpd version 7.9,Unix,3.88
3306,RDP,RDP version 8.0,Linux,6.67
3306,Redis,Redis version 6.6,Linux,4.57
3306,RDP,RDP version 6.9,Windows,8.42
80,Apache,Apache version 3.2,Windows,6.81
3306,SMB,SMB version 2.7,Unix,5.22
21,ProFTPD,ProFTPD version 1.3,Windows,6.67
80,LiteSpeed,LiteSpeed version 5.0,Unix,5.51
3306,MySQL,MySQL version 2.4,Windows,6.77
3306,SMB,SMB version 6.9,Linux,7.58
3306,MariaDB,MariaDB version 8.5,Windows,4.94
80,Apache,Apache version 2.2,Linux,5.5
3306,RDP,RDP version 7.8,Unix,7.51
80,LiteSpeed,LiteSpeed version 8.1,Windows,3.11
3306,Redis,Redis version 4.1,Windows,4.79
3306,SMB,SMB version 1.6,Windows,8.69
80,Apache,Apache version 9.9,Unix,4.19
80,Apache,Apache version 4.5,Unix,4.69
3306,MySQL,MySQL version 4.6,Unix,4.14
80,nginx,nginx version 7.5,Linux,1.03
80,LiteSpeed,LiteSpeed version 3.9,Linux,4.53
3306,MongoDB,MongoDB version 2.3,Linux,4.95
3306,SMB,SMB version 9.5,Windows,5.73
3306,MongoDB,MongoDB version 3.0,Unix,2.77
80,Apache,Apache version 7.5,Windows,3.18
80,LiteSpeed,LiteSpeed version 1.7,Windows,5.65
3306,SMB,SMB version 8.3,Unix,9.46
3306,MariaDB,MariaDB version 5.3,Windows,6.57
3306,RDP,RDP version 9.2,Linux,4.48
80,LiteSpeed,LiteSpeed version 8.4,Windows,5.78
3306,RDP,RDP version 2.4,Unix,5.51
3306,SMB,SMB version 8.8,Windows,5.63
80,LiteSpeed,LiteSpeed version 3.3,Windows,3.81
3306,PostgreSQL,PostgreSQL version 3.7,Windows,5.56
3306,SMB,SMB version 2.5,Linux,7.94
80,Apache,Apache version 7.1,Unix,4.35
3306,PostgreSQL,PostgreSQL version 6.3,Unix,4.38
3306,PostgreSQL,PostgreSQL version 6.2,Unix,5.2
21,vsftpd,vsftpd version 5.3,Linux,5.35
3306,RDP,RDP version 2.9,Unix,8.26
80,nginx,nginx version 6.4,Windows,2.57
3306,MongoDB,MongoDB version 6.2,Unix,4.53
3306,MySQL,MySQL version 7.6,Linux,2.9
21,ProFTPD,ProFTPD version 1.5,Linux,6.42
3306,MongoDB,MongoDB version 3.3,Unix,4.16
3306,MariaDB,MariaDB version 4.4,Windows,4.43
22,OpenSSH,OpenSSH version 5.1,Windows,3.3
21,ProFTPD,ProFTPD version 4.7,Linux,4.27
21,vsftpd,vsftpd version 2.8,Unix,1.36
80,LiteSpeed,LiteSpeed version 8.8,Linux,4.3
80,LiteSpeed,LiteSpeed version 7.1,Linux,3.85
3306,SMB,SMB version 2.9,Linux,5.49
80,Apache,Apache version 5.5,Linux,6.48
3306,SMB,SMB version 5.7,Unix,5.21
3306,SMB,SMB version 4.3,Linux,8.63
80,LiteSpeed,LiteSpeed version 1.5,Unix,6.94
21,vsftpd,vsftpd version 5.6,Unix,1.57
3306,MongoDB,MongoDB version 2.5,Windows,4.64
21,ProFTPD,ProFTPD version 3.2,Unix,5.9
3306,SMB,SMB version 7.4,Windows,2.13
3306,SMB,SMB version 5.0,Linux,4.33
21,vsftpd,vsftpd version 4.4,Unix,5.66
3306,MySQL,MySQL version 8.0,Windows,7.53
21,ProFTPD,ProFTPD version 7.7,Unix,7.85
80,nginx,nginx version 5.5,Unix,4.99
80,Apache,Apache version 4.6,Unix,4.47
3306,RDP,RDP version 8.5,Linux,9.02
3306,PostgreSQL,PostgreSQL version 7.5,Unix,7.72
22,OpenSSH,OpenSSH version 3.3,Linux,3.62
3306,PostgreSQL,PostgreSQL version 2.8,Windows,1.5
3306,MariaDB,MariaDB version 5.7,Unix,1.35
80,nginx,nginx version 8.0,Windows,6.48
3306,Redis,Redis version 8.5,Unix,4.43
3306,MySQL,MySQL version 6.8,Unix,4.77
21,vsftpd,vsftpd version 4.8,Linux,1.81
22,OpenSSH,OpenSSH version 8.5,Unix,3.37
3306,MySQL,MySQL version 1.2,Unix,4.06
3306,Redis,Redis version 7.9,Windows,4.81
80,LiteSpeed,LiteSpeed version 1.9,Unix,3.9
21,vsftpd,vsftpd version 5.4,Unix,2.94
3306,Redis,Redis version 2.1,Windows,3.32
3306,MongoDB,MongoDB version 5.1,Unix,6.31
80,nginx,nginx version 8.4,Linux,4.87
3306,MySQL,MySQL version 6.7,Unix,5.42
21,vsftpd,vsftpd version 1.4,Linux,3.15
3306,MariaDB,MariaDB version 5.2,Windows,0.07
3306,MongoDB,MongoDB version 1.8,Linux,3.72
3306,MongoDB,MongoDB version 2.1,Unix,3.2
3306,RDP,RDP version 2.7,Unix,7.02
80,nginx,nginx version 1.0,Linux,9.43
3306,Redis,Redis version 9.7,Windows,5.54
3306,MySQL,MySQL version 7.6,Unix,8.6
3306,Redis,Redis version 4.9,Windows,5.35
3306,RDP,RDP version 1.6,Linux,5.56
22,OpenSSH,OpenSSH version 8.0,Unix,5.02
3306,Redis,Redis version 4.6,Unix,7.17
21,vsftpd,vsftpd version 9.6,Windows,7.24
3306,RDP,RDP version 1.6,Windows,5.64
80,Apache,Apache version 7.4,Windows,4.88
3306,RDP,RDP version 1.5,Linux,4.36
3306,MySQL,MySQL version 6.1,Windows,5.74
21,ProFTPD,ProFTPD version 5.8,Windows,8.83
3306,Redis,Redis version 7.3,Unix,4.56
80,nginx,nginx version 6.3,Unix,3.5
3306,MySQL,MySQL version 3.4,Linux,5.04
21,ProFTPD,ProFTPD version 2.1,Unix,7.13
3306,PostgreSQL,PostgreSQL version 4.1,Linux,4.62
3306,Redis,Redis version 4.0,Windows,4.77
3306,Redis,Redis version 5.8,Linux,4.24
3306,SMB,SMB version 3.3,Unix,7.99
80,LiteSpeed,LiteSpeed version 3.3,Linux,5.6
3306,Redis,Redis version 5.7,Unix,3.03
22,OpenSSH,OpenSSH version 2.5,Linux,2.98
80,nginx,nginx version 2.5,Unix,4.12
3306,Redis,Redis version 8.3,Linux,5.61
21,ProFTPD,ProFTPD version 6.9,Unix,6.72
21,ProFTPD,ProFTPD version 3.0,Windows,5.54
3306,MariaDB,MariaDB version 4.5,Unix,4.89
3306,Redis,Redis version 4.9,Unix,4.0
80,Apache,Apache version 1.2,Windows,5.82
3306,MariaDB,MariaDB version 3.5,Linux,5.0
3306,Redis,Redis version 9.9,Windows,4.03
3306,MariaDB,MariaDB version 3.9,Linux,4.85
3306,RDP,RDP version 2.7,Unix,8.47
3306,Redis,Redis version 4.9,Linux,3.65
80,LiteSpeed,LiteSpeed version 3.9,Unix,5.1
21,vsftpd,vsftpd version 1.0,Linux,4.39
3306,MySQL,MySQL version 8.8,Unix,5.14
80,Apache,Apache version 9.5,Linux,3.52
3306,Redis,Redis version 9.8,Linux,4.67
3306,MongoDB,MongoDB version 2.2,Linux,6.16
21,ProFTPD,ProFTPD version 9.3,Unix,5.09
3306,Redis,Redis version 8.6,Linux,2.51
80,LiteSpeed,LiteSpeed version 5.9,Windows,2.56
80,Apache,Apache version 8.8,Windows,2.74
3306,PostgreSQL,PostgreSQL version 1.6,Linux,5.39
21,ProFTPD,ProFTPD version 9.6,Linux,4.39
3306,PostgreSQL,PostgreSQL version 5.8,Windows,4.05
21,vsftpd,vsftpd version 3.0,Linux,5.43
3306,MariaDB,MariaDB version 1.1,Linux,5.12
3306,MariaDB,MariaDB version 9.2,Linux,3.92
3306,MariaDB,MariaDB version 1.9,Linux,4.79
80,LiteSpeed,LiteSpeed version 7.6,Unix,4.66
80,LiteSpeed,LiteSpeed version 3.8,Linux,4.16
80,nginx,nginx version 7.6,Windows,4.18
3306,PostgreSQL,PostgreSQL version 8.3,Linux,7.85
21,ProFTPD,ProFTPD version 6.7,Windows,7.71
21,ProFTPD,ProFTPD version 4.6,Unix,10.0
21,ProFTPD,ProFTPD version 4.5,Windows,5.75
3306,MySQL,MySQL version 4.4,Windows,4.37
22,OpenSSH,OpenSSH version 2.3,Unix,2.5
3306,SMB,SMB version 2.3,Linux,5.29
3306,MariaDB,MariaDB version 8.2,Windows,7.35
3306,MongoDB,MongoDB version 4.6,Unix,3.72
3306,PostgreSQL,PostgreSQL version 6.0,Unix,7.38
3306,RDP,RDP version 7.7,Unix,4.63
3306,MySQL,MySQL version 1.5,Unix,2.92
3306,RDP,RDP version 5.9,Windows,5.99
22,OpenSSH,OpenSSH version 6.9,Windows,4.4
80,Apache,Apache version 3.7,Linux,5.88
3306,Redis,Redis version 6.2,Unix,5.18
3306,MySQL,MySQL version 2.5,Windows,3.88
3306,MongoDB,MongoDB version 5.7,Linux,4.3
3306,SMB,SMB version 3.9,Unix,6.02
21,vsftpd,vsftpd version 1.4,Windows,3.13
3306,Redis,Redis version 5.3,Windows,3.17
80,LiteSpeed,LiteSpeed version 7.5,Windows,6.04
3306,MySQL,MySQL version 9.1,Unix,1.76
3306,MySQL,MySQL version 4.1,Windows,6.93
3306,SMB,SMB version 7.3,Linux,5.99
80,Apache,Apache version 3.0,Linux,3.34
3306,Redis,Redis version 1.3,Unix,5.61
21,ProFTPD,ProFTPD version 7.0,Unix,8.73
3306,MariaDB,MariaDB version 1.7,Windows,6.18
3306,MariaDB,MariaDB version 7.4,Windows,5.25
3306,Redis,Redis version 7.3,Windows,6.13
80,LiteSpeed,LiteSpeed version 3.2,Windows,1.93
80,nginx,nginx version 9.5,Windows,3.72
21,vsftpd,vsftpd version 5.3,Windows,3.13
3306,Redis,Redis version 4.5,Linux,6.34
80,nginx,nginx version 4.1,Linux,3.92
80,nginx,nginx version 3.0,Linux,5.77
21,vsftpd,vsftpd version 2.4,Linux,5.3
80,LiteSpeed,LiteSpeed version 8.4,Windows,3.21
3306,Redis,Redis version 8.2,Linux,3.62
3306,MongoDB,MongoDB version 7.5,Windows,6.44
3306,Redis,Redis version 1.9,Unix,3.34
3306,SMB,SMB version 2.0,Windows,6.69
3306,SMB,SMB version 8.6,Unix,5.33
80,LiteSpeed,LiteSpeed version 2.9,Windows,4.03
21,ProFTPD,ProFTPD version 5.6,Windows,6.43
22,OpenSSH,OpenSSH version 8.3,Linux,3.33
3306,RDP,RDP version 5.9,Unix,5.06
21,ProFTPD,ProFTPD version 5.4,Windows,6.93
21,ProFTPD,ProFTPD version 4.3,Unix,5.23
3306,MongoDB,MongoDB version 6.4,Unix,3.28
21,vsftpd,vsftpd version 8.9,Unix,3.09
3306,Redis,Redis version 7.3,Linux,4.38
3306,SMB,SMB version 2.7,Windows,7.92
80,nginx,nginx version 4.3,Windows,6.76
80,LiteSpeed,LiteSpeed version 6.6,Windows,3.41
3306,MongoDB,MongoDB version 9.2,Windows,7.73
22,OpenSSH,OpenSSH version 2.2,Linux,2.99
3306,Redis,Redis version 3.6,Linux,6.13
3306,MongoDB,MongoDB version 8.1,Windows,3.42
3306,MySQL,MySQL version 9.6,Unix,3.19
3306,RDP,RDP version 1.7,Linux,5.38
80,nginx,nginx version 9.1,Unix,4.42
22,OpenSSH,OpenSSH version 8.7,Linux,5.37
3306,SMB,SMB version 3.0,Unix,7.5
80,Apache,Apache version 7.0,Windows,3.08
3306,MariaDB,MariaDB version 7.3,Unix,3.02
21,vsftpd,vsftpd version 7.9,Unix,3.13
3306,MongoDB,MongoDB version 6.4,Unix,4.33
80,Apache,Apache version 4.2,Windows,4.18
21,ProFTPD,ProFTPD version 8.2,Linux,5.07
80,Apache,Apache version 3.8,Windows,4.9
3306,SMB,SMB version 5.2,Unix,9.89
80,Apache,Apache version 7.8,Windows,3.74
3306,PostgreSQL,PostgreSQL version 7.5,Unix,3.85
80,nginx,nginx version 4.7,Unix,5.34
3306,MySQL,MySQL version 3.5,Unix,3.66
3306,PostgreSQL,PostgreSQL version 4.1,Linux,5.5
3306,MariaDB,MariaDB version 2.1,Windows,3.42
3306,Redis,Redis version 9.6,Linux,7.25
3306,MySQL,MySQL version 1.9,Windows,5.02
80,LiteSpeed,LiteSpeed version 9.8,Windows,3.57
80,Apache,Apache version 7.7,Windows,3.62
3306,Redis,Redis version 7.5,Windows,3.73
21,ProFTPD,ProFTPD version 7.7,Linux,8.56
3306,MySQL,MySQL version 5.4,Windows,2.6
21,vsftpd,vsftpd version 6.0,Linux,3.5
3306,PostgreSQL,PostgreSQL version 6.3,Linux,3.66
3306,RDP,RDP version 6.9,Unix,6.48
3306,MongoDB,MongoDB version 8.6,Unix,4.09
80,nginx,nginx version 8.6,Linux,2.26
80,LiteSpeed,LiteSpeed version 3.4,Unix,3.9
3306,MongoDB,MongoDB version 2.9,Unix,4.35
80,Apache,Apache version 2.9,Windows,3.56
80,nginx,nginx version 4.2,Windows,5.53
22,OpenSSH,OpenSSH version 6.6,Unix,5.88
22,OpenSSH,OpenSSH version 1.5,Unix,4.38
80,nginx,nginx version 6.6,Linux,4.85
80,nginx,nginx version 6.2,Windows,1.26
21,ProFTPD,ProFTPD version 3.3,Unix,5.87
3306,MariaDB,MariaDB version 6.6,Windows,6.01
21,ProFTPD,ProFTPD version 3.0,Unix,5.86
21,ProFTPD,ProFTPD version 4.2,Unix,5.39
3306,RDP,RDP version 7.9,Linux,9.92
3306,SMB,SMB version 6.3,Windows,9.23
80,nginx,nginx version 2.3,Unix,5.2
3306,SMB,SMB version 1.0,Linux,8.21
21,vsftpd,vsftpd version 2.3,Unix,1.16
21,vsftpd,vsftpd version 1.0,Linux,3.32
3306,SMB,SMB version 8.2,Linux,5.8
3306,MariaDB,MariaDB version 6.0,Unix,4.15
3306,MariaDB,MariaDB version 5.6,Linux,3.77
21,ProFTPD,ProFTPD version 6.5,Windows,2.67
3306,MongoDB,MongoDB version 3.9,Windows,5.08
3306,MySQL,MySQL version 5.1,Unix,5.32
3306,MySQL,MySQL version 7.0,Unix,6.9
3306,RDP,RDP version 4.8,Linux,5.32
22,OpenSSH,OpenSSH version 5.2,Windows,3.19
3306,PostgreSQL,PostgreSQL version 2.8,Unix,0.48
3306,SMB,SMB version 1.0,Unix,6.06
3306,Redis,Redis version 9.1,Linux,5.85
80,Apache,Apache version 5.5,Unix,3.58
80,nginx,nginx version 9.9,Unix,7.72
3306,MySQL,MySQL version 6.4,Linux,4.12
3306,SMB,SMB version 2.6,Unix,6.72
3306,Redis,Redis version 2.4,Windows,2.46
3306,MongoDB,MongoDB version 5.8,Linux,4.93
3306,MySQL,MySQL version 9.5,Windows,1.53
80,nginx,nginx version 4.1,Linux,5.54
80,LiteSpeed,LiteSpeed version 3.5,Linux,5.59
3306,MySQL,MySQL version 5.5,Windows,6.54
21,ProFTPD,ProFTPD version 7.3,Windows,4.97
3306,MySQL,MySQL version 5.8,Linux,4.74
21,vsftpd,vsftpd version 5.3,Linux,5.35
80,LiteSpeed,LiteSpeed version 1.4,Linux,5.16
80,nginx,nginx version 1.9,Unix,3.2
80,LiteSpeed,LiteSpeed version 3.7,Windows,0.91
3306,SMB,SMB version 5.1,Windows,7.02
3306,MongoDB,MongoDB version 9.2,Unix,4.27
3306,MongoDB,MongoDB version 6.6,Unix,3.65
21,ProFTPD,ProFTPD version 5.5,Unix,7.65
3306,PostgreSQL,PostgreSQL version 6.7,Linux,4.43
21,vsftpd,vsftpd version 5.4,Linux,2.52
80,nginx,nginx version 1.6,Unix,1.6
3306,MongoDB,MongoDB version 8.4,Unix,2.81
21,vsftpd,vsftpd version 8.5,Windows,8.09
3306,Redis,Redis version 5.2,Linux,5.58
80,LiteSpeed,LiteSpeed version 6.6,Unix,4.78
3306,MySQL,MySQL version 7.7,Windows,4.23
3306,MongoDB,MongoDB version 1.8,Unix,4.13
3306,Redis,Redis version 4.7,Unix,6.25
22,OpenSSH,OpenSSH version 2.5,Unix,3.76
3306,SMB,SMB version 8.3,Windows,7.37
3306,RDP,RDP version 5.8,Windows,5.98
21,vsftpd,vsftpd version 2.7,Windows,7.41
21,vsftpd,vsftpd version 5.5,Linux,5.61
21,ProFTPD,ProFTPD version 3.0,Unix,8.37
3306,PostgreSQL,PostgreSQL version 2.3,Unix,3.62
80,nginx,nginx version 9.5,Linux,6.09
21,ProFTPD,ProFTPD version 3.9,Unix,6.03
21,ProFTPD,ProFTPD version 4.2,Unix,6.67
3306,MariaDB,MariaDB version 8.9,Linux,6.95
80,LiteSpeed,LiteSpeed version 6.8,Linux,2.94
80,nginx,nginx version 2.4,Unix,4.8
21,ProFTPD,ProFTPD version 4.0,Linux,7.16
80,Apache,Apache version 6.9,Windows,5.28
22,OpenSSH,OpenSSH version 5.5,Linux,3.82
3306,PostgreSQL,PostgreSQL version 3.1,Windows,7.63
80,LiteSpeed,LiteSpeed version 3.7,Unix,2.56
80,Apache,Apache version 3.7,Linux,6.69
3306,PostgreSQL,PostgreSQL version 3.1,Linux,6.32
21,ProFTPD,ProFTPD version 2.5,Windows,9.35
80,Apache,Apache version 1.6,Unix,2.12
3306,Redis,Redis version 4.6,Linux,3.2
3306,MongoDB,MongoDB version 6.7,Unix,6.74
22,OpenSSH,OpenSSH version 3.1,Unix,1.68
3306,RDP,RDP version 7.2,Unix,4.09
80,Apache,Apache version 9.7,Unix,3.77
3306,MySQL,MySQL version 4.7,Linux,4.79
22,OpenSSH,OpenSSH version 2.4,Linux,6.89
80,LiteSpeed,LiteSpeed version 8.9,Windows,4.22
3306,MariaDB,MariaDB version 7.3,Windows,3.59
3306,MariaDB,MariaDB version 6.1,Unix,4.97
22,OpenSSH,OpenSSH version 4.2,Unix,5.2
80,nginx,nginx version 8.4,Linux,5.16
3306,MySQL,MySQL version 3.9,Windows,4.23
3306,Redis,Redis version 9.6,Linux,1.57
3306,MongoDB,MongoDB version 2.9,Unix,3.12
3306,RDP,RDP version 7.7,Unix,8.63
3306,MySQL,MySQL version 8.2,Unix,4.78
3306,MySQL,MySQL version 8.8,Unix,4.02
80,nginx,nginx version 8.3,Linux,6.18
21,ProFTPD,ProFTPD version 1.1,Linux,4.8
3306,MariaDB,MariaDB version 9.9,Unix,4.16
22,OpenSSH,OpenSSH version 3.2,Linux,4.71
3306,RDP,RDP version 9.1,Unix,5.84
3306,PostgreSQL,PostgreSQL version 8.0,Windows,4.65
3306,MariaDB,MariaDB version 8.7,Unix,4.22
3306,MongoDB,MongoDB version 7.0,Unix,2.4
3306,MySQL,MySQL version 8.1,Windows,4.77
80,LiteSpeed,LiteSpeed version 3.4,Linux,2.51
80,nginx,nginx version 1.0,Windows,4.75
21,vsftpd,vsftpd version 9.8,Linux,6.56
80,nginx,nginx version 1.4,Linux,4.08
22,OpenSSH,OpenSSH version 1.7,Windows,2.74
80,nginx,nginx version 6.8,Windows,4.31
80,nginx,nginx version 1.7,Windows,3.25
21,vsftpd,vsftpd version 5.6,Windows,5.39
80,LiteSpeed,LiteSpeed version 3.4,Linux,4.28
3306,PostgreSQL,PostgreSQL version 8.4,Linux,7.06
3306,MongoDB,MongoDB version 1.8,Windows,6.24
80,nginx,nginx version 7.4,Linux,4.27
80,nginx,nginx version 5.7,Linux,5.57
3306,MariaDB,MariaDB version 7.6,Unix,3.91
21,vsftpd,vsftpd version 4.9,Linux,4.55
3306,PostgreSQL,PostgreSQL version 4.4,Windows,3.96
3306,MySQL,MySQL version 7.1,Unix,5.65
21,vsftpd,vsftpd version 2.0,Linux,6.65
80,Apache,Apache version 9.9,Linux,5.7
3306,MySQL,MySQL version 4.1,Unix,5.88
80,Apache,Apache version 9.6,Windows,5.88
80,Apache,Apache version 5.7,Linux,5.33
21,vsftpd,vsftpd version 9.7,Linux,2.79
22,OpenSSH,OpenSSH version 9.6,Unix,7.05
3306,MariaDB,MariaDB version 3.2,Windows,7.21
3306,SMB,SMB version 9.2,Unix,6.15
21,ProFTPD,ProFTPD version 1.5,Unix,5.94
3306,SMB,SMB version 2.3,Unix,7.42
3306,PostgreSQL,PostgreSQL version 1.8,Windows,5.33
3306,SMB,SMB version 2.5,Unix,6.2
80,LiteSpeed,LiteSpeed version 6.0,Unix,2.62
21,ProFTPD,ProFTPD version 7.8,Windows,6.96
3306,MongoDB,MongoDB version 5.8,Linux,5.33
3306,MongoDB,MongoDB version 6.3,Linux,5.59
3306,SMB,SMB version 6.9,Linux,7.02
21,vsftpd,vsftpd version 7.3,Unix,4.09
80,nginx,nginx version 2.5,Unix,5.99
21,vsftpd,vsftpd version 7.2,Unix,4.6
3306,SMB,SMB version 6.3,Linux,5.8
80,Apache,Apache version 9.2,Unix,4.23
21,vsftpd,vsftpd version 3.0,Unix,1.88
80,nginx,nginx version 1.0,Linux,4.23
3306,MariaDB,MariaDB version 8.2,Linux,5.53
21,vsftpd,vsftpd version 2.9,Windows,5.01
3306,MySQL,MySQL version 9.6,Unix,6.78
80,LiteSpeed,LiteSpeed version 3.9,Linux,4.11
21,vsftpd,vsftpd version 5.5,Windows,5.23
80,LiteSpeed,LiteSpeed version 1.7,Linux,5.69
80,Apache,Apache version 7.2,Linux,8.01
21,ProFTPD,ProFTPD version 3.6,Linux,6.72
3306,SMB,SMB version 5.1,Linux,4.93
3306,MariaDB,MariaDB version 5.2,Unix,5.77
3306,MongoDB,MongoDB version 2.7,Windows,7.3
3306,PostgreSQL,PostgreSQL version 3.3,Windows,4.02
80,nginx,nginx version 6.9,Unix,5.76
3306,MongoDB,MongoDB version 3.3,Windows,6.34
3306,SMB,SMB version 5.8,Windows,8.03
3306,SMB,SMB version 8.3,Windows,6.69
3306,RDP,RDP version 8.2,Windows,5.45
3306,MongoDB,MongoDB version 1.2,Windows,4.38
3306,MongoDB,MongoDB version 8.2,Windows,5.19
80,LiteSpeed,LiteSpeed version 8.9,Windows,5.86
21,ProFTPD,ProFTPD version 3.0,Linux,7.0
21,vsftpd,vsftpd version 2.3,Unix,3.93
22,OpenSSH,OpenSSH version 7.3,Linux,5.33
80,LiteSpeed,LiteSpeed version 5.1,Linux,5.79
80,Apache,Apache version 9.1,Linux,5.07
3306,SMB,SMB version 2.7,Windows,5.25
80,nginx,nginx version 6.6,Unix,4.23
21,vsftpd,vsftpd version 3.7,Unix,5.92
21,vsftpd,vsftpd version 6.5,Unix,2.43
80,nginx,nginx version 2.4,Windows,1.36
80,Apache,Apache version 5.5,Unix,6.76
3306,MariaDB,MariaDB version 7.7,Unix,5.27
80,nginx,nginx version 5.7,Linux,5.41
80,LiteSpeed,LiteSpeed version 9.6,Windows,2.88
80,nginx,nginx version 3.5,Windows,5.61
3306,PostgreSQL,PostgreSQL version 1.2,Unix,4.91
80,Apache,Apache version 5.9,Linux,2.12
3306,MySQL,MySQL version 5.5,Unix,6.64
22,OpenSSH,OpenSSH version 3.6,Unix,4.74
3306,Redis,Redis version 7.0,Unix,3.91
21,ProFTPD,ProFTPD version 7.3,Unix,5.93
21,vsftpd,vsftpd version 5.1,Windows,1.48
3306,MariaDB,MariaDB version 3.1,Linux,5.39
21,ProFTPD,ProFTPD version 8.7,Linux,6.89
21,vsftpd,vsftpd version 3.2,Linux,4.21
80,nginx,nginx version 7.0,Unix,6.42
3306,MariaDB,MariaDB version 7.7,Linux,2.42
3306,PostgreSQL,PostgreSQL version 3.0,Linux,3.6
3306,SMB,SMB version 2.9,Linux,5.22
21,vsftpd,vsftpd version 6.3,Linux,4.08
21,vsftpd,vsftpd version 2.4,Unix,4.6
3306,MariaDB,MariaDB version 2.4,Windows,5.15
3306,MongoDB,MongoDB version 6.7,Unix,3.98
3306,MongoDB,MongoDB version 9.1,Windows,3.18
3306,MySQL,MySQL version 2.4,Windows,7.03
3306,MariaDB,MariaDB version 3.5,Linux,8.12
3306,MariaDB,MariaDB version 1.9,Windows,4.71
21,vsftpd,vsftpd version 4.8,Unix,3.36
3306,SMB,SMB version 4.7,Windows,8.71
3306,PostgreSQL,PostgreSQL version 9.9,Linux,2.33
3306,SMB,SMB version 7.8,Unix,6.0
3306,MariaDB,MariaDB version 3.1,Windows,3.46
80,LiteSpeed,LiteSpeed version 4.0,Unix,2.76
21,ProFTPD,ProFTPD version 1.0,Windows,6.08
21,vsftpd,vsftpd version 9.0,Unix,3.2
3306,MongoDB,MongoDB version 9.7,Linux,4.52
3306,Redis,Redis version 4.2,Unix,4.54
3306,MongoDB,MongoDB version 9.1,Unix,3.57
80,Apache,Apache version 3.2,Unix,3.94
80,LiteSpeed,LiteSpeed version 2.0,Windows,4.15
80,nginx,nginx version 1.4,Windows,5.71
3306,RDP,RDP version 3.5,Linux,6.28
80,Apache,Apache version 8.3,Unix,5.74
3306,Redis,Redis version 8.2,Linux,5.38
22,OpenSSH,OpenSSH version 9.9,Linux,5.36
80,nginx,nginx version 2.8,Linux,6.58
21,vsftpd,vsftpd version 4.7,Linux,2.82
3306,Redis,Redis version 2.8,Linux,3.79
3306,MariaDB,MariaDB version 4.9,Windows,7.14
22,OpenSSH,OpenSSH version 2.8,Windows,4.11
21,vsftpd,vsftpd version 3.4,Windows,0.28
80,Apache,Apache version 1.8,Linux,4.2
3306,SMB,SMB version 3.8,Unix,6.7
21,ProFTPD,ProFTPD version 1.5,Windows,2.57
3306,MongoDB,MongoDB version 9.9,Linux,6.5
22,OpenSSH,OpenSSH version 6.7,Windows,3.43
80,Apache,Apache version 6.8,Unix,4.99
80,Apache,Apache version 8.7,Unix,4.16
3306,SMB,SMB version 8.7,Windows,4.57
3306,MariaDB,MariaDB version 1.7,Linux,2.89
80,nginx,nginx version 3.8,Unix,3.1
3306,MariaDB,MariaDB version 3.8,Windows,6.13
22,OpenSSH,OpenSSH version 1.6,Unix,4.28
3306,RDP,RDP version 9.4,Windows,5.72
3306,PostgreSQL,PostgreSQL version 2.4,Unix,3.1
3306,MariaDB,MariaDB version 1.2,Windows,6.29
80,Apache,Apache version 5.9,Windows,6.7
22,OpenSSH,OpenSSH version 7.2,Unix,6.28
3306,MariaDB,MariaDB version 6.9,Linux,5.24
3306,MongoDB,MongoDB version 5.8,Windows,4.93
80,LiteSpeed,LiteSpeed version 5.5,Unix,2.68
80,Apache,Apache version 1.7,Linux,4.13
21,vsftpd,vsftpd version 9.6,Windows,3.47
80,LiteSpeed,LiteSpeed version 6.6,Linux,1.76
3306,RDP,RDP version 6.8,Unix,8.09
3306,Redis,Redis version 8.1,Linux,3.46
3306,MongoDB,MongoDB version 4.3,Windows,6.29
3306,Redis,Redis version 2.7,Windows,5.82
80,nginx,nginx version 3.7,Windows,5.34
3306,MongoDB,MongoDB version 9.6,Unix,5.42
22,OpenSSH,OpenSSH version 9.2,Linux,3.58
3306,RDP,RDP version 9.5,Unix,9.29
3306,Redis,Redis version 2.2,Unix,4.56
3306,MariaDB,MariaDB version 2.9,Unix,4.95
80,nginx,nginx version 8.2,Unix,3.53
3306,MySQL,MySQL version 3.4,Linux,3.1
3306,MySQL,MySQL version 7.5,Linux,5.22
3306,MongoDB,MongoDB version 5.1,Linux,4.83
3306,SMB,SMB version 8.8,Unix,5.32
3306,RDP,RDP version 3.5,Unix,4.34
21,ProFTPD,ProFTPD version 7.6,Linux,4.6
3306,PostgreSQL,PostgreSQL version 4.5,Windows,6.29
3306,RDP,RDP version 1.9,Unix,5.58
22,OpenSSH,OpenSSH version 6.3,Linux,3.99
21,ProFTPD,ProFTPD version 2.3,Unix,8.68
3306,MongoDB,MongoDB version 8.4,Unix,2.82
3306,RDP,RDP version 6.3,Unix,5.41
3306,SMB,SMB version 3.3,Windows,5.35
80,Apache,Apache version 5.6,Windows,6.93
21,ProFTPD,ProFTPD version 7.9,Windows,9.49
3306,MongoDB,MongoDB version 3.3,Windows,5.63
3306,MongoDB,MongoDB version 1.8,Linux,5.68
22,OpenSSH,OpenSSH version 2.2,Unix,3.63
80,nginx,nginx version 9.2,Linux,7.42
3306,Redis,Redis version 2.9,Windows,4.9
3306,PostgreSQL,PostgreSQL version 8.1,Windows,5.78
3306,SMB,SMB version 4.3,Unix,6.34
3306,PostgreSQL,PostgreSQL version 4.3,Unix,4.1
80,LiteSpeed,LiteSpeed version 5.7,Linux,6.99
3306,PostgreSQL,PostgreSQL version 3.4,Windows,5.31
80,nginx,nginx version 2.9,Unix,6.68
22,OpenSSH,OpenSSH version 6.0,Linux,4.88
80,Apache,Apache version 2.3,Unix,3.23
3306,SMB,SMB version 4.9,Linux,5.62
80,Apache,Apache version 6.8,Windows,4.65
3306,SMB,SMB version 8.0,Linux,5.56
22,OpenSSH,OpenSSH version 6.7,Linux,2.84
22,OpenSSH,OpenSSH version 9.0,Linux,6.3
80,LiteSpeed,LiteSpeed version 6.9,Windows,3.68
3306,PostgreSQL,PostgreSQL version 6.4,Windows,4.71
80,Apache,Apache version 5.3,Linux,4.94
3306,RDP,RDP version 2.5,Windows,5.62
3306,MariaDB,MariaDB version 8.4,Unix,6.68
3306,MariaDB,MariaDB version 9.9,Linux,2.82
21,vsftpd,vsftpd version 2.1,Windows,4.89
80,LiteSpeed,LiteSpeed version 4.3,Windows,4.87
80,nginx,nginx version 1.6,Windows,4.42
3306,MariaDB,MariaDB version 7.6,Windows,2.55
21,ProFTPD,ProFTPD version 4.9,Windows,7.81
22,OpenSSH,OpenSSH version 6.8,Unix,5.62
3306,PostgreSQL,PostgreSQL version 4.6,Windows,3.49
3306,MySQL,MySQL version 5.5,Unix,5.56
21,ProFTPD,ProFTPD version 3.1,Windows,7.06
80,Apache,Apache version 1.7,Linux,2.58
80,LiteSpeed,LiteSpeed version 5.5,Unix,3.22
3306,PostgreSQL,PostgreSQL version 8.7,Windows,6.21
3306,MariaDB,MariaDB version 7.4,Unix,4.96
80,nginx,nginx version 6.9,Unix,3.65
3306,PostgreSQL,PostgreSQL version 6.2,Linux,3.21
80,LiteSpeed,LiteSpeed version 4.4,Linux,3.73
3306,SMB,SMB version 3.7,Linux,5.83
80,nginx,nginx version 1.0,Unix,3.23
21,ProFTPD,ProFTPD version 6.0,Windows,3.89
22,OpenSSH,OpenSSH version 7.9,Windows,6.21
80,nginx,nginx version 4.8,Windows,5.96
80,nginx,nginx version 7.5,Linux,2.59
3306,MariaDB,MariaDB version 8.5,Unix,4.7
3306,RDP,RDP version 2.0,Linux,5.15
3306,MariaDB,MariaDB version 3.2,Unix,4.11
80,Apache,Apache version 2.9,Linux,3.98
3306,SMB,SMB version 8.1,Unix,5.86
80,nginx,nginx version 5.7,Linux,7.5
80,Apache,Apache version 6.1,Unix,3.84
22,OpenSSH,OpenSSH version 9.0,Linux,3.29
22,OpenSSH,OpenSSH version 3.6,Unix,3.36
21,vsftpd,vsftpd version 5.6,Unix,6.07
22,OpenSSH,OpenSSH version 3.2,Windows,2.02
3306,PostgreSQL,PostgreSQL version 4.3,Linux,3.36
22,OpenSSH,OpenSSH version 6.8,Linux,6.67
3306,MySQL,MySQL version 7.9,Windows,4.87
22,OpenSSH,OpenSSH version 5.3,Windows,4.79
3306,SMB,SMB version 3.4,Unix,9.7
3306,PostgreSQL,PostgreSQL version 4.4,Windows,4.87
21,vsftpd,vsftpd version 2.9,Windows,3.44
80,LiteSpeed,LiteSpeed version 3.2,Windows,4.08
21,vsftpd,vsftpd version 8.2,Linux,2.8
3306,PostgreSQL,PostgreSQL version 9.3,Unix,6.38
3306,Redis,Redis version 2.7,Linux,5.36
22,OpenSSH,OpenSSH version 3.6,Linux,6.19
3306,RDP,RDP version 7.6,Linux,8.32
80,Apache,Apache version 3.3,Windows,3.88
3306,PostgreSQL,PostgreSQL version 1.1,Windows,3.08
80,nginx,nginx version 4.2,Windows,4.42
21,ProFTPD,ProFTPD version 7.2,Linux,5.19
21,vsftpd,vsftpd version 6.5,Unix,4.75
3306,RDP,RDP version 1.9,Windows,8.2
3306,RDP,RDP version 2.0,Linux,6.25
3306,MongoDB,MongoDB version 7.8,Windows,4.72
80,LiteSpeed,LiteSpeed version 4.9,Linux,4.36
3306,PostgreSQL,PostgreSQL version 7.9,Windows,5.7
3306,RDP,RDP version 8.0,Windows,5.5
3306,RDP,RDP version 9.8,Linux,3.21
3306,SMB,SMB version 7.9,Windows,7.21
80,Apache,Apache version 7.0,Unix,5.98
3306,PostgreSQL,PostgreSQL version 3.8,Linux,5.17
80,LiteSpeed,LiteSpeed version 9.6,Linux,3.54
3306,PostgreSQL,PostgreSQL version 8.9,Linux,2.8
22,OpenSSH,OpenSSH version 2.3,Unix,5.24
3306,PostgreSQL,PostgreSQL version 3.6,Windows,4.71
3306,PostgreSQL,PostgreSQL version 3.3,Windows,4.31
3306,MariaDB,MariaDB version 9.2,Linux,7.23
80,LiteSpeed,LiteSpeed version 2.7,Linux,3.08
80,LiteSpeed,LiteSpeed version 5.1,Windows,7.16
80,LiteSpeed,LiteSpeed version 5.7,Linux,4.55
3306,MongoDB,MongoDB version 1.2,Linux,1.75
22,OpenSSH,OpenSSH version 3.3,Unix,4.23
80,LiteSpeed,LiteSpeed version 9.2,Unix,5.94
80,LiteSpeed,LiteSpeed version 4.5,Linux,3.95
3306,MariaDB,MariaDB version 2.9,Windows,2.29
80,nginx,nginx version 1.7,Windows,4.25
3306,Redis,Redis version 4.2,Unix,3.21
3306,MariaDB,MariaDB version 6.5,Windows,5.24
3306,MongoDB,MongoDB version 9.3,Linux,5.66
3306,MariaDB,MariaDB version 1.0,Unix,2.92
3306,MariaDB,MariaDB version 5.0,Linux,3.44
3306,RDP,RDP version 8.1,Unix,7.63
3306,SMB,SMB version 4.3,Linux,5.21
3306,PostgreSQL,PostgreSQL version 6.6,Unix,2.88
3306,MariaDB,MariaDB version 8.2,Linux,2.73
3306,MariaDB,MariaDB version 5.4,Unix,5.03
80,Apache,Apache version 2.1,Windows,4.96
3306,MySQL,MySQL version 9.3,Unix,3.47
21,vsftpd,vsftpd version 3.4,Unix,4.51
3306,SMB,SMB version 3.0,Windows,8.79
22,OpenSSH,OpenSSH version 5.6,Linux,3.04
3306,MySQL,MySQL version 4.6,Linux,1.57
21,vsftpd,vsftpd version 5.8,Windows,5.18
3306,RDP,RDP version 8.8,Unix,6.33
3306,PostgreSQL,PostgreSQL version 6.6,Linux,3.43
21,ProFTPD,ProFTPD version 8.3,Linux,7.48
80,Apache,Apache version 4.8,Linux,5.76
21,vsftpd,vsftpd version 2.7,Linux,1.19
80,LiteSpeed,LiteSpeed version 9.5,Linux,3.52
3306,MariaDB,MariaDB version 8.4,Linux,7.98
3306,SMB,SMB version 9.8,Linux,7.38
3306,PostgreSQL,PostgreSQL version 1.4,Windows,5.51
80,nginx,nginx version 6.9,Unix,6.26
3306,RDP,RDP version 4.8,Linux,6.53
3306,RDP,RDP version 3.9,Linux,7.7
3306,PostgreSQL,PostgreSQL version 8.4,Windows,5.58
3306,SMB,SMB version 7.3,Unix,7.31
3306,PostgreSQL,PostgreSQL version 4.5,Linux,4.02
22,OpenSSH,OpenSSH version 1.1,Unix,4.76
3306,MySQL,MySQL version 3.7,Windows,3.62
3306,MySQL,MySQL version 8.2,Linux,4.52
3306,MySQL,MySQL version 4.8,Windows,2.75
3306,RDP,RDP version 8.9,Windows,5.31
80,LiteSpeed,LiteSpeed version 2.0,Linux,4.08
3306,PostgreSQL,PostgreSQL version 6.7,Linux,3.08
3306,MongoDB,MongoDB version 1.3,Unix,3.74
3306,MongoDB,MongoDB version 2.1,Windows,4.25
3306,Redis,Redis version 2.5,Linux,5.1
3306,MongoDB,MongoDB version 9.4,Linux,5.92
3306,MongoDB,MongoDB version 1.2,Linux,3.8
3306,SMB,SMB version 5.5,Unix,8.5
3306,MySQL,MySQL version 4.1,Windows,5.91
3306,MySQL,MySQL version 5.8,Windows,5.26
80,Apache,Apache version 1.1,Windows,4.73
22,OpenSSH,OpenSSH version 8.3,Windows,4.98
3306,SMB,SMB version 2.4,Windows,8.28
3306,MongoDB,MongoDB version 8.3,Linux,6.34
22,OpenSSH,OpenSSH version 5.5,Unix,6.5
22,OpenSSH,OpenSSH version 2.7,Linux,4.56
80,LiteSpeed,LiteSpeed version 8.8,Windows,5.33
3306,RDP,RDP version 5.3,Unix,8.52
3306,MongoDB,MongoDB version 9.8,Unix,3.56
3306,SMB,SMB version 7.3,Windows,6.02
3306,PostgreSQL,PostgreSQL version 1.7,Windows,4.52
80,Apache,Apache version 4.3,Windows,5.85
22,OpenSSH,OpenSSH version 6.2,Linux,5.87
21,vsftpd,vsftpd version 4.7,Windows,4.15
3306,Redis,Redis version 1.9,Unix,2.24
21,vsftpd,vsftpd version 6.6,Unix,4.87
3306,RDP,RDP version 6.4,Unix,5.12
3306,Redis,Redis version 3.0,Unix,2.27
3306,SMB,SMB version 6.2,Unix,4.6
3306,Redis,Redis version 7.2,Unix,4.99
21,ProFTPD,ProFTPD version 7.4,Unix,8.54
3306,MySQL,MySQL version 1.6,Unix,4.56
21,vsftpd,vsftpd version 5.1,Unix,4.82
3306,MongoDB,MongoDB version 7.1,Linux,6.27
21,vsftpd,vsftpd version 7.2,Unix,2.18
3306,SMB,SMB version 6.0,Windows,7.28
21,ProFTPD,ProFTPD version 3.0,Unix,6.48
80,Apache,Apache version 7.9,Windows,5.35
80,nginx,nginx version 4.2,Unix,3.77
80,Apache,Apache version 9.3,Linux,3.27
3306,SMB,SMB version 8.6,Windows,6.71
3306,SMB,SMB version 8.6,Unix,8.97
80,Apache,Apache version 8.7,Linux,5.79
80,Apache,Apache version 1.0,Unix,3.74
3306,Redis,Redis version 1.0,Linux,2.49
80,nginx,nginx version 2.8,Windows,1.98
21,vsftpd,vsftpd version 8.1,Windows,6.47
80,LiteSpeed,LiteSpeed version 3.2,Unix,3.07
22,OpenSSH,OpenSSH version 8.3,Linux,4.01
3306,MongoDB,MongoDB version 8.3,Linux,6.48
21,vsftpd,vsftpd version 7.5,Unix,2.08
3306,PostgreSQL,PostgreSQL version 5.2,Unix,6.74
21,vsftpd,vsftpd version 1.4,Linux,4.12
80,Apache,Apache version 3.4,Unix,2.78
21,ProFTPD,ProFTPD version 8.6,Linux,6.13
22,OpenSSH,OpenSSH version 3.8,Linux,3.42
3306,MongoDB,MongoDB version 6.7,Unix,5.16
80,nginx,nginx version 1.3,Unix,3.53
3306,MySQL,MySQL version 4.2,Linux,1.63
80,Apache,Apache version 5.8,Linux,4.17
3306,MariaDB,MariaDB version 4.1,Linux,2.47
3306,SMB,SMB version 7.4,Windows,6.81
22,OpenSSH,OpenSSH version 7.4,Windows,2.72
3306,MariaDB,MariaDB version 1.4,Windows,3.77
3306,MongoDB,MongoDB version 1.7,Linux,4.77
21,vsftpd,vsftpd version 3.7,Windows,4.18
3306,MongoDB,MongoDB version 7.4,Linux,4.88
80,Apache,Apache version 1.5,Unix,5.52
3306,PostgreSQL,PostgreSQL version 7.2,Linux,2.76
22,OpenSSH,OpenSSH version 7.3,Windows,4.4
21,ProFTPD,ProFTPD version 9.2,Unix,1.51
21,ProFTPD,ProFTPD version 6.8,Unix,6.87
3306,MySQL,MySQL version 9.9,Windows,4.05
3306,Redis,Redis version 2.6,Linux,3.02
3306,Redis,Redis version 8.3,Linux,4.97
3306,SMB,SMB version 2.1,Unix,8.26
3306,MariaDB,MariaDB version 7.2,Windows,3.79
80,nginx,nginx version 3.8,Windows,3.08
3306,SMB,SMB version 1.9,Linux,6.75
80,nginx,nginx version 2.3,Linux,2.5
80,nginx,nginx version 1.0,Unix,3.51
21,vsftpd,vsftpd version 4.6,Linux,6.33
3306,Redis,Redis version 5.6,Windows,4.59
3306,SMB,SMB version 4.6,Unix,3.68
21,ProFTPD,ProFTPD version 8.7,Unix,3.8
80,Apache,Apache version 1.5,Linux,4.74
3306,MySQL,MySQL version 3.7,Windows,5.79
3306,PostgreSQL,PostgreSQL version 5.7,Windows,2.07
21,ProFTPD,ProFTPD version 2.0,Unix,7.17
80,Apache,Apache version 5.2,Linux,6.5
3306,RDP,RDP version 4.6,Unix,9.33
3306,MariaDB,MariaDB version 4.5,Unix,5.0
80,nginx,nginx version 5.8,Unix,5.26
80,Apache,Apache version 5.9,Unix,1.3
3306,SMB,SMB version 4.7,Unix,9.65
80,nginx,nginx version 8.8,Windows,3.64
3306,PostgreSQL,PostgreSQL version 9.4,Linux,3.1
3306,Redis,Redis version 4.7,Unix,4.12
3306,MariaDB,MariaDB version 3.2,Windows,6.77
3306,MariaDB,MariaDB version 1.2,Windows,7.81
80,nginx,nginx version 2.7,Windows,4.69
21,vsftpd,vsftpd version 6.5,Linux,6.0
3306,RDP,RDP version 7.8,Linux,6.56
3306,MongoDB,MongoDB version 8.6,Windows,2.94
3306,Redis,Redis version 3.4,Windows,6.72
3306,PostgreSQL,PostgreSQL version 7.9,Windows,3.57
22,OpenSSH,OpenSSH version 8.2,Windows,6.8
21,vsftpd,vsftpd version 6.6,Windows,6.45
3306,MySQL,MySQL version 4.6,Windows,5.42
22,OpenSSH,OpenSSH version 7.7,Windows,7.24
3306,SMB,SMB version 1.8,Windows,9.85
21,vsftpd,vsftpd version 2.5,Unix,4.24
3306,MariaDB,MariaDB version 4.6,Windows,3.29
3306,MySQL,MySQL version 3.0,Linux,1.7
21,vsftpd,vsftpd version 3.9,Unix,7.87
80,nginx,nginx version 5.3,Linux,3.84
21,ProFTPD,ProFTPD version 5.3,Unix,8.2
80,Apache,Apache version 6.8,Unix,3.39
3306,Redis,Redis version 2.6,Unix,6.81
80,LiteSpeed,LiteSpeed version 9.0,Windows,3.45
21,ProFTPD,ProFTPD version 5.7,Windows,4.71
80,Apache,Apache version 7.4,Unix,4.19
3306,MySQL,MySQL version 6.9,Unix,3.7
21,vsftpd,vsftpd version 1.6,Linux,5.39
3306,Redis,Redis version 9.5,Unix,4.42
3306,Redis,Redis version 2.8,Linux,5.44
3306,SMB,SMB version 2.8,Linux,6.06
21,ProFTPD,ProFTPD version 7.8,Linux,5.5
3306,MongoDB,MongoDB version 1.4,Linux,3.62
80,LiteSpeed,LiteSpeed version 7.2,Unix,7.57
3306,RDP,RDP version 1.6,Windows,6.84
3306,MySQL,MySQL version 8.0,Windows,1.52
80,Apache,Apache version 9.0,Windows,3.72
3306,MariaDB,MariaDB version 8.7,Unix,4.65
3306,MySQL,MySQL version 7.6,Unix,7.27
3306,MySQL,MySQL version 5.8,Linux,6.04
21,vsftpd,vsftpd version 6.0,Windows,3.12
21,ProFTPD,ProFTPD version 1.2,Windows,10.0
3306,MySQL,MySQL version 3.8,Unix,4.45
3306,PostgreSQL,PostgreSQL version 1.0,Windows,6.37
3306,PostgreSQL,PostgreSQL version 7.8,Windows,2.77
80,nginx,nginx version 4.1,Linux,0.9
3306,SMB,SMB version 6.1,Linux,4.39
3306,RDP,RDP version 2.9,Unix,1.62
80,nginx,nginx version 4.8,Windows,7.67
3306,MariaDB,MariaDB version 3.3,Windows,4.82
3306,SMB,SMB version 7.6,Linux,5.11
21,vsftpd,vsftpd version 7.9,Unix,5.18
21,ProFTPD,ProFTPD version 9.1,Linux,6.78
21,vsftpd,vsftpd version 8.1,Linux,5.43
22,OpenSSH,OpenSSH version 8.5,Windows,6.31
21,ProFTPD,ProFTPD version 9.5,Windows,6.07
80,Apache,Apache version 8.7,Unix,3.18
21,vsftpd,vsftpd version 8.5,Linux,5.74
3306,RDP,RDP version 1.5,Unix,7.7
80,nginx,nginx version 5.2,Windows,4.65
80,LiteSpeed,LiteSpeed version 2.0,Windows,7.77
80,nginx,nginx version 1.5,Unix,3.84
80,Apache,Apache version 9.0,Windows,3.15
80,LiteSpeed,LiteSpeed version 3.0,Windows,5.13
21,ProFTPD,ProFTPD version 8.0,Linux,5.49
3306,RDP,RDP version 6.9,Windows,7.24
3306,PostgreSQL,PostgreSQL version 1.7,Windows,3.25
3306,MongoDB,MongoDB version 9.4,Windows,3.9
3306,MariaDB,MariaDB version 2.8,Linux,7.34
3306,PostgreSQL,PostgreSQL version 1.7,Unix,3.89
80,LiteSpeed,LiteSpeed version 2.5,Linux,3.3
3306,MariaDB,MariaDB version 4.6,Windows,6.26
3306,MariaDB,MariaDB version 7.5,Windows,2.92
3306,SMB,SMB version 2.2,Linux,5.46
80,nginx,nginx version 6.3,Unix,5.36
21,vsftpd,vsftpd version 9.9,Linux,5.91
22,OpenSSH,OpenSSH version 6.3,Linux,6.33
3306,RDP,RDP version 9.2,Linux,5.38
3306,MariaDB,MariaDB version 1.0,Unix,5.39
3306,MySQL,MySQL version 4.8,Windows,3.8
3306,MongoDB,MongoDB version 3.9,Linux,3.59
80,LiteSpeed,LiteSpeed version 9.7,Unix,6.3
22,OpenSSH,OpenSSH version 1.5,Unix,3.68
21,vsftpd,vsftpd version 5.9,Linux,4.92
22,OpenSSH,OpenSSH version 8.7,Unix,4.73
21,ProFTPD,ProFTPD version 8.2,Unix,4.89
22,OpenSSH,OpenSSH version 2.6,Windows,5.95
3306,SMB,SMB version 2.6,Linux,7.34
80,LiteSpeed,LiteSpeed version 3.2,Unix,1.52
80,Apache,Apache version 1.9,Unix,4.92
3306,MariaDB,MariaDB version 7.1,Linux,3.34
3306,MariaDB,MariaDB version 1.1,Windows,6.15
21,vsftpd,vsftpd version 3.2,Linux,2.33
3306,MongoDB,MongoDB version 8.2,Linux,3.97
21,vsftpd,vsftpd version 9.4,Windows,5.04
3306,MySQL,MySQL version 8.7,Windows,4.58
80,nginx,nginx version 9.9,Windows,5.64
3306,MySQL,MySQL version 4.2,Unix,2.22
21,vsftpd,vsftpd version 2.3,Windows,6.98
3306,MongoDB,MongoDB version 7.9,Windows,5.29
22,OpenSSH,OpenSSH version 8.6,Windows,6.54
3306,Redis,Redis version 9.3,Linux,5.81
80,Apache,Apache version 4.3,Unix,4.48
80,Apache,Apache version 7.9,Unix,2.57
3306,MySQL,MySQL version 4.6,Linux,3.65
3306,MySQL,MySQL version 7.0,Unix,6.88
3306,SMB,SMB version 7.2,Unix,8.58
22,OpenSSH,OpenSSH version 2.8,Unix,3.57
80,nginx,nginx version 8.1,Linux,0.27
21,vsftpd,vsftpd version 3.0,Windows,4.18
3306,PostgreSQL,PostgreSQL version 4.4,Linux,4.07
21,ProFTPD,ProFTPD version 3.7,Windows,6.13
22,OpenSSH,OpenSSH version 1.6,Windows,5.29
3306,RDP,RDP version 7.6,Linux,7.81
3306,PostgreSQL,PostgreSQL version 7.0,Linux,5.99
3306,RDP,RDP version 8.9,Linux,7.17
3306,MongoDB,MongoDB version 3.6,Unix,1.8
3306,PostgreSQL,PostgreSQL version 7.4,Linux,3.99
80,nginx,nginx version 4.3,Unix,7.96
3306,PostgreSQL,PostgreSQL version 5.2,Unix,5.06
80,nginx,nginx version 4.0,Unix,5.05
3306,Redis,Redis version 3.7,Linux,5.04
80,nginx,nginx version 6.2,Windows,5.12
21,vsftpd,vsftpd version 1.3,Windows,0.93
80,Apache,Apache version 1.9,Linux,4.14
80,nginx,nginx version 7.6,Unix,4.44
80,LiteSpeed,LiteSpeed version 4.2,Unix,6.42
22,OpenSSH,OpenSSH version 6.1,Windows,4.57
21,ProFTPD,ProFTPD version 5.4,Windows,4.03
3306,PostgreSQL,PostgreSQL version 2.8,Windows,5.15
80,nginx,nginx version 2.2,Linux,3.29
80,LiteSpeed,LiteSpeed version 2.8,Windows,2.67
3306,Redis,Redis version 4.8,Linux,3.25
3306,MySQL,MySQL version 6.3,Unix,5.31
3306,RDP,RDP version 7.8,Linux,8.39
80,Apache,Apache version 7.4,Unix,5.22
3306,RDP,RDP version 3.9,Windows,7.45
80,Apache,Apache version 9.6,Unix,5.21
3306,MongoDB,MongoDB version 9.5,Linux,4.65
21,ProFTPD,ProFTPD version 9.6,Windows,7.55
21,ProFTPD,ProFTPD version 3.0,Unix,2.87
3306,PostgreSQL,PostgreSQL version 1.9,Unix,4.67
3306,MySQL,MySQL version 8.4,Unix,2.93
3306,SMB,SMB version 8.5,Linux,8.24
3306,RDP,RDP version 2.5,Windows,6.28
3306,MariaDB,MariaDB version 9.4,Linux,4.55
3306,MariaDB,MariaDB version 7.8,Windows,2.24
3306,MariaDB,MariaDB version 7.0,Linux,6.03
21,ProFTPD,ProFTPD version 8.6,Windows,7.44
21,vsftpd,vsftpd version 6.8,Unix,5.34
3306,MongoDB,MongoDB version 2.1,Unix,3.28
80,Apache,Apache version 5.8,Windows,3.34
22,OpenSSH,OpenSSH version 2.7,Unix,4.84
3306,RDP,RDP version 4.8,Unix,5.46
21,ProFTPD,ProFTPD version 8.5,Unix,7.15
3306,PostgreSQL,PostgreSQL version 9.2,Unix,1.26
3306,MariaDB,MariaDB version 8.3,Unix,3.77
21,vsftpd,vsftpd version 8.8,Unix,7.2
80,Apache,Apache version 5.6,Windows,5.16
80,LiteSpeed,LiteSpeed version 7.4,Windows,4.75
3306,MongoDB,MongoDB version 3.8,Unix,7.48
3306,MariaDB,MariaDB version 4.4,Windows,1.0
3306,SMB,SMB version 4.4,Linux,5.28
21,vsftpd,vsftpd version 8.4,Unix,3.9
80,nginx,nginx version 6.6,Linux,5.79
3306,MongoDB,MongoDB version 6.8,Linux,5.81
80,nginx,nginx version 2.8,Linux,3.2
3306,MySQL,MySQL version 5.6,Linux,6.0
3306,SMB,SMB version 9.6,Windows,5.9
80,LiteSpeed,LiteSpeed version 1.6,Windows,6.32
3306,MongoDB,MongoDB version 1.5,Linux,2.95
3306,MongoDB,MongoDB version 8.3,Unix,4.32
21,vsftpd,vsftpd version 2.5,Unix,3.76
80,nginx,nginx version 9.6,Unix,6.08
22,OpenSSH,OpenSSH version 1.3,Windows,3.72
21,vsftpd,vsftpd version 5.6,Windows,4.44
3306,MySQL,MySQL version 4.3,Linux,5.26
22,OpenSSH,OpenSSH version 9.8,Windows,5.32
3306,MongoDB,MongoDB version 1.4,Unix,5.83
80,nginx,nginx version 3.8,Unix,4.82
3306,MariaDB,MariaDB version 6.0,Linux,3.87
3306,MongoDB,MongoDB version 3.7,Linux,3.98
3306,RDP,RDP version 2.6,Windows,6.54
80,Apache,Apache version 9.0,Linux,4.87
80,LiteSpeed,LiteSpeed version 8.5,Linux,4.28
21,ProFTPD,ProFTPD version 1.3,Linux,6.53
21,ProFTPD,ProFTPD version 6.8,Unix,4.22
80,LiteSpeed,LiteSpeed version 8.2,Windows,5.5
80,Apache,Apache version 3.6,Linux,4.77
21,vsftpd,vsftpd version 3.2,Linux,6.0
21,vsftpd,vsftpd version 3.7,Windows,4.5
3306,MySQL,MySQL version 4.6,Windows,1.89
80,LiteSpeed,LiteSpeed version 8.5,Unix,3.96
3306,PostgreSQL,PostgreSQL version 8.6,Linux,4.2
3306,SMB,SMB version 9.7,Linux,7.61
22,OpenSSH,OpenSSH version 9.8,Windows,1.39
3306,RDP,RDP version 2.6,Windows,6.56
80,LiteSpeed,LiteSpeed version 5.7,Unix,5.27
80,LiteSpeed,LiteSpeed version 9.3,Unix,3.51
3306,RDP,RDP version 4.5,Linux,6.61
21,vsftpd,vsftpd version 7.2,Unix,3.56
80,Apache,Apache version 9.2,Unix,3.41
22,OpenSSH,OpenSSH version 5.2,Windows,3.89
3306,Redis,Redis version 6.0,Windows,3.43
3306,Redis,Redis version 6.0,Unix,5.53
3306,SMB,SMB version 1.2,Linux,5.4
3306,MongoDB,MongoDB version 9.0,Linux,3.15
21,vsftpd,vsftpd version 3.2,Unix,7.15
22,OpenSSH,OpenSSH version 2.9,Windows,5.94
22,OpenSSH,OpenSSH version 3.2,Unix,1.71
3306,MySQL,MySQL version 3.2,Windows,3.35
21,ProFTPD,ProFTPD version 4.9,Unix,6.86
80,LiteSpeed,LiteSpeed version 5.6,Windows,4.99
3306,MariaDB,MariaDB version 3.6,Unix,2.26
3306,SMB,SMB version 3.6,Unix,8.24
3306,MongoDB,MongoDB version 2.5,Windows,5.74
22,OpenSSH,OpenSSH version 2.2,Unix,5.22
3306,MySQL,MySQL version 3.9,Unix,6.54
3306,RDP,RDP version 8.7,Unix,7.18
3306,MongoDB,MongoDB version 8.0,Linux,5.17
3306,MySQL,MySQL version 2.9,Unix,6.84
3306,MySQL,MySQL version 7.6,Windows,6.15
80,Apache,Apache version 8.0,Linux,3.24
22,OpenSSH,OpenSSH version 3.2,Linux,5.45
3306,SMB,SMB version 4.5,Unix,5.5
3306,PostgreSQL,PostgreSQL version 2.5,Linux,5.26
21,ProFTPD,ProFTPD version 2.2,Windows,7.21
22,OpenSSH,OpenSSH version 1.8,Unix,2.42
3306,MongoDB,MongoDB version 4.7,Linux,4.32
22,OpenSSH,OpenSSH version 8.8,Windows,4.9
3306,PostgreSQL,PostgreSQL version 3.0,Linux,3.85
21,vsftpd,vsftpd version 3.5,Unix,4.97
80,LiteSpeed,LiteSpeed version 3.8,Unix,5.71
3306,MariaDB,MariaDB version 7.8,Linux,4.45
3306,PostgreSQL,PostgreSQL version 8.6,Unix,4.84
21,ProFTPD,ProFTPD version 1.3,Windows,8.58
3306,PostgreSQL,PostgreSQL version 3.4,Unix,5.21
3306,MariaDB,MariaDB version 9.5,Linux,4.8
3306,RDP,RDP version 9.8,Linux,5.06
3306,PostgreSQL,PostgreSQL version 7.0,Unix,5.51
22,OpenSSH,OpenSSH version 9.0,Windows,5.0
3306,MySQL,MySQL version 7.7,Unix,6.43
80,LiteSpeed,LiteSpeed version 3.0,Linux,4.57
3306,MongoDB,MongoDB version 1.1,Linux,1.78
21,ProFTPD,ProFTPD version 7.4,Linux,3.95
22,OpenSSH,OpenSSH version 9.6,Linux,5.6
21,vsftpd,vsftpd version 1.5,Windows,3.64
3306,MariaDB,MariaDB version 4.0,Linux,5.16
3306,PostgreSQL,PostgreSQL version 7.6,Unix,4.67
3306,PostgreSQL,PostgreSQL version 7.7,Unix,4.25
3306,RDP,RDP version 1.5,Linux,6.36
22,OpenSSH,OpenSSH version 1.7,Windows,3.2
3306,MySQL,MySQL version 6.4,Unix,4.48
22,OpenSSH,OpenSSH version 7.9,Unix,3.62
3306,PostgreSQL,PostgreSQL version 2.0,Windows,3.94
3306,MariaDB,MariaDB version 4.7,Linux,4.01
3306,PostgreSQL,PostgreSQL version 7.0,Linux,4.16
80,nginx,nginx version 2.0,Windows,5.88
3306,RDP,RDP version 6.4,Linux,6.31
3306,PostgreSQL,PostgreSQL version 7.3,Unix,6.04
3306,SMB,SMB version 6.5,Windows,8.81
3306,PostgreSQL,PostgreSQL version 4.6,Windows,5.78
3306,MongoDB,MongoDB version 8.9,Windows,5.3
3306,MariaDB,MariaDB version 6.7,Unix,4.99
21,vsftpd,vsftpd version 3.2,Unix,5.8
22,OpenSSH,OpenSSH version 7.2,Linux,4.63
3306,Redis,Redis version 4.7,Windows,5.98
3306,MariaDB,MariaDB version 2.3,Windows,5.42
80,nginx,nginx version 6.8,Windows,3.96
3306,MySQL,MySQL version 7.6,Linux,5.84
80,Apache,Apache version 5.5,Unix,4.64
80,Apache,Apache version 9.5,Unix,4.34
21,vsftpd,vsftpd version 2.9,Unix,3.79
3306,RDP,RDP version 9.2,Unix,6.75
21,ProFTPD,ProFTPD version 5.6,Windows,7.99
80,nginx,nginx version 4.2,Linux,5.83
3306,SMB,SMB version 5.4,Unix,7.03
3306,RDP,RDP version 9.3,Linux,7.4
3306,SMB,SMB version 9.1,Linux,8.41
3306,RDP,RDP version 8.9,Unix,6.28
3306,MariaDB,MariaDB version 5.3,Linux,2.83
3306,SMB,SMB version 9.2,Windows,8.45
21,vsftpd,vsftpd version 6.9,Unix,3.71
3306,Redis,Redis version 8.4,Linux,3.46
21,ProFTPD,ProFTPD version 7.4,Windows,3.81
22,OpenSSH,OpenSSH version 6.0,Linux,5.36
21,ProFTPD,ProFTPD version 8.8,Linux,4.07
21,ProFTPD,ProFTPD version 2.7,Linux,5.37
3306,MariaDB,MariaDB version 8.6,Unix,5.38
21,ProFTPD,ProFTPD version 7.7,Unix,7.58
22,OpenSSH,OpenSSH version 3.7,Unix,3.52
3306,MySQL,MySQL version 3.4,Linux,4.3
3306,PostgreSQL,PostgreSQL version 7.3,Unix,3.19
3306,RDP,RDP version 1.5,Linux,5.68
3306,RDP,RDP version 9.0,Linux,6.9
3306,SMB,SMB version 9.6,Unix,5.75
3306,MongoDB,MongoDB version 8.8,Unix,4.13
80,Apache,Apache version 9.4,Unix,2.3
21,ProFTPD,ProFTPD version 7.3,Linux,8.2
3306,RDP,RDP version 9.8,Unix,7.27
21,ProFTPD,ProFTPD version 9.0,Windows,7.69
3306,SMB,SMB version 3.9,Windows,8.44
3306,RDP,RDP version 1.9,Windows,5.26
80,LiteSpeed,LiteSpeed version 9.6,Unix,3.96
21,ProFTPD,ProFTPD version 6.6,Unix,3.66
80,LiteSpeed,LiteSpeed version 3.6,Linux,9.21
3306,PostgreSQL,PostgreSQL version 1.4,Unix,4.28
80,nginx,nginx version 9.9,Windows,6.06
3306,MySQL,MySQL version 9.8,Windows,2.64
3306,MySQL,MySQL version 7.1,Linux,5.99
3306,RDP,RDP version 6.5,Unix,9.29
3306,MariaDB,MariaDB version 1.8,Unix,4.41
22,OpenSSH,OpenSSH version 3.7,Windows,2.98
80,Apache,Apache version 3.2,Linux,4.29
3306,SMB,SMB version 3.4,Windows,3.16
21,vsftpd,vsftpd version 5.0,Windows,4.44
3306,PostgreSQL,PostgreSQL version 1.3,Linux,5.73
3306,MySQL,MySQL version 9.9,Unix,4.45
80,LiteSpeed,LiteSpeed version 6.0,Linux,4.07
3306,MySQL,MySQL version 5.8,Unix,5.29
80,Apache,Apache version 5.5,Linux,5.41
22,OpenSSH,OpenSSH version 6.4,Linux,2.01
3306,MariaDB,MariaDB version 5.6,Windows,4.63
3306,SMB,SMB version 5.2,Linux,10.0
3306,MySQL,MySQL version 8.3,Windows,2.5
22,OpenSSH,OpenSSH version 5.8,Linux,4.37
3306,PostgreSQL,PostgreSQL version 7.6,Unix,7.41
80,LiteSpeed,LiteSpeed version 4.3,Linux,6.16
21,ProFTPD,ProFTPD version 6.3,Windows,5.73
3306,MongoDB,MongoDB version 1.9,Windows,4.81
21,vsftpd,vsftpd version 2.7,Windows,4.5
3306,MongoDB,MongoDB version 6.5,Linux,3.38
21,ProFTPD,ProFTPD version 1.4,Unix,6.39
3306,RDP,RDP version 5.6,Windows,6.08
80,LiteSpeed,LiteSpeed version 5.8,Windows,4.67
80,nginx,nginx version 4.8,Linux,3.38
3306,Redis,Redis version 9.1,Windows,2.59
80,nginx,nginx version 2.7,Windows,4.44
3306,Redis,Redis version 5.8,Windows,7.07
3306,MongoDB,MongoDB version 5.5,Linux,4.62
3306,PostgreSQL,PostgreSQL version 5.0,Unix,4.0
3306,SMB,SMB version 9.4,Unix,7.63
80,nginx,nginx version 2.2,Windows,4.26
3306,Redis,Redis version 3.1,Windows,7.3
22,OpenSSH,OpenSSH version 3.4,Windows,4.49
3306,MariaDB,MariaDB version 7.8,Unix,5.55
21,ProFTPD,ProFTPD version 3.8,Windows,5.37
3306,MongoDB,MongoDB version 9.2,Linux,5.25
3306,PostgreSQL,PostgreSQL version 5.0,Unix,4.91
21,vsftpd,vsftpd version 5.6,Windows,4.42
22,OpenSSH,OpenSSH version 1.5,Unix,3.75
21,ProFTPD,ProFTPD version 3.7,Windows,5.54
21,vsftpd,vsftpd version 3.4,Unix,4.92
3306,RDP,RDP version 8.9,Linux,7.44
3306,PostgreSQL,PostgreSQL version 5.7,Unix,4.31
21,ProFTPD,ProFTPD version 1.8,Windows,6.93
22,OpenSSH,OpenSSH version 1.2,Linux,4.44
3306,MySQL,MySQL version 5.9,Unix,4.65
80,nginx,nginx version 2.5,Linux,4.2
3306,Redis,Redis version 7.6,Windows,4.53
21,ProFTPD,ProFTPD version 3.3,Windows,10.0
21,ProFTPD,ProFTPD version 1.4,Windows,6.97
3306,PostgreSQL,PostgreSQL version 1.7,Unix,5.47
21,ProFTPD,ProFTPD version 4.0,Windows,7.16
3306,MongoDB,MongoDB version 1.4,Unix,4.11
3306,MongoDB,MongoDB version 8.9,Linux,6.44
80,Apache,Apache version 1.7,Linux,4.06
22,OpenSSH,OpenSSH version 1.7,Windows,6.08
3306,Redis,Redis version 8.9,Linux,4.0
80,LiteSpeed,LiteSpeed version 6.2,Linux,3.06
22,OpenSSH,OpenSSH version 9.6,Unix,5.05
80,Apache,Apache version 5.2,Linux,2.84
3306,SMB,SMB version 3.6,Linux,7.3
21,ProFTPD,ProFTPD version 4.5,Unix,4.71
80,Apache,Apache version 4.8,Linux,4.02
3306,SMB,SMB version 5.2,Linux,4.35
21,ProFTPD,ProFTPD version 6.6,Windows,10.0
3306,RDP,RDP version 5.5,Linux,4.02
80,nginx,nginx version 7.9,Windows,4.51
80,LiteSpeed,LiteSpeed version 9.7,Linux,6.21
3306,SMB,SMB version 7.0,Unix,8.05
3306,MariaDB,MariaDB version 2.9,Linux,5.78
21,vsftpd,vsftpd version 8.4,Unix,4.02
3306,MongoDB,MongoDB version 8.2,Unix,6.53
80,nginx,nginx version 2.8,Unix,5.87
3306,SMB,SMB version 6.8,Windows,6.82
3306,MongoDB,MongoDB version 5.6,Unix,4.86
21,ProFTPD,ProFTPD version 2.8,Windows,6.04
3306,Redis,Redis version 2.5,Windows,3.14
3306,Redis,Redis version 7.6,Linux,6.36
3306,MariaDB,MariaDB version 3.2,Windows,6.47
3306,SMB,SMB version 3.7,Unix,5.17
80,Apache,Apache version 1.7,Linux,4.27
21,ProFTPD,ProFTPD version 2.6,Linux,6.28
3306,MySQL,MySQL version 5.9,Windows,4.45
3306,MySQL,MySQL version 1.0,Windows,4.6
21,ProFTPD,ProFTPD version 8.4,Unix,7.92
3306,PostgreSQL,PostgreSQL version 7.2,Linux,3.38
3306,MySQL,MySQL version 6.2,Linux,3.23
21,vsftpd,vsftpd version 2.3,Linux,6.35
3306,RDP,RDP version 9.9,Linux,5.81
3306,SMB,SMB version 8.4,Linux,4.61
3306,SMB,SMB version 5.2,Windows,5.77
80,nginx,nginx version 8.2,Windows,4.0
3306,MySQL,MySQL version 2.0,Unix,6.83
22,OpenSSH,OpenSSH version 3.8,Unix,5.89
22,OpenSSH,OpenSSH version 3.5,Unix,6.22
3306,MariaDB,MariaDB version 3.9,Linux,5.73
3306,Redis,Redis version 6.8,Windows,5.92
3306,PostgreSQL,PostgreSQL version 5.5,Windows,3.47
3306,PostgreSQL,PostgreSQL version 6.4,Unix,4.2
3306,Redis,Redis version 3.6,Windows,3.02
21,ProFTPD,ProFTPD version 3.8,Linux,6.18
22,OpenSSH,OpenSSH version 7.1,Windows,5.53
21,ProFTPD,ProFTPD version 1.4,Windows,6.7
3306,Redis,Redis version 1.5,Linux,6.47
21,ProFTPD,ProFTPD version 8.5,Windows,4.79
3306,MongoDB,MongoDB version 8.7,Unix,5.25
3306,Redis,Redis version 1.1,Windows,2.63
80,nginx,nginx version 5.5,Linux,4.64
80,LiteSpeed,LiteSpeed version 2.0,Unix,5.61
3306,Redis,Redis version 2.8,Linux,4.18
80,nginx,nginx version 1.2,Linux,5.33
3306,SMB,SMB version 7.7,Windows,5.06
80,LiteSpeed,LiteSpeed version 3.9,Linux,2.0
3306,SMB,SMB version 3.7,Linux,7.34
80,nginx,nginx version 4.6,Linux,7.12
80,LiteSpeed,LiteSpeed version 9.4,Linux,3.01
21,vsftpd,vsftpd version 5.1,Linux,6.33
3306,PostgreSQL,PostgreSQL version 4.3,Unix,4.57
3306,PostgreSQL,PostgreSQL version 8.3,Windows,2.5
80,LiteSpeed,LiteSpeed version 3.2,Windows,2.8
21,vsftpd,vsftpd version 8.0,Windows,4.52
80,LiteSpeed,LiteSpeed version 7.9,Windows,3.89
80,Apache,Apache version 6.7,Linux,2.53
80,Apache,Apache version 4.1,Windows,1.96
21,ProFTPD,ProFTPD version 4.5,Windows,5.23
80,Apache,Apache version 7.1,Linux,4.79
80,nginx,nginx version 5.0,Windows,4.49
80,LiteSpeed,LiteSpeed version 2.5,Linux,3.75
21,ProFTPD,ProFTPD version 7.1,Windows,6.8
22,OpenSSH,OpenSSH version 8.9,Linux,6.06
22,OpenSSH,OpenSSH version 6.9,Linux,5.09
80,LiteSpeed,LiteSpeed version 3.2,Unix,4.32
21,ProFTPD,ProFTPD version 6.7,Linux,7.89
3306,Redis,Redis version 1.1,Linux,3.06
80,Apache,Apache version 7.9,Linux,4.16
21,vsftpd,vsftpd version 1.8,Unix,4.2
22,OpenSSH,OpenSSH version 4.1,Linux,2.64
3306,RDP,RDP version 8.8,Linux,5.87
3306,Redis,Redis version 6.2,Windows,1.39
3306,SMB,SMB version 9.9,Windows,9.37
3306,RDP,RDP version 1.6,Windows,5.09
3306,RDP,RDP version 2.6,Windows,8.88
3306,PostgreSQL,PostgreSQL version 9.0,Unix,4.56
21,ProFTPD,ProFTPD version 2.1,Unix,7.35
3306,SMB,SMB version 6.1,Unix,5.77
3306,MariaDB,MariaDB version 6.4,Linux,4.81
3306,SMB,SMB version 8.6,Windows,7.48
80,LiteSpeed,LiteSpeed version 8.3,Linux,5.5
3306,SMB,SMB version 9.2,Windows,7.66
3306,MySQL,MySQL version 3.4,Windows,3.95
3306,PostgreSQL,PostgreSQL version 9.5,Windows,3.78
21,ProFTPD,ProFTPD version 6.5,Windows,4.11
22,OpenSSH,OpenSSH version 7.1,Unix,5.28
3306,MariaDB,MariaDB version 7.8,Windows,6.12
21,vsftpd,vsftpd version 4.2,Windows,6.92
22,OpenSSH,OpenSSH version 8.0,Windows,4.96
3306,MySQL,MySQL version 4.5,Linux,3.35
3306,MariaDB,MariaDB version 5.4,Windows,1.95
3306,MySQL,MySQL version 3.4,Unix,6.06
3306,MySQL,MySQL version 2.8,Linux,1.81
21,ProFTPD,ProFTPD version 8.9,Windows,5.99
3306,SMB,SMB version 8.6,Unix,6.16
3306,MongoDB,MongoDB version 7.6,Linux,4.4
80,Apache,Apache version 6.1,Windows,4.55
21,ProFTPD,ProFTPD version 5.7,Windows,6.71
80,Apache,Apache version 4.3,Windows,0.88
21,vsftpd,vsftpd version 4.2,Linux,4.52
3306,SMB,SMB version 2.0,Windows,3.16
22,OpenSSH,OpenSSH version 9.6,Linux,5.6
80,LiteSpeed,LiteSpeed version 4.1,Windows,3.67
3306,Redis,Redis version 3.4,Unix,1.26
3306,PostgreSQL,PostgreSQL version 3.2,Unix,3.28
3306,MariaDB,MariaDB version 3.9,Unix,3.64
3306,Redis,Redis version 3.0,Unix,6.29
21,vsftpd,vsftpd version 9.8,Unix,4.79
80,Apache,Apache version 4.1,Linux,5.02
3306,PostgreSQL,PostgreSQL version 2.5,Windows,6.27
3306,MariaDB,MariaDB version 7.7,Unix,4.36
3306,MongoDB,MongoDB version 3.8,Linux,5.63
3306,SMB,SMB version 3.2,Linux,7.53
3306,MariaDB,MariaDB version 9.7,Windows,2.57
21,vsftpd,vsftpd version 7.0,Windows,6.71
80,nginx,nginx version 4.0,Windows,2.37
21,ProFTPD,ProFTPD version 6.3,Windows,7.88
22,OpenSSH,OpenSSH version 7.4,Linux,2.22
80,nginx,nginx version 9.5,Windows,5.4
3306,MariaDB,MariaDB version 9.0,Linux,7.29
21,ProFTPD,ProFTPD version 2.4,Unix,6.18
3306,RDP,RDP version 1.4,Windows,6.12
22,OpenSSH,OpenSSH version 7.8,Unix,5.42
3306,MariaDB,MariaDB version 2.2,Linux,4.01
3306,Redis,Redis version 4.3,Linux,7.23
22,OpenSSH,OpenSSH version 5.3,Linux,4.79
21,ProFTPD,ProFTPD version 5.3,Windows,6.02
21,vsftpd,vsftpd version 8.2,Linux,3.69
80,Apache,Apache version 4.7,Unix,3.1
3306,MariaDB,MariaDB version 2.7,Unix,3.56
80,nginx,nginx version 9.0,Linux,3.97
80,Apache,Apache version 5.7,Linux,3.77
80,Apache,Apache version 4.4,Linux,3.51
21,ProFTPD,ProFTPD version 1.6,Linux,9.65
80,Apache,Apache version 6.8,Unix,2.95
21,vsftpd,vsftpd version 6.0,Linux,4.72
3306,RDP,RDP version 5.4,Windows,7.39
22,OpenSSH,OpenSSH version 5.2,Windows,5.45
80,LiteSpeed,LiteSpeed version 3.1,Linux,4.41
80,nginx,nginx version 6.6,Unix,4.14
80,LiteSpeed,LiteSpeed version 8.2,Unix,5.18
3306,MongoDB,MongoDB version 3.3,Unix,4.9
3306,MySQL,MySQL version 4.0,Unix,4.11
80,LiteSpeed,LiteSpeed version 7.5,Windows,2.16
3306,MariaDB,MariaDB version 1.7,Windows,3.8
3306,PostgreSQL,PostgreSQL version 2.5,Linux,2.78
21,vsftpd,vsftpd version 9.2,Windows,3.5
3306,RDP,RDP version 2.1,Unix,6.55
3306,MySQL,MySQL version 5.7,Windows,5.04
3306,SMB,SMB version 9.5,Windows,9.17
3306,Redis,Redis version 6.1,Unix,3.69
80,Apache,Apache version 2.2,Unix,5.66
3306,PostgreSQL,PostgreSQL version 1.6,Windows,4.96
80,nginx,nginx version 3.5,Linux,6.44
3306,SMB,SMB version 5.2,Linux,7.36
3306,MongoDB,MongoDB version 2.8,Unix,2.99
80,LiteSpeed,LiteSpeed version 5.5,Linux,1.92
21,vsftpd,vsftpd version 1.7,Windows,4.97
22,OpenSSH,OpenSSH version 3.0,Linux,3.71
3306,MariaDB,MariaDB version 7.0,Linux,3.03
3306,PostgreSQL,PostgreSQL version 1.8,Unix,2.6
3306,Redis,Redis version 2.7,Linux,4.74
3306,MySQL,MySQL version 9.1,Unix,6.76
21,vsftpd,vsftpd version 3.1,Linux,3.89
3306,Redis,Redis version 9.0,Linux,5.39
3306,PostgreSQL,PostgreSQL version 7.9,Linux,4.35
3306,SMB,SMB version 5.7,Unix,4.57
3306,MySQL,MySQL version 2.0,Linux,5.6
3306,MySQL,MySQL version 7.3,Windows,2.86
80,LiteSpeed,LiteSpeed version 3.8,Linux,4.53
21,ProFTPD,ProFTPD version 7.6,Windows,5.99
80,Apache,Apache version 6.3,Linux,5.84
21,ProFTPD,ProFTPD version 8.1,Unix,4.91
3306,RDP,RDP version 3.4,Unix,7.09
80,nginx,nginx version 3.3,Linux,3.24
3306,SMB,SMB version 1.1,Unix,5.73
80,nginx,nginx version 4.7,Linux,0.0
22,OpenSSH,OpenSSH version 1.3,Unix,7.64
3306,MariaDB,MariaDB version 3.7,Windows,5.33
3306,PostgreSQL,PostgreSQL version 9.8,Unix,3.35
21,vsftpd,vsftpd version 9.0,Linux,2.81
21,ProFTPD,ProFTPD version 1.7,Windows,5.76
80,nginx,nginx version 1.9,Windows,5.58
21,ProFTPD,ProFTPD version 6.8,Linux,3.66
80,Apache,Apache version 4.7,Linux,4.29
3306,Redis,Redis version 9.4,Unix,7.16
22,OpenSSH,OpenSSH version 7.6,Linux,2.8
3306,MySQL,MySQL version 4.2,Windows,4.62
22,OpenSSH,OpenSSH version 4.0,Linux,7.8
80,Apache,Apache version 9.5,Linux,5.45
80,nginx,nginx version 2.4,Linux,4.69
3306,SMB,SMB version 2.3,Windows,7.26
3306,PostgreSQL,PostgreSQL version 6.6,Linux,3.9
80,LiteSpeed,LiteSpeed version 4.0,Unix,6.45
3306,MariaDB,MariaDB version 7.5,Unix,3.9
80,Apache,Apache version 9.1,Unix,1.56
80,Apache,Apache version 8.9,Unix,3.91
80,Apache,Apache version 5.0,Windows,3.05
22,OpenSSH,OpenSSH version 7.7,Unix,4.08
3306,MySQL,MySQL version 5.6,Linux,4.11
22,OpenSSH,OpenSSH version 8.9,Windows,6.3
3306,SMB,SMB version 8.5,Unix,7.54
3306,MongoDB,MongoDB version 5.3,Windows,4.89
3306,RDP,RDP version 8.2,Linux,6.5
3306,MySQL,MySQL version 8.3,Linux,2.91
21,ProFTPD,ProFTPD version 3.8,Windows,3.23
3306,RDP,RDP version 2.8,Windows,6.67
80,LiteSpeed,LiteSpeed version 7.3,Windows,5.69
3306,MySQL,MySQL version 8.1,Linux,4.34
3306,Redis,Redis version 7.3,Windows,3.7
21,vsftpd,vsftpd version 6.7,Linux,5.2
80,Apache,Apache version 2.8,Linux,4.38
3306,SMB,SMB version 3.0,Linux,9.03
3306,RDP,RDP version 3.3,Unix,8.35
3306,PostgreSQL,PostgreSQL version 8.9,Unix,5.94
22,OpenSSH,OpenSSH version 8.2,Linux,5.64
80,Apache,Apache version 8.9,Windows,2.56
80,LiteSpeed,LiteSpeed version 1.6,Unix,5.49
80,LiteSpeed,LiteSpeed version 7.3,Linux,5.06
21,ProFTPD,ProFTPD version 4.0,Windows,7.41
21,vsftpd,vsftpd version 5.7,Unix,5.24
3306,SMB,SMB version 6.9,Windows,7.18
22,OpenSSH,OpenSSH version 7.3,Unix,8.55
3306,RDP,RDP version 4.0,Linux,6.39
3306,RDP,RDP version 8.2,Windows,7.9
3306,PostgreSQL,PostgreSQL version 3.9,Unix,3.79
3306,MySQL,MySQL version 6.4,Unix,5.69
3306,Redis,Redis version 1.6,Linux,5.91
3306,PostgreSQL,PostgreSQL version 8.8,Linux,5.05
3306,PostgreSQL,PostgreSQL version 8.6,Windows,7.0
3306,PostgreSQL,PostgreSQL version 4.2,Windows,3.17
80,LiteSpeed,LiteSpeed version 5.1,Linux,3.77
3306,Redis,Redis version 7.9,Unix,4.82
80,Apache,Apache version 2.5,Linux,5.82
80,Apache,Apache version 8.9,Unix,4.77
3306,PostgreSQL,PostgreSQL version 4.9,Unix,6.43
22,OpenSSH,OpenSSH version 8.1,Windows,3.51
3306,MongoDB,MongoDB version 5.8,Linux,2.79
80,nginx,nginx version 7.1,Windows,4.96
22,OpenSSH,OpenSSH version 8.9,Windows,4.38
80,nginx,nginx version 5.3,Unix,5.31
3306,Redis,Redis version 7.8,Windows,4.46
3306,PostgreSQL,PostgreSQL version 7.3,Windows,3.99
3306,Redis,Redis version 3.0,Linux,4.39
80,LiteSpeed,LiteSpeed version 1.8,Windows,4.54
3306,MongoDB,MongoDB version 5.8,Linux,4.04
3306,SMB,SMB version 5.8,Unix,6.2
80,Apache,Apache version 5.2,Unix,3.89
80,Apache,Apache version 5.7,Windows,5.78
21,ProFTPD,ProFTPD version 7.8,Windows,6.79
3306,MariaDB,MariaDB version 3.2,Linux,7.89
21,vsftpd,vsftpd version 4.9,Windows,4.74
22,OpenSSH,OpenSSH version 6.3,Unix,3.67
80,nginx,nginx version 7.0,Unix,8.51
3306,RDP,RDP version 4.9,Linux,7.12
3306,MySQL,MySQL version 2.2,Windows,5.99
3306,RDP,RDP version 9.7,Linux,7.39
3306,MongoDB,MongoDB version 3.6,Windows,5.43
3306,RDP,RDP version 7.8,Unix,7.3
3306,MySQL,MySQL version 1.7,Linux,2.85
3306,MongoDB,MongoDB version 2.3,Linux,5.05
3306,Redis,Redis version 9.8,Linux,2.51
80,LiteSpeed,LiteSpeed version 5.8,Unix,4.24
22,OpenSSH,OpenSSH version 2.3,Linux,3.41
3306,RDP,RDP version 2.4,Linux,7.04
22,OpenSSH,OpenSSH version 3.3,Linux,5.0
21,vsftpd,vsftpd version 7.0,Unix,5.22
3306,Redis,Redis version 1.6,Unix,4.93
3306,RDP,RDP version 4.8,Windows,5.59
80,LiteSpeed,LiteSpeed version 1.4,Unix,4.11
21,ProFTPD,ProFTPD version 6.7,Unix,7.88
3306,SMB,SMB version 1.6,Unix,8.1
3306,PostgreSQL,PostgreSQL version 7.8,Linux,2.78
80,Apache,Apache version 1.7,Linux,2.2
3306,MySQL,MySQL version 1.9,Unix,3.41
3306,SMB,SMB version 2.6,Windows,8.07
3306,MariaDB,MariaDB version 7.3,Linux,6.32
80,Apache,Apache version 3.9,Linux,3.11
3306,SMB,SMB version 6.0,Unix,6.96
80,Apache,Apache version 3.3,Linux,7.25
3306,MySQL,MySQL version 3.8,Unix,5.12
3306,RDP,RDP version 2.8,Windows,8.63
3306,PostgreSQL,PostgreSQL version 2.1,Linux,6.0
22,OpenSSH,OpenSSH version 4.3,Linux,3.13
21,ProFTPD,ProFTPD version 8.9,Unix,6.22
21,vsftpd,vsftpd version 5.4,Windows,4.55
3306,Redis,Redis version 8.9,Unix,4.66
3306,MySQL,MySQL version 7.7,Linux,5.87
3306,MariaDB,MariaDB version 1.6,Unix,5.11
3306,Redis,Redis version 5.8,Linux,0.1
21,vsftpd,vsftpd version 4.0,Linux,2.53
80,nginx,nginx version 7.4,Windows,1.22
21,vsftpd,vsftpd version 9.0,Unix,4.76
3306,MariaDB,MariaDB version 1.2,Unix,4.86
3306,MySQL,MySQL version 8.3,Windows,4.92
3306,MySQL,MySQL version 9.0,Windows,3.06
21,vsftpd,vsftpd version 5.6,Unix,5.51
3306,SMB,SMB version 7.2,Linux,7.57
80,nginx,nginx version 3.2,Unix,2.62
21,ProFTPD,ProFTPD version 2.5,Linux,4.3
22,OpenSSH,OpenSSH version 6.3,Linux,4.5
80,Apache,Apache version 8.4,Windows,7.19
3306,RDP,RDP version 5.1,Windows,9.05
80,LiteSpeed,LiteSpeed version 7.0,Windows,5.35
3306,MySQL,MySQL version 4.3,Linux,3.41
3306,SMB,SMB version 1.0,Unix,7.83
3306,SMB,SMB version 3.6,Windows,5.82
3306,RDP,RDP version 3.2,Unix,5.35
3306,RDP,RDP version 9.7,Windows,3.28
3306,RDP,RDP version 9.0,Windows,6.65
3306,RDP,RDP version 7.0,Windows,5.56
3306,SMB,SMB version 5.3,Linux,6.64
3306,PostgreSQL,PostgreSQL version 1.6,Unix,1.05
3306,PostgreSQL,PostgreSQL version 5.9,Unix,4.75
80,LiteSpeed,LiteSpeed version 7.1,Linux,0.85
3306,PostgreSQL,PostgreSQL version 4.5,Unix,6.13
3306,MySQL,MySQL version 1.8,Unix,5.28
3306,MariaDB,MariaDB version 3.7,Unix,4.08
21,ProFTPD,ProFTPD version 7.4,Windows,7.34
3306,MongoDB,MongoDB version 1.6,Unix,3.03
21,vsftpd,vsftpd version 8.5,Windows,4.61
80,LiteSpeed,LiteSpeed version 6.5,Linux,5.69
80,nginx,nginx version 6.8,Windows,0.0
80,LiteSpeed,LiteSpeed version 6.4,Linux,3.83
3306,Redis,Redis version 4.5,Linux,4.47
80,LiteSpeed,LiteSpeed version 7.0,Linux,4.21
3306,Redis,Redis version 4.3,Unix,6.69
22,OpenSSH,OpenSSH version 8.0,Linux,2.81
3306,MariaDB,MariaDB version 4.6,Linux,3.57
3306,SMB,SMB version 6.5,Windows,3.63
3306,MongoDB,MongoDB version 8.0,Windows,6.77
3306,MongoDB,MongoDB version 5.0,Windows,4.13
3306,SMB,SMB version 7.6,Linux,5.84
22,OpenSSH,OpenSSH version 5.1,Unix,4.42
3306,SMB,SMB version 7.5,Linux,7.45
80,Apache,Apache version 8.7,Linux,5.02
21,ProFTPD,ProFTPD version 7.7,Unix,10.0
21,vsftpd,vsftpd version 4.7,Windows,5.18
3306,Redis,Redis version 4.1,Linux,3.8
3306,RDP,RDP version 6.8,Unix,5.66
21,ProFTPD,ProFTPD version 2.3,Windows,5.91
3306,Redis,Redis version 8.8,Linux,2.25
3306,MySQL,MySQL version 4.4,Windows,4.56
22,OpenSSH,OpenSSH version 6.8,Linux,5.68
80,nginx,nginx version 7.4,Windows,3.58
3306,Redis,Redis version 5.2,Windows,3.29
3306,RDP,RDP version 3.4,Linux,8.77
80,nginx,nginx version 5.7,Unix,2.36
22,OpenSSH,OpenSSH version 9.3,Windows,1.4
80,nginx,nginx version 9.7,Windows,2.77
21,vsftpd,vsftpd version 5.9,Windows,2.19
80,nginx,nginx version 2.2,Linux,5.08
3306,MariaDB,MariaDB version 1.1,Windows,3.96
3306,MySQL,MySQL version 1.0,Windows,4.17
3306,MySQL,MySQL version 1.4,Unix,6.23
3306,RDP,RDP version 9.6,Unix,5.46
3306,SMB,SMB version 6.9,Windows,7.66
3306,MySQL,MySQL version 5.0,Linux,6.77
21,vsftpd,vsftpd version 8.1,Linux,3.82
3306,MariaDB,MariaDB version 6.6,Unix,5.61
21,vsftpd,vsftpd version 6.8,Unix,4.14
3306,Redis,Redis version 1.4,Unix,5.89
80,LiteSpeed,LiteSpeed version 3.0,Unix,2.14
80,Apache,Apache version 7.7,Windows,2.03
80,nginx,nginx version 5.0,Unix,3.91
21,ProFTPD,ProFTPD version 7.9,Unix,5.17
80,Apache,Apache version 4.3,Unix,3.72
80,nginx,nginx version 5.5,Unix,4.17
80,nginx,nginx version 9.5,Unix,5.58
3306,SMB,SMB version 6.1,Windows,5.89
80,nginx,nginx version 7.7,Linux,3.26
3306,SMB,SMB version 5.5,Linux,5.97
22,OpenSSH,OpenSSH version 1.3,Linux,3.35
3306,SMB,SMB version 5.1,Unix,5.1
3306,PostgreSQL,PostgreSQL version 1.1,Windows,2.08
80,nginx,nginx version 1.8,Unix,4.6
3306,RDP,RDP version 8.5,Unix,5.65
21,vsftpd,vsftpd version 9.9,Unix,5.95
3306,RDP,RDP version 4.5,Linux,4.33
3306,PostgreSQL,PostgreSQL version 3.5,Windows,3.69
21,vsftpd,vsftpd version 6.0,Windows,7.22
3306,MariaDB,MariaDB version 6.8,Windows,3.09
3306,RDP,RDP version 5.5,Unix,6.15
21,vsftpd,vsftpd version 1.7,Windows,2.68
21,ProFTPD,ProFTPD version 8.2,Linux,4.48
80,Apache,Apache version 4.0,Unix,6.82
80,LiteSpeed,LiteSpeed version 6.0,Linux,4.76
3306,SMB,SMB version 7.1,Windows,6.7
3306,Redis,Redis version 1.1,Windows,1.96
80,nginx,nginx version 5.9,Windows,5.04
21,ProFTPD,ProFTPD version 1.0,Linux,8.24
3306,MongoDB,MongoDB version 7.7,Linux,6.22
80,Apache,Apache version 3.1,Unix,5.5
21,vsftpd,vsftpd version 4.6,Linux,2.81
80,LiteSpeed,LiteSpeed version 3.9,Linux,4.97
3306,MariaDB,MariaDB version 9.3,Windows,5.5
21,vsftpd,vsftpd version 5.0,Windows,1.81
3306,MariaDB,MariaDB version 8.2,Windows,2.82
3306,MySQL,MySQL version 1.8,Unix,5.83
22,OpenSSH,OpenSSH version 3.4,Unix,5.81
3306,Redis,Redis version 1.1,Windows,2.18
3306,MariaDB,MariaDB version 2.5,Unix,5.69
3306,Redis,Redis version 8.9,Linux,4.64
3306,MongoDB,MongoDB version 6.3,Linux,5.67
3306,PostgreSQL,PostgreSQL version 9.4,Linux,3.55
3306,MongoDB,MongoDB version 8.0,Linux,5.47
21,vsftpd,vsftpd version 2.5,Windows,5.77
80,nginx,nginx version 9.9,Linux,3.97
21,vsftpd,vsftpd version 5.6,Windows,4.53
80,nginx,nginx version 8.1,Linux,3.53
3306,MySQL,MySQL version 3.9,Windows,6.98
3306,MySQL,MySQL version 1.2,Linux,4.32
80,nginx,nginx version 3.7,Linux,3.12
3306,Redis,Redis version 1.0,Unix,3.43
80,LiteSpeed,LiteSpeed version 2.5,Linux,4.69
80,nginx,nginx version 1.8,Linux,5.63
3306,MariaDB,MariaDB version 4.2,Unix,2.5
3306,MySQL,MySQL version 7.7,Linux,7.27
21,vsftpd,vsftpd version 5.0,Unix,4.96
3306,MongoDB,MongoDB version 2.0,Windows,5.2
3306,MongoDB,MongoDB version 9.9,Windows,4.35
21,vsftpd,vsftpd version 4.3,Unix,4.53
21,ProFTPD,ProFTPD version 8.2,Unix,6.28
22,OpenSSH,OpenSSH version 9.5,Linux,6.03
3306,MariaDB,MariaDB version 8.3,Windows,4.49
80,Apache,Apache version 9.5,Windows,5.65
3306,RDP,RDP version 3.0,Windows,5.85
21,vsftpd,vsftpd version 3.0,Unix,4.79
80,LiteSpeed,LiteSpeed version 1.2,Unix,3.29
3306,SMB,SMB version 5.7,Unix,8.32
3306,RDP,RDP version 8.2,Linux,5.25
3306,Redis,Redis version 4.5,Windows,4.01
21,vsftpd,vsftpd version 8.4,Windows,4.03
3306,PostgreSQL,PostgreSQL version 2.4,Unix,3.97
21,ProFTPD,ProFTPD version 7.1,Windows,7.58
80,nginx,nginx version 9.3,Windows,4.03
80,Apache,Apache version 3.5,Linux,6.59
3306,PostgreSQL,PostgreSQL version 3.9,Linux,3.27
80,LiteSpeed,LiteSpeed version 8.8,Linux,4.75
3306,RDP,RDP version 7.7,Unix,5.34
22,OpenSSH,OpenSSH version 7.7,Windows,5.13
3306,MongoDB,MongoDB version 6.4,Windows,4.48
3306,RDP,RDP version 1.0,Windows,6.27
3306,Redis,Redis version 2.2,Windows,6.28
80,LiteSpeed,LiteSpeed version 9.3,Unix,3.52
3306,SMB,SMB version 7.4,Unix,7.38
3306,PostgreSQL,PostgreSQL version 4.3,Unix,3.35
3306,MariaDB,MariaDB version 8.3,Linux,4.67
3306,MongoDB,MongoDB version 7.7,Linux,2.71
80,nginx,nginx version 9.3,Linux,3.51
80,nginx,nginx version 1.9,Unix,4.38
22,OpenSSH,OpenSSH version 3.8,Windows,7.22
80,Apache,Apache version 2.0,Linux,4.65
3306,PostgreSQL,PostgreSQL version 4.3,Windows,6.98
3306,MongoDB,MongoDB version 3.3,Linux,4.83
22,OpenSSH,OpenSSH version 2.4,Windows,3.92
3306,RDP,RDP version 1.5,Unix,8.81
3306,RDP,RDP version 3.2,Windows,7.16
3306,SMB,SMB version 2.5,Windows,5.54
3306,MongoDB,MongoDB version 7.0,Linux,5.21
3306,MariaDB,MariaDB version 9.9,Windows,4.06
3306,SMB,SMB version 4.0,Unix,3.52
80,LiteSpeed,LiteSpeed version 9.1,Unix,5.9
3306,Redis,Redis version 5.3,Windows,6.14
80,LiteSpeed,LiteSpeed version 6.4,Unix,7.26
3306,MongoDB,MongoDB version 1.6,Linux,5.13
3306,MariaDB,MariaDB version 3.4,Windows,4.13
80,nginx,nginx version 1.2,Unix,5.75
3306,PostgreSQL,PostgreSQL version 3.6,Linux,5.77
22,OpenSSH,OpenSSH version 8.3,Linux,6.96
3306,RDP,RDP version 4.6,Linux,6.43
80,nginx,nginx version 1.8,Windows,4.25
3306,Redis,Redis version 5.5,Linux,3.43
3306,SMB,SMB version 9.7,Unix,7.31
3306,MariaDB,MariaDB version 7.6,Windows,2.18
80,Apache,Apache version 9.1,Unix,5.66
3306,MariaDB,MariaDB version 1.2,Windows,5.38
3306,RDP,RDP version 3.4,Linux,7.38
3306,SMB,SMB version 9.7,Windows,6.71
3306,SMB,SMB version 7.2,Windows,8.8
3306,MariaDB,MariaDB version 1.0,Linux,5.81
3306,MongoDB,MongoDB version 3.8,Unix,3.59
3306,MongoDB,MongoDB version 3.7,Unix,3.62
3306,MongoDB,MongoDB version 3.0,Linux,3.18
80,LiteSpeed,LiteSpeed version 7.5,Windows,5.33
21,ProFTPD,ProFTPD version 1.7,Linux,5.0
3306,PostgreSQL,PostgreSQL version 2.6,Linux,6.13
3306,SMB,SMB version 6.8,Windows,8.48
22,OpenSSH,OpenSSH version 7.1,Unix,3.18
3306,RDP,RDP version 4.4,Linux,6.22
3306,RDP,RDP version 9.0,Linux,6.52
3306,Redis,Redis version 7.7,Windows,5.83
3306,PostgreSQL,PostgreSQL version 7.5,Windows,6.91
80,LiteSpeed,LiteSpeed version 9.9,Unix,1.97
3306,MongoDB,MongoDB version 2.7,Unix,4.02
21,vsftpd,vsftpd version 6.1,Linux,4.1
3306,SMB,SMB version 4.2,Unix,4.4
80,nginx,nginx version 7.4,Windows,3.77
21,ProFTPD,ProFTPD version 3.5,Windows,7.14
80,nginx,nginx version 7.3,Unix,4.08
3306,RDP,RDP version 2.6,Linux,4.18
21,ProFTPD,ProFTPD version 7.6,Unix,10.0
3306,SMB,SMB version 7.4,Windows,6.9
3306,MongoDB,MongoDB version 2.9,Windows,4.67
3306,MongoDB,MongoDB version 2.3,Unix,2.85
3306,PostgreSQL,PostgreSQL version 6.6,Windows,4.89
3306,RDP,RDP version 9.8,Unix,6.25
3306,Redis,Redis version 9.0,Unix,1.67
80,LiteSpeed,LiteSpeed version 7.3,Windows,2.89
21,ProFTPD,ProFTPD version 5.3,Linux,7.69
3306,PostgreSQL,PostgreSQL version 4.4,Unix,7.42
3306,MariaDB,MariaDB version 3.1,Linux,5.05
80,LiteSpeed,LiteSpeed version 4.8,Linux,6.15
21,ProFTPD,ProFTPD version 5.5,Linux,6.27
3306,MongoDB,MongoDB version 3.2,Unix,4.37
3306,MongoDB,MongoDB version 4.9,Windows,6.14
22,OpenSSH,OpenSSH version 1.9,Linux,6.99
21,vsftpd,vsftpd version 1.0,Unix,6.45
21,ProFTPD,ProFTPD version 2.0,Windows,4.9
21,ProFTPD,ProFTPD version 8.7,Unix,6.4
3306,MariaDB,MariaDB version 7.0,Unix,4.92
80,nginx,nginx version 8.6,Windows,4.11
80,nginx,nginx version 1.6,Unix,5.08
3306,MySQL,MySQL version 6.0,Windows,5.73
21,ProFTPD,ProFTPD version 4.7,Unix,8.0
3306,PostgreSQL,PostgreSQL version 2.2,Windows,7.03
80,Apache,Apache version 8.5,Windows,4.01
80,Apache,Apache version 8.1,Windows,2.45
80,Apache,Apache version 3.4,Unix,5.04
80,LiteSpeed,LiteSpeed version 3.4,Unix,7.33
3306,MongoDB,MongoDB version 2.1,Unix,3.78
3306,MySQL,MySQL version 6.2,Windows,5.53
3306,MariaDB,MariaDB version 4.7,Windows,5.54
3306,RDP,RDP version 1.6,Windows,6.79
3306,MariaDB,MariaDB version 5.8,Unix,4.51
80,LiteSpeed,LiteSpeed version 6.0,Unix,3.11
80,nginx,nginx version 7.1,Linux,1.08
3306,SMB,SMB version 5.1,Unix,4.83
80,LiteSpeed,LiteSpeed version 3.2,Windows,3.91
80,nginx,nginx version 1.9,Unix,6.15
3306,MySQL,MySQL version 3.9,Windows,4.35
3306,MariaDB,MariaDB version 8.3,Windows,3.72
22,OpenSSH,OpenSSH version 3.5,Unix,3.16
3306,MySQL,MySQL version 2.1,Linux,5.49
80,LiteSpeed,LiteSpeed version 8.8,Linux,6.54
80,LiteSpeed,LiteSpeed version 2.8,Linux,6.1
3306,MongoDB,MongoDB version 6.1,Windows,5.41
3306,SMB,SMB version 3.7,Unix,4.29
3306,MongoDB,MongoDB version 9.5,Unix,3.97
3306,PostgreSQL,PostgreSQL version 5.7,Windows,7.42
80,nginx,nginx version 3.5,Linux,6.18
80,nginx,nginx version 6.5,Unix,2.19
80,LiteSpeed,LiteSpeed version 8.3,Unix,4.42
3306,MySQL,MySQL version 2.8,Linux,5.04
3306,SMB,SMB version 1.2,Unix,5.36
3306,PostgreSQL,PostgreSQL version 4.2,Linux,1.04
22,OpenSSH,OpenSSH version 1.7,Unix,4.65
3306,MariaDB,MariaDB version 9.8,Unix,3.32
80,LiteSpeed,LiteSpeed version 4.9,Windows,3.32
3306,Redis,Redis version 7.1,Linux,3.97
80,nginx,nginx version 1.9,Unix,4.3
80,LiteSpeed,LiteSpeed version 7.7,Unix,4.49
3306,MySQL,MySQL version 5.0,Windows,3.17
21,ProFTPD,ProFTPD version 2.2,Unix,6.17
80,nginx,nginx version 6.9,Windows,1.86
80,LiteSpeed,LiteSpeed version 5.6,Unix,4.97
3306,SMB,SMB version 3.1,Unix,2.22
80,LiteSpeed,LiteSpeed version 9.2,Linux,4.07
80,LiteSpeed,LiteSpeed version 8.6,Windows,5.88
3306,RDP,RDP version 8.2,Windows,4.91
80,Apache,Apache version 4.5,Unix,5.57
21,ProFTPD,ProFTPD version 8.6,Windows,8.23
80,Apache,Apache version 9.5,Linux,0.0
80,Apache,Apache version 8.0,Linux,4.27
22,OpenSSH,OpenSSH version 7.5,Unix,0.19
3306,SMB,SMB version 9.6,Unix,6.32
3306,SMB,SMB version 8.4,Linux,6.49
80,Apache,Apache version 7.5,Unix,0.78
3306,PostgreSQL,PostgreSQL version 6.4,Windows,7.39
80,Apache,Apache version 7.2,Windows,4.93
80,nginx,nginx version 8.6,Windows,3.23
3306,MariaDB,MariaDB version 5.5,Windows,6.7
22,OpenSSH,OpenSSH version 9.5,Linux,1.81
3306,MongoDB,MongoDB version 8.4,Unix,2.66
22,OpenSSH,OpenSSH version 1.8,Unix,1.05
80,LiteSpeed,LiteSpeed version 5.5,Linux,7.2
80,Apache,Apache version 8.1,Unix,5.0
21,vsftpd,vsftpd version 6.6,Windows,5.49
3306,MariaDB,MariaDB version 3.2,Windows,4.95
3306,MariaDB,MariaDB version 5.8,Windows,5.36
80,Apache,Apache version 5.0,Linux,4.62
3306,MariaDB,MariaDB version 2.8,Windows,4.91
3306,Redis,Redis version 6.7,Linux,4.66
3306,Redis,Redis version 3.7,Linux,3.59
3306,RDP,RDP version 4.3,Windows,6.43
3306,SMB,SMB version 3.7,Unix,6.91
21,ProFTPD,ProFTPD version 6.9,Unix,6.67
3306,SMB,SMB version 4.2,Unix,4.28
21,ProFTPD,ProFTPD version 9.2,Linux,4.48
3306,PostgreSQL,PostgreSQL version 9.4,Unix,6.12
80,LiteSpeed,LiteSpeed version 4.7,Windows,4.04
3306,SMB,SMB version 9.6,Windows,7.38
3306,PostgreSQL,PostgreSQL version 6.3,Windows,2.86
22,OpenSSH,OpenSSH version 7.7,Unix,2.29
80,nginx,nginx version 5.4,Windows,3.23
21,ProFTPD,ProFTPD version 2.6,Unix,6.17
3306,MySQL,MySQL version 2.6,Windows,3.5
3306,PostgreSQL,PostgreSQL version 6.6,Unix,6.44
3306,RDP,RDP version 1.1,Unix,6.77
3306,MongoDB,MongoDB version 9.5,Windows,7.27
80,Apache,Apache version 7.9,Linux,5.11
80,nginx,nginx version 6.8,Linux,0.88
3306,MariaDB,MariaDB version 8.5,Windows,6.08
3306,PostgreSQL,PostgreSQL version 8.4,Unix,2.24
3306,MySQL,MySQL version 3.4,Windows,4.85
80,Apache,Apache version 8.1,Linux,3.34
21,vsftpd,vsftpd version 3.9,Unix,7.71
21,ProFTPD,ProFTPD version 2.1,Windows,8.66
3306,SMB,SMB version 1.3,Unix,5.39
21,vsftpd,vsftpd version 5.1,Windows,4.31
3306,MongoDB,MongoDB version 9.0,Windows,4.87
3306,Redis,Redis version 1.4,Unix,5.8
80,Apache,Apache version 7.7,Linux,4.54
21,vsftpd,vsftpd version 4.2,Linux,2.96
3306,RDP,RDP version 7.1,Linux,5.42
21,ProFTPD,ProFTPD version 9.4,Linux,6.49
22,OpenSSH,OpenSSH version 1.4,Windows,6.35
21,vsftpd,vsftpd version 7.5,Windows,5.14
80,Apache,Apache version 5.5,Windows,3.34
80,Apache,Apache version 4.5,Linux,5.47
3306,MongoDB,MongoDB version 3.9,Windows,3.92
21,vsftpd,vsftpd version 9.5,Linux,5.84
21,vsftpd,vsftpd version 9.7,Windows,8.29
3306,MySQL,MySQL version 5.8,Unix,3.96
80,nginx,nginx version 6.5,Windows,5.7
3306,PostgreSQL,PostgreSQL version 9.3,Unix,3.38
80,Apache,Apache version 7.0,Windows,4.33
80,Apache,Apache version 4.0,Unix,4.54
21,ProFTPD,ProFTPD version 2.0,Windows,6.21
3306,MariaDB,MariaDB version 7.0,Linux,8.19
80,LiteSpeed,LiteSpeed version 8.4,Windows,4.04
3306,RDP,RDP version 5.8,Unix,7.38
21,vsftpd,vsftpd version 7.8,Unix,1.6
3306,RDP,RDP version 1.6,Linux,7.15
21,ProFTPD,ProFTPD version 8.2,Linux,8.21
21,ProFTPD,ProFTPD version 1.5,Unix,5.71
3306,MongoDB,MongoDB version 3.3,Windows,0.73
80,LiteSpeed,LiteSpeed version 1.6,Linux,4.44
80,LiteSpeed,LiteSpeed version 5.5,Windows,4.53
3306,Redis,Redis version 1.5,Windows,5.59
21,ProFTPD,ProFTPD version 3.8,Linux,9.52
3306,Redis,Redis version 4.7,Linux,3.93
3306,MariaDB,MariaDB version 4.9,Linux,3.22
3306,MySQL,MySQL version 9.9,Unix,2.75
3306,Redis,Redis version 2.8,Unix,4.8
21,vsftpd,vsftpd version 3.3,Linux,5.22
3306,MongoDB,MongoDB version 3.4,Linux,3.68
3306,Redis,Redis version 9.7,Windows,5.67
80,Apache,Apache version 7.3,Unix,5.2
3306,Redis,Redis version 7.8,Windows,4.56
80,nginx,nginx version 8.7,Linux,3.15
3306,MongoDB,MongoDB version 9.5,Unix,3.78
3306,PostgreSQL,PostgreSQL version 1.3,Windows,0.86
21,ProFTPD,ProFTPD version 4.9,Linux,6.85
80,LiteSpeed,LiteSpeed version 5.0,Unix,4.54
3306,MongoDB,MongoDB version 5.8,Unix,4.78
80,LiteSpeed,LiteSpeed version 2.4,Unix,5.26
3306,PostgreSQL,PostgreSQL version 8.7,Unix,5.08
3306,SMB,SMB version 5.0,Windows,6.33
21,vsftpd,vsftpd version 1.2,Unix,4.57
22,OpenSSH,OpenSSH version 5.2,Windows,2.39
21,ProFTPD,ProFTPD version 3.5,Windows,5.62
3306,MongoDB,MongoDB version 5.3,Linux,4.58
3306,MongoDB,MongoDB version 1.4,Unix,3.4
3306,MySQL,MySQL version 2.2,Windows,5.79
80,nginx,nginx version 3.5,Windows,3.51
3306,MySQL,MySQL version 6.2,Linux,4.82
3306,RDP,RDP version 9.5,Windows,6.67
21,vsftpd,vsftpd version 9.4,Unix,5.62
3306,MongoDB,MongoDB version 1.7,Unix,5.85
3306,MySQL,MySQL version 8.8,Linux,5.54
3306,MongoDB,MongoDB version 2.9,Unix,1.34
80,nginx,nginx version 4.4,Unix,6.29
22,OpenSSH,OpenSSH version 1.2,Unix,6.79
3306,RDP,RDP version 3.2,Unix,5.78
80,nginx,nginx version 1.1,Unix,4.85
3306,Redis,Redis version 6.1,Windows,3.16
3306,SMB,SMB version 1.8,Unix,3.58
22,OpenSSH,OpenSSH version 1.5,Windows,3.39
21,ProFTPD,ProFTPD version 2.6,Linux,5.69
80,nginx,nginx version 4.6,Unix,3.97
3306,MongoDB,MongoDB version 9.8,Windows,3.06
80,nginx,nginx version 3.8,Linux,3.4
3306,MongoDB,MongoDB version 6.4,Windows,4.48
80,LiteSpeed,LiteSpeed version 9.5,Unix,3.34
21,vsftpd,vsftpd version 2.1,Linux,5.32
3306,Redis,Redis version 3.9,Linux,5.52
22,OpenSSH,OpenSSH version 1.9,Windows,8.07
21,vsftpd,vsftpd version 6.1,Windows,6.19
80,LiteSpeed,LiteSpeed version 2.1,Unix,4.86
3306,SMB,SMB version 4.2,Unix,5.57
80,LiteSpeed,LiteSpeed version 2.8,Linux,4.94
80,nginx,nginx version 9.0,Windows,4.99
3306,Redis,Redis version 3.3,Linux,3.73
21,ProFTPD,ProFTPD version 5.7,Windows,7.68
80,Apache,Apache version 1.4,Unix,2.4
21,vsftpd,vsftpd version 6.8,Windows,4.13
3306,Redis,Redis version 4.9,Linux,5.33
80,nginx,nginx version 3.7,Linux,4.07
3306,MongoDB,MongoDB version 2.0,Windows,4.19
80,LiteSpeed,LiteSpeed version 4.0,Windows,4.29
21,ProFTPD,ProFTPD version 2.1,Windows,5.25
3306,Redis,Redis version 6.6,Linux,6.26
80,nginx,nginx version 9.2,Windows,2.97
3306,SMB,SMB version 2.7,Unix,6.98
3306,RDP,RDP version 7.0,Linux,7.12
3306,MariaDB,MariaDB version 9.5,Windows,3.08
80,nginx,nginx version 4.0,Unix,4.61
3306,Redis,Redis version 4.9,Windows,3.14
3306,MariaDB,MariaDB version 9.6,Windows,6.59
3306,Redis,Redis version 7.8,Linux,2.79
80,nginx,nginx version 6.4,Linux,3.52
3306,SMB,SMB version 1.7,Unix,4.66
80,Apache,Apache version 7.2,Windows,2.46
22,OpenSSH,OpenSSH version 1.5,Linux,6.89
3306,PostgreSQL,PostgreSQL version 3.9,Unix,5.31
80,Apache,Apache version 1.7,Windows,4.71
3306,MariaDB,MariaDB version 4.7,Linux,3.52
3306,Redis,Redis version 5.9,Windows,5.86
3306,MySQL,MySQL version 8.1,Windows,3.26
80,Apache,Apache version 9.9,Linux,5.69
80,Apache,Apache version 7.5,Unix,3.19
3306,MongoDB,MongoDB version 9.6,Linux,3.53
3306,Redis,Redis version 5.3,Windows,5.64
22,OpenSSH,OpenSSH version 9.7,Unix,5.8
3306,PostgreSQL,PostgreSQL version 4.5,Unix,5.4
3306,MariaDB,MariaDB version 5.2,Linux,2.93
21,ProFTPD,ProFTPD version 5.3,Windows,5.83
3306,MySQL,MySQL version 7.2,Windows,4.74
3306,MongoDB,MongoDB version 6.5,Unix,3.23
22,OpenSSH,OpenSSH version 8.1,Linux,6.56
3306,PostgreSQL,PostgreSQL version 1.7,Unix,0.9
3306,Redis,Redis version 5.1,Linux,3.33
3306,RDP,RDP version 4.4,Unix,5.74
3306,PostgreSQL,PostgreSQL version 3.3,Linux,0.23
3306,SMB,SMB version 1.8,Linux,4.41
3306,RDP,RDP version 3.4,Linux,7.44
3306,PostgreSQL,PostgreSQL version 7.0,Windows,4.55
21,ProFTPD,ProFTPD version 8.7,Linux,8.86
3306,MySQL,MySQL version 3.6,Unix,6.82
22,OpenSSH,OpenSSH version 7.8,Unix,5.15
3306,Redis,Redis version 6.4,Unix,4.97
3306,MariaDB,MariaDB version 2.0,Windows,4.6
3306,SMB,SMB version 9.1,Linux,2.52
3306,MySQL,MySQL version 4.1,Linux,2.41
3306,RDP,RDP version 7.6,Windows,6.65
22,OpenSSH,OpenSSH version 2.3,Linux,5.42
80,LiteSpeed,LiteSpeed version 5.6,Unix,4.93
3306,RDP,RDP version 5.2,Windows,5.16
3306,MySQL,MySQL version 2.6,Unix,5.91
3306,Redis,Redis version 5.9,Unix,6.72
21,vsftpd,vsftpd version 7.9,Windows,5.91
3306,Redis,Redis version 3.2,Unix,5.98
3306,MongoDB,MongoDB version 8.2,Unix,3.66
3306,RDP,RDP version 4.6,Linux,8.11
80,Apache,Apache version 7.5,Unix,4.72
3306,PostgreSQL,PostgreSQL version 1.6,Unix,5.27
22,OpenSSH,OpenSSH version 8.4,Unix,5.05
3306,MySQL,MySQL version 7.8,Unix,4.32
80,Apache,Apache version 2.0,Windows,3.21
3306,MongoDB,MongoDB version 2.7,Linux,4.38
3306,RDP,RDP version 1.1,Unix,7.98
3306,SMB,SMB version 1.7,Windows,5.84
3306,SMB,SMB version 6.0,Linux,7.84
3306,MariaDB,MariaDB version 7.7,Unix,5.61
3306,MySQL,MySQL version 9.1,Linux,4.05
3306,MariaDB,MariaDB version 1.2,Linux,6.58
80,Apache,Apache version 7.7,Windows,3.97
80,nginx,nginx version 4.5,Windows,6.76
21,vsftpd,vsftpd version 5.3,Windows,5.15
3306,SMB,SMB version 8.9,Linux,6.48
3306,Redis,Redis version 3.1,Linux,3.17
3306,MySQL,MySQL version 7.7,Linux,4.37
3306,RDP,RDP version 5.9,Unix,6.19
3306,MariaDB,MariaDB version 4.1,Windows,2.61
21,vsftpd,vsftpd version 8.6,Linux,4.17
3306,MongoDB,MongoDB version 5.1,Unix,3.29
21,vsftpd,vsftpd version 6.2,Windows,5.38
3306,MariaDB,MariaDB version 4.0,Linux,6.46
3306,MongoDB,MongoDB version 8.0,Linux,2.66
3306,MySQL,MySQL version 8.3,Linux,7.07
3306,MongoDB,MongoDB version 4.5,Linux,4.31
3306,RDP,RDP version 1.8,Windows,5.04
3306,PostgreSQL,PostgreSQL version 2.0,Unix,5.64
21,vsftpd,vsftpd version 9.0,Linux,3.83
3306,MongoDB,MongoDB version 2.6,Windows,4.38
3306,Redis,Redis version 4.1,Linux,3.89
21,ProFTPD,ProFTPD version 4.8,Linux,5.27
21,vsftpd,vsftpd version 6.4,Unix,5.59
3306,MariaDB,MariaDB version 5.6,Linux,4.07
80,LiteSpeed,LiteSpeed version 3.7,Unix,2.35
3306,Redis,Redis version 6.1,Windows,5.33
3306,MariaDB,MariaDB version 9.0,Unix,2.69
3306,MongoDB,MongoDB version 4.6,Windows,2.77
22,OpenSSH,OpenSSH version 6.4,Windows,6.29
3306,SMB,SMB version 9.5,Unix,4.71
3306,RDP,RDP version 3.9,Linux,3.03
3306,PostgreSQL,PostgreSQL version 4.8,Unix,5.43
80,Apache,Apache version 8.0,Unix,4.04
80,Apache,Apache version 7.7,Linux,4.17
3306,PostgreSQL,PostgreSQL version 4.3,Windows,4.03
3306,MongoDB,MongoDB version 6.0,Unix,4.85
3306,RDP,RDP version 7.2,Unix,5.37
3306,Redis,Redis version 9.4,Unix,6.71
3306,MariaDB,MariaDB version 6.8,Unix,2.29
3306,Redis,Redis version 6.8,Unix,5.17
3306,Redis,Redis version 9.1,Unix,5.46
3306,PostgreSQL,PostgreSQL version 3.0,Linux,3.36
21,ProFTPD,ProFTPD version 6.5,Unix,4.96
80,nginx,nginx version 9.0,Windows,6.03
3306,Redis,Redis version 3.8,Unix,3.01
3306,MySQL,MySQL version 4.2,Windows,3.59
3306,MongoDB,MongoDB version 4.2,Unix,5.83
3306,RDP,RDP version 4.5,Linux,6.55
3306,Redis,Redis version 8.4,Linux,1.8
3306,MariaDB,MariaDB version 1.3,Windows,7.12
21,ProFTPD,ProFTPD version 6.2,Linux,5.7
3306,SMB,SMB version 7.7,Linux,5.9
80,nginx,nginx version 2.8,Linux,4.88
3306,MariaDB,MariaDB version 2.2,Linux,5.44
80,nginx,nginx version 4.0,Unix,7.44
22,OpenSSH,OpenSSH version 4.7,Linux,2.01
3306,SMB,SMB version 8.3,Unix,7.74
22,OpenSSH,OpenSSH version 5.2,Linux,5.61
3306,PostgreSQL,PostgreSQL version 2.9,Unix,4.29
80,Apache,Apache version 4.6,Unix,5.68
80,LiteSpeed,LiteSpeed version 7.8,Windows,5.9
22,OpenSSH,OpenSSH version 8.4,Linux,2.43
22,OpenSSH,OpenSSH version 8.3,Linux,7.12
3306,SMB,SMB version 1.8,Windows,4.16
3306,Redis,Redis version 1.3,Linux,2.8
80,nginx,nginx version 6.2,Windows,4.11
80,Apache,Apache version 5.9,Windows,7.39
80,Apache,Apache version 2.3,Unix,4.04
80,Apache,Apache version 9.2,Windows,4.45
3306,MongoDB,MongoDB version 1.2,Windows,6.65
22,OpenSSH,OpenSSH version 2.0,Unix,4.05
3306,Redis,Redis version 7.7,Windows,2.73
21,ProFTPD,ProFTPD version 7.3,Windows,5.87
3306,MongoDB,MongoDB version 8.5,Unix,6.56
3306,Redis,Redis version 5.1,Linux,4.61
80,LiteSpeed,LiteSpeed version 5.9,Windows,7.4
3306,Redis,Redis version 7.5,Windows,5.61
80,LiteSpeed,LiteSpeed version 5.9,Unix,3.53
21,ProFTPD,ProFTPD version 8.3,Windows,6.58
21,ProFTPD,ProFTPD version 2.8,Unix,5.22
80,LiteSpeed,LiteSpeed version 5.0,Windows,3.5
3306,PostgreSQL,PostgreSQL version 7.9,Linux,10.0
3306,SMB,SMB version 8.1,Windows,8.03
3306,MySQL,MySQL version 1.2,Linux,5.79
3306,PostgreSQL,PostgreSQL version 8.2,Unix,3.57
21,ProFTPD,ProFTPD version 6.1,Unix,8.85
80,Apache,Apache version 9.3,Linux,6.15
3306,PostgreSQL,PostgreSQL version 9.2,Linux,7.32
80,nginx,nginx version 6.6,Windows,7.25
3306,RDP,RDP version 2.6,Windows,4.28
3306,SMB,SMB version 6.5,Linux,4.84
3306,RDP,RDP version 2.6,Windows,4.99
21,ProFTPD,ProFTPD version 7.8,Windows,5.08
22,OpenSSH,OpenSSH version 8.9,Windows,4.99
3306,SMB,SMB version 5.9,Unix,5.65
80,LiteSpeed,LiteSpeed version 1.5,Windows,7.61
3306,MariaDB,MariaDB version 4.6,Linux,7.36
3306,RDP,RDP version 7.1,Unix,6.49
3306,MongoDB,MongoDB version 9.8,Unix,7.43
3306,RDP,RDP version 9.8,Linux,8.73
21,ProFTPD,ProFTPD version 9.5,Unix,5.82
3306,MySQL,MySQL version 8.9,Windows,1.49
3306,MySQL,MySQL version 3.6,Windows,4.17
3306,RDP,RDP version 9.8,Windows,5.53
3306,RDP,RDP version 9.3,Windows,6.81
3306,RDP,RDP version 4.8,Linux,6.63
22,OpenSSH,OpenSSH version 5.1,Windows,4.59
21,ProFTPD,ProFTPD version 5.8,Unix,7.29
80,nginx,nginx version 6.7,Unix,2.68
3306,MariaDB,MariaDB version 5.4,Windows,5.12
3306,Redis,Redis version 2.2,Unix,3.84
21,ProFTPD,ProFTPD version 5.9,Windows,6.8
21,ProFTPD,ProFTPD version 4.2,Unix,7.94
3306,RDP,RDP version 3.6,Windows,4.66
80,nginx,nginx version 5.8,Unix,4.08
80,Apache,Apache version 4.1,Unix,4.32
80,nginx,nginx version 6.7,Linux,3.73
80,Apache,Apache version 7.5,Linux,5.85
3306,MariaDB,MariaDB version 4.0,Linux,3.42
3306,MariaDB,MariaDB version 4.9,Unix,3.67
3306,MySQL,MySQL version 5.8,Linux,3.44
3306,Redis,Redis version 2.8,Windows,6.14
80,Apache,Apache version 4.8,Windows,3.76
3306,PostgreSQL,PostgreSQL version 9.0,Windows,5.19
21,ProFTPD,ProFTPD version 4.2,Linux,9.46
3306,Redis,Redis version 3.7,Linux,4.39
21,vsftpd,vsftpd version 8.3,Windows,6.17
80,Apache,Apache version 4.2,Unix,7.01
3306,MariaDB,MariaDB version 8.6,Linux,6.04
80,LiteSpeed,LiteSpeed version 2.8,Unix,4.47
3306,MariaDB,MariaDB version 4.5,Linux,5.46
80,LiteSpeed,LiteSpeed version 2.3,Unix,2.57
3306,MongoDB,MongoDB version 2.3,Windows,3.33
3306,Redis,Redis version 7.4,Windows,3.59
3306,PostgreSQL,PostgreSQL version 8.4,Unix,7.86
3306,Redis,Redis version 7.5,Windows,3.28
3306,Redis,Redis version 2.3,Linux,3.26
3306,Redis,Redis version 5.6,Linux,2.93
80,Apache,Apache version 4.5,Windows,5.34
3306,SMB,SMB version 7.6,Windows,6.71
3306,RDP,RDP version 4.1,Linux,8.13
80,LiteSpeed,LiteSpeed version 5.1,Unix,5.51
3306,MySQL,MySQL version 4.7,Unix,2.43
80,Apache,Apache version 4.9,Windows,3.29
21,ProFTPD,ProFTPD version 1.4,Linux,8.55
21,ProFTPD,ProFTPD version 1.3,Linux,6.2
3306,PostgreSQL,PostgreSQL version 8.1,Linux,6.28
3306,PostgreSQL,PostgreSQL version 7.2,Linux,4.28
21,vsftpd,vsftpd version 3.8,Unix,3.05
3306,Redis,Redis version 9.8,Linux,4.05
3306,MySQL,MySQL version 6.4,Linux,3.05
80,Apache,Apache version 5.2,Unix,3.65
80,Apache,Apache version 9.6,Linux,4.8
3306,Redis,Redis version 1.8,Windows,5.27
3306,MySQL,MySQL version 2.3,Windows,2.11
3306,SMB,SMB version 5.2,Linux,6.47
22,OpenSSH,OpenSSH version 9.0,Unix,3.62
3306,SMB,SMB version 5.8,Windows,5.53
21,vsftpd,vsftpd version 5.4,Windows,4.7
21,vsftpd,vsftpd version 7.9,Windows,3.67
3306,MariaDB,MariaDB version 3.5,Unix,6.57
3306,RDP,RDP version 8.0,Windows,8.28
21,ProFTPD,ProFTPD version 4.6,Linux,8.27
3306,RDP,RDP version 1.4,Linux,5.76
3306,MySQL,MySQL version 7.8,Unix,3.06
3306,Redis,Redis version 3.3,Linux,4.62
80,Apache,Apache version 2.9,Unix,4.27
22,OpenSSH,OpenSSH version 7.1,Linux,3.59
3306,PostgreSQL,PostgreSQL version 6.9,Unix,2.74
3306,MongoDB,MongoDB version 4.1,Unix,4.44
80,Apache,Apache version 5.5,Windows,3.89
22,OpenSSH,OpenSSH version 1.6,Linux,5.53
3306,PostgreSQL,PostgreSQL version 1.5,Linux,5.5
3306,MongoDB,MongoDB version 2.6,Windows,6.15
3306,Redis,Redis version 2.6,Windows,2.61
3306,MariaDB,MariaDB version 7.3,Linux,5.1
80,LiteSpeed,LiteSpeed version 9.1,Windows,3.41
3306,Redis,Redis version 4.6,Linux,2.67
22,OpenSSH,OpenSSH version 2.9,Windows,3.86
3306,MariaDB,MariaDB version 4.2,Unix,6.1
3306,MariaDB,MariaDB version 8.9,Linux,3.94
3306,Redis,Redis version 2.7,Windows,6.85
21,vsftpd,vsftpd version 2.0,Windows,5.32
22,OpenSSH,OpenSSH version 5.1,Linux,3.91
3306,MongoDB,MongoDB version 7.4,Unix,6.24
3306,RDP,RDP version 8.3,Unix,7.17
3306,Redis,Redis version 6.3,Linux,3.1
80,nginx,nginx version 5.2,Linux,7.29
80,Apache,Apache version 8.7,Windows,4.89
3306,PostgreSQL,PostgreSQL version 3.8,Linux,4.53
3306,RDP,RDP version 7.2,Unix,5.22
3306,Redis,Redis version 1.3,Unix,6.27
3306,MySQL,MySQL version 8.0,Linux,5.28
3306,MongoDB,MongoDB version 6.9,Linux,5.44
3306,MongoDB,MongoDB version 3.0,Linux,3.74
3306,RDP,RDP version 3.7,Windows,7.75
80,nginx,nginx version 2.3,Windows,5.87
22,OpenSSH,OpenSSH version 5.8,Windows,3.5
21,vsftpd,vsftpd version 4.1,Unix,2.37
22,OpenSSH,OpenSSH version 7.7,Windows,5.37
80,nginx,nginx version 6.8,Windows,2.14
80,Apache,Apache version 4.9,Linux,4.73
3306,PostgreSQL,PostgreSQL version 6.4,Unix,3.83
3306,Redis,Redis version 6.6,Unix,6.33
21,ProFTPD,ProFTPD version 3.8,Windows,5.91
3306,MongoDB,MongoDB version 7.5,Unix,6.16
80,nginx,nginx version 9.1,Windows,3.73
3306,MariaDB,MariaDB version 5.4,Linux,6.0
21,vsftpd,vsftpd version 8.6,Windows,7.59
3306,RDP,RDP version 4.7,Windows,4.9
3306,SMB,SMB version 7.8,Linux,6.94
3306,PostgreSQL,PostgreSQL version 3.6,Linux,8.62
3306,Redis,Redis version 6.3,Linux,4.6
21,vsftpd,vsftpd version 1.5,Windows,4.59
3306,MySQL,MySQL version 8.6,Unix,5.68
3306,RDP,RDP version 8.7,Linux,6.56
21,vsftpd,vsftpd version 5.0,Linux,1.94
21,vsftpd,vsftpd version 5.5,Windows,6.2
3306,RDP,RDP version 8.5,Linux,3.5
3306,MySQL,MySQL version 3.3,Windows,3.87
80,nginx,nginx version 5.3,Unix,6.31
3306,MySQL,MySQL version 1.4,Unix,3.97
80,nginx,nginx version 5.5,Linux,3.46
80,Apache,Apache version 1.5,Windows,5.82
3306,MongoDB,MongoDB version 4.8,Unix,3.22
80,nginx,nginx version 1.8,Linux,2.67
3306,SMB,SMB version 7.7,Linux,6.91
3306,MySQL,MySQL version 4.5,Windows,4.23
21,ProFTPD,ProFTPD version 1.6,Windows,4.63
3306,MariaDB,MariaDB version 2.4,Windows,5.46
3306,MySQL,MySQL version 4.2,Windows,5.2
3306,MongoDB,MongoDB version 3.6,Windows,3.96
3306,PostgreSQL,PostgreSQL version 3.3,Unix,4.06
80,nginx,nginx version 4.0,Linux,5.21
80,nginx,nginx version 8.3,Windows,6.29
3306,MongoDB,MongoDB version 6.2,Windows,4.08
3306,MySQL,MySQL version 3.0,Windows,5.48
80,LiteSpeed,LiteSpeed version 3.1,Linux,5.35
3306,MariaDB,MariaDB version 3.4,Linux,5.82
3306,Redis,Redis version 8.2,Linux,4.56
21,vsftpd,vsftpd version 2.4,Linux,3.13
3306,PostgreSQL,PostgreSQL version 7.1,Linux,3.81
3306,Redis,Redis version 9.8,Windows,5.01
21,vsftpd,vsftpd version 3.8,Unix,7.23
21,vsftpd,vsftpd version 3.2,Unix,3.77
3306,Redis,Redis version 5.7,Linux,5.71
80,LiteSpeed,LiteSpeed version 1.6,Unix,4.01
80,nginx,nginx version 9.3,Linux,4.67
3306,MariaDB,MariaDB version 6.4,Windows,6.77
21,vsftpd,vsftpd version 8.1,Linux,5.65
3306,PostgreSQL,PostgreSQL version 3.2,Unix,2.64
3306,MySQL,MySQL version 1.1,Unix,3.64
3306,PostgreSQL,PostgreSQL version 1.4,Linux,6.38
21,vsftpd,vsftpd version 3.9,Unix,4.71
3306,SMB,SMB version 3.1,Linux,4.78
80,nginx,nginx version 8.5,Windows,3.27
3306,MongoDB,MongoDB version 2.4,Linux,5.56
3306,PostgreSQL,PostgreSQL version 1.4,Unix,5.99
3306,PostgreSQL,PostgreSQL version 6.1,Linux,4.53
3306,MongoDB,MongoDB version 7.2,Unix,8.21
3306,MongoDB,MongoDB version 7.8,Unix,5.74
21,ProFTPD,ProFTPD version 9.6,Linux,6.13
3306,MariaDB,MariaDB version 1.2,Windows,3.28
3306,Redis,Redis version 7.8,Linux,3.04
3306,PostgreSQL,PostgreSQL version 6.2,Windows,5.0
80,nginx,nginx version 5.7,Unix,3.77
3306,MariaDB,MariaDB version 1.1,Linux,7.01
3306,SMB,SMB version 4.0,Linux,8.7
3306,PostgreSQL,PostgreSQL version 4.5,Linux,5.45
3306,MongoDB,MongoDB version 9.6,Windows,2.73
21,ProFTPD,ProFTPD version 1.8,Unix,5.49
80,nginx,nginx version 7.0,Unix,6.38
21,vsftpd,vsftpd version 3.1,Windows,3.66
80,Apache,Apache version 7.5,Windows,6.18
80,nginx,nginx version 9.6,Windows,5.21
3306,MySQL,MySQL version 8.4,Windows,4.58
80,Apache,Apache version 2.8,Unix,3.45
3306,MongoDB,MongoDB version 6.5,Unix,4.36
21,ProFTPD,ProFTPD version 8.9,Unix,6.78
22,OpenSSH,OpenSSH version 1.1,Unix,6.05
80,LiteSpeed,LiteSpeed version 6.8,Unix,3.17
21,vsftpd,vsftpd version 1.6,Unix,4.11
80,LiteSpeed,LiteSpeed version 9.6,Linux,4.57
21,vsftpd,vsftpd version 7.8,Windows,5.49
21,vsftpd,vsftpd version 4.4,Windows,3.14
3306,PostgreSQL,PostgreSQL version 1.1,Unix,2.53
3306,PostgreSQL,PostgreSQL version 8.0,Windows,5.51
21,vsftpd,vsftpd version 2.4,Windows,2.22
3306,Redis,Redis version 6.8,Unix,6.43
3306,RDP,RDP version 9.1,Unix,6.27
3306,SMB,SMB version 8.8,Linux,4.18
80,Apache,Apache version 4.0,Windows,3.78
22,OpenSSH,OpenSSH version 9.4,Linux,5.07
3306,MySQL,MySQL version 1.6,Linux,3.7
21,ProFTPD,ProFTPD version 1.0,Linux,6.53
21,ProFTPD,ProFTPD version 9.8,Unix,7.61
80,LiteSpeed,LiteSpeed version 1.9,Unix,4.2
3306,MongoDB,MongoDB version 5.2,Unix,3.09
3306,MongoDB,MongoDB version 9.4,Linux,4.05
3306,Redis,Redis version 8.6,Unix,6.62
3306,MariaDB,MariaDB version 2.3,Linux,7.03
21,ProFTPD,ProFTPD version 5.3,Windows,3.47
21,ProFTPD,ProFTPD version 1.4,Linux,8.14
80,nginx,nginx version 8.7,Linux,4.88
3306,MySQL,MySQL version 3.9,Windows,5.89
22,OpenSSH,OpenSSH version 4.7,Windows,3.67
3306,RDP,RDP version 2.5,Unix,3.85
21,vsftpd,vsftpd version 9.1,Unix,5.38
3306,MongoDB,MongoDB version 3.6,Windows,3.09
21,ProFTPD,ProFTPD version 5.0,Unix,4.42
80,Apache,Apache version 5.5,Windows,2.52
80,LiteSpeed,LiteSpeed version 9.4,Windows,5.4
3306,Redis,Redis version 7.0,Windows,4.71
80,Apache,Apache version 9.2,Linux,5.67
3306,MySQL,MySQL version 8.7,Linux,5.5
21,vsftpd,vsftpd version 8.7,Windows,3.87
3306,MongoDB,MongoDB version 8.6,Linux,4.39
80,Apache,Apache version 6.5,Unix,3.73
80,nginx,nginx version 7.5,Linux,4.18
80,Apache,Apache version 1.7,Windows,3.05
80,nginx,nginx version 6.9,Unix,5.09
80,LiteSpeed,LiteSpeed version 6.4,Linux,6.11
3306,Redis,Redis version 5.1,Windows,3.28
21,vsftpd,vsftpd version 5.5,Linux,6.42
80,nginx,nginx version 9.5,Windows,4.67
21,ProFTPD,ProFTPD version 7.8,Windows,6.86
80,nginx,nginx version 2.2,Unix,1.95
22,OpenSSH,OpenSSH version 9.1,Linux,1.79
3306,RDP,RDP version 3.7,Linux,6.72
3306,SMB,SMB version 2.4,Linux,7.68
80,Apache,Apache version 8.1,Windows,3.49
3306,PostgreSQL,PostgreSQL version 8.2,Linux,7.01
3306,MySQL,MySQL version 7.9,Windows,5.6
80,Apache,Apache version 3.1,Unix,3.14
80,nginx,nginx version 9.0,Linux,4.55
3306,RDP,RDP version 5.4,Unix,10.0
22,OpenSSH,OpenSSH version 9.7,Linux,2.64
22,OpenSSH,OpenSSH version 2.1,Unix,5.29
3306,MySQL,MySQL version 3.7,Linux,4.02
21,vsftpd,vsftpd version 8.6,Windows,5.56
3306,RDP,RDP version 5.0,Windows,8.4
80,LiteSpeed,LiteSpeed version 5.0,Unix,3.92
3306,RDP,RDP version 9.2,Windows,8.18
3306,MongoDB,MongoDB version 8.4,Windows,7.83
21,vsftpd,vsftpd version 1.8,Linux,4.6
80,nginx,nginx version 7.8,Windows,5.68
80,Apache,Apache version 5.3,Unix,3.61
80,LiteSpeed,LiteSpeed version 2.0,Unix,4.53
21,ProFTPD,ProFTPD version 8.6,Unix,6.23
3306,SMB,SMB version 9.4,Linux,7.7
22,OpenSSH,OpenSSH version 6.0,Linux,6.31
3306,MongoDB,MongoDB version 4.3,Windows,4.34
80,Apache,Apache version 2.4,Windows,6.8
3306,MariaDB,MariaDB version 8.1,Unix,6.8
3306,MySQL,MySQL version 7.8,Unix,5.77
3306,SMB,SMB version 7.9,Linux,5.73
22,OpenSSH,OpenSSH version 9.4,Unix,3.58
3306,MySQL,MySQL version 7.9,Linux,3.28
22,OpenSSH,OpenSSH version 1.0,Unix,5.92
22,OpenSSH,OpenSSH version 5.4,Windows,2.68
22,OpenSSH,OpenSSH version 6.8,Linux,5.52
3306,RDP,RDP version 3.2,Linux,4.88
3306,SMB,SMB version 4.2,Unix,7.74
3306,MongoDB,MongoDB version 8.2,Windows,4.53
3306,MongoDB,MongoDB version 2.5,Unix,6.5
3306,MySQL,MySQL version 8.1,Windows,6.21
80,LiteSpeed,LiteSpeed version 2.8,Linux,6.65
3306,RDP,RDP version 1.2,Windows,8.69
21,vsftpd,vsftpd version 8.3,Linux,4.72
21,vsftpd,vsftpd version 8.2,Unix,2.76
3306,MySQL,MySQL version 4.7,Linux,2.92
3306,MongoDB,MongoDB version 8.8,Linux,1.37
3306,MySQL,MySQL version 5.4,Linux,2.87
22,OpenSSH,OpenSSH version 8.6,Unix,4.6
3306,MongoDB,MongoDB version 7.0,Linux,3.66
3306,RDP,RDP version 5.9,Unix,6.23
21,ProFTPD,ProFTPD version 3.6,Linux,7.24
80,LiteSpeed,LiteSpeed version 6.0,Linux,4.04
21,ProFTPD,ProFTPD version 3.9,Windows,4.82
3306,MySQL,MySQL version 3.8,Linux,4.42
3306,PostgreSQL,PostgreSQL version 2.8,Windows,3.15
22,OpenSSH,OpenSSH version 7.4,Unix,4.09
80,nginx,nginx version 3.8,Linux,6.51
21,vsftpd,vsftpd version 1.9,Windows,4.09
21,vsftpd,vsftpd version 6.2,Windows,7.16
3306,Redis,Redis version 7.4,Unix,6.65
3306,MySQL,MySQL version 7.9,Unix,3.63
3306,RDP,RDP version 6.0,Unix,4.83
3306,RDP,RDP version 4.6,Windows,6.42
3306,SMB,SMB version 5.1,Windows,8.23
80,LiteSpeed,LiteSpeed version 1.3,Unix,3.76
21,vsftpd,vsftpd version 6.9,Windows,5.86
80,nginx,nginx version 6.1,Windows,6.31
21,vsftpd,vsftpd version 8.3,Unix,3.34
3306,MongoDB,MongoDB version 8.4,Windows,3.49
3306,PostgreSQL,PostgreSQL version 9.1,Linux,5.57
3306,Redis,Redis version 5.6,Unix,4.73
3306,SMB,SMB version 6.8,Unix,5.47
80,LiteSpeed,LiteSpeed version 1.5,Windows,3.97
21,vsftpd,vsftpd version 1.0,Windows,4.39
21,vsftpd,vsftpd version 6.3,Linux,2.15
80,Apache,Apache version 8.2,Unix,5.65
3306,RDP,RDP version 2.2,Linux,5.78
3306,SMB,SMB version 3.8,Linux,2.32
3306,MySQL,MySQL version 9.4,Windows,4.46
3306,SMB,SMB version 9.8,Linux,5.39
3306,PostgreSQL,PostgreSQL version 3.7,Unix,7.03
21,ProFTPD,ProFTPD version 2.6,Unix,5.62
80,LiteSpeed,LiteSpeed version 9.0,Linux,2.85
3306,Redis,Redis version 9.5,Windows,5.26
3306,MongoDB,MongoDB version 5.9,Unix,3.51
3306,MySQL,MySQL version 2.3,Linux,3.33
3306,MySQL,MySQL version 8.2,Linux,5.26
22,OpenSSH,OpenSSH version 6.8,Unix,2.94
3306,SMB,SMB version 6.9,Unix,4.31
3306,MariaDB,MariaDB version 9.5,Linux,7.09
3306,MongoDB,MongoDB version 6.8,Unix,5.37
21,vsftpd,vsftpd version 2.7,Linux,4.1
21,ProFTPD,ProFTPD version 2.4,Unix,6.49
3306,SMB,SMB version 2.7,Linux,7.26
22,OpenSSH,OpenSSH version 9.0,Unix,5.96
3306,MySQL,MySQL version 6.2,Unix,3.37
21,ProFTPD,ProFTPD version 7.2,Windows,7.05
21,ProFTPD,ProFTPD version 9.4,Unix,5.74
21,vsftpd,vsftpd version 2.1,Windows,4.22
80,nginx,nginx version 5.2,Unix,4.74
3306,MariaDB,MariaDB version 1.2,Windows,4.49
21,ProFTPD,ProFTPD version 4.3,Linux,7.6
3306,Redis,Redis version 1.7,Unix,5.23
22,OpenSSH,OpenSSH version 1.4,Linux,2.24
3306,PostgreSQL,PostgreSQL version 1.8,Linux,2.46
22,OpenSSH,OpenSSH version 1.2,Windows,3.95
22,OpenSSH,OpenSSH version 5.0,Windows,7.24
3306,MariaDB,MariaDB version 2.5,Windows,3.22
3306,SMB,SMB version 9.3,Windows,6.19
3306,MongoDB,MongoDB version 6.0,Linux,3.7
3306,Redis,Redis version 1.8,Windows,3.67
3306,Redis,Redis version 6.8,Linux,4.77
21,ProFTPD,ProFTPD version 6.7,Linux,8.6
3306,SMB,SMB version 4.4,Unix,7.18
80,LiteSpeed,LiteSpeed version 4.9,Unix,3.29
3306,MySQL,MySQL version 9.1,Unix,8.63
80,nginx,nginx version 5.6,Windows,4.62
3306,MySQL,MySQL version 6.4,Unix,3.63
3306,MySQL,MySQL version 5.5,Linux,6.62
3306,MongoDB,MongoDB version 6.0,Unix,3.8
21,vsftpd,vsftpd version 9.8,Unix,6.99
3306,SMB,SMB version 2.4,Linux,5.19
3306,MongoDB,MongoDB version 3.4,Windows,6.65
3306,MariaDB,MariaDB version 7.0,Windows,4.8
80,nginx,nginx version 1.2,Windows,6.44
3306,SMB,SMB version 2.7,Unix,9.35
3306,RDP,RDP version 6.0,Windows,4.8
22,OpenSSH,OpenSSH version 9.0,Linux,6.41
80,Apache,Apache version 5.1,Unix,2.39
3306,PostgreSQL,PostgreSQL version 4.1,Linux,2.93
80,LiteSpeed,LiteSpeed version 4.3,Windows,3.29
21,vsftpd,vsftpd version 4.3,Linux,5.26
80,Apache,Apache version 3.1,Unix,4.55
3306,RDP,RDP version 9.0,Unix,6.25
80,Apache,Apache version 5.4,Unix,4.72
80,LiteSpeed,LiteSpeed version 9.0,Unix,5.39
21,ProFTPD,ProFTPD version 6.1,Windows,7.5
3306,MySQL,MySQL version 9.2,Unix,6.14
21,ProFTPD,ProFTPD version 2.4,Linux,9.23
22,OpenSSH,OpenSSH version 4.6,Unix,4.47
3306,MySQL,MySQL version 8.1,Linux,3.72
3306,Redis,Redis version 3.2,Unix,5.42
21,vsftpd,vsftpd version 6.8,Linux,2.78
3306,MariaDB,MariaDB version 6.8,Windows,3.48
3306,MariaDB,MariaDB version 4.8,Linux,6.0
22,OpenSSH,OpenSSH version 4.4,Windows,4.31
21,ProFTPD,ProFTPD version 9.1,Unix,4.69
80,Apache,Apache version 3.5,Windows,2.27
3306,Redis,Redis version 7.6,Unix,4.57
3306,MongoDB,MongoDB version 8.9,Unix,6.21
22,OpenSSH,OpenSSH version 1.0,Linux,6.19
21,ProFTPD,ProFTPD version 2.8,Unix,6.67
3306,MariaDB,MariaDB version 9.8,Windows,7.51
21,ProFTPD,ProFTPD version 2.2,Unix,6.34
21,ProFTPD,ProFTPD version 4.2,Linux,6.29
3306,MySQL,MySQL version 1.2,Windows,0.65
3306,PostgreSQL,PostgreSQL version 8.3,Windows,3.83
80,Apache,Apache version 2.4,Windows,5.78
3306,SMB,SMB version 7.6,Linux,8.85
3306,MongoDB,MongoDB version 2.6,Windows,3.25
3306,MariaDB,MariaDB version 3.4,Linux,5.19
3306,RDP,RDP version 8.3,Windows,8.07
3306,RDP,RDP version 6.5,Windows,6.52
21,ProFTPD,ProFTPD version 2.2,Linux,3.08
3306,RDP,RDP version 8.0,Linux,6.87
3306,RDP,RDP version 8.6,Linux,7.64
80,Apache,Apache version 8.1,Linux,3.08
3306,MongoDB,MongoDB version 4.1,Windows,4.12
21,vsftpd,vsftpd version 4.3,Linux,2.77
3306,MySQL,MySQL version 2.0,Windows,0.64
3306,MariaDB,MariaDB version 9.7,Windows,6.04
80,Apache,Apache version 3.2,Unix,4.49
80,Apache,Apache version 7.3,Linux,6.9
80,Apache,Apache version 8.1,Windows,5.79
3306,Redis,Redis version 2.6,Unix,3.97
22,OpenSSH,OpenSSH version 7.8,Windows,4.38
21,vsftpd,vsftpd version 7.1,Linux,5.35
3306,RDP,RDP version 3.0,Windows,7.95
80,LiteSpeed,LiteSpeed version 6.7,Linux,4.98
22,OpenSSH,OpenSSH version 5.7,Unix,6.16
80,LiteSpeed,LiteSpeed version 3.3,Windows,4.05
3306,RDP,RDP version 7.0,Windows,5.0
80,Apache,Apache version 8.4,Unix,4.4
21,ProFTPD,ProFTPD version 8.7,Unix,6.81
80,LiteSpeed,LiteSpeed version 4.8,Unix,2.7
80,nginx,nginx version 8.6,Windows,2.49
22,OpenSSH,OpenSSH version 4.7,Linux,5.17
3306,SMB,SMB version 2.7,Windows,5.89
80,Apache,Apache version 4.9,Windows,4.25
80,LiteSpeed,LiteSpeed version 6.5,Windows,3.96
3306,MongoDB,MongoDB version 4.3,Unix,6.78
3306,MariaDB,MariaDB version 2.1,Linux,6.39
3306,MySQL,MySQL version 6.8,Linux,2.64
80,nginx,nginx version 4.2,Windows,3.7
3306,PostgreSQL,PostgreSQL version 7.0,Linux,5.78
80,nginx,nginx version 5.0,Windows,5.4
80,Apache,Apache version 7.2,Windows,4.44
3306,SMB,SMB version 1.9,Windows,4.79
3306,MariaDB,MariaDB version 9.3,Unix,3.48
3306,MongoDB,MongoDB version 7.8,Unix,3.72
21,vsftpd,vsftpd version 1.6,Linux,4.92
3306,PostgreSQL,PostgreSQL version 5.7,Unix,7.06
3306,MariaDB,MariaDB version 1.4,Linux,3.47
80,nginx,nginx version 8.9,Unix,2.96
22,OpenSSH,OpenSSH version 8.0,Linux,4.34
80,LiteSpeed,LiteSpeed version 7.0,Unix,6.05
80,LiteSpeed,LiteSpeed version 9.0,Unix,2.33
21,ProFTPD,ProFTPD version 8.5,Windows,8.68
3306,MongoDB,MongoDB version 5.1,Linux,4.24
80,Apache,Apache version 9.1,Unix,3.4
3306,RDP,RDP version 5.0,Linux,4.1
3306,Redis,Redis version 6.9,Linux,5.56
80,Apache,Apache version 3.4,Linux,4.24
80,nginx,nginx version 3.4,Windows,4.76
3306,PostgreSQL,PostgreSQL version 5.2,Linux,3.15
3306,PostgreSQL,PostgreSQL version 3.4,Unix,4.02
21,vsftpd,vsftpd version 3.8,Unix,3.77
22,OpenSSH,OpenSSH version 6.9,Unix,4.35
80,Apache,Apache version 9.7,Linux,3.5
3306,Redis,Redis version 7.1,Linux,2.2
3306,PostgreSQL,PostgreSQL version 7.6,Windows,8.59
80,nginx,nginx version 5.5,Windows,2.45
21,vsftpd,vsftpd version 6.8,Linux,4.77
21,vsftpd,vsftpd version 4.2,Linux,1.84
3306,PostgreSQL,PostgreSQL version 7.3,Windows,1.5
3306,PostgreSQL,PostgreSQL version 1.8,Windows,4.65
80,Apache,Apache version 8.9,Windows,4.76
3306,MongoDB,MongoDB version 9.2,Windows,6.39
80,LiteSpeed,LiteSpeed version 3.0,Windows,5.1
3306,PostgreSQL,PostgreSQL version 6.4,Linux,4.28
80,nginx,nginx version 6.5,Windows,3.08
3306,MariaDB,MariaDB version 7.6,Unix,6.75
80,nginx,nginx version 4.0,Unix,5.89
3306,SMB,SMB version 5.1,Windows,4.63
3306,MySQL,MySQL version 2.7,Linux,4.56
80,LiteSpeed,LiteSpeed version 8.4,Linux,4.72
80,Apache,Apache version 7.5,Windows,3.98
21,ProFTPD,ProFTPD version 7.3,Windows,7.66
3306,RDP,RDP version 9.7,Linux,7.75
3306,MySQL,MySQL version 6.2,Linux,4.21
3306,MariaDB,MariaDB version 5.0,Linux,4.08
80,Apache,Apache version 1.5,Windows,6.75
21,ProFTPD,ProFTPD version 8.3,Linux,7.9
80,LiteSpeed,LiteSpeed version 1.4,Linux,4.61
3306,RDP,RDP version 8.2,Windows,4.06
21,ProFTPD,ProFTPD version 6.9,Linux,7.02
80,nginx,nginx version 1.5,Windows,5.55
3306,PostgreSQL,PostgreSQL version 5.7,Unix,0.37
22,OpenSSH,OpenSSH version 9.9,Unix,4.88
3306,MongoDB,MongoDB version 6.4,Windows,3.87
3306,MariaDB,MariaDB version 1.2,Unix,4.17
21,vsftpd,vsftpd version 4.0,Unix,3.14
80,Apache,Apache version 6.7,Linux,4.28
80,LiteSpeed,LiteSpeed version 5.7,Unix,6.59
21,ProFTPD,ProFTPD version 4.7,Unix,5.83
3306,MySQL,MySQL version 3.6,Linux,5.95
3306,SMB,SMB version 3.9,Windows,5.29
80,Apache,Apache version 1.7,Unix,5.64
80,nginx,nginx version 6.2,Linux,4.5
21,vsftpd,vsftpd version 1.2,Linux,5.03
3306,Redis,Redis version 9.1,Unix,4.51
3306,RDP,RDP version 1.2,Unix,7.46
3306,MySQL,MySQL version 4.2,Windows,0.65
22,OpenSSH,OpenSSH version 8.8,Windows,2.37
21,vsftpd,vsftpd version 4.1,Linux,5.13
3306,Redis,Redis version 8.7,Windows,1.43
3306,SMB,SMB version 2.0,Windows,5.7
3306,PostgreSQL,PostgreSQL version 3.6,Linux,4.42
3306,RDP,RDP version 6.6,Linux,5.26
80,nginx,nginx version 8.2,Unix,3.46
3306,MySQL,MySQL version 9.4,Unix,4.91
3306,PostgreSQL,PostgreSQL version 7.5,Unix,6.01
21,ProFTPD,ProFTPD version 2.1,Windows,5.06
80,Apache,Apache version 9.1,Unix,3.64
3306,SMB,SMB version 1.1,Windows,5.4
80,nginx,nginx version 1.8,Unix,0.87
3306,SMB,SMB version 9.7,Unix,6.71
3306,PostgreSQL,PostgreSQL version 3.8,Linux,5.9
80,Apache,Apache version 2.5,Linux,6.02
21,vsftpd,vsftpd version 5.5,Windows,3.19
3306,PostgreSQL,PostgreSQL version 9.9,Windows,2.62
21,ProFTPD,ProFTPD version 6.9,Linux,6.53
3306,PostgreSQL,PostgreSQL version 2.6,Windows,5.74
80,nginx,nginx version 1.7,Unix,4.73
3306,RDP,RDP version 4.8,Windows,6.93
3306,MariaDB,MariaDB version 3.1,Windows,6.21
3306,SMB,SMB version 7.1,Windows,5.39
80,nginx,nginx version 5.9,Unix,4.17
3306,Redis,Redis version 2.0,Unix,6.95
3306,MySQL,MySQL version 9.7,Unix,4.2
3306,PostgreSQL,PostgreSQL version 1.3,Unix,2.6
3306,SMB,SMB version 2.5,Unix,5.5
21,vsftpd,vsftpd version 9.7,Linux,3.09
22,OpenSSH,OpenSSH version 9.8,Linux,5.04
21,ProFTPD,ProFTPD version 2.3,Unix,5.16
80,nginx,nginx version 5.5,Unix,4.91
3306,Redis,Redis version 2.8,Linux,3.4
3306,PostgreSQL,PostgreSQL version 2.5,Linux,1.31
3306,RDP,RDP version 6.0,Unix,6.96
22,OpenSSH,OpenSSH version 5.5,Linux,4.72
21,ProFTPD,ProFTPD version 5.4,Unix,7.28
3306,MariaDB,MariaDB version 2.0,Linux,3.49
3306,MariaDB,MariaDB version 8.7,Unix,3.33
22,OpenSSH,OpenSSH version 1.5,Windows,5.1
3306,PostgreSQL,PostgreSQL version 3.0,Windows,6.78
80,LiteSpeed,LiteSpeed version 4.7,Linux,4.52
21,vsftpd,vsftpd version 5.3,Windows,5.14
3306,SMB,SMB version 5.7,Linux,6.02
3306,MySQL,MySQL version 4.3,Windows,2.18
22,OpenSSH,OpenSSH version 4.5,Linux,5.95
3306,SMB,SMB version 3.5,Windows,7.86
3306,RDP,RDP version 1.4,Unix,7.57
3306,Redis,Redis version 8.7,Linux,4.23
3306,MariaDB,MariaDB version 4.8,Linux,5.4
21,ProFTPD,ProFTPD version 4.5,Unix,7.84
80,LiteSpeed,LiteSpeed version 2.8,Windows,6.93
3306,PostgreSQL,PostgreSQL version 7.8,Unix,5.98
80,nginx,nginx version 8.0,Windows,4.6
80,LiteSpeed,LiteSpeed version 2.2,Unix,2.54
3306,MySQL,MySQL version 6.0,Unix,4.73
22,OpenSSH,OpenSSH version 8.5,Windows,4.88
21,vsftpd,vsftpd version 3.7,Linux,5.56
3306,Redis,Redis version 1.7,Windows,6.53
22,OpenSSH,OpenSSH version 8.3,Unix,4.36
21,ProFTPD,ProFTPD version 6.8,Windows,9.65
3306,MySQL,MySQL version 8.8,Unix,1.86
80,LiteSpeed,LiteSpeed version 7.9,Windows,5.13
21,ProFTPD,ProFTPD version 4.7,Unix,5.3
3306,MySQL,MySQL version 2.3,Windows,1.64
3306,MySQL,MySQL version 6.8,Windows,4.2
3306,RDP,RDP version 9.8,Linux,4.31
3306,SMB,SMB version 3.6,Linux,6.26
80,LiteSpeed,LiteSpeed version 7.0,Windows,4.55
3306,Redis,Redis version 6.2,Unix,6.18
21,ProFTPD,ProFTPD version 1.7,Windows,4.24
3306,MongoDB,MongoDB version 1.1,Unix,5.86
3306,RDP,RDP version 1.1,Linux,6.65
3306,SMB,SMB version 6.5,Linux,8.04
3306,MySQL,MySQL version 2.0,Unix,3.85
3306,PostgreSQL,PostgreSQL version 7.0,Windows,2.5
3306,MongoDB,MongoDB version 5.7,Windows,2.67
80,LiteSpeed,LiteSpeed version 4.9,Unix,2.56
80,Apache,Apache version 6.7,Linux,5.22
3306,MySQL,MySQL version 5.4,Unix,6.72
3306,MongoDB,MongoDB version 2.7,Unix,3.65
21,ProFTPD,ProFTPD version 7.7,Linux,7.44
80,nginx,nginx version 4.0,Unix,2.21
3306,MariaDB,MariaDB version 3.4,Unix,4.77
3306,SMB,SMB version 5.1,Unix,7.5
3306,Redis,Redis version 4.0,Linux,2.33
21,ProFTPD,ProFTPD version 7.7,Unix,6.19
22,OpenSSH,OpenSSH version 8.0,Unix,5.57
22,OpenSSH,OpenSSH version 5.0,Linux,0.1
3306,MariaDB,MariaDB version 4.6,Linux,6.5
3306,RDP,RDP version 6.8,Unix,7.03
3306,RDP,RDP version 4.8,Windows,7.58
3306,MySQL,MySQL version 1.7,Windows,3.88
3306,Redis,Redis version 6.4,Linux,1.92
3306,SMB,SMB version 6.8,Unix,7.3
80,nginx,nginx version 8.6,Windows,4.38
80,Apache,Apache version 6.5,Unix,4.55
3306,RDP,RDP version 8.7,Windows,8.13
80,Apache,Apache version 6.9,Windows,5.64
3306,Redis,Redis version 2.2,Windows,7.38
3306,SMB,SMB version 1.3,Linux,6.73
80,Apache,Apache version 2.0,Windows,3.46
22,OpenSSH,OpenSSH version 7.8,Unix,4.22
3306,PostgreSQL,PostgreSQL version 2.0,Unix,5.12
3306,MongoDB,MongoDB version 7.6,Unix,6.02
21,vsftpd,vsftpd version 9.5,Windows,2.3
3306,MySQL,MySQL version 3.3,Linux,4.51
3306,PostgreSQL,PostgreSQL version 4.2,Linux,6.91
3306,MySQL,MySQL version 7.8,Windows,4.14
80,nginx,nginx version 4.1,Linux,5.9
3306,PostgreSQL,PostgreSQL version 8.1,Linux,5.24
3306,MongoDB,MongoDB version 9.5,Windows,5.93
3306,SMB,SMB version 2.5,Unix,5.29
3306,SMB,SMB version 3.8,Linux,5.29
3306,MariaDB,MariaDB version 1.5,Unix,4.53
3306,MariaDB,MariaDB version 8.9,Windows,2.2
3306,RDP,RDP version 5.9,Unix,6.1
3306,MongoDB,MongoDB version 3.0,Linux,4.88
22,OpenSSH,OpenSSH version 4.6,Linux,7.18
22,OpenSSH,OpenSSH version 9.8,Unix,5.1
80,nginx,nginx version 7.0,Linux,5.44
80,nginx,nginx version 7.3,Windows,6.25
80,LiteSpeed,LiteSpeed version 6.8,Linux,3.05
80,Apache,Apache version 5.8,Unix,4.25
21,ProFTPD,ProFTPD version 4.9,Windows,10.0
3306,Redis,Redis version 9.0,Unix,4.38
80,Apache,Apache version 1.0,Windows,6.17
3306,MariaDB,MariaDB version 3.4,Windows,5.95
3306,MySQL,MySQL version 7.1,Unix,2.28
80,Apache,Apache version 9.3,Linux,4.97
3306,MySQL,MySQL version 1.3,Windows,4.72
80,nginx,nginx version 5.3,Windows,4.99
21,ProFTPD,ProFTPD version 7.5,Linux,5.37
3306,MongoDB,MongoDB version 4.2,Unix,2.82
3306,MariaDB,MariaDB version 3.9,Linux,3.79
3306,Redis,Redis version 3.8,Unix,4.35
3306,RDP,RDP version 6.4,Windows,8.28
3306,Redis,Redis version 4.7,Windows,7.23
21,vsftpd,vsftpd version 7.4,Linux,6.59
80,nginx,nginx version 4.2,Windows,5.79
21,vsftpd,vsftpd version 6.6,Windows,2.99
21,vsftpd,vsftpd version 2.6,Windows,3.89
80,nginx,nginx version 7.4,Windows,4.81
3306,MariaDB,MariaDB version 1.5,Unix,3.55
21,vsftpd,vsftpd version 4.8,Unix,5.37
22,OpenSSH,OpenSSH version 9.8,Unix,5.58
3306,RDP,RDP version 7.3,Linux,7.3
3306,RDP,RDP version 4.3,Unix,8.04
3306,MySQL,MySQL version 3.0,Linux,3.14
80,nginx,nginx version 7.6,Unix,5.9
80,nginx,nginx version 2.1,Windows,3.46
21,vsftpd,vsftpd version 8.8,Linux,3.09
3306,MongoDB,MongoDB version 3.7,Linux,5.3
22,OpenSSH,OpenSSH version 8.3,Linux,6.32
80,Apache,Apache version 5.3,Unix,5.23
21,vsftpd,vsftpd version 7.0,Unix,4.53
3306,RDP,RDP version 2.9,Linux,6.97
3306,RDP,RDP version 1.4,Unix,6.7
3306,MySQL,MySQL version 4.4,Windows,2.81
21,ProFTPD,ProFTPD version 8.4,Unix,4.64
21,ProFTPD,ProFTPD version 2.5,Windows,6.38
3306,SMB,SMB version 4.2,Unix,6.62
3306,PostgreSQL,PostgreSQL version 2.8,Unix,4.52
3306,PostgreSQL,PostgreSQL version 7.0,Linux,5.51
3306,MySQL,MySQL version 6.1,Linux,4.18
3306,SMB,SMB version 5.9,Linux,7.34
21,ProFTPD,ProFTPD version 6.3,Windows,6.28
80,nginx,nginx version 6.7,Linux,7.24
80,Apache,Apache version 8.5,Linux,4.62
21,vsftpd,vsftpd version 1.2,Unix,8.01
22,OpenSSH,OpenSSH version 2.1,Unix,5.03
3306,MariaDB,MariaDB version 5.9,Linux,4.18
3306,SMB,SMB version 3.8,Linux,5.15
21,ProFTPD,ProFTPD version 9.2,Unix,4.34
3306,MariaDB,MariaDB version 7.7,Linux,3.01
21,ProFTPD,ProFTPD version 6.2,Windows,5.18
3306,PostgreSQL,PostgreSQL version 5.7,Windows,5.09
80,nginx,nginx version 1.7,Linux,3.71
80,nginx,nginx version 4.7,Windows,4.78
21,ProFTPD,ProFTPD version 2.2,Windows,8.42
80,nginx,nginx version 6.6,Windows,4.37
80,LiteSpeed,LiteSpeed version 6.3,Windows,7.62
3306,MySQL,MySQL version 2.0,Windows,2.74
21,vsftpd,vsftpd version 7.7,Linux,4.27
80,Apache,Apache version 3.7,Linux,3.69
22,OpenSSH,OpenSSH version 7.9,Unix,5.9
80,Apache,Apache version 9.2,Linux,1.14
22,OpenSSH,OpenSSH version 9.4,Linux,2.34
3306,MongoDB,MongoDB version 5.6,Windows,4.34
3306,MongoDB,MongoDB version 1.9,Unix,6.83
3306,SMB,SMB version 3.0,Linux,6.84
3306,MongoDB,MongoDB version 6.2,Linux,2.47
21,ProFTPD,ProFTPD version 4.2,Linux,4.7
3306,Redis,Redis version 5.4,Linux,7.01
3306,SMB,SMB version 4.8,Unix,5.57
3306,Redis,Redis version 2.7,Linux,3.09
3306,PostgreSQL,PostgreSQL version 7.1,Windows,6.72
21,vsftpd,vsftpd version 2.9,Windows,6.02
3306,SMB,SMB version 7.0,Unix,8.41
3306,MongoDB,MongoDB version 4.2,Linux,3.07
21,ProFTPD,ProFTPD version 5.7,Linux,4.21
80,LiteSpeed,LiteSpeed version 6.4,Unix,4.7
3306,PostgreSQL,PostgreSQL version 5.0,Unix,5.0
80,Apache,Apache version 8.4,Unix,5.05
3306,PostgreSQL,PostgreSQL version 7.6,Windows,6.72
22,OpenSSH,OpenSSH version 3.6,Linux,1.9
21,vsftpd,vsftpd version 1.1,Windows,5.79
3306,MariaDB,MariaDB version 9.4,Windows,2.86
21,vsftpd,vsftpd version 4.2,Windows,5.78
3306,PostgreSQL,PostgreSQL version 1.5,Linux,3.79
3306,Redis,Redis version 1.5,Windows,3.28
80,nginx,nginx version 4.0,Unix,3.59
3306,MySQL,MySQL version 9.2,Linux,2.33
3306,MongoDB,MongoDB version 5.9,Windows,4.56
80,LiteSpeed,LiteSpeed version 3.9,Windows,3.34
3306,SMB,SMB version 4.7,Linux,7.68
21,ProFTPD,ProFTPD version 2.8,Unix,7.46
3306,MongoDB,MongoDB version 6.4,Linux,7.03
22,OpenSSH,OpenSSH version 3.2,Windows,5.05
21,ProFTPD,ProFTPD version 6.9,Linux,7.28
21,ProFTPD,ProFTPD version 6.3,Linux,8.6
80,nginx,nginx version 4.0,Linux,3.56
3306,SMB,SMB version 1.4,Unix,4.27
3306,MariaDB,MariaDB version 1.9,Linux,4.8
80,Apache,Apache version 9.9,Unix,2.37
80,LiteSpeed,LiteSpeed version 7.3,Linux,8.18
3306,RDP,RDP version 7.3,Linux,8.68
3306,PostgreSQL,PostgreSQL version 6.5,Linux,7.75
80,nginx,nginx version 2.5,Windows,4.59
80,nginx,nginx version 9.7,Unix,5.33
80,LiteSpeed,LiteSpeed version 8.3,Windows,3.81
21,ProFTPD,ProFTPD version 2.8,Linux,7.82
3306,MongoDB,MongoDB version 3.8,Windows,2.68
80,Apache,Apache version 1.2,Linux,0.69
3306,PostgreSQL,PostgreSQL version 9.2,Linux,3.31
80,nginx,nginx version 5.7,Unix,2.32
3306,MongoDB,MongoDB version 9.7,Unix,6.72
3306,Redis,Redis version 9.7,Windows,7.22
21,ProFTPD,ProFTPD version 6.1,Linux,4.4
3306,PostgreSQL,PostgreSQL version 3.0,Linux,6.44
3306,MySQL,MySQL version 4.4,Linux,5.93
80,nginx,nginx version 4.6,Linux,2.15
21,ProFTPD,ProFTPD version 7.5,Windows,5.91
80,Apache,Apache version 8.4,Linux,3.63
3306,Redis,Redis version 7.2,Windows,5.62
22,OpenSSH,OpenSSH version 4.9,Windows,2.66
3306,SMB,SMB version 8.7,Linux,6.35
3306,MongoDB,MongoDB version 2.2,Windows,3.47
21,vsftpd,vsftpd version 1.4,Linux,5.21
3306,MySQL,MySQL version 3.8,Linux,4.17
80,nginx,nginx version 7.5,Windows,3.7
80,LiteSpeed,LiteSpeed version 3.9,Windows,4.18
3306,SMB,SMB version 3.3,Unix,9.55
3306,MariaDB,MariaDB version 1.1,Linux,3.87
3306,MariaDB,MariaDB version 4.4,Unix,2.94
3306,Redis,Redis version 9.3,Linux,5.38
3306,MySQL,MySQL version 6.1,Unix,4.28
21,vsftpd,vsftpd version 9.7,Windows,2.38
3306,MongoDB,MongoDB version 2.0,Windows,7.85
80,LiteSpeed,LiteSpeed version 8.1,Unix,3.97
3306,MariaDB,MariaDB version 4.4,Windows,3.93
22,OpenSSH,OpenSSH version 8.3,Windows,4.74
21,vsftpd,vsftpd version 1.6,Windows,7.1
80,nginx,nginx version 4.2,Linux,1.98
80,Apache,Apache version 4.9,Linux,4.91
80,nginx,nginx version 7.0,Unix,7.63
3306,Redis,Redis version 1.6,Windows,4.69
80,nginx,nginx version 8.6,Windows,2.65
3306,SMB,SMB version 1.2,Unix,5.57
22,OpenSSH,OpenSSH version 2.4,Unix,4.81
80,LiteSpeed,LiteSpeed version 4.0,Unix,6.5
3306,MySQL,MySQL version 8.2,Windows,3.99
21,ProFTPD,ProFTPD version 7.5,Windows,7.74
21,vsftpd,vsftpd version 5.3,Linux,2.35
21,ProFTPD,ProFTPD version 3.8,Windows,4.33
80,Apache,Apache version 5.1,Windows,3.78
80,LiteSpeed,LiteSpeed version 3.5,Unix,6.66
22,OpenSSH,OpenSSH version 3.6,Windows,4.6
3306,MySQL,MySQL version 6.0,Windows,4.93
80,Apache,Apache version 3.5,Windows,4.92
3306,MongoDB,MongoDB version 8.3,Windows,6.16
80,Apache,Apache version 6.8,Windows,3.58
3306,RDP,RDP version 8.3,Linux,7.53
3306,PostgreSQL,PostgreSQL version 8.9,Linux,3.25
3306,PostgreSQL,PostgreSQL version 4.0,Unix,7.47
80,Apache,Apache version 9.2,Linux,3.3
3306,RDP,RDP version 6.2,Windows,5.18
3306,MySQL,MySQL version 3.2,Linux,5.32
3306,RDP,RDP version 9.5,Windows,6.62
3306,RDP,RDP version 3.7,Linux,6.99
80,nginx,nginx version 9.6,Linux,4.84
22,OpenSSH,OpenSSH version 7.6,Linux,2.86
3306,MongoDB,MongoDB version 9.8,Linux,6.92
22,OpenSSH,OpenSSH version 9.1,Windows,5.84
3306,SMB,SMB version 7.4,Windows,8.54
3306,Redis,Redis version 7.5,Windows,3.71
3306,Redis,Redis version 2.0,Linux,5.12
3306,MySQL,MySQL version 8.1,Windows,4.8
3306,SMB,SMB version 5.1,Unix,8.19
3306,MongoDB,MongoDB version 2.1,Linux,6.24
3306,MariaDB,MariaDB version 7.0,Windows,4.79
3306,RDP,RDP version 8.3,Windows,4.22
3306,Redis,Redis version 7.6,Unix,7.17
3306,MySQL,MySQL version 5.3,Linux,5.33
3306,MongoDB,MongoDB version 9.4,Unix,3.59
3306,MongoDB,MongoDB version 3.6,Linux,5.11
3306,MySQL,MySQL version 5.8,Unix,2.23
3306,PostgreSQL,PostgreSQL version 5.9,Linux,6.08
22,OpenSSH,OpenSSH version 2.8,Linux,2.29
22,OpenSSH,OpenSSH version 9.0,Windows,4.17
80,LiteSpeed,LiteSpeed version 4.9,Windows,4.87
21,ProFTPD,ProFTPD version 3.0,Windows,8.06
21,vsftpd,vsftpd version 1.7,Unix,4.66
3306,Redis,Redis version 2.1,Windows,5.45
3306,MySQL,MySQL version 9.1,Windows,4.46
21,vsftpd,vsftpd version 6.2,Windows,4.45
3306,MySQL,MySQL version 9.0,Windows,4.63
80,nginx,nginx version 3.5,Unix,4.22
3306,SMB,SMB version 7.6,Windows,3.97
22,OpenSSH,OpenSSH version 3.1,Linux,3.35
22,OpenSSH,OpenSSH version 1.8,Unix,4.87
21,vsftpd,vsftpd version 6.7,Linux,4.13
80,Apache,Apache version 3.0,Linux,4.27
80,LiteSpeed,LiteSpeed version 2.8,Unix,4.01
80,nginx,nginx version 3.9,Unix,3.2
80,LiteSpeed,LiteSpeed version 4.6,Windows,3.76
3306,MariaDB,MariaDB version 7.3,Unix,4.04
3306,SMB,SMB version 4.0,Linux,6.51
80,LiteSpeed,LiteSpeed version 6.9,Unix,5.09
3306,RDP,RDP version 2.2,Unix,6.23
21,vsftpd,vsftpd version 2.2,Windows,2.96
80,LiteSpeed,LiteSpeed version 9.5,Linux,2.4
3306,MySQL,MySQL version 9.6,Linux,8.4
3306,Redis,Redis version 3.8,Linux,2.81
3306,MongoDB,MongoDB version 8.4,Windows,3.72
3306,MariaDB,MariaDB version 4.0,Unix,5.28
3306,SMB,SMB version 6.5,Linux,7.04
80,Apache,Apache version 5.1,Windows,5.28
3306,SMB,SMB version 3.8,Linux,5.84
3306,RDP,RDP version 1.9,Unix,6.86
80,LiteSpeed,LiteSpeed version 7.3,Windows,4.59
80,nginx,nginx version 6.2,Windows,4.03
22,OpenSSH,OpenSSH version 8.4,Unix,4.87
3306,MariaDB,MariaDB version 7.1,Linux,6.08
3306,RDP,RDP version 9.7,Linux,6.47
3306,Redis,Redis version 5.0,Unix,4.48
3306,RDP,RDP version 3.0,Windows,8.1
3306,SMB,SMB version 3.5,Linux,7.94
80,LiteSpeed,LiteSpeed version 7.7,Linux,6.88
21,ProFTPD,ProFTPD version 4.8,Windows,3.87
3306,MySQL,MySQL version 1.9,Unix,5.86
21,vsftpd,vsftpd version 6.3,Windows,5.4
80,Apache,Apache version 8.6,Unix,3.17
21,ProFTPD,ProFTPD version 3.6,Unix,6.88
3306,SMB,SMB version 4.5,Unix,8.08
3306,MongoDB,MongoDB version 3.9,Windows,3.26
3306,RDP,RDP version 6.4,Linux,7.16
3306,MySQL,MySQL version 1.3,Windows,5.81
80,Apache,Apache version 4.3,Linux,2.89
80,LiteSpeed,LiteSpeed version 6.2,Unix,4.29
3306,MariaDB,MariaDB version 4.5,Linux,4.95
3306,SMB,SMB version 6.0,Windows,5.31
3306,MySQL,MySQL version 9.4,Linux,3.18
3306,RDP,RDP version 4.8,Windows,6.3
80,nginx,nginx version 1.1,Linux,5.7
80,nginx,nginx version 7.8,Linux,5.47
21,vsftpd,vsftpd version 9.6,Linux,3.21
3306,PostgreSQL,PostgreSQL version 8.4,Unix,5.48
3306,RDP,RDP version 1.8,Linux,5.25
3306,PostgreSQL,PostgreSQL version 2.1,Linux,2.08
3306,RDP,RDP version 6.2,Unix,5.95
3306,MariaDB,MariaDB version 5.2,Windows,6.18
80,Apache,Apache version 7.4,Linux,5.48
21,vsftpd,vsftpd version 2.2,Linux,4.5
80,nginx,nginx version 3.5,Linux,3.87
3306,PostgreSQL,PostgreSQL version 8.2,Windows,3.92
3306,SMB,SMB version 3.9,Linux,6.66
80,Apache,Apache version 3.2,Windows,2.9
3306,SMB,SMB version 5.4,Windows,5.98
3306,MySQL,MySQL version 5.5,Unix,4.18
21,vsftpd,vsftpd version 9.8,Windows,2.47
80,Apache,Apache version 5.3,Windows,3.24
80,LiteSpeed,LiteSpeed version 6.8,Unix,5.12
3306,RDP,RDP version 2.0,Unix,6.51
3306,Redis,Redis version 8.0,Unix,4.04
3306,Redis,Redis version 1.2,Linux,3.13
3306,RDP,RDP version 2.1,Unix,8.87
21,ProFTPD,ProFTPD version 5.7,Unix,5.24
3306,MongoDB,MongoDB version 2.6,Linux,4.88
3306,RDP,RDP version 7.4,Unix,5.77
80,nginx,nginx version 3.3,Unix,4.55
22,OpenSSH,OpenSSH version 1.6,Windows,5.19
3306,MySQL,MySQL version 1.3,Windows,2.44
21,vsftpd,vsftpd version 6.9,Unix,4.49
80,LiteSpeed,LiteSpeed version 6.3,Unix,6.29
22,OpenSSH,OpenSSH version 7.6,Unix,7.14
3306,MongoDB,MongoDB version 2.8,Unix,4.3
22,OpenSSH,OpenSSH version 7.6,Linux,4.56
3306,Redis,Redis version 5.0,Linux,7.82
80,Apache,Apache version 6.2,Windows,6.2
3306,MariaDB,MariaDB version 7.0,Linux,3.57
3306,PostgreSQL,PostgreSQL version 4.3,Windows,3.57
3306,Redis,Redis version 4.4,Linux,5.93
3306,MariaDB,MariaDB version 2.2,Windows,2.98
80,nginx,nginx version 7.6,Unix,6.13
3306,MySQL,MySQL version 4.9,Windows,5.0
21,vsftpd,vsftpd version 7.6,Windows,5.28
3306,PostgreSQL,PostgreSQL version 5.2,Linux,4.11
3306,MongoDB,MongoDB version 7.8,Unix,3.56
3306,SMB,SMB version 7.4,Unix,8.69
3306,RDP,RDP version 4.5,Windows,6.13
80,Apache,Apache version 6.7,Unix,3.88
3306,MariaDB,MariaDB version 6.4,Unix,4.38
80,nginx,nginx version 8.3,Windows,4.79
22,OpenSSH,OpenSSH version 5.7,Unix,2.95
80,LiteSpeed,LiteSpeed version 1.3,Windows,3.65
3306,MongoDB,MongoDB version 7.2,Windows,3.57
3306,SMB,SMB version 4.3,Unix,7.77
3306,MongoDB,MongoDB version 5.5,Windows,3.17
21,vsftpd,vsftpd version 9.1,Unix,1.87
3306,MySQL,MySQL version 4.4,Unix,1.55
3306,MariaDB,MariaDB version 9.6,Linux,2.29
80,nginx,nginx version 6.7,Windows,6.54
3306,MySQL,MySQL version 2.8,Linux,4.52
3306,SMB,SMB version 8.7,Linux,7.25
3306,Redis,Redis version 8.5,Linux,5.3
3306,MySQL,MySQL version 3.3,Unix,4.58
3306,PostgreSQL,PostgreSQL version 1.5,Windows,4.39
3306,SMB,SMB version 7.9,Linux,8.07
80,LiteSpeed,LiteSpeed version 9.2,Linux,4.72
3306,MongoDB,MongoDB version 2.6,Unix,6.6
3306,PostgreSQL,PostgreSQL version 7.2,Unix,5.43
22,OpenSSH,OpenSSH version 5.6,Unix,3.57
22,OpenSSH,OpenSSH version 6.5,Linux,3.75
3306,MongoDB,MongoDB version 1.7,Unix,3.41
3306,MariaDB,MariaDB version 8.6,Unix,6.33
3306,Redis,Redis version 8.9,Unix,3.89
3306,MariaDB,MariaDB version 7.2,Unix,3.3
3306,MariaDB,MariaDB version 4.3,Windows,4.98
3306,SMB,SMB version 3.9,Windows,6.35
80,LiteSpeed,LiteSpeed version 7.1,Windows,4.94
3306,PostgreSQL,PostgreSQL version 6.8,Linux,7.33
21,vsftpd,vsftpd version 2.9,Unix,5.87
3306,PostgreSQL,PostgreSQL version 8.7,Linux,4.54
3306,RDP,RDP version 9.8,Unix,4.39
3306,SMB,SMB version 5.8,Linux,5.75
3306,RDP,RDP version 3.6,Windows,7.57
3306,MariaDB,MariaDB version 1.6,Unix,2.74
3306,SMB,SMB version 8.8,Unix,9.71
80,nginx,nginx version 1.3,Unix,4.52
3306,Redis,Redis version 6.1,Unix,4.57
3306,MongoDB,MongoDB version 1.9,Unix,3.5
3306,MariaDB,MariaDB version 6.9,Windows,5.25
3306,Redis,Redis version 1.4,Linux,2.76
3306,Redis,Redis version 5.2,Linux,7.75
3306,MongoDB,MongoDB version 9.4,Unix,6.48
3306,Redis,Redis version 4.7,Windows,5.98
21,vsftpd,vsftpd version 9.6,Windows,2.41
3306,Redis,Redis version 9.7,Linux,4.81
21,vsftpd,vsftpd version 4.9,Unix,6.31
80,LiteSpeed,LiteSpeed version 8.0,Linux,5.39
3306,Redis,Redis version 7.3,Unix,3.0
3306,SMB,SMB version 4.3,Linux,5.52
3306,PostgreSQL,PostgreSQL version 9.0,Windows,3.82
80,nginx,nginx version 5.8,Windows,3.59
21,vsftpd,vsftpd version 9.1,Linux,6.79
21,vsftpd,vsftpd version 2.5,Windows,1.62
3306,MongoDB,MongoDB version 7.3,Linux,5.48
3306,MariaDB,MariaDB version 4.0,Unix,2.56
3306,Redis,Redis version 6.7,Unix,3.06
3306,SMB,SMB version 3.7,Linux,3.49
21,ProFTPD,ProFTPD version 5.5,Windows,5.68
3306,MongoDB,MongoDB version 7.6,Windows,6.77
3306,MariaDB,MariaDB version 3.6,Windows,4.9
22,OpenSSH,OpenSSH version 9.9,Linux,2.7
3306,Redis,Redis version 3.3,Linux,6.03
22,OpenSSH,OpenSSH version 6.5,Unix,6.35
80,nginx,nginx version 4.9,Windows,4.66
80,Apache,Apache version 9.9,Windows,7.55
80,nginx,nginx version 9.9,Windows,5.73
80,nginx,nginx version 1.9,Linux,5.52
21,ProFTPD,ProFTPD version 4.9,Windows,5.29
3306,Redis,Redis version 8.7,Linux,5.44
80,LiteSpeed,LiteSpeed version 8.4,Linux,4.83
21,ProFTPD,ProFTPD version 8.4,Linux,7.28
3306,Redis,Redis version 5.9,Windows,3.47
3306,Redis,Redis version 3.9,Linux,4.69
21,vsftpd,vsftpd version 3.4,Windows,3.27
3306,MariaDB,MariaDB version 8.9,Linux,1.28
80,LiteSpeed,LiteSpeed version 8.7,Linux,6.0
80,LiteSpeed,LiteSpeed version 3.2,Linux,2.25
80,LiteSpeed,LiteSpeed version 2.8,Windows,4.66
80,LiteSpeed,LiteSpeed version 1.3,Unix,5.0
80,nginx,nginx version 8.4,Linux,4.99
22,OpenSSH,OpenSSH version 6.2,Linux,4.08
21,ProFTPD,ProFTPD version 2.5,Windows,6.91
21,vsftpd,vsftpd version 4.3,Windows,5.21
3306,RDP,RDP version 6.7,Windows,7.6
3306,Redis,Redis version 1.3,Linux,7.1
3306,PostgreSQL,PostgreSQL version 7.6,Unix,4.85
21,ProFTPD,ProFTPD version 8.6,Linux,6.6
3306,Redis,Redis version 8.9,Unix,3.14
3306,PostgreSQL,PostgreSQL version 4.4,Linux,5.15
80,nginx,nginx version 3.4,Linux,5.5
80,LiteSpeed,LiteSpeed version 1.5,Unix,4.21
80,Apache,Apache version 8.6,Linux,5.32
21,ProFTPD,ProFTPD version 4.5,Windows,6.06
3306,MongoDB,MongoDB version 2.2,Linux,5.51
3306,RDP,RDP version 2.9,Unix,7.87
3306,MariaDB,MariaDB version 5.7,Windows,5.85
3306,MySQL,MySQL version 4.9,Unix,4.68
80,Apache,Apache version 6.5,Linux,2.94
3306,PostgreSQL,PostgreSQL version 5.9,Windows,3.58
3306,Redis,Redis version 1.7,Linux,5.39
80,Apache,Apache version 3.9,Unix,8.17
3306,PostgreSQL,PostgreSQL version 6.8,Windows,3.99
3306,SMB,SMB version 3.2,Windows,7.18
3306,Redis,Redis version 6.1,Windows,3.67
3306,MongoDB,MongoDB version 7.6,Linux,3.04
3306,PostgreSQL,PostgreSQL version 7.1,Linux,3.49
3306,MongoDB,MongoDB version 2.0,Windows,1.38
80,Apache,Apache version 7.1,Linux,6.53
22,OpenSSH,OpenSSH version 6.1,Linux,1.15
3306,SMB,SMB version 3.1,Windows,6.1
22,OpenSSH,OpenSSH version 4.2,Unix,2.73
21,ProFTPD,ProFTPD version 2.2,Unix,5.17
3306,Redis,Redis version 4.5,Windows,6.56
3306,MongoDB,MongoDB version 7.7,Linux,4.8
80,LiteSpeed,LiteSpeed version 8.3,Linux,3.05
3306,PostgreSQL,PostgreSQL version 5.3,Linux,3.62
3306,RDP,RDP version 3.9,Unix,5.35
3306,PostgreSQL,PostgreSQL version 8.5,Unix,4.43
3306,Redis,Redis version 3.8,Windows,4.76
3306,MariaDB,MariaDB version 5.4,Linux,7.34
3306,RDP,RDP version 3.9,Windows,3.63
3306,MySQL,MySQL version 4.6,Linux,4.45
80,LiteSpeed,LiteSpeed version 1.0,Linux,4.03
3306,PostgreSQL,PostgreSQL version 5.0,Linux,5.92
80,nginx,nginx version 1.9,Windows,5.03
3306,RDP,RDP version 6.6,Linux,7.39
3306,MariaDB,MariaDB version 6.6,Windows,5.02
3306,SMB,SMB version 1.4,Windows,5.1
3306,SMB,SMB version 5.1,Unix,8.32
22,OpenSSH,OpenSSH version 8.5,Unix,5.7
21,vsftpd,vsftpd version 4.0,Windows,5.87
3306,RDP,RDP version 5.6,Unix,8.4
3306,SMB,SMB version 3.8,Windows,7.13
22,OpenSSH,OpenSSH version 6.8,Windows,6.72
3306,RDP,RDP version 5.3,Unix,7.07
3306,RDP,RDP version 4.9,Windows,6.17
3306,SMB,SMB version 8.6,Windows,6.49
21,ProFTPD,ProFTPD version 9.2,Windows,6.46
80,Apache,Apache version 1.4,Linux,3.72
3306,SMB,SMB version 1.4,Windows,8.95
3306,Redis,Redis version 7.4,Unix,4.94
80,nginx,nginx version 3.1,Linux,4.64
22,OpenSSH,OpenSSH version 2.0,Unix,5.08
21,vsftpd,vsftpd version 7.6,Windows,8.97
22,OpenSSH,OpenSSH version 5.0,Windows,2.8
21,ProFTPD,ProFTPD version 9.9,Unix,5.23
3306,PostgreSQL,PostgreSQL version 1.3,Unix,2.43
3306,RDP,RDP version 5.5,Windows,6.15
3306,PostgreSQL,PostgreSQL version 5.6,Unix,4.87
3306,SMB,SMB version 1.5,Unix,5.8
80,LiteSpeed,LiteSpeed version 5.2,Unix,3.69
3306,MariaDB,MariaDB version 8.9,Windows,4.71
3306,SMB,SMB version 4.3,Unix,5.75
22,OpenSSH,OpenSSH version 8.6,Windows,4.97
3306,Redis,Redis version 2.8,Linux,6.17
80,LiteSpeed,LiteSpeed version 7.6,Linux,5.52
21,ProFTPD,ProFTPD version 3.2,Linux,7.82
3306,RDP,RDP version 3.9,Windows,8.13
80,Apache,Apache version 4.4,Unix,4.92
21,ProFTPD,ProFTPD version 5.5,Windows,6.26
3306,PostgreSQL,PostgreSQL version 7.1,Linux,3.34
21,ProFTPD,ProFTPD version 1.3,Unix,5.91
3306,SMB,SMB version 2.6,Unix,5.71
22,OpenSSH,OpenSSH version 6.8,Linux,5.6
3306,SMB,SMB version 3.6,Windows,7.02
80,nginx,nginx version 5.7,Unix,5.55
21,vsftpd,vsftpd version 9.2,Linux,2.76
3306,RDP,RDP version 6.5,Unix,8.65
3306,SMB,SMB version 9.9,Linux,5.86
80,LiteSpeed,LiteSpeed version 6.3,Unix,2.85
3306,SMB,SMB version 8.6,Linux,5.84
3306,Redis,Redis version 6.3,Linux,8.23
3306,Redis,Redis version 9.5,Unix,3.92
80,nginx,nginx version 3.9,Linux,4.01
3306,MySQL,MySQL version 2.7,Linux,4.21
3306,RDP,RDP version 2.6,Windows,6.28
22,OpenSSH,OpenSSH version 7.0,Unix,3.33
80,nginx,nginx version 9.0,Unix,4.71
3306,SMB,SMB version 1.9,Unix,8.11
21,ProFTPD,ProFTPD version 8.5,Windows,6.97
80,Apache,Apache version 5.5,Unix,2.83
21,ProFTPD,ProFTPD version 2.7,Windows,5.98
3306,MySQL,MySQL version 2.2,Windows,3.67
3306,MariaDB,MariaDB version 2.5,Linux,4.58
80,nginx,nginx version 7.1,Windows,6.5
21,ProFTPD,ProFTPD version 7.2,Linux,6.28
21,vsftpd,vsftpd version 2.4,Unix,4.37
3306,RDP,RDP version 9.6,Windows,9.17
21,vsftpd,vsftpd version 6.6,Linux,5.81
80,LiteSpeed,LiteSpeed version 5.2,Unix,5.36
80,Apache,Apache version 5.6,Linux,7.44
3306,MongoDB,MongoDB version 9.5,Linux,5.23
80,LiteSpeed,LiteSpeed version 1.8,Unix,1.52
21,vsftpd,vsftpd version 7.4,Linux,5.75
3306,SMB,SMB version 2.8,Unix,4.11
3306,MySQL,MySQL version 1.9,Linux,5.18
3306,SMB,SMB version 1.1,Linux,3.93
3306,Redis,Redis version 9.9,Unix,3.8
21,ProFTPD,ProFTPD version 4.4,Windows,5.95
3306,MongoDB,MongoDB version 4.6,Unix,3.34
21,ProFTPD,ProFTPD version 6.9,Linux,5.98
3306,Redis,Redis version 6.3,Linux,6.05
21,vsftpd,vsftpd version 9.1,Unix,3.43
80,nginx,nginx version 9.3,Windows,5.32
80,Apache,Apache version 5.5,Windows,3.05
3306,MariaDB,MariaDB version 5.4,Windows,4.22
3306,MongoDB,MongoDB version 7.3,Unix,4.99
80,LiteSpeed,LiteSpeed version 1.5,Unix,3.01
3306,MariaDB,MariaDB version 4.6,Windows,2.53
3306,SMB,SMB version 6.6,Unix,7.24
3306,RDP,RDP version 1.7,Windows,8.18
21,ProFTPD,ProFTPD version 3.9,Linux,6.38
21,ProFTPD,ProFTPD version 2.2,Windows,5.81
21,vsftpd,vsftpd version 2.5,Linux,4.73
3306,RDP,RDP version 5.3,Unix,6.58
21,vsftpd,vsftpd version 7.0,Linux,4.86
21,vsftpd,vsftpd version 4.0,Unix,0.71
3306,MySQL,MySQL version 6.4,Windows,2.9
21,vsftpd,vsftpd version 1.9,Unix,3.23
3306,MongoDB,MongoDB version 9.6,Windows,4.73
80,LiteSpeed,LiteSpeed version 9.0,Windows,4.78
21,vsftpd,vsftpd version 7.2,Linux,5.45
3306,Redis,Redis version 1.0,Unix,4.89
3306,SMB,SMB version 8.1,Windows,4.55
21,ProFTPD,ProFTPD version 7.4,Linux,8.67
3306,PostgreSQL,PostgreSQL version 2.0,Linux,6.41
80,LiteSpeed,LiteSpeed version 9.0,Linux,2.61
80,Apache,Apache version 6.1,Windows,5.0
80,LiteSpeed,LiteSpeed version 3.4,Unix,3.61
3306,MySQL,MySQL version 9.6,Linux,4.71
3306,Redis,Redis version 8.8,Windows,6.08
3306,RDP,RDP version 9.2,Windows,9.7
3306,RDP,RDP version 8.3,Unix,7.63
3306,SMB,SMB version 3.5,Unix,6.94
3306,RDP,RDP version 4.6,Linux,5.99
3306,PostgreSQL,PostgreSQL version 2.4,Linux,4.77
21,vsftpd,vsftpd version 7.5,Unix,6.54
80,Apache,Apache version 8.1,Unix,4.43
3306,SMB,SMB version 4.8,Linux,5.17
3306,MySQL,MySQL version 7.8,Unix,2.07
3306,RDP,RDP version 6.4,Windows,7.27
80,Apache,Apache version 6.3,Linux,4.87
3306,MariaDB,MariaDB version 6.4,Windows,3.53
3306,RDP,RDP version 2.5,Unix,8.04
3306,SMB,SMB version 6.8,Linux,5.87
21,vsftpd,vsftpd version 9.7,Windows,4.3
3306,MongoDB,MongoDB version 4.5,Linux,4.48
3306,RDP,RDP version 9.6,Windows,5.97
3306,Redis,Redis version 4.9,Unix,4.85
3306,Redis,Redis version 3.4,Windows,6.23
22,OpenSSH,OpenSSH version 3.4,Linux,2.79
3306,MariaDB,MariaDB version 9.6,Linux,5.23
3306,SMB,SMB version 2.5,Unix,6.76
80,LiteSpeed,LiteSpeed version 4.0,Linux,4.73
80,Apache,Apache version 6.5,Unix,5.81
80,LiteSpeed,LiteSpeed version 2.5,Unix,4.57
21,vsftpd,vsftpd version 5.0,Linux,5.22
22,OpenSSH,OpenSSH version 6.2,Linux,5.57
3306,Redis,Redis version 2.4,Unix,3.74
80,nginx,nginx version 7.3,Unix,4.95
3306,RDP,RDP version 3.6,Unix,6.12
80,LiteSpeed,LiteSpeed version 6.9,Linux,4.3
3306,MySQL,MySQL version 9.5,Linux,4.02
3306,MySQL,MySQL version 5.4,Linux,5.21
3306,SMB,SMB version 8.7,Unix,6.62
80,Apache,Apache version 8.3,Windows,5.09
3306,RDP,RDP version 7.3,Linux,6.47
3306,MySQL,MySQL version 7.5,Linux,2.09
3306,SMB,SMB version 1.6,Windows,6.55
3306,PostgreSQL,PostgreSQL version 8.7,Linux,4.6
21,ProFTPD,ProFTPD version 2.8,Unix,6.86
21,ProFTPD,ProFTPD version 1.6,Unix,5.61
21,vsftpd,vsftpd version 3.8,Unix,2.71
3306,MariaDB,MariaDB version 7.5,Linux,5.44
21,vsftpd,vsftpd version 7.7,Unix,4.09
22,OpenSSH,OpenSSH version 4.1,Windows,4.76
3306,Redis,Redis version 3.7,Windows,4.08
80,Apache,Apache version 1.7,Linux,4.49
3306,RDP,RDP version 2.8,Linux,5.83
3306,Redis,Redis version 7.1,Linux,3.05
3306,SMB,SMB version 2.8,Unix,7.21
3306,SMB,SMB version 8.5,Windows,5.6
3306,PostgreSQL,PostgreSQL version 7.2,Linux,4.75
21,vsftpd,vsftpd version 1.3,Unix,5.12
3306,Redis,Redis version 2.7,Linux,3.62
80,LiteSpeed,LiteSpeed version 5.8,Linux,2.69
80,nginx,nginx version 2.8,Windows,8.14
3306,MariaDB,MariaDB version 5.3,Linux,3.71
21,vsftpd,vsftpd version 4.0,Linux,5.44
21,vsftpd,vsftpd version 4.8,Windows,7.41
3306,MongoDB,MongoDB version 8.5,Linux,5.68
80,Apache,Apache version 4.0,Linux,4.05
21,vsftpd,vsftpd version 8.4,Unix,4.4
3306,PostgreSQL,PostgreSQL version 6.7,Linux,3.25
21,vsftpd,vsftpd version 4.1,Windows,5.82
3306,Redis,Redis version 6.8,Linux,5.35
3306,SMB,SMB version 4.4,Windows,5.73
80,Apache,Apache version 5.5,Unix,2.94
22,OpenSSH,OpenSSH version 1.1,Windows,2.52
80,Apache,Apache version 9.4,Unix,5.98
3306,MariaDB,MariaDB version 4.8,Windows,4.68
3306,PostgreSQL,PostgreSQL version 5.0,Windows,4.82
21,vsftpd,vsftpd version 1.2,Windows,3.27
3306,PostgreSQL,PostgreSQL version 9.5,Linux,2.3
21,vsftpd,vsftpd version 2.0,Windows,5.94
21,ProFTPD,ProFTPD version 6.7,Linux,6.56
21,ProFTPD,ProFTPD version 2.1,Unix,7.86
22,OpenSSH,OpenSSH version 6.6,Unix,3.92
80,nginx,nginx version 8.0,Linux,4.14
80,Apache,Apache version 8.0,Linux,5.57
80,LiteSpeed,LiteSpeed version 1.0,Linux,5.6
21,ProFTPD,ProFTPD version 7.6,Windows,7.7
3306,Redis,Redis version 9.7,Linux,4.06
21,ProFTPD,ProFTPD version 7.5,Linux,7.42
21,ProFTPD,ProFTPD version 4.0,Unix,8.16
3306,PostgreSQL,PostgreSQL version 4.2,Linux,4.34
3306,SMB,SMB version 1.8,Linux,5.73
3306,MongoDB,MongoDB version 5.3,Windows,6.51
3306,MySQL,MySQL version 8.2,Linux,3.52
3306,SMB,SMB version 9.7,Unix,7.44
3306,PostgreSQL,PostgreSQL version 3.1,Linux,4.41
3306,PostgreSQL,PostgreSQL version 2.3,Unix,1.74
3306,MariaDB,MariaDB version 9.9,Unix,6.19
22,OpenSSH,OpenSSH version 6.2,Windows,0.36
80,nginx,nginx version 6.6,Linux,1.52
80,nginx,nginx version 8.9,Windows,5.29
21,vsftpd,vsftpd version 6.5,Windows,5.29
3306,MySQL,MySQL version 8.4,Linux,3.54
80,Apache,Apache version 3.7,Linux,4.72
3306,MongoDB,MongoDB version 9.6,Linux,0.7
3306,PostgreSQL,PostgreSQL version 8.5,Linux,5.56
21,ProFTPD,ProFTPD version 6.9,Windows,6.87
80,Apache,Apache version 9.5,Linux,4.43
80,nginx,nginx version 9.8,Linux,4.53
80,LiteSpeed,LiteSpeed version 5.1,Windows,5.24
80,LiteSpeed,LiteSpeed version 6.1,Linux,4.46
80,LiteSpeed,LiteSpeed version 4.9,Linux,1.69
3306,PostgreSQL,PostgreSQL version 6.2,Windows,7.79
22,OpenSSH,OpenSSH version 1.2,Windows,6.3
3306,Redis,Redis version 6.5,Windows,2.57
3306,Redis,Redis version 4.7,Linux,3.98
3306,SMB,SMB version 4.8,Unix,6.15
3306,PostgreSQL,PostgreSQL version 3.3,Linux,6.12
3306,MySQL,MySQL version 8.4,Unix,1.26
3306,PostgreSQL,PostgreSQL version 2.3,Unix,3.75
21,vsftpd,vsftpd version 1.8,Windows,1.86
3306,PostgreSQL,PostgreSQL version 5.7,Unix,4.07
3306,RDP,RDP version 9.1,Windows,5.79
80,Apache,Apache version 7.7,Unix,4.62
21,vsftpd,vsftpd version 4.1,Windows,3.59
80,Apache,Apache version 9.8,Unix,3.37
80,nginx,nginx version 8.6,Unix,5.43
3306,RDP,RDP version 2.8,Windows,7.18
3306,MariaDB,MariaDB version 8.1,Linux,5.33
3306,MongoDB,MongoDB version 7.5,Linux,4.23
80,LiteSpeed,LiteSpeed version 3.9,Linux,3.64
3306,MongoDB,MongoDB version 3.5,Windows,4.32
3306,Redis,Redis version 7.7,Unix,5.25
3306,MySQL,MySQL version 3.4,Unix,1.23
80,Apache,Apache version 7.5,Unix,5.09
21,vsftpd,vsftpd version 4.4,Unix,4.96
3306,MariaDB,MariaDB version 4.6,Unix,4.59
3306,Redis,Redis version 7.8,Unix,4.28
3306,RDP,RDP version 4.0,Windows,2.65
3306,MySQL,MySQL version 2.8,Linux,3.84
3306,MySQL,MySQL version 7.0,Linux,7.18
3306,Redis,Redis version 9.8,Linux,4.52
22,OpenSSH,OpenSSH version 5.1,Windows,4.04
21,ProFTPD,ProFTPD version 9.0,Unix,6.53
3306,PostgreSQL,PostgreSQL version 5.5,Linux,5.03
22,OpenSSH,OpenSSH version 3.5,Windows,5.49
3306,PostgreSQL,PostgreSQL version 5.3,Linux,4.16
3306,PostgreSQL,PostgreSQL version 2.6,Windows,5.14
3306,MongoDB,MongoDB version 8.2,Windows,7.01
21,vsftpd,vsftpd version 7.4,Linux,6.01
80,LiteSpeed,LiteSpeed version 8.6,Linux,8.01
3306,MySQL,MySQL version 7.9,Unix,3.51
3306,PostgreSQL,PostgreSQL version 4.4,Windows,7.01
3306,MySQL,MySQL version 5.7,Windows,3.31
3306,PostgreSQL,PostgreSQL version 2.4,Windows,5.03
3306,MongoDB,MongoDB version 2.1,Linux,5.6
3306,RDP,RDP version 8.7,Windows,5.73
3306,PostgreSQL,PostgreSQL version 3.1,Linux,4.63
3306,RDP,RDP version 5.1,Windows,7.87
22,OpenSSH,OpenSSH version 1.4,Windows,3.43
80,nginx,nginx version 3.6,Unix,7.0
80,Apache,Apache version 1.8,Linux,2.42
80,Apache,Apache version 7.6,Linux,7.41
21,ProFTPD,ProFTPD version 6.9,Windows,8.0
3306,PostgreSQL,PostgreSQL version 5.5,Unix,4.37
22,OpenSSH,OpenSSH version 6.1,Unix,3.9
21,vsftpd,vsftpd version 4.8,Windows,3.74
3306,RDP,RDP version 9.7,Linux,6.3
80,LiteSpeed,LiteSpeed version 9.4,Unix,4.43
22,OpenSSH,OpenSSH version 1.9,Windows,6.38
21,ProFTPD,ProFTPD version 8.5,Unix,9.45
3306,SMB,SMB version 4.0,Windows,6.8
3306,SMB,SMB version 8.2,Linux,5.23
3306,MySQL,MySQL version 2.7,Windows,3.68
80,nginx,nginx version 6.6,Unix,4.23
3306,PostgreSQL,PostgreSQL version 1.0,Unix,2.95
80,LiteSpeed,LiteSpeed version 6.5,Unix,2.73
3306,MySQL,MySQL version 2.7,Windows,7.65
3306,MariaDB,MariaDB version 1.4,Unix,4.95
21,vsftpd,vsftpd version 5.1,Windows,3.25
3306,PostgreSQL,PostgreSQL version 1.1,Windows,5.72
3306,MongoDB,MongoDB version 7.2,Unix,2.73
3306,SMB,SMB version 7.2,Unix,4.86
3306,RDP,RDP version 3.5,Windows,5.3
22,OpenSSH,OpenSSH version 1.9,Unix,6.98
21,vsftpd,vsftpd version 4.7,Unix,4.12
80,LiteSpeed,LiteSpeed version 4.8,Windows,0.84
3306,Redis,Redis version 7.5,Linux,6.32
21,vsftpd,vsftpd version 2.4,Windows,4.04
3306,SMB,SMB version 8.9,Windows,3.73
22,OpenSSH,OpenSSH version 9.3,Linux,4.02
3306,Redis,Redis version 1.9,Windows,5.28
21,ProFTPD,ProFTPD version 1.6,Linux,7.11
22,OpenSSH,OpenSSH version 1.6,Windows,7.2
80,Apache,Apache version 6.2,Unix,3.22
3306,MariaDB,MariaDB version 2.2,Windows,4.57
80,Apache,Apache version 7.0,Unix,3.45
80,LiteSpeed,LiteSpeed version 6.2,Linux,2.19
3306,Redis,Redis version 5.9,Unix,5.83
80,Apache,Apache version 2.4,Linux,5.19
3306,MariaDB,MariaDB version 4.0,Windows,4.93
3306,RDP,RDP version 7.9,Unix,7.14
3306,MySQL,MySQL version 6.6,Unix,3.47
3306,RDP,RDP version 6.4,Windows,4.99
3306,MongoDB,MongoDB version 8.2,Windows,4.56
3306,SMB,SMB version 7.5,Linux,8.24
3306,RDP,RDP version 1.3,Windows,8.91
3306,PostgreSQL,PostgreSQL version 2.5,Linux,5.69
3306,MariaDB,MariaDB version 5.5,Linux,4.54
3306,RDP,RDP version 8.6,Linux,6.9
21,vsftpd,vsftpd version 2.0,Unix,4.52
3306,RDP,RDP version 8.9,Linux,4.96
80,LiteSpeed,LiteSpeed version 1.7,Unix,4.54
21,vsftpd,vsftpd version 1.8,Windows,2.5
3306,SMB,SMB version 5.8,Linux,6.31
3306,PostgreSQL,PostgreSQL version 7.0,Unix,6.95
21,ProFTPD,ProFTPD version 3.3,Linux,7.73
3306,SMB,SMB version 8.1,Unix,5.12
21,vsftpd,vsftpd version 2.4,Windows,4.39
3306,SMB,SMB version 3.4,Windows,5.25
80,LiteSpeed,LiteSpeed version 9.4,Unix,4.41
22,OpenSSH,OpenSSH version 5.4,Unix,6.06
3306,PostgreSQL,PostgreSQL version 5.5,Windows,5.48
3306,MySQL,MySQL version 3.5,Linux,8.23
21,vsftpd,vsftpd version 9.8,Unix,6.29
22,OpenSSH,OpenSSH version 3.8,Linux,4.81
21,ProFTPD,ProFTPD version 5.7,Linux,7.52
80,Apache,Apache version 7.2,Windows,4.2
22,OpenSSH,OpenSSH version 6.1,Linux,2.81
22,OpenSSH,OpenSSH version 6.9,Unix,6.46
22,OpenSSH,OpenSSH version 5.2,Windows,6.01
3306,SMB,SMB version 5.1,Linux,6.14
3306,PostgreSQL,PostgreSQL version 6.0,Unix,4.91
3306,MariaDB,MariaDB version 3.1,Windows,6.36
3306,MySQL,MySQL version 1.4,Unix,5.77
80,LiteSpeed,LiteSpeed version 4.7,Windows,2.31
3306,PostgreSQL,PostgreSQL version 1.1,Unix,4.87
3306,SMB,SMB version 6.8,Windows,6.25
80,Apache,Apache version 3.5,Unix,6.17
3306,SMB,SMB version 4.4,Linux,8.05
3306,Redis,Redis version 5.1,Linux,6.48
80,nginx,nginx version 1.8,Linux,2.82
80,Apache,Apache version 2.9,Linux,3.32
80,LiteSpeed,LiteSpeed version 8.2,Unix,6.17
3306,RDP,RDP version 6.0,Linux,5.61
3306,MySQL,MySQL version 8.9,Windows,2.22
21,vsftpd,vsftpd version 4.5,Windows,5.3
80,nginx,nginx version 8.0,Unix,3.68
80,Apache,Apache version 3.9,Unix,7.18
3306,PostgreSQL,PostgreSQL version 7.6,Linux,4.94
3306,MariaDB,MariaDB version 6.6,Linux,4.74
3306,SMB,SMB version 5.2,Linux,5.95
21,vsftpd,vsftpd version 6.7,Unix,6.89
3306,RDP,RDP version 8.6,Unix,7.04
21,ProFTPD,ProFTPD version 9.8,Unix,5.89
80,nginx,nginx version 6.5,Unix,3.31
3306,MongoDB,MongoDB version 3.1,Linux,4.39
22,OpenSSH,OpenSSH version 8.7,Unix,3.03
3306,MongoDB,MongoDB version 5.6,Windows,6.04
3306,MariaDB,MariaDB version 6.4,Unix,1.79
80,LiteSpeed,LiteSpeed version 6.9,Linux,4.29
3306,MySQL,MySQL version 5.1,Windows,5.42
3306,PostgreSQL,PostgreSQL version 4.4,Windows,5.01
3306,MariaDB,MariaDB version 8.4,Linux,3.42
21,vsftpd,vsftpd version 5.2,Unix,5.49
80,Apache,Apache version 9.0,Unix,3.17
3306,MongoDB,MongoDB version 5.0,Linux,4.47
3306,MySQL,MySQL version 8.1,Windows,5.48
3306,PostgreSQL,PostgreSQL version 2.3,Linux,5.19
3306,MariaDB,MariaDB version 1.7,Windows,3.49
3306,PostgreSQL,PostgreSQL version 9.9,Windows,6.3
3306,SMB,SMB version 6.6,Windows,6.63
80,LiteSpeed,LiteSpeed version 8.2,Unix,5.61
3306,MySQL,MySQL version 2.1,Unix,6.79
80,Apache,Apache version 6.1,Linux,6.18
3306,RDP,RDP version 1.8,Windows,8.18
22,OpenSSH,OpenSSH version 3.1,Linux,4.79
80,Apache,Apache version 3.4,Unix,5.69
80,nginx,nginx version 6.4,Windows,4.82
3306,MariaDB,MariaDB version 3.8,Linux,2.69
3306,Redis,Redis version 1.3,Windows,4.95
3306,MongoDB,MongoDB version 5.7,Windows,4.88
22,OpenSSH,OpenSSH version 1.0,Unix,5.38
21,ProFTPD,ProFTPD version 4.3,Unix,6.31
22,OpenSSH,OpenSSH version 8.0,Unix,3.36
3306,MongoDB,MongoDB version 2.9,Unix,5.48
80,Apache,Apache version 7.4,Windows,2.53
80,Apache,Apache version 5.3,Unix,6.69
3306,RDP,RDP version 6.7,Unix,6.15
3306,MariaDB,MariaDB version 7.9,Linux,4.87
3306,SMB,SMB version 7.8,Unix,7.34
22,OpenSSH,OpenSSH version 8.6,Linux,5.39
3306,MySQL,MySQL version 2.1,Windows,2.39
80,Apache,Apache version 3.7,Unix,5.74
3306,PostgreSQL,PostgreSQL version 7.3,Linux,4.95
3306,MariaDB,MariaDB version 5.5,Linux,3.55
3306,SMB,SMB version 2.3,Linux,5.38
3306,RDP,RDP version 7.2,Linux,6.0
3306,RDP,RDP version 2.1,Unix,4.55
3306,Redis,Redis version 4.9,Unix,7.08
80,Apache,Apache version 5.1,Unix,6.73
22,OpenSSH,OpenSSH version 8.6,Windows,5.18
80,nginx,nginx version 7.2,Windows,4.16
80,LiteSpeed,LiteSpeed version 1.1,Unix,4.2
3306,MariaDB,MariaDB version 1.5,Windows,5.64
21,vsftpd,vsftpd version 4.8,Linux,7.14
80,LiteSpeed,LiteSpeed version 7.4,Unix,3.64
3306,SMB,SMB version 1.9,Windows,4.82
3306,Redis,Redis version 5.3,Linux,6.82
3306,PostgreSQL,PostgreSQL version 2.9,Linux,1.82
3306,SMB,SMB version 4.1,Windows,4.99
80,Apache,Apache version 4.9,Unix,4.13
80,LiteSpeed,LiteSpeed version 9.3,Windows,2.16
3306,MongoDB,MongoDB version 1.8,Linux,6.17
3306,Redis,Redis version 6.9,Unix,5.79
3306,SMB,SMB version 2.0,Linux,5.64
3306,PostgreSQL,PostgreSQL version 6.7,Windows,6.42
80,Apache,Apache version 3.2,Windows,6.67
3306,RDP,RDP version 7.8,Linux,6.33
3306,MongoDB,MongoDB version 5.3,Unix,3.82
3306,Redis,Redis version 4.6,Linux,7.89
21,ProFTPD,ProFTPD version 6.2,Windows,7.58
80,Apache,Apache version 8.0,Windows,4.88
21,vsftpd,vsftpd version 5.4,Unix,6.55
21,vsftpd,vsftpd version 7.5,Windows,4.95
3306,Redis,Redis version 7.4,Windows,3.74
80,LiteSpeed,LiteSpeed version 3.6,Linux,4.62
21,ProFTPD,ProFTPD version 5.4,Linux,8.06
3306,MongoDB,MongoDB version 8.0,Unix,1.51
3306,PostgreSQL,PostgreSQL version 2.2,Unix,4.07
80,LiteSpeed,LiteSpeed version 8.6,Unix,6.57
21,vsftpd,vsftpd version 3.7,Linux,3.73
3306,MongoDB,MongoDB version 6.7,Linux,6.82
3306,MariaDB,MariaDB version 6.6,Unix,6.62
21,vsftpd,vsftpd version 9.9,Unix,4.4
80,Apache,Apache version 2.9,Linux,3.65
3306,Redis,Redis version 1.2,Windows,4.07
80,LiteSpeed,LiteSpeed version 3.0,Windows,8.5
80,Apache,Apache version 7.4,Unix,7.31
3306,Redis,Redis version 1.2,Unix,4.69
80,Apache,Apache version 2.8,Windows,3.59
3306,MariaDB,MariaDB version 2.1,Linux,4.68
3306,PostgreSQL,PostgreSQL version 2.4,Windows,4.87
22,OpenSSH,OpenSSH version 1.8,Windows,2.63
80,nginx,nginx version 9.8,Windows,4.62
3306,RDP,RDP version 8.8,Linux,8.48
22,OpenSSH,OpenSSH version 6.9,Unix,1.8
80,nginx,nginx version 9.1,Linux,5.74
21,ProFTPD,ProFTPD version 9.4,Windows,8.56
3306,MySQL,MySQL version 7.3,Unix,3.66
3306,MongoDB,MongoDB version 7.5,Linux,7.04
80,LiteSpeed,LiteSpeed version 3.0,Windows,3.46
21,vsftpd,vsftpd version 3.7,Windows,5.16
3306,RDP,RDP version 4.7,Unix,6.04
22,OpenSSH,OpenSSH version 7.2,Linux,4.04
80,Apache,Apache version 9.6,Windows,3.57
3306,RDP,RDP version 5.9,Unix,7.55
80,Apache,Apache version 6.6,Windows,5.77
3306,MariaDB,MariaDB version 5.1,Linux,4.4
3306,MySQL,MySQL version 3.4,Windows,2.46
21,ProFTPD,ProFTPD version 4.3,Linux,7.1
21,ProFTPD,ProFTPD version 5.7,Windows,7.13
3306,MongoDB,MongoDB version 5.6,Unix,4.17
3306,MariaDB,MariaDB version 1.7,Windows,7.3
21,vsftpd,vsftpd version 7.0,Linux,2.15
3306,PostgreSQL,PostgreSQL version 3.1,Windows,1.17
3306,MySQL,MySQL version 3.2,Linux,3.4
3306,RDP,RDP version 9.6,Linux,7.57
3306,MongoDB,MongoDB version 4.3,Linux,2.92
3306,MariaDB,MariaDB version 4.0,Windows,3.03
80,nginx,nginx version 3.5,Unix,5.93
3306,MongoDB,MongoDB version 1.8,Linux,5.19
3306,Redis,Redis version 5.0,Linux,5.07
3306,Redis,Redis version 2.7,Unix,5.67
3306,PostgreSQL,PostgreSQL version 1.6,Unix,3.86
21,vsftpd,vsftpd version 5.8,Linux,3.93
3306,Redis,Redis version 2.5,Unix,5.71
3306,MongoDB,MongoDB version 9.6,Unix,2.48
3306,MongoDB,MongoDB version 7.3,Linux,1.29
80,Apache,Apache version 2.0,Windows,3.85
3306,SMB,SMB version 9.6,Unix,7.9
80,LiteSpeed,LiteSpeed version 3.2,Unix,4.88
3306,PostgreSQL,PostgreSQL version 9.3,Unix,5.79
3306,PostgreSQL,PostgreSQL version 5.0,Linux,1.48
3306,RDP,RDP version 1.8,Linux,6.97
21,vsftpd,vsftpd version 8.9,Unix,5.48
3306,MySQL,MySQL version 8.1,Unix,2.47
80,Apache,Apache version 3.5,Unix,5.79
3306,MariaDB,MariaDB version 7.0,Unix,4.33
80,nginx,nginx version 8.9,Unix,9.11
3306,PostgreSQL,PostgreSQL version 8.8,Windows,1.23
21,vsftpd,vsftpd version 4.9,Windows,6.55
3306,RDP,RDP version 7.3,Windows,5.91
80,Apache,Apache version 8.3,Windows,2.07
21,vsftpd,vsftpd version 4.1,Linux,3.71
3306,MariaDB,MariaDB version 5.9,Unix,4.92
80,Apache,Apache version 9.4,Windows,6.06
21,vsftpd,vsftpd version 4.5,Linux,7.08
22,OpenSSH,OpenSSH version 5.5,Linux,6.63
3306,MariaDB,MariaDB version 7.4,Linux,3.05
21,ProFTPD,ProFTPD version 5.6,Linux,8.2
80,LiteSpeed,LiteSpeed version 5.1,Unix,5.09
80,LiteSpeed,LiteSpeed version 3.4,Linux,3.52
22,OpenSSH,OpenSSH version 7.0,Unix,4.18
3306,PostgreSQL,PostgreSQL version 4.8,Linux,3.44
3306,MySQL,MySQL version 9.2,Windows,4.56
21,ProFTPD,ProFTPD version 3.0,Windows,5.41
3306,MariaDB,MariaDB version 4.0,Unix,2.96
3306,MySQL,MySQL version 2.6,Windows,5.22
3306,MySQL,MySQL version 4.2,Linux,5.44
80,nginx,nginx version 6.3,Unix,4.22
3306,RDP,RDP version 2.3,Unix,8.55
80,LiteSpeed,LiteSpeed version 4.5,Linux,4.11
80,LiteSpeed,LiteSpeed version 2.8,Linux,4.05
21,vsftpd,vsftpd version 3.7,Windows,5.49
80,nginx,nginx version 3.4,Linux,4.3
3306,MariaDB,MariaDB version 5.1,Windows,4.63
80,Apache,Apache version 4.6,Windows,0.72
21,ProFTPD,ProFTPD version 8.5,Linux,6.53
21,ProFTPD,ProFTPD version 1.9,Linux,3.76
3306,Redis,Redis version 9.9,Windows,2.67
80,nginx,nginx version 4.0,Unix,2.5
3306,MongoDB,MongoDB version 8.0,Linux,2.94
3306,RDP,RDP version 7.3,Unix,5.68
80,LiteSpeed,LiteSpeed version 3.1,Linux,3.77
3306,PostgreSQL,PostgreSQL version 3.8,Unix,5.5
3306,MariaDB,MariaDB version 4.3,Unix,4.83
3306,MariaDB,MariaDB version 7.3,Unix,1.65
80,LiteSpeed,LiteSpeed version 2.4,Unix,4.62
80,LiteSpeed,LiteSpeed version 8.1,Windows,4.98
3306,MySQL,MySQL version 6.9,Linux,4.01
80,Apache,Apache version 5.4,Linux,4.41
3306,PostgreSQL,PostgreSQL version 7.8,Unix,4.79
3306,MySQL,MySQL version 5.8,Windows,5.65
80,LiteSpeed,LiteSpeed version 6.2,Unix,2.14
80,Apache,Apache version 7.7,Linux,4.13
3306,MariaDB,MariaDB version 2.7,Linux,6.76
80,nginx,nginx version 9.9,Windows,6.62
80,LiteSpeed,LiteSpeed version 2.0,Unix,5.78
3306,MariaDB,MariaDB version 1.8,Unix,5.31
3306,RDP,RDP version 8.0,Linux,8.98
80,nginx,nginx version 3.2,Windows,7.38
3306,MariaDB,MariaDB version 9.5,Linux,4.31
22,OpenSSH,OpenSSH version 8.6,Linux,3.05
3306,MariaDB,MariaDB version 8.1,Windows,4.09
80,nginx,nginx version 6.4,Linux,9.15
80,LiteSpeed,LiteSpeed version 5.6,Unix,2.15
80,Apache,Apache version 2.2,Linux,3.79
21,ProFTPD,ProFTPD version 4.9,Windows,4.38
3306,MySQL,MySQL version 1.8,Linux,4.69
3306,MariaDB,MariaDB version 7.7,Linux,2.7
80,Apache,Apache version 1.8,Windows,4.34
3306,Redis,Redis version 4.9,Windows,1.57
3306,MariaDB,MariaDB version 6.4,Unix,5.43
80,nginx,nginx version 9.6,Unix,6.33
3306,SMB,SMB version 5.8,Linux,5.92
21,vsftpd,vsftpd version 9.4,Linux,4.3
80,nginx,nginx version 2.7,Linux,4.25
3306,Redis,Redis version 7.4,Unix,4.77
21,ProFTPD,ProFTPD version 7.1,Windows,6.44
21,ProFTPD,ProFTPD version 5.9,Unix,7.65
3306,Redis,Redis version 2.1,Windows,6.35
3306,Redis,Redis version 3.7,Linux,3.28
3306,MySQL,MySQL version 4.6,Linux,4.04
3306,MongoDB,MongoDB version 2.4,Windows,5.85
3306,MongoDB,MongoDB version 6.1,Linux,2.37
3306,MariaDB,MariaDB version 8.5,Windows,1.54
3306,MongoDB,MongoDB version 5.1,Unix,4.84
80,nginx,nginx version 8.0,Windows,5.24
3306,Redis,Redis version 9.0,Windows,3.42
3306,RDP,RDP version 8.4,Unix,5.63
3306,PostgreSQL,PostgreSQL version 3.9,Linux,3.36
3306,SMB,SMB version 7.0,Unix,5.2
21,vsftpd,vsftpd version 2.2,Linux,5.54
80,LiteSpeed,LiteSpeed version 8.7,Windows,2.73
80,LiteSpeed,LiteSpeed version 7.7,Linux,4.1
80,Apache,Apache version 8.8,Linux,3.14
21,ProFTPD,ProFTPD version 3.4,Unix,4.32
80,Apache,Apache version 5.5,Windows,5.81
3306,PostgreSQL,PostgreSQL version 9.9,Windows,3.72
3306,MariaDB,MariaDB version 6.3,Unix,4.78
3306,Redis,Redis version 7.0,Unix,2.24
3306,MongoDB,MongoDB version 2.5,Windows,3.39
3306,Redis,Redis version 1.3,Windows,5.63
80,Apache,Apache version 1.6,Linux,8.38
80,Apache,Apache version 5.2,Unix,1.54
3306,MariaDB,MariaDB version 1.3,Unix,4.2
3306,PostgreSQL,PostgreSQL version 2.7,Unix,5.12
80,Apache,Apache version 5.3,Unix,3.58
21,ProFTPD,ProFTPD version 1.1,Linux,7.77
21,vsftpd,vsftpd version 6.5,Linux,3.2
3306,MongoDB,MongoDB version 3.7,Linux,4.73
3306,PostgreSQL,PostgreSQL version 9.9,Unix,3.72
3306,MongoDB,MongoDB version 4.3,Unix,6.33
3306,RDP,RDP version 6.3,Linux,5.49
3306,SMB,SMB version 2.2,Linux,5.97
3306,MongoDB,MongoDB version 6.8,Linux,5.92
3306,SMB,SMB version 4.7,Linux,4.96
3306,SMB,SMB version 2.8,Unix,6.6
80,LiteSpeed,LiteSpeed version 4.5,Linux,1.77
21,ProFTPD,ProFTPD version 3.2,Windows,4.87
21,ProFTPD,ProFTPD version 8.9,Unix,7.07
80,nginx,nginx version 5.9,Linux,3.01
3306,PostgreSQL,PostgreSQL version 5.7,Windows,3.68
3306,RDP,RDP version 3.4,Windows,7.24
21,vsftpd,vsftpd version 1.1,Unix,3.63
3306,Redis,Redis version 7.4,Windows,5.73
80,Apache,Apache version 3.3,Linux,4.82
21,vsftpd,vsftpd version 1.2,Windows,5.15
3306,MongoDB,MongoDB version 7.7,Linux,6.36
80,Apache,Apache version 2.9,Linux,4.98
3306,MariaDB,MariaDB version 3.9,Unix,6.81
21,ProFTPD,ProFTPD version 9.8,Windows,7.87
21,ProFTPD,ProFTPD version 7.8,Linux,5.71
3306,RDP,RDP version 2.8,Unix,8.44
3306,PostgreSQL,PostgreSQL version 7.7,Windows,4.9
3306,SMB,SMB version 3.6,Windows,5.91
3306,PostgreSQL,PostgreSQL version 3.6,Unix,4.92
3306,PostgreSQL,PostgreSQL version 1.8,Windows,6.17
21,vsftpd,vsftpd version 3.5,Unix,5.18
3306,MongoDB,MongoDB version 6.3,Unix,7.23
80,LiteSpeed,LiteSpeed version 2.7,Unix,6.13
3306,SMB,SMB version 5.2,Windows,7.28
3306,RDP,RDP version 4.8,Unix,4.96
80,LiteSpeed,LiteSpeed version 9.2,Unix,4.23
3306,MariaDB,MariaDB version 7.7,Windows,4.61
21,vsftpd,vsftpd version 1.1,Linux,5.54
3306,SMB,SMB version 9.7,Linux,7.46
3306,MongoDB,MongoDB version 6.3,Unix,4.75
3306,Redis,Redis version 2.0,Windows,4.68
3306,RDP,RDP version 3.5,Unix,7.58
3306,MySQL,MySQL version 3.3,Linux,3.21
3306,PostgreSQL,PostgreSQL version 7.7,Windows,7.04
3306,PostgreSQL,PostgreSQL version 7.0,Linux,1.43
80,LiteSpeed,LiteSpeed version 4.4,Windows,6.68
3306,MariaDB,MariaDB version 4.8,Windows,4.43
3306,MariaDB,MariaDB version 6.5,Windows,6.0
3306,SMB,SMB version 4.5,Linux,7.05
3306,MongoDB,MongoDB version 2.6,Unix,5.02
3306,MariaDB,MariaDB version 3.0,Windows,5.33
3306,MySQL,MySQL version 7.1,Windows,5.71
3306,PostgreSQL,PostgreSQL version 7.8,Windows,4.01
3306,SMB,SMB version 7.3,Linux,8.05
80,LiteSpeed,LiteSpeed version 4.2,Windows,2.87
3306,MariaDB,MariaDB version 5.1,Unix,4.49
21,vsftpd,vsftpd version 5.0,Linux,5.75
21,vsftpd,vsftpd version 9.9,Unix,5.99
3306,Redis,Redis version 8.3,Unix,5.19
21,ProFTPD,ProFTPD version 5.3,Windows,5.91
3306,Redis,Redis version 5.8,Unix,5.85
21,ProFTPD,ProFTPD version 7.0,Windows,5.5
22,OpenSSH,OpenSSH version 6.7,Unix,7.13
80,nginx,nginx version 5.0,Linux,4.37
3306,Redis,Redis version 2.0,Linux,2.19
80,nginx,nginx version 8.6,Linux,2.71
3306,SMB,SMB version 6.2,Unix,6.57
21,ProFTPD,ProFTPD version 2.9,Linux,6.71
80,nginx,nginx version 6.3,Unix,7.45
3306,SMB,SMB version 2.3,Windows,4.94
3306,MariaDB,MariaDB version 5.1,Linux,4.56
21,vsftpd,vsftpd version 3.6,Linux,2.91
3306,SMB,SMB version 9.2,Linux,5.76
21,ProFTPD,ProFTPD version 4.8,Windows,9.03
21,ProFTPD,ProFTPD version 8.1,Unix,4.8
3306,MariaDB,MariaDB version 7.7,Windows,5.38
80,Apache,Apache version 8.8,Unix,5.09
3306,RDP,RDP version 8.4,Linux,6.46
3306,MySQL,MySQL version 7.8,Linux,5.28
3306,Redis,Redis version 4.1,Unix,2.76
3306,SMB,SMB version 9.4,Unix,8.98
80,Apache,Apache version 9.7,Linux,7.39
21,vsftpd,vsftpd version 6.3,Linux,4.57
3306,SMB,SMB version 6.2,Linux,10.0
3306,SMB,SMB version 5.4,Unix,5.9
21,ProFTPD,ProFTPD version 7.0,Unix,7.1
3306,MongoDB,MongoDB version 6.9,Unix,6.65
3306,RDP,RDP version 4.6,Linux,5.81
3306,RDP,RDP version 3.1,Windows,4.43
80,Apache,Apache version 6.4,Linux,2.08
3306,MySQL,MySQL version 6.5,Linux,7.59
3306,SMB,SMB version 8.0,Unix,5.71
3306,RDP,RDP version 2.3,Linux,6.22
3306,SMB,SMB version 7.6,Linux,4.83
22,OpenSSH,OpenSSH version 6.2,Unix,5.92
80,LiteSpeed,LiteSpeed version 5.7,Unix,3.33
3306,MariaDB,MariaDB version 3.2,Linux,3.76
3306,MySQL,MySQL version 6.4,Windows,4.95
3306,MariaDB,MariaDB version 5.4,Linux,2.9
3306,MariaDB,MariaDB version 1.3,Unix,4.23
21,vsftpd,vsftpd version 3.4,Windows,6.6
80,LiteSpeed,LiteSpeed version 5.4,Linux,5.14
3306,Redis,Redis version 4.5,Linux,4.7
80,Apache,Apache version 4.6,Windows,4.82
3306,MySQL,MySQL version 7.7,Unix,3.92
22,OpenSSH,OpenSSH version 7.5,Linux,7.49
80,LiteSpeed,LiteSpeed version 8.3,Linux,3.28
3306,PostgreSQL,PostgreSQL version 9.1,Linux,4.82
21,ProFTPD,ProFTPD version 1.8,Linux,6.67
80,Apache,Apache version 8.1,Linux,6.01
21,vsftpd,vsftpd version 6.9,Windows,6.15
3306,MariaDB,MariaDB version 4.8,Linux,4.45
22,OpenSSH,OpenSSH version 6.0,Linux,4.94
3306,PostgreSQL,PostgreSQL version 7.1,Windows,4.99
3306,Redis,Redis version 5.7,Windows,1.09
3306,SMB,SMB version 2.9,Linux,4.12
3306,MySQL,MySQL version 7.1,Linux,3.59
80,nginx,nginx version 8.9,Linux,3.66
3306,PostgreSQL,PostgreSQL version 2.9,Unix,2.7
3306,RDP,RDP version 3.7,Windows,7.62
3306,SMB,SMB version 5.3,Windows,6.5
3306,RDP,RDP version 6.8,Linux,6.18
3306,MongoDB,MongoDB version 4.9,Unix,2.62
22,OpenSSH,OpenSSH version 5.7,Unix,4.43
21,vsftpd,vsftpd version 1.8,Linux,0.56
3306,SMB,SMB version 8.5,Unix,6.26
21,vsftpd,vsftpd version 1.0,Windows,4.59
22,OpenSSH,OpenSSH version 1.0,Linux,4.86
80,Apache,Apache version 3.0,Windows,2.15
3306,MongoDB,MongoDB version 3.6,Windows,4.84
80,nginx,nginx version 8.2,Windows,2.94
3306,PostgreSQL,PostgreSQL version 8.8,Unix,3.28
21,ProFTPD,ProFTPD version 8.9,Windows,7.58
3306,MySQL,MySQL version 3.6,Unix,7.52
80,nginx,nginx version 5.8,Unix,4.58
80,Apache,Apache version 5.6,Windows,3.27
3306,SMB,SMB version 1.6,Windows,6.78
3306,MariaDB,MariaDB version 1.5,Linux,5.91
3306,MongoDB,MongoDB version 1.0,Linux,5.43
3306,PostgreSQL,PostgreSQL version 1.1,Windows,8.61
3306,MariaDB,MariaDB version 7.7,Windows,3.43
80,nginx,nginx version 1.5,Windows,4.88
3306,Redis,Redis version 4.1,Linux,6.82
21,vsftpd,vsftpd version 7.9,Linux,6.73
80,nginx,nginx version 3.4,Linux,1.57
3306,Redis,Redis version 3.8,Unix,4.49
80,nginx,nginx version 4.7,Windows,6.73
21,ProFTPD,ProFTPD version 9.3,Windows,10.0
21,vsftpd,vsftpd version 2.5,Windows,5.56
21,ProFTPD,ProFTPD version 8.5,Unix,5.95
21,vsftpd,vsftpd version 7.2,Unix,2.99
3306,MySQL,MySQL version 2.4,Unix,7.83
80,LiteSpeed,LiteSpeed version 9.6,Unix,5.59
3306,MariaDB,MariaDB version 9.7,Linux,3.23
21,vsftpd,vsftpd version 5.8,Unix,4.2
80,LiteSpeed,LiteSpeed version 5.8,Unix,4.97
3306,RDP,RDP version 7.2,Linux,7.32
3306,MySQL,MySQL version 5.7,Unix,3.15
80,LiteSpeed,LiteSpeed version 9.8,Linux,3.58
3306,Redis,Redis version 8.0,Unix,2.02
3306,RDP,RDP version 3.2,Linux,8.06
21,vsftpd,vsftpd version 3.6,Unix,3.99
3306,RDP,RDP version 5.2,Windows,7.2
3306,PostgreSQL,PostgreSQL version 3.7,Linux,6.63
21,vsftpd,vsftpd version 9.3,Linux,4.83
3306,PostgreSQL,PostgreSQL version 5.7,Unix,4.33
80,LiteSpeed,LiteSpeed version 8.4,Windows,4.79
80,LiteSpeed,LiteSpeed version 2.3,Unix,4.59
3306,SMB,SMB version 8.2,Linux,8.37
80,Apache,Apache version 7.9,Windows,4.97
80,nginx,nginx version 9.3,Linux,3.68
21,ProFTPD,ProFTPD version 3.7,Windows,8.07
3306,MariaDB,MariaDB version 6.6,Unix,6.35
80,Apache,Apache version 8.6,Windows,2.49
80,Apache,Apache version 2.1,Linux,6.8
22,OpenSSH,OpenSSH version 6.1,Linux,5.05
3306,MongoDB,MongoDB version 2.2,Unix,4.92
21,ProFTPD,ProFTPD version 3.5,Linux,8.01
3306,PostgreSQL,PostgreSQL version 9.2,Windows,3.65
80,Apache,Apache version 8.7,Unix,5.93
22,OpenSSH,OpenSSH version 8.6,Windows,3.93
80,nginx,nginx version 9.3,Unix,2.29
80,nginx,nginx version 9.8,Unix,3.0
22,OpenSSH,OpenSSH version 3.3,Linux,5.35
3306,Redis,Redis version 2.3,Linux,3.08
21,vsftpd,vsftpd version 7.4,Linux,6.92
3306,MySQL,MySQL version 6.0,Unix,6.28
21,vsftpd,vsftpd version 6.9,Windows,6.5
21,vsftpd,vsftpd version 6.2,Windows,4.69
3306,MySQL,MySQL version 6.7,Windows,4.89
3306,SMB,SMB version 2.8,Unix,4.71
80,Apache,Apache version 7.6,Linux,5.99
3306,MongoDB,MongoDB version 7.1,Linux,5.07
80,nginx,nginx version 1.3,Windows,5.35
80,Apache,Apache version 2.7,Windows,7.03
21,vsftpd,vsftpd version 6.6,Unix,3.59
80,nginx,nginx version 6.4,Linux,4.31
3306,MongoDB,MongoDB version 6.3,Linux,4.99
3306,RDP,RDP version 9.7,Linux,5.1
80,Apache,Apache version 7.9,Windows,4.22
21,vsftpd,vsftpd version 2.8,Unix,5.24
3306,MariaDB,MariaDB version 9.5,Linux,4.01
22,OpenSSH,OpenSSH version 9.5,Unix,6.46
3306,PostgreSQL,PostgreSQL version 1.2,Unix,2.23
21,vsftpd,vsftpd version 8.5,Windows,6.18
3306,MongoDB,MongoDB version 4.0,Unix,5.49
21,ProFTPD,ProFTPD version 7.1,Unix,5.65
3306,PostgreSQL,PostgreSQL version 3.5,Windows,3.11
3306,PostgreSQL,PostgreSQL version 4.2,Linux,1.38
3306,Redis,Redis version 9.9,Linux,3.31
80,Apache,Apache version 1.7,Unix,6.07
80,LiteSpeed,LiteSpeed version 8.9,Linux,4.42
3306,MySQL,MySQL version 1.2,Unix,6.24
3306,SMB,SMB version 1.8,Windows,5.57
3306,MongoDB,MongoDB version 3.3,Windows,5.56
80,nginx,nginx version 5.1,Linux,3.42
3306,MariaDB,MariaDB version 2.1,Windows,3.05
3306,MySQL,MySQL version 4.2,Windows,4.34
3306,MySQL,MySQL version 3.5,Linux,3.5
3306,MongoDB,MongoDB version 4.1,Linux,2.19
22,OpenSSH,OpenSSH version 2.4,Unix,4.23
3306,Redis,Redis version 3.3,Unix,4.66
80,LiteSpeed,LiteSpeed version 6.6,Windows,6.4
3306,MySQL,MySQL version 4.9,Linux,5.91
3306,RDP,RDP version 7.2,Windows,8.33
3306,MySQL,MySQL version 9.5,Linux,5.58
3306,MariaDB,MariaDB version 5.7,Windows,5.0
21,vsftpd,vsftpd version 4.8,Windows,2.66
21,ProFTPD,ProFTPD version 9.8,Windows,6.72
3306,MongoDB,MongoDB version 2.7,Windows,5.4
3306,MariaDB,MariaDB version 4.2,Unix,6.69
3306,SMB,SMB version 1.1,Linux,7.53
80,LiteSpeed,LiteSpeed version 4.6,Linux,6.36
22,OpenSSH,OpenSSH version 7.8,Windows,2.95
3306,PostgreSQL,PostgreSQL version 8.4,Windows,4.01
80,LiteSpeed,LiteSpeed version 3.5,Unix,5.14
3306,MariaDB,MariaDB version 1.8,Windows,6.24
3306,PostgreSQL,PostgreSQL version 2.8,Windows,4.28
3306,RDP,RDP version 3.9,Unix,6.38
3306,MariaDB,MariaDB version 6.0,Unix,5.53
21,ProFTPD,ProFTPD version 9.5,Linux,4.81
22,OpenSSH,OpenSSH version 6.2,Windows,6.91
80,LiteSpeed,LiteSpeed version 9.6,Unix,3.18
3306,MongoDB,MongoDB version 8.2,Windows,1.62
3306,MySQL,MySQL version 7.4,Windows,4.52
21,vsftpd,vsftpd version 2.0,Linux,7.05
3306,RDP,RDP version 6.9,Windows,7.38
3306,MariaDB,MariaDB version 4.5,Windows,5.63
3306,MongoDB,MongoDB version 9.8,Unix,4.56
3306,MongoDB,MongoDB version 5.0,Unix,4.27
3306,RDP,RDP version 3.7,Unix,4.18
21,vsftpd,vsftpd version 9.6,Windows,1.11
3306,MariaDB,MariaDB version 7.5,Linux,4.79
80,nginx,nginx version 9.5,Linux,6.47
3306,PostgreSQL,PostgreSQL version 5.4,Windows,5.02
80,Apache,Apache version 1.3,Unix,5.44
22,OpenSSH,OpenSSH version 4.8,Unix,6.88
3306,MariaDB,MariaDB version 5.5,Linux,4.99
3306,PostgreSQL,PostgreSQL version 3.5,Linux,4.32
22,OpenSSH,OpenSSH version 7.3,Unix,3.27
22,OpenSSH,OpenSSH version 5.0,Linux,7.53
3306,PostgreSQL,PostgreSQL version 7.7,Windows,5.29
3306,MariaDB,MariaDB version 3.1,Unix,3.08
3306,MariaDB,MariaDB version 8.7,Unix,2.74
3306,Redis,Redis version 3.6,Linux,6.38
3306,MySQL,MySQL version 8.3,Unix,2.94
3306,MongoDB,MongoDB version 5.8,Linux,7.28
3306,MongoDB,MongoDB version 6.2,Linux,0.37
22,OpenSSH,OpenSSH version 3.7,Unix,6.63
3306,MariaDB,MariaDB version 4.9,Unix,5.23
80,Apache,Apache version 7.7,Linux,4.68
3306,MySQL,MySQL version 7.4,Linux,4.24
3306,MariaDB,MariaDB version 8.0,Linux,7.34
80,LiteSpeed,LiteSpeed version 3.7,Unix,5.56
3306,RDP,RDP version 3.0,Windows,5.15
80,Apache,Apache version 3.1,Linux,1.92
3306,RDP,RDP version 3.8,Unix,6.77
22,OpenSSH,OpenSSH version 5.3,Linux,4.5
80,nginx,nginx version 3.0,Linux,2.22
80,Apache,Apache version 3.7,Unix,4.42
3306,SMB,SMB version 1.6,Windows,5.64
22,OpenSSH,OpenSSH version 5.9,Unix,4.51
80,LiteSpeed,LiteSpeed version 5.6,Windows,5.59
80,Apache,Apache version 5.0,Unix,6.74
80,LiteSpeed,LiteSpeed version 8.9,Windows,5.86
3306,MySQL,MySQL version 4.3,Linux,3.42
80,Apache,Apache version 8.1,Unix,5.05
80,nginx,nginx version 3.3,Unix,4.59
3306,Redis,Redis version 2.5,Windows,2.5
80,LiteSpeed,LiteSpeed version 3.1,Linux,5.1
21,ProFTPD,ProFTPD version 6.2,Windows,9.29
21,ProFTPD,ProFTPD version 6.5,Unix,6.55
3306,RDP,RDP version 5.7,Unix,4.11
80,LiteSpeed,LiteSpeed version 6.9,Windows,4.55
21,ProFTPD,ProFTPD version 1.9,Linux,4.68
3306,Redis,Redis version 4.0,Windows,5.8
80,LiteSpeed,LiteSpeed version 3.2,Linux,5.29
21,vsftpd,vsftpd version 4.2,Unix,4.24
3306,MySQL,MySQL version 2.0,Unix,4.0
3306,MySQL,MySQL version 4.8,Linux,4.18
21,vsftpd,vsftpd version 2.9,Linux,4.51
22,OpenSSH,OpenSSH version 8.4,Linux,3.34
3306,SMB,SMB version 4.3,Linux,4.42
3306,SMB,SMB version 7.6,Windows,8.21
3306,MariaDB,MariaDB version 4.1,Unix,3.92
22,OpenSSH,OpenSSH version 1.5,Windows,4.75
3306,Redis,Redis version 5.3,Unix,4.93
3306,MySQL,MySQL version 7.9,Linux,4.98
21,vsftpd,vsftpd version 1.4,Linux,2.74
80,nginx,nginx version 2.2,Unix,1.99
3306,RDP,RDP version 4.7,Windows,5.62
80,LiteSpeed,LiteSpeed version 5.3,Windows,5.09
3306,Redis,Redis version 5.9,Windows,3.41
3306,MySQL,MySQL version 2.5,Windows,3.97
80,Apache,Apache version 5.1,Linux,7.69
3306,RDP,RDP version 5.2,Unix,3.73
21,vsftpd,vsftpd version 9.3,Linux,3.37
21,vsftpd,vsftpd version 1.6,Linux,7.34
80,nginx,nginx version 3.5,Unix,4.43
3306,MongoDB,MongoDB version 9.3,Unix,3.44
3306,Redis,Redis version 7.6,Unix,6.25
80,nginx,nginx version 6.9,Windows,4.58
22,OpenSSH,OpenSSH version 5.0,Unix,3.98
3306,MariaDB,MariaDB version 4.9,Linux,4.79
3306,SMB,SMB version 1.9,Linux,5.51
3306,RDP,RDP version 7.3,Windows,4.97
3306,MariaDB,MariaDB version 6.4,Windows,4.33
3306,MariaDB,MariaDB version 1.7,Windows,2.98
21,vsftpd,vsftpd version 8.9,Windows,4.52
80,Apache,Apache version 5.6,Windows,5.03
22,OpenSSH,OpenSSH version 5.3,Unix,5.78
21,ProFTPD,ProFTPD version 3.3,Linux,8.19
21,ProFTPD,ProFTPD version 7.9,Unix,5.89
3306,MongoDB,MongoDB version 9.1,Linux,5.25
3306,MySQL,MySQL version 3.9,Linux,5.24
80,LiteSpeed,LiteSpeed version 9.0,Unix,4.99
3306,RDP,RDP version 1.6,Linux,5.78
3306,Redis,Redis version 9.5,Linux,2.96
3306,MySQL,MySQL version 1.3,Unix,5.25
3306,Redis,Redis version 4.5,Windows,1.94
21,ProFTPD,ProFTPD version 6.5,Linux,6.1
80,Apache,Apache version 7.5,Windows,0.67
21,vsftpd,vsftpd version 1.9,Windows,2.5
3306,SMB,SMB version 3.7,Linux,5.18
80,Apache,Apache version 3.1,Windows,6.15
3306,MongoDB,MongoDB version 2.9,Unix,5.53
80,nginx,nginx version 6.6,Windows,3.67
3306,PostgreSQL,PostgreSQL version 9.4,Windows,5.59
21,ProFTPD,ProFTPD version 3.2,Unix,7.83
80,Apache,Apache version 9.2,Linux,4.26
3306,MySQL,MySQL version 4.6,Windows,2.42
80,Apache,Apache version 9.8,Linux,4.19
80,nginx,nginx version 2.5,Windows,4.35
80,LiteSpeed,LiteSpeed version 7.7,Unix,2.65
3306,SMB,SMB version 4.6,Windows,7.05
21,vsftpd,vsftpd version 6.3,Unix,4.92
3306,Redis,Redis version 6.6,Unix,5.17
3306,PostgreSQL,PostgreSQL version 6.6,Windows,4.92
21,ProFTPD,ProFTPD version 2.9,Unix,7.59
21,ProFTPD,ProFTPD version 8.5,Unix,6.23
80,Apache,Apache version 4.2,Linux,4.8
3306,MariaDB,MariaDB version 4.9,Unix,3.9
3306,SMB,SMB version 3.7,Unix,5.62
80,Apache,Apache version 7.1,Windows,6.51
21,vsftpd,vsftpd version 4.2,Windows,1.43
80,LiteSpeed,LiteSpeed version 7.2,Unix,5.82
21,ProFTPD,ProFTPD version 2.1,Linux,5.57
80,LiteSpeed,LiteSpeed version 2.7,Windows,3.37
3306,Redis,Redis version 8.3,Linux,4.89
80,LiteSpeed,LiteSpeed version 5.9,Linux,2.27
3306,PostgreSQL,PostgreSQL version 6.6,Windows,3.28
3306,MariaDB,MariaDB version 1.1,Unix,3.23
3306,PostgreSQL,PostgreSQL version 6.1,Unix,4.17
21,vsftpd,vsftpd version 4.4,Unix,3.29
21,vsftpd,vsftpd version 3.0,Windows,6.9
3306,MariaDB,MariaDB version 2.4,Windows,7.2
3306,SMB,SMB version 2.8,Windows,3.47
3306,SMB,SMB version 2.9,Windows,7.32
21,vsftpd,vsftpd version 1.3,Windows,5.79
3306,MongoDB,MongoDB version 7.0,Unix,5.31
3306,PostgreSQL,PostgreSQL version 3.2,Linux,3.51
80,nginx,nginx version 1.0,Windows,4.13
3306,SMB,SMB version 9.9,Unix,5.38
80,Apache,Apache version 2.5,Linux,3.87
3306,MariaDB,MariaDB version 3.5,Linux,2.69
80,nginx,nginx version 5.5,Linux,4.33
3306,RDP,RDP version 9.8,Windows,4.25
21,vsftpd,vsftpd version 2.8,Linux,4.2
3306,MariaDB,MariaDB version 2.8,Windows,2.63
3306,PostgreSQL,PostgreSQL version 8.9,Windows,4.81
21,vsftpd,vsftpd version 7.9,Unix,3.48
80,nginx,nginx version 8.8,Unix,4.94
80,Apache,Apache version 3.7,Unix,6.12
3306,RDP,RDP version 5.1,Linux,8.88
21,ProFTPD,ProFTPD version 6.4,Linux,2.71
3306,PostgreSQL,PostgreSQL version 9.9,Linux,3.25
22,OpenSSH,OpenSSH version 8.3,Unix,4.05
80,Apache,Apache version 9.1,Linux,5.19
80,LiteSpeed,LiteSpeed version 1.1,Windows,2.02
21,ProFTPD,ProFTPD version 2.0,Windows,5.03
3306,RDP,RDP version 7.2,Linux,6.7
3306,RDP,RDP version 5.7,Windows,6.63
3306,Redis,Redis version 4.8,Windows,5.07
3306,Redis,Redis version 2.1,Unix,5.17
21,ProFTPD,ProFTPD version 5.9,Linux,7.01
21,vsftpd,vsftpd version 1.5,Windows,4.79
80,LiteSpeed,LiteSpeed version 9.0,Unix,4.58
80,LiteSpeed,LiteSpeed version 9.1,Windows,5.5
80,nginx,nginx version 6.0,Linux,1.14
3306,Redis,Redis version 8.0,Linux,6.82
22,OpenSSH,OpenSSH version 4.3,Windows,1.19
3306,PostgreSQL,PostgreSQL version 8.8,Windows,2.88
3306,MySQL,MySQL version 5.1,Windows,4.16
80,LiteSpeed,LiteSpeed version 5.1,Linux,5.51
3306,RDP,RDP version 2.6,Unix,2.01
3306,RDP,RDP version 4.5,Windows,6.46
3306,MariaDB,MariaDB version 6.4,Windows,5.69
3306,MariaDB,MariaDB version 1.3,Unix,5.99
3306,RDP,RDP version 8.2,Linux,5.45
3306,MariaDB,MariaDB version 1.8,Unix,4.05
21,vsftpd,vsftpd version 2.4,Unix,3.58
80,Apache,Apache version 6.5,Unix,3.91
3306,RDP,RDP version 2.9,Unix,4.95
80,nginx,nginx version 7.7,Linux,3.17
3306,PostgreSQL,PostgreSQL version 5.8,Unix,5.15
80,LiteSpeed,LiteSpeed version 9.9,Windows,4.7
3306,MySQL,MySQL version 4.2,Linux,5.24
3306,MongoDB,MongoDB version 2.9,Windows,4.82
21,ProFTPD,ProFTPD version 4.8,Linux,7.56
80,Apache,Apache version 4.9,Linux,5.82
21,vsftpd,vsftpd version 4.6,Linux,1.89
80,nginx,nginx version 6.0,Linux,3.22
21,vsftpd,vsftpd version 9.0,Unix,4.15
80,Apache,Apache version 3.8,Linux,4.47
21,ProFTPD,ProFTPD version 3.6,Linux,5.49
3306,RDP,RDP version 8.9,Linux,7.87
80,nginx,nginx version 7.2,Linux,7.47
80,nginx,nginx version 1.8,Windows,4.78
3306,PostgreSQL,PostgreSQL version 9.0,Linux,4.63
3306,MongoDB,MongoDB version 1.6,Windows,5.77
3306,PostgreSQL,PostgreSQL version 4.1,Unix,1.7
3306,MongoDB,MongoDB version 6.1,Windows,4.54
3306,RDP,RDP version 9.4,Windows,7.97
80,LiteSpeed,LiteSpeed version 6.2,Linux,3.54
3306,MySQL,MySQL version 9.5,Unix,2.66
3306,RDP,RDP version 5.9,Linux,6.22
3306,MySQL,MySQL version 8.1,Windows,4.41
3306,RDP,RDP version 1.5,Linux,5.14
3306,MariaDB,MariaDB version 7.0,Windows,7.64
22,OpenSSH,OpenSSH version 7.8,Unix,3.78
3306,RDP,RDP version 2.3,Unix,4.77
3306,Redis,Redis version 4.4,Windows,4.36
21,vsftpd,vsftpd version 5.0,Linux,5.86
22,OpenSSH,OpenSSH version 5.7,Linux,4.53
21,ProFTPD,ProFTPD version 2.3,Linux,7.23
21,vsftpd,vsftpd version 6.6,Unix,3.19
80,LiteSpeed,LiteSpeed version 3.2,Windows,6.73
22,OpenSSH,OpenSSH version 7.4,Linux,5.34
3306,SMB,SMB version 9.0,Windows,8.07
3306,SMB,SMB version 2.8,Linux,7.05
21,ProFTPD,ProFTPD version 5.4,Unix,7.74
80,LiteSpeed,LiteSpeed version 2.3,Windows,3.19
22,OpenSSH,OpenSSH version 7.4,Unix,3.76
3306,MariaDB,MariaDB version 2.4,Unix,6.52
21,vsftpd,vsftpd version 3.4,Unix,6.84
80,LiteSpeed,LiteSpeed version 9.5,Windows,2.78
80,LiteSpeed,LiteSpeed version 2.4,Linux,4.87
3306,MariaDB,MariaDB version 1.2,Linux,3.85
21,ProFTPD,ProFTPD version 7.6,Windows,5.45
21,vsftpd,vsftpd version 6.1,Linux,4.93
3306,MariaDB,MariaDB version 4.9,Windows,6.21
21,vsftpd,vsftpd version 4.6,Windows,5.18
21,vsftpd,vsftpd version 3.5,Unix,4.02
3306,MariaDB,MariaDB version 2.2,Linux,5.27
3306,SMB,SMB version 4.9,Windows,5.96
3306,MySQL,MySQL version 5.7,Unix,5.12
3306,MySQL,MySQL version 5.3,Unix,6.59
80,nginx,nginx version 4.2,Linux,1.38
21,vsftpd,vsftpd version 9.6,Windows,5.7
3306,Redis,Redis version 8.7,Unix,2.19
80,LiteSpeed,LiteSpeed version 5.3,Windows,6.34
80,Apache,Apache version 2.3,Unix,3.54
3306,Redis,Redis version 7.0,Linux,2.67
80,nginx,nginx version 4.5,Unix,5.54
3306,MongoDB,MongoDB version 7.5,Linux,5.05
3306,PostgreSQL,PostgreSQL version 8.4,Unix,3.0
3306,SMB,SMB version 6.1,Unix,4.62
3306,Redis,Redis version 9.8,Linux,4.22
21,ProFTPD,ProFTPD version 7.1,Linux,4.69
80,nginx,nginx version 4.6,Windows,2.91
80,LiteSpeed,LiteSpeed version 7.9,Unix,4.67
21,ProFTPD,ProFTPD version 3.9,Unix,5.05
80,LiteSpeed,LiteSpeed version 3.2,Windows,5.14
22,OpenSSH,OpenSSH version 3.7,Unix,6.74
3306,Redis,Redis version 6.8,Linux,4.28
80,Apache,Apache version 8.0,Windows,4.7
3306,MySQL,MySQL version 6.1,Windows,7.53
80,Apache,Apache version 6.0,Linux,2.72
3306,SMB,SMB version 5.5,Linux,8.29
80,nginx,nginx version 3.4,Windows,6.11
3306,Redis,Redis version 5.4,Windows,5.78
3306,SMB,SMB version 5.6,Windows,8.44
3306,Redis,Redis version 1.5,Windows,4.92
3306,MySQL,MySQL version 9.2,Linux,3.63
21,vsftpd,vsftpd version 2.8,Windows,6.14
3306,PostgreSQL,PostgreSQL version 2.5,Windows,6.2
3306,Redis,Redis version 7.6,Unix,6.16
80,Apache,Apache version 3.6,Windows,4.57
3306,MongoDB,MongoDB version 1.1,Linux,3.43
3306,Redis,Redis version 9.7,Unix,4.79
21,vsftpd,vsftpd version 9.2,Unix,5.91
22,OpenSSH,OpenSSH version 9.2,Linux,6.04
80,nginx,nginx version 5.5,Unix,3.86
3306,MariaDB,MariaDB version 9.0,Linux,4.97
3306,RDP,RDP version 5.2,Windows,4.54
3306,MongoDB,MongoDB version 5.0,Linux,5.98
21,ProFTPD,ProFTPD version 8.9,Linux,5.33
3306,SMB,SMB version 4.3,Unix,7.68
3306,SMB,SMB version 2.0,Windows,4.78
3306,SMB,SMB version 4.3,Unix,8.05
3306,MySQL,MySQL version 3.2,Windows,4.98
80,nginx,nginx version 6.5,Unix,3.33
21,vsftpd,vsftpd version 2.6,Windows,5.54
3306,PostgreSQL,PostgreSQL version 3.3,Windows,3.61
21,vsftpd,vsftpd version 1.7,Linux,5.62
3306,MariaDB,MariaDB version 8.5,Unix,4.09
3306,MariaDB,MariaDB version 8.9,Windows,1.92
3306,SMB,SMB version 9.9,Linux,5.03
3306,MySQL,MySQL version 4.4,Unix,3.85
3306,PostgreSQL,PostgreSQL version 9.5,Linux,6.55
3306,Redis,Redis version 5.0,Windows,5.85
21,ProFTPD,ProFTPD version 4.9,Unix,8.94
3306,RDP,RDP version 3.4,Windows,8.98
3306,MongoDB,MongoDB version 5.8,Unix,3.7
80,nginx,nginx version 5.8,Unix,4.22
80,Apache,Apache version 3.0,Unix,3.88
80,nginx,nginx version 7.6,Windows,3.49
3306,MariaDB,MariaDB version 7.6,Linux,1.74
3306,MySQL,MySQL version 6.3,Windows,4.48
3306,MySQL,MySQL version 5.1,Linux,2.57
3306,RDP,RDP version 6.9,Linux,6.45
3306,RDP,RDP version 4.3,Windows,9.67
21,ProFTPD,ProFTPD version 9.5,Linux,5.74
3306,Redis,Redis version 6.4,Unix,4.79
3306,SMB,SMB version 9.5,Unix,7.86
3306,RDP,RDP version 9.2,Linux,6.92
22,OpenSSH,OpenSSH version 8.3,Windows,4.94
80,LiteSpeed,LiteSpeed version 1.7,Unix,3.96
80,LiteSpeed,LiteSpeed version 9.8,Unix,4.15
3306,MongoDB,MongoDB version 6.6,Windows,3.06
3306,SMB,SMB version 3.0,Unix,7.77
21,vsftpd,vsftpd version 4.6,Unix,1.89
21,ProFTPD,ProFTPD version 5.5,Windows,7.96
21,ProFTPD,ProFTPD version 7.4,Windows,4.39
22,OpenSSH,OpenSSH version 9.9,Windows,5.94
3306,PostgreSQL,PostgreSQL version 2.8,Unix,3.97
3306,Redis,Redis version 6.5,Windows,2.65
80,LiteSpeed,LiteSpeed version 6.4,Windows,5.37
3306,RDP,RDP version 3.3,Windows,7.89
3306,PostgreSQL,PostgreSQL version 6.8,Linux,3.84
3306,Redis,Redis version 7.7,Linux,5.58
3306,SMB,SMB version 8.7,Windows,3.07
80,LiteSpeed,LiteSpeed version 1.5,Unix,2.52
3306,MongoDB,MongoDB version 8.3,Windows,6.44
80,Apache,Apache version 3.0,Linux,4.16
21,ProFTPD,ProFTPD version 6.0,Linux,3.71
80,nginx,nginx version 4.4,Windows,3.45
80,LiteSpeed,LiteSpeed version 6.1,Unix,3.11
22,OpenSSH,OpenSSH version 1.7,Unix,4.25
3306,MySQL,MySQL version 3.8,Linux,3.94
80,nginx,nginx version 9.3,Linux,4.77
80,Apache,Apache version 7.1,Linux,4.4
3306,PostgreSQL,PostgreSQL version 9.4,Unix,6.54
3306,MariaDB,MariaDB version 9.3,Linux,5.14
80,nginx,nginx version 4.5,Unix,5.19
80,Apache,Apache version 7.8,Windows,6.25
3306,MongoDB,MongoDB version 6.6,Windows,3.92
3306,SMB,SMB version 7.7,Windows,4.61
21,ProFTPD,ProFTPD version 8.9,Unix,8.31
22,OpenSSH,OpenSSH version 5.9,Unix,4.7
3306,MariaDB,MariaDB version 9.5,Windows,4.71
21,vsftpd,vsftpd version 3.5,Windows,3.55
3306,MySQL,MySQL version 5.3,Unix,3.57
22,OpenSSH,OpenSSH version 6.5,Unix,5.77
21,vsftpd,vsftpd version 7.9,Linux,5.98
3306,MySQL,MySQL version 8.6,Linux,5.68
22,OpenSSH,OpenSSH version 8.1,Linux,5.69
22,OpenSSH,OpenSSH version 3.8,Windows,5.35
80,nginx,nginx version 1.3,Linux,4.7
3306,RDP,RDP version 7.1,Unix,6.24
21,ProFTPD,ProFTPD version 8.6,Windows,8.32
21,vsftpd,vsftpd version 1.2,Linux,3.94
3306,RDP,RDP version 6.5,Windows,7.05
3306,MariaDB,MariaDB version 4.9,Unix,3.29
22,OpenSSH,OpenSSH version 4.1,Unix,3.51
3306,Redis,Redis version 6.6,Unix,4.15
3306,MySQL,MySQL version 4.6,Linux,3.29
3306,Redis,Redis version 2.5,Unix,5.7
3306,MongoDB,MongoDB version 8.2,Windows,2.48
3306,SMB,SMB version 7.3,Linux,6.65
80,LiteSpeed,LiteSpeed version 5.9,Unix,4.7
3306,SMB,SMB version 8.8,Windows,3.78
3306,SMB,SMB version 6.4,Unix,5.84
22,OpenSSH,OpenSSH version 3.0,Windows,4.88
3306,Redis,Redis version 7.9,Windows,5.14
80,nginx,nginx version 3.8,Linux,4.19
3306,MySQL,MySQL version 7.6,Windows,5.52
3306,MySQL,MySQL version 1.4,Windows,4.34
3306,MySQL,MySQL version 1.9,Linux,4.52
21,ProFTPD,ProFTPD version 7.7,Windows,6.88
3306,MongoDB,MongoDB version 1.2,Unix,5.89
22,OpenSSH,OpenSSH version 8.8,Unix,3.49
80,nginx,nginx version 4.3,Windows,3.77
80,Apache,Apache version 7.6,Linux,3.5
3306,SMB,SMB version 4.8,Linux,6.0
3306,Redis,Redis version 9.2,Unix,6.64
80,Apache,Apache version 5.9,Linux,5.36
3306,MySQL,MySQL version 6.6,Unix,2.8
3306,SMB,SMB version 1.5,Linux,5.6
80,LiteSpeed,LiteSpeed version 3.5,Linux,5.06
80,LiteSpeed,LiteSpeed version 2.7,Unix,3.14
80,Apache,Apache version 1.0,Unix,3.41
3306,MariaDB,MariaDB version 4.1,Linux,6.52
3306,Redis,Redis version 1.6,Linux,3.58
80,LiteSpeed,LiteSpeed version 8.4,Windows,5.93
3306,MariaDB,MariaDB version 4.8,Windows,6.38
80,nginx,nginx version 3.1,Linux,3.4
3306,MariaDB,MariaDB version 3.4,Windows,3.17
3306,SMB,SMB version 5.7,Linux,6.09
80,LiteSpeed,LiteSpeed version 2.1,Windows,2.87
3306,Redis,Redis version 2.1,Unix,4.68
3306,Redis,Redis version 3.3,Windows,4.19
21,ProFTPD,ProFTPD version 2.1,Windows,7.04
3306,Redis,Redis version 3.9,Linux,6.6
21,ProFTPD,ProFTPD version 9.2,Windows,7.73
80,nginx,nginx version 7.8,Unix,5.23
3306,MySQL,MySQL version 3.8,Windows,1.55
22,OpenSSH,OpenSSH version 1.8,Windows,5.17
3306,Redis,Redis version 5.5,Windows,7.08
3306,PostgreSQL,PostgreSQL version 7.8,Unix,0.0
3306,SMB,SMB version 4.5,Windows,7.53
3306,MariaDB,MariaDB version 4.0,Linux,4.26
3306,MySQL,MySQL version 2.1,Linux,3.23
21,ProFTPD,ProFTPD version 4.6,Linux,7.7
3306,RDP,RDP version 7.6,Windows,9.06
80,Apache,Apache version 6.4,Linux,5.66
80,LiteSpeed,LiteSpeed version 1.8,Windows,3.94
3306,SMB,SMB version 9.8,Linux,5.08
21,ProFTPD,ProFTPD version 4.8,Linux,6.72
22,OpenSSH,OpenSSH version 8.2,Unix,5.81
3306,PostgreSQL,PostgreSQL version 6.5,Linux,3.92
3306,MySQL,MySQL version 9.4,Unix,4.06
3306,MongoDB,MongoDB version 9.1,Unix,8.73
3306,MongoDB,MongoDB version 8.0,Windows,6.12
3306,SMB,SMB version 4.7,Unix,8.23
80,nginx,nginx version 8.5,Windows,2.31
3306,PostgreSQL,PostgreSQL version 8.6,Linux,3.44
80,Apache,Apache version 1.8,Unix,4.61
3306,PostgreSQL,PostgreSQL version 2.7,Linux,3.0
80,nginx,nginx version 8.8,Linux,6.9
22,OpenSSH,OpenSSH version 4.7,Windows,6.62
80,nginx,nginx version 3.2,Linux,3.7
22,OpenSSH,OpenSSH version 4.8,Windows,7.18
22,OpenSSH,OpenSSH version 7.7,Unix,4.49
3306,MariaDB,MariaDB version 6.1,Linux,8.38
21,vsftpd,vsftpd version 5.3,Windows,4.72
21,vsftpd,vsftpd version 3.3,Windows,5.36
80,Apache,Apache version 8.4,Unix,6.6
80,Apache,Apache version 2.6,Unix,6.42
3306,SMB,SMB version 9.8,Unix,7.27
3306,SMB,SMB version 2.1,Linux,6.29
3306,RDP,RDP version 7.4,Linux,7.27
80,nginx,nginx version 1.5,Linux,3.28
3306,SMB,SMB version 8.1,Linux,6.73
80,nginx,nginx version 8.9,Unix,2.84
80,nginx,nginx version 9.6,Linux,1.83
3306,Redis,Redis version 3.6,Windows,4.58
80,nginx,nginx version 5.5,Linux,6.39
3306,MongoDB,MongoDB version 4.7,Unix,5.89
3306,Redis,Redis version 5.0,Unix,4.38
80,LiteSpeed,LiteSpeed version 4.7,Linux,7.12
21,vsftpd,vsftpd version 4.5,Linux,3.65
80,LiteSpeed,LiteSpeed version 9.8,Linux,1.62
3306,SMB,SMB version 5.6,Windows,3.23
3306,MariaDB,MariaDB version 5.9,Linux,2.73
3306,PostgreSQL,PostgreSQL version 8.8,Unix,5.72
3306,Redis,Redis version 8.0,Unix,3.55
3306,RDP,RDP version 2.7,Windows,7.19
3306,PostgreSQL,PostgreSQL version 4.6,Unix,6.97
21,ProFTPD,ProFTPD version 9.6,Linux,4.85
3306,MySQL,MySQL version 6.5,Unix,5.22
3306,RDP,RDP version 9.2,Windows,7.31
3306,RDP,RDP version 9.0,Windows,5.21
3306,Redis,Redis version 3.5,Unix,6.53
3306,SMB,SMB version 7.9,Linux,6.07
3306,MongoDB,MongoDB version 5.6,Windows,3.92
3306,MariaDB,MariaDB version 8.6,Unix,7.67
3306,RDP,RDP version 2.7,Windows,7.28
3306,MariaDB,MariaDB version 9.3,Windows,5.89
80,Apache,Apache version 2.7,Windows,6.53
3306,RDP,RDP version 7.6,Linux,5.52
22,OpenSSH,OpenSSH version 9.2,Linux,6.37
3306,MariaDB,MariaDB version 3.0,Windows,3.75
3306,PostgreSQL,PostgreSQL version 4.6,Unix,3.68
3306,PostgreSQL,PostgreSQL version 6.6,Windows,4.09
21,vsftpd,vsftpd version 5.9,Linux,3.57
80,nginx,nginx version 4.8,Linux,5.73
80,nginx,nginx version 2.9,Unix,4.9
3306,Redis,Redis version 7.2,Linux,3.76
80,Apache,Apache version 2.1,Linux,5.51
3306,MariaDB,MariaDB version 5.0,Unix,4.09
3306,RDP,RDP version 9.6,Windows,6.01
3306,MySQL,MySQL version 3.7,Linux,4.57
3306,MariaDB,MariaDB version 7.7,Linux,5.2
3306,Redis,Redis version 1.6,Unix,5.08
3306,PostgreSQL,PostgreSQL version 2.0,Linux,3.96
3306,Redis,Redis version 8.9,Windows,5.77
3306,Redis,Redis version 5.7,Unix,4.17
80,nginx,nginx version 6.8,Unix,3.52
22,OpenSSH,OpenSSH version 4.1,Linux,2.3
3306,RDP,RDP version 2.1,Windows,7.97
3306,PostgreSQL,PostgreSQL version 1.0,Unix,4.52
3306,MongoDB,MongoDB version 6.0,Unix,4.82
22,OpenSSH,OpenSSH version 3.9,Unix,6.07
22,OpenSSH,OpenSSH version 3.9,Linux,3.78
3306,MySQL,MySQL version 1.4,Linux,2.44
22,OpenSSH,OpenSSH version 5.0,Windows,4.6
3306,Redis,Redis version 2.7,Linux,4.96
80,Apache,Apache version 4.3,Unix,4.11
21,ProFTPD,ProFTPD version 5.4,Windows,8.71
3306,MySQL,MySQL version 4.2,Linux,0.77
3306,RDP,RDP version 6.7,Linux,8.18
3306,RDP,RDP version 4.4,Linux,7.69
3306,MongoDB,MongoDB version 4.0,Unix,5.19
3306,RDP,RDP version 8.4,Windows,1.5
80,Apache,Apache version 2.8,Linux,6.43
21,vsftpd,vsftpd version 3.1,Linux,2.96
22,OpenSSH,OpenSSH version 7.7,Windows,3.74
3306,MySQL,MySQL version 9.0,Linux,4.24
3306,SMB,SMB version 5.7,Unix,7.11
80,Apache,Apache version 8.3,Linux,5.46
3306,RDP,RDP version 1.4,Linux,7.84
22,OpenSSH,OpenSSH version 9.8,Unix,5.72
3306,Redis,Redis version 6.8,Unix,4.88
80,nginx,nginx version 6.3,Linux,5.12
21,ProFTPD,ProFTPD version 7.0,Unix,4.86
3306,Redis,Redis version 2.0,Linux,3.37
3306,RDP,RDP version 1.6,Windows,7.84
3306,MongoDB,MongoDB version 9.7,Unix,5.76
21,vsftpd,vsftpd version 7.8,Linux,5.59
22,OpenSSH,OpenSSH version 7.6,Linux,3.73
3306,SMB,SMB version 5.0,Windows,7.87
3306,MySQL,MySQL version 5.5,Unix,2.76
80,Apache,Apache version 5.3,Windows,6.12
22,OpenSSH,OpenSSH version 6.5,Windows,4.11
3306,MySQL,MySQL version 2.4,Windows,7.03
80,LiteSpeed,LiteSpeed version 5.5,Linux,2.22
80,nginx,nginx version 2.7,Unix,7.15
22,OpenSSH,OpenSSH version 5.4,Linux,3.96
80,LiteSpeed,LiteSpeed version 6.6,Unix,3.93
80,LiteSpeed,LiteSpeed version 1.6,Unix,4.79
3306,PostgreSQL,PostgreSQL version 2.1,Windows,3.45
80,Apache,Apache version 3.1,Unix,4.39
80,nginx,nginx version 1.3,Unix,3.39
3306,PostgreSQL,PostgreSQL version 9.2,Unix,3.45
3306,PostgreSQL,PostgreSQL version 8.8,Unix,5.23
3306,Redis,Redis version 7.6,Linux,3.15
22,OpenSSH,OpenSSH version 5.4,Unix,3.35
3306,MongoDB,MongoDB version 1.6,Unix,2.44
3306,MySQL,MySQL version 5.6,Windows,3.74
80,nginx,nginx version 7.9,Windows,6.47
3306,RDP,RDP version 3.1,Linux,5.23
80,nginx,nginx version 3.7,Unix,3.4
3306,Redis,Redis version 2.0,Unix,4.79
3306,RDP,RDP version 6.0,Unix,5.94
3306,Redis,Redis version 2.9,Linux,7.84
3306,RDP,RDP version 9.3,Unix,6.26
3306,SMB,SMB version 1.9,Unix,7.0
3306,MySQL,MySQL version 2.8,Windows,5.92
3306,MySQL,MySQL version 6.9,Windows,5.89
80,LiteSpeed,LiteSpeed version 6.3,Linux,4.85
21,ProFTPD,ProFTPD version 6.8,Unix,6.26
3306,SMB,SMB version 1.6,Linux,9.54
80,nginx,nginx version 9.4,Unix,4.35
80,nginx,nginx version 8.9,Windows,3.84
21,ProFTPD,ProFTPD version 7.4,Windows,5.53
3306,Redis,Redis version 8.4,Unix,1.91
21,vsftpd,vsftpd version 3.1,Linux,5.73
21,vsftpd,vsftpd version 2.0,Windows,0.98
80,LiteSpeed,LiteSpeed version 9.7,Linux,4.49
21,vsftpd,vsftpd version 8.1,Unix,4.19
80,nginx,nginx version 2.1,Linux,7.86
3306,MariaDB,MariaDB version 9.6,Windows,1.75
3306,SMB,SMB version 3.1,Unix,5.15
22,OpenSSH,OpenSSH version 8.4,Linux,4.3
80,nginx,nginx version 6.4,Unix,4.2
3306,SMB,SMB version 1.4,Windows,5.68
3306,Redis,Redis version 6.0,Windows,4.38
21,vsftpd,vsftpd version 7.8,Linux,2.61
3306,MongoDB,MongoDB version 4.6,Linux,5.04
3306,PostgreSQL,PostgreSQL version 6.8,Unix,1.02
80,LiteSpeed,LiteSpeed version 7.3,Windows,4.46
3306,PostgreSQL,PostgreSQL version 8.4,Linux,3.6
80,LiteSpeed,LiteSpeed version 3.7,Windows,6.02
80,nginx,nginx version 2.4,Windows,7.13
3306,RDP,RDP version 1.4,Unix,6.0
3306,SMB,SMB version 7.4,Linux,8.59
3306,RDP,RDP version 4.1,Linux,6.03
3306,RDP,RDP version 5.4,Unix,5.05
22,OpenSSH,OpenSSH version 2.2,Unix,7.12
80,LiteSpeed,LiteSpeed version 7.3,Windows,5.28
80,LiteSpeed,LiteSpeed version 9.2,Unix,4.51
80,Apache,Apache version 8.1,Linux,5.53
3306,Redis,Redis version 6.8,Unix,4.91
80,nginx,nginx version 2.0,Linux,4.4
3306,MariaDB,MariaDB version 4.8,Windows,2.51
3306,MariaDB,MariaDB version 8.9,Linux,4.09
3306,SMB,SMB version 8.0,Linux,7.43
80,LiteSpeed,LiteSpeed version 9.0,Linux,4.32
3306,MySQL,MySQL version 6.6,Windows,5.85
80,nginx,nginx version 9.4,Linux,5.08
3306,PostgreSQL,PostgreSQL version 6.2,Unix,3.18
80,Apache,Apache version 2.5,Unix,2.52
3306,MongoDB,MongoDB version 5.7,Unix,4.26
3306,SMB,SMB version 7.1,Unix,5.71
3306,PostgreSQL,PostgreSQL version 2.9,Unix,5.0
3306,MySQL,MySQL version 5.3,Linux,3.42
3306,SMB,SMB version 2.7,Unix,5.58
3306,RDP,RDP version 5.9,Linux,8.08
80,LiteSpeed,LiteSpeed version 8.7,Windows,4.72
3306,SMB,SMB version 8.4,Windows,5.45
21,ProFTPD,ProFTPD version 9.1,Unix,6.53
3306,RDP,RDP version 5.2,Linux,8.57
3306,Redis,Redis version 5.5,Linux,4.94
3306,PostgreSQL,PostgreSQL version 7.0,Linux,5.39
21,vsftpd,vsftpd version 7.2,Windows,3.37
80,Apache,Apache version 7.5,Windows,6.04
3306,MariaDB,MariaDB version 5.6,Unix,7.98
80,LiteSpeed,LiteSpeed version 9.3,Windows,3.31
3306,MariaDB,MariaDB version 6.7,Windows,2.73
3306,Redis,Redis version 2.5,Unix,4.76
80,LiteSpeed,LiteSpeed version 1.5,Windows,5.81
3306,RDP,RDP version 8.6,Unix,6.36
21,ProFTPD,ProFTPD version 9.9,Linux,4.92
21,vsftpd,vsftpd version 6.7,Windows,4.34
3306,MongoDB,MongoDB version 4.2,Windows,5.4
3306,MongoDB,MongoDB version 8.8,Windows,3.89
21,vsftpd,vsftpd version 7.6,Windows,5.41
22,OpenSSH,OpenSSH version 3.6,Linux,6.25
21,vsftpd,vsftpd version 4.2,Windows,4.86
3306,PostgreSQL,PostgreSQL version 8.8,Windows,4.46
3306,SMB,SMB version 4.9,Windows,7.74
80,Apache,Apache version 3.0,Windows,3.22
3306,MySQL,MySQL version 6.9,Windows,3.07
80,LiteSpeed,LiteSpeed version 6.5,Windows,4.1
3306,RDP,RDP version 4.5,Unix,5.76
80,nginx,nginx version 1.9,Unix,3.29
21,ProFTPD,ProFTPD version 6.3,Unix,9.25
3306,MongoDB,MongoDB version 8.3,Unix,7.76
80,nginx,nginx version 2.8,Linux,3.97
3306,MongoDB,MongoDB version 6.1,Unix,4.64
3306,MySQL,MySQL version 1.8,Linux,4.22
80,Apache,Apache version 7.3,Unix,6.16
21,vsftpd,vsftpd version 7.3,Linux,6.46
3306,MongoDB,MongoDB version 9.7,Linux,1.83
80,LiteSpeed,LiteSpeed version 2.5,Windows,5.21
3306,Redis,Redis version 4.7,Unix,2.54
80,LiteSpeed,LiteSpeed version 6.8,Linux,7.14
22,OpenSSH,OpenSSH version 6.9,Windows,5.16
80,Apache,Apache version 1.4,Windows,3.26
3306,SMB,SMB version 3.9,Unix,6.14
80,Apache,Apache version 4.9,Unix,4.07
3306,RDP,RDP version 5.7,Windows,7.29
3306,MariaDB,MariaDB version 9.7,Unix,6.06
22,OpenSSH,OpenSSH version 2.0,Unix,2.78
3306,MariaDB,MariaDB version 2.1,Unix,7.26
3306,MariaDB,MariaDB version 2.8,Windows,6.91
21,ProFTPD,ProFTPD version 8.5,Unix,5.19
3306,MariaDB,MariaDB version 5.1,Linux,4.61
80,Apache,Apache version 1.9,Windows,7.07
80,nginx,nginx version 4.6,Unix,6.35
21,vsftpd,vsftpd version 3.8,Unix,3.99
80,LiteSpeed,LiteSpeed version 8.4,Windows,5.72
80,LiteSpeed,LiteSpeed version 2.9,Linux,9.0
3306,Redis,Redis version 4.5,Linux,4.66
22,OpenSSH,OpenSSH version 9.6,Windows,3.55
3306,SMB,SMB version 4.5,Linux,6.76
3306,MariaDB,MariaDB version 4.1,Windows,4.87
3306,MariaDB,MariaDB version 9.4,Linux,3.71
3306,MySQL,MySQL version 8.8,Windows,5.16
3306,PostgreSQL,PostgreSQL version 9.4,Windows,2.62
3306,MongoDB,MongoDB version 3.7,Windows,3.5
3306,RDP,RDP version 8.8,Linux,7.64
3306,PostgreSQL,PostgreSQL version 5.5,Unix,1.87
80,LiteSpeed,LiteSpeed version 2.4,Windows,5.85
3306,RDP,RDP version 1.4,Linux,3.48
3306,MariaDB,MariaDB version 9.6,Unix,1.9
21,ProFTPD,ProFTPD version 3.6,Windows,5.75
21,ProFTPD,ProFTPD version 4.6,Linux,6.93
3306,Redis,Redis version 9.3,Linux,6.49
3306,MongoDB,MongoDB version 8.2,Unix,4.59
3306,Redis,Redis version 6.3,Windows,4.13
3306,MariaDB,MariaDB version 2.9,Windows,5.37
21,ProFTPD,ProFTPD version 2.1,Unix,5.19
80,Apache,Apache version 5.1,Unix,4.71
80,nginx,nginx version 6.6,Windows,2.7
21,vsftpd,vsftpd version 3.5,Linux,4.62
80,LiteSpeed,LiteSpeed version 1.0,Windows,4.31
3306,MariaDB,MariaDB version 1.2,Linux,3.29
22,OpenSSH,OpenSSH version 4.7,Unix,4.75
80,Apache,Apache version 7.6,Linux,4.74
3306,MariaDB,MariaDB version 9.8,Windows,6.26
80,nginx,nginx version 1.6,Linux,2.09
3306,RDP,RDP version 1.2,Linux,6.39
3306,MongoDB,MongoDB version 8.0,Windows,3.36
3306,MySQL,MySQL version 1.3,Unix,5.8
3306,RDP,RDP version 1.8,Linux,7.63
21,ProFTPD,ProFTPD version 6.9,Linux,7.26
22,OpenSSH,OpenSSH version 6.7,Linux,3.44
3306,MariaDB,MariaDB version 1.3,Unix,5.83
21,vsftpd,vsftpd version 9.5,Windows,2.2
3306,SMB,SMB version 1.5,Linux,3.9
3306,MariaDB,MariaDB version 3.4,Linux,2.59
80,LiteSpeed,LiteSpeed version 7.5,Linux,4.45
3306,Redis,Redis version 3.8,Unix,5.51
3306,MariaDB,MariaDB version 1.8,Windows,0.04
3306,PostgreSQL,PostgreSQL version 1.8,Unix,6.48
21,vsftpd,vsftpd version 7.5,Windows,4.7
80,LiteSpeed,LiteSpeed version 4.9,Windows,2.15
21,vsftpd,vsftpd version 6.4,Unix,4.65
21,vsftpd,vsftpd version 2.0,Unix,6.14
80,Apache,Apache version 4.9,Windows,5.4
3306,MariaDB,MariaDB version 3.3,Windows,6.15
21,ProFTPD,ProFTPD version 8.9,Linux,4.45
80,LiteSpeed,LiteSpeed version 8.3,Linux,3.88
21,vsftpd,vsftpd version 6.5,Linux,3.11
80,Apache,Apache version 6.6,Windows,7.08
3306,MySQL,MySQL version 2.1,Windows,5.46
21,vsftpd,vsftpd version 7.2,Linux,8.77
21,vsftpd,vsftpd version 3.2,Linux,3.8
22,OpenSSH,OpenSSH version 8.7,Linux,3.41
80,LiteSpeed,LiteSpeed version 6.9,Unix,4.29
3306,MongoDB,MongoDB version 9.2,Linux,6.57
80,Apache,Apache version 6.9,Linux,3.95
22,OpenSSH,OpenSSH version 7.4,Linux,4.69
3306,MongoDB,MongoDB version 1.2,Linux,4.65
3306,PostgreSQL,PostgreSQL version 6.7,Windows,4.56
3306,SMB,SMB version 9.6,Windows,5.52
3306,RDP,RDP version 6.2,Unix,6.29
80,LiteSpeed,LiteSpeed version 6.8,Windows,4.23
3306,MySQL,MySQL version 3.7,Unix,4.49
3306,SMB,SMB version 5.6,Unix,7.92
80,nginx,nginx version 6.0,Linux,7.14
3306,MySQL,MySQL version 2.4,Linux,3.24
3306,PostgreSQL,PostgreSQL version 5.1,Unix,3.91
80,nginx,nginx version 6.5,Windows,3.26
3306,SMB,SMB version 9.2,Unix,6.78
21,ProFTPD,ProFTPD version 4.9,Linux,5.69
3306,MySQL,MySQL version 5.4,Windows,4.86
3306,MongoDB,MongoDB version 2.1,Linux,6.16
21,vsftpd,vsftpd version 3.9,Unix,0.71
80,Apache,Apache version 7.4,Unix,5.24
80,nginx,nginx version 1.6,Unix,3.81
21,vsftpd,vsftpd version 2.8,Linux,5.19
3306,MariaDB,MariaDB version 3.4,Unix,3.16
21,ProFTPD,ProFTPD version 8.2,Unix,8.29
3306,SMB,SMB version 8.1,Unix,7.87
3306,MariaDB,MariaDB version 1.3,Unix,5.35
22,OpenSSH,OpenSSH version 5.7,Unix,5.69
80,nginx,nginx version 8.1,Unix,3.38
80,Apache,Apache version 8.7,Linux,3.57
3306,Redis,Redis version 2.0,Unix,5.63
22,OpenSSH,OpenSSH version 9.4,Windows,3.35
3306,MongoDB,MongoDB version 9.7,Windows,6.67
3306,MySQL,MySQL version 7.5,Windows,4.01
3306,MongoDB,MongoDB version 5.4,Unix,5.25
3306,RDP,RDP version 8.5,Unix,9.65
3306,Redis,Redis version 8.3,Linux,3.44
80,nginx,nginx version 6.1,Linux,4.6
3306,RDP,RDP version 9.1,Unix,8.08
3306,PostgreSQL,PostgreSQL version 8.8,Windows,5.93
80,LiteSpeed,LiteSpeed version 7.6,Unix,4.01
21,ProFTPD,ProFTPD version 7.5,Unix,5.72
3306,Redis,Redis version 5.1,Linux,4.15
80,LiteSpeed,LiteSpeed version 6.7,Windows,6.67
80,nginx,nginx version 1.5,Windows,4.08
80,LiteSpeed,LiteSpeed version 6.5,Linux,4.62
3306,MySQL,MySQL version 4.1,Linux,3.86
3306,PostgreSQL,PostgreSQL version 9.6,Unix,5.56
3306,RDP,RDP version 4.4,Windows,6.73
3306,MariaDB,MariaDB version 7.2,Windows,2.99
80,LiteSpeed,LiteSpeed version 6.7,Unix,3.05
22,OpenSSH,OpenSSH version 9.0,Linux,1.5
3306,MongoDB,MongoDB version 2.6,Linux,3.25
22,OpenSSH,OpenSSH version 3.6,Linux,5.69
80,nginx,nginx version 6.0,Windows,6.49
21,vsftpd,vsftpd version 8.1,Unix,5.53
3306,MongoDB,MongoDB version 5.1,Linux,5.33
3306,PostgreSQL,PostgreSQL version 6.7,Windows,4.31
22,OpenSSH,OpenSSH version 8.3,Unix,5.66
3306,MongoDB,MongoDB version 7.6,Windows,4.93
80,nginx,nginx version 3.7,Linux,7.21
80,LiteSpeed,LiteSpeed version 3.1,Unix,4.35
21,ProFTPD,ProFTPD version 7.4,Windows,8.51
3306,RDP,RDP version 2.1,Linux,7.81
22,OpenSSH,OpenSSH version 1.5,Linux,5.6
80,LiteSpeed,LiteSpeed version 5.0,Linux,1.48
80,Apache,Apache version 4.9,Linux,5.89
3306,MariaDB,MariaDB version 1.7,Linux,4.31
3306,MySQL,MySQL version 1.8,Unix,3.83
3306,MongoDB,MongoDB version 7.7,Unix,2.28
3306,MariaDB,MariaDB version 1.0,Linux,4.49
3306,MongoDB,MongoDB version 4.3,Linux,4.55
3306,MariaDB,MariaDB version 6.5,Windows,2.55
3306,Redis,Redis version 4.3,Windows,2.29
3306,MongoDB,MongoDB version 9.5,Windows,5.23
80,Apache,Apache version 4.1,Unix,5.81
21,vsftpd,vsftpd version 4.0,Linux,4.79
3306,Redis,Redis version 1.3,Unix,6.23
21,vsftpd,vsftpd version 7.7,Windows,4.37
3306,SMB,SMB version 5.4,Linux,6.42
3306,Redis,Redis version 8.7,Unix,3.12
3306,RDP,RDP version 7.0,Windows,4.16
3306,MySQL,MySQL version 1.5,Windows,7.28
3306,Redis,Redis version 9.4,Windows,6.2
80,Apache,Apache version 5.1,Unix,2.41
80,LiteSpeed,LiteSpeed version 1.3,Linux,4.73
3306,MongoDB,MongoDB version 6.1,Unix,4.35
3306,SMB,SMB version 2.4,Linux,6.09
3306,RDP,RDP version 9.3,Linux,5.89
3306,RDP,RDP version 5.3,Windows,7.07
80,nginx,nginx version 7.4,Linux,5.73
3306,PostgreSQL,PostgreSQL version 4.0,Windows,5.1
80,LiteSpeed,LiteSpeed version 8.2,Unix,4.32
3306,SMB,SMB version 8.5,Linux,6.26
80,nginx,nginx version 8.9,Windows,5.91
80,Apache,Apache version 5.7,Unix,5.2
3306,SMB,SMB version 5.9,Unix,6.61
80,nginx,nginx version 4.8,Linux,4.45
22,OpenSSH,OpenSSH version 2.4,Unix,5.02
3306,MariaDB,MariaDB version 9.7,Linux,3.8
3306,RDP,RDP version 1.1,Windows,7.73
80,nginx,nginx version 5.7,Windows,2.89
3306,Redis,Redis version 4.7,Windows,3.88
3306,MySQL,MySQL version 1.7,Windows,5.42
3306,MariaDB,MariaDB version 6.5,Unix,2.8
80,nginx,nginx version 7.1,Linux,2.14
80,Apache,Apache version 1.4,Linux,4.59
3306,MySQL,MySQL version 1.0,Linux,1.96
80,nginx,nginx version 9.9,Unix,2.55
3306,MariaDB,MariaDB version 2.9,Windows,5.63
22,OpenSSH,OpenSSH version 6.6,Unix,4.19
3306,Redis,Redis version 2.7,Windows,6.43
3306,MariaDB,MariaDB version 6.7,Windows,2.69
80,nginx,nginx version 2.4,Unix,4.36
3306,RDP,RDP version 1.7,Linux,7.1
21,vsftpd,vsftpd version 5.1,Unix,2.74
80,nginx,nginx version 1.9,Windows,6.05
80,Apache,Apache version 8.9,Windows,5.27
3306,MySQL,MySQL version 6.1,Unix,2.09
3306,MongoDB,MongoDB version 8.2,Unix,4.44
21,ProFTPD,ProFTPD version 1.2,Linux,7.08
3306,RDP,RDP version 6.7,Unix,5.61
3306,SMB,SMB version 5.7,Windows,4.28
3306,RDP,RDP version 5.4,Linux,6.92
3306,Redis,Redis version 9.3,Windows,7.82
3306,Redis,Redis version 4.2,Linux,3.92
3306,MongoDB,MongoDB version 9.3,Unix,6.85
3306,MariaDB,MariaDB version 5.4,Windows,3.37
22,OpenSSH,OpenSSH version 2.2,Linux,4.82
80,Apache,Apache version 8.2,Windows,5.66
3306,SMB,SMB version 1.4,Linux,6.49
80,Apache,Apache version 1.8,Unix,4.05
3306,MongoDB,MongoDB version 1.3,Unix,5.59
21,ProFTPD,ProFTPD version 2.9,Linux,9.34
22,OpenSSH,OpenSSH version 7.1,Windows,4.95
80,Apache,Apache version 9.4,Unix,3.73
80,LiteSpeed,LiteSpeed version 9.7,Windows,4.22
80,Apache,Apache version 1.1,Windows,8.28
80,Apache,Apache version 4.2,Windows,4.7
80,nginx,nginx version 9.7,Unix,3.61
3306,MySQL,MySQL version 3.7,Windows,2.78
21,vsftpd,vsftpd version 4.9,Unix,1.76
21,vsftpd,vsftpd version 2.3,Windows,5.05
21,ProFTPD,ProFTPD version 9.8,Linux,7.48
3306,RDP,RDP version 6.2,Unix,5.9
22,OpenSSH,OpenSSH version 3.9,Windows,4.48
80,Apache,Apache version 7.1,Windows,2.74
3306,SMB,SMB version 7.2,Unix,6.7
80,Apache,Apache version 9.1,Windows,5.22
22,OpenSSH,OpenSSH version 1.5,Windows,3.7
80,LiteSpeed,LiteSpeed version 2.3,Linux,7.04
3306,SMB,SMB version 9.6,Windows,5.24
3306,MongoDB,MongoDB version 8.0,Unix,4.93
3306,SMB,SMB version 9.2,Linux,7.77
80,nginx,nginx version 2.0,Linux,4.38
3306,MySQL,MySQL version 8.5,Windows,4.22
3306,PostgreSQL,PostgreSQL version 5.9,Windows,2.36
3306,MariaDB,MariaDB version 7.9,Unix,6.54
22,OpenSSH,OpenSSH version 9.2,Linux,4.25
3306,MySQL,MySQL version 8.6,Linux,5.31
22,OpenSSH,OpenSSH version 2.8,Linux,5.51
3306,SMB,SMB version 9.7,Linux,5.56
80,LiteSpeed,LiteSpeed version 6.7,Windows,4.2
22,OpenSSH,OpenSSH version 3.1,Unix,6.5
80,Apache,Apache version 4.4,Unix,2.82
3306,RDP,RDP version 7.4,Linux,9.69
80,nginx,nginx version 5.1,Windows,3.38
3306,MongoDB,MongoDB version 9.2,Unix,2.73
3306,RDP,RDP version 3.2,Linux,6.7
3306,MariaDB,MariaDB version 1.5,Unix,7.81
3306,Redis,Redis version 1.1,Unix,1.63
3306,MySQL,MySQL version 9.3,Windows,4.29
3306,MariaDB,MariaDB version 5.9,Unix,5.21
3306,MongoDB,MongoDB version 1.2,Unix,4.55
21,vsftpd,vsftpd version 6.0,Unix,5.07
3306,SMB,SMB version 9.0,Windows,5.42
3306,SMB,SMB version 6.9,Linux,5.6
80,Apache,Apache version 7.9,Windows,4.28
21,vsftpd,vsftpd version 9.4,Unix,2.81
3306,MySQL,MySQL version 9.8,Unix,4.43
21,ProFTPD,ProFTPD version 2.9,Windows,5.92
3306,MariaDB,MariaDB version 8.1,Windows,3.79
3306,PostgreSQL,PostgreSQL version 6.3,Windows,4.98
3306,Redis,Redis version 8.4,Windows,1.77
3306,Redis,Redis version 4.5,Linux,4.16
3306,MariaDB,MariaDB version 8.1,Unix,7.98
3306,SMB,SMB version 9.7,Unix,4.87
3306,SMB,SMB version 2.1,Unix,8.43
3306,RDP,RDP version 3.9,Linux,6.58
80,Apache,Apache version 1.5,Unix,3.6
80,Apache,Apache version 2.2,Linux,2.52
80,Apache,Apache version 4.4,Windows,4.71
3306,MariaDB,MariaDB version 4.9,Unix,6.68
80,Apache,Apache version 9.1,Windows,3.92
3306,RDP,RDP version 8.0,Unix,6.38
21,ProFTPD,ProFTPD version 9.3,Windows,8.02
3306,Redis,Redis version 1.6,Linux,5.01
21,vsftpd,vsftpd version 6.0,Unix,2.14
3306,MySQL,MySQL version 1.8,Unix,4.65
3306,Redis,Redis version 1.3,Linux,6.77
3306,Redis,Redis version 1.1,Linux,4.44
3306,RDP,RDP version 3.3,Windows,2.39
80,Apache,Apache version 1.0,Windows,5.08
22,OpenSSH,OpenSSH version 3.6,Linux,4.2
3306,Redis,Redis version 1.5,Unix,1.76
3306,MySQL,MySQL version 8.3,Windows,1.98
3306,SMB,SMB version 5.5,Unix,7.96
3306,MariaDB,MariaDB version 8.4,Unix,3.4
3306,MongoDB,MongoDB version 9.7,Unix,3.14
80,nginx,nginx version 8.2,Unix,4.45
80,nginx,nginx version 8.7,Unix,3.53
3306,RDP,RDP version 3.5,Unix,6.65
80,Apache,Apache version 1.7,Windows,4.2
3306,PostgreSQL,PostgreSQL version 4.8,Unix,2.7
3306,MySQL,MySQL version 7.3,Linux,3.73
3306,Redis,Redis version 1.7,Windows,5.16
80,Apache,Apache version 9.3,Unix,4.56
3306,PostgreSQL,PostgreSQL version 2.7,Linux,4.38
3306,PostgreSQL,PostgreSQL version 2.8,Windows,7.41
22,OpenSSH,OpenSSH version 6.4,Unix,5.6
21,ProFTPD,ProFTPD version 1.3,Unix,7.78
3306,Redis,Redis version 1.8,Windows,4.25
22,OpenSSH,OpenSSH version 2.4,Linux,4.83
3306,MySQL,MySQL version 2.0,Windows,3.85
22,OpenSSH,OpenSSH version 1.8,Windows,5.67
80,Apache,Apache version 8.7,Unix,4.33
3306,MongoDB,MongoDB version 3.8,Unix,4.83
3306,PostgreSQL,PostgreSQL version 2.7,Linux,4.74
3306,SMB,SMB version 1.3,Windows,6.47
22,OpenSSH,OpenSSH version 8.8,Linux,8.91
80,LiteSpeed,LiteSpeed version 1.0,Linux,3.5
3306,MariaDB,MariaDB version 6.6,Windows,3.49
3306,SMB,SMB version 3.5,Unix,7.54
3306,RDP,RDP version 3.2,Unix,5.61
80,LiteSpeed,LiteSpeed version 4.1,Unix,4.06
3306,RDP,RDP version 5.2,Windows,4.87
3306,PostgreSQL,PostgreSQL version 2.8,Windows,5.24
3306,MariaDB,MariaDB version 8.4,Unix,5.26
3306,RDP,RDP version 5.1,Windows,6.03
3306,SMB,SMB version 8.5,Unix,7.57
3306,MySQL,MySQL version 3.2,Windows,1.71
3306,MariaDB,MariaDB version 7.9,Linux,3.44
3306,MongoDB,MongoDB version 9.0,Windows,4.25
21,vsftpd,vsftpd version 2.3,Linux,2.74
21,ProFTPD,ProFTPD version 4.3,Linux,3.88
80,nginx,nginx version 4.8,Linux,4.04
22,OpenSSH,OpenSSH version 1.1,Windows,5.54
3306,PostgreSQL,PostgreSQL version 8.6,Linux,6.42
80,Apache,Apache version 4.6,Unix,3.68
21,ProFTPD,ProFTPD version 5.4,Windows,7.6
21,ProFTPD,ProFTPD version 4.0,Linux,7.45
3306,MongoDB,MongoDB version 9.7,Unix,6.33
21,vsftpd,vsftpd version 4.8,Unix,3.97
3306,MySQL,MySQL version 1.6,Windows,1.8
22,OpenSSH,OpenSSH version 5.5,Unix,4.61
3306,PostgreSQL,PostgreSQL version 4.4,Linux,2.98
3306,Redis,Redis version 9.3,Unix,3.41
3306,PostgreSQL,PostgreSQL version 2.4,Linux,4.05
21,vsftpd,vsftpd version 6.4,Linux,3.99
3306,RDP,RDP version 2.1,Unix,6.71
21,ProFTPD,ProFTPD version 2.7,Windows,7.55
22,OpenSSH,OpenSSH version 6.7,Linux,3.95
3306,SMB,SMB version 1.7,Linux,7.09
3306,SMB,SMB version 4.6,Linux,6.52
80,nginx,nginx version 6.4,Unix,5.9
80,LiteSpeed,LiteSpeed version 6.0,Unix,4.22
3306,Redis,Redis version 1.5,Linux,4.38
3306,Redis,Redis version 5.0,Linux,3.94
21,vsftpd,vsftpd version 7.3,Linux,4.26
80,LiteSpeed,LiteSpeed version 7.3,Linux,3.32
21,ProFTPD,ProFTPD version 9.5,Unix,5.18
3306,RDP,RDP version 7.3,Linux,7.66
80,nginx,nginx version 3.7,Linux,2.88
21,ProFTPD,ProFTPD version 3.4,Linux,6.02
3306,SMB,SMB version 3.9,Windows,8.02
3306,PostgreSQL,PostgreSQL version 9.7,Unix,3.97
3306,Redis,Redis version 3.0,Windows,5.74
3306,RDP,RDP version 4.5,Linux,5.61
80,nginx,nginx version 3.8,Windows,2.92
3306,MariaDB,MariaDB version 9.8,Unix,2.11
3306,MariaDB,MariaDB version 2.3,Windows,6.47
21,ProFTPD,ProFTPD version 5.0,Windows,4.79
3306,MariaDB,MariaDB version 3.7,Windows,5.62
3306,PostgreSQL,PostgreSQL version 5.6,Windows,3.0
22,OpenSSH,OpenSSH version 1.1,Windows,6.48
3306,MariaDB,MariaDB version 2.5,Unix,7.81
3306,PostgreSQL,PostgreSQL version 6.6,Linux,1.97
3306,PostgreSQL,PostgreSQL version 1.6,Unix,2.87
3306,MySQL,MySQL version 7.0,Linux,5.66
22,OpenSSH,OpenSSH version 5.3,Unix,5.27
3306,MongoDB,MongoDB version 1.5,Windows,5.67
21,ProFTPD,ProFTPD version 1.4,Linux,5.64
22,OpenSSH,OpenSSH version 9.8,Linux,7.48
80,LiteSpeed,LiteSpeed version 6.2,Linux,4.68
3306,Redis,Redis version 3.4,Linux,2.67
3306,MariaDB,MariaDB version 3.1,Windows,4.12
3306,Redis,Redis version 4.6,Windows,2.69
80,nginx,nginx version 9.8,Windows,6.89
3306,MongoDB,MongoDB version 1.5,Windows,3.51
3306,Redis,Redis version 2.4,Linux,5.24
3306,PostgreSQL,PostgreSQL version 3.7,Windows,3.79
80,LiteSpeed,LiteSpeed version 1.1,Linux,3.58
3306,MySQL,MySQL version 3.3,Unix,1.63
80,nginx,nginx version 7.1,Windows,5.4
80,LiteSpeed,LiteSpeed version 7.7,Windows,6.45
3306,Redis,Redis version 6.9,Unix,3.13
3306,RDP,RDP version 5.3,Linux,4.18
3306,PostgreSQL,PostgreSQL version 8.3,Unix,5.7
3306,SMB,SMB version 3.3,Windows,4.03
21,ProFTPD,ProFTPD version 8.3,Linux,8.33
80,nginx,nginx version 4.4,Windows,3.14
80,nginx,nginx version 1.2,Linux,2.85
3306,Redis,Redis version 8.2,Linux,4.87
3306,SMB,SMB version 8.1,Unix,4.94
3306,MySQL,MySQL version 9.5,Unix,3.44
21,ProFTPD,ProFTPD version 3.6,Windows,7.03
3306,MongoDB,MongoDB version 2.6,Unix,0.86
21,ProFTPD,ProFTPD version 1.5,Windows,8.96
22,OpenSSH,OpenSSH version 6.7,Unix,4.57
80,Apache,Apache version 6.2,Linux,2.56
3306,PostgreSQL,PostgreSQL version 3.5,Unix,2.97
3306,PostgreSQL,PostgreSQL version 5.3,Linux,5.99
21,ProFTPD,ProFTPD version 3.1,Unix,7.4
3306,MongoDB,MongoDB version 8.0,Linux,6.58
3306,Redis,Redis version 1.2,Windows,3.48
3306,MariaDB,MariaDB version 6.6,Windows,4.94
80,nginx,nginx version 6.8,Unix,5.14
3306,RDP,RDP version 9.0,Windows,7.54
3306,Redis,Redis version 4.3,Unix,6.19
3306,MongoDB,MongoDB version 1.1,Unix,3.42
3306,MySQL,MySQL version 8.9,Windows,4.33
3306,SMB,SMB version 4.4,Linux,5.58
3306,MongoDB,MongoDB version 9.0,Unix,4.42
22,OpenSSH,OpenSSH version 2.4,Unix,5.55
3306,SMB,SMB version 2.7,Linux,4.02
21,ProFTPD,ProFTPD version 6.9,Linux,8.16
80,Apache,Apache version 1.8,Windows,2.79
80,nginx,nginx version 7.4,Unix,4.04
80,nginx,nginx version 5.5,Linux,6.37
3306,MongoDB,MongoDB version 6.7,Unix,4.99
3306,MongoDB,MongoDB version 1.9,Windows,5.01
3306,MongoDB,MongoDB version 8.1,Linux,2.73
3306,MariaDB,MariaDB version 4.8,Unix,2.93
3306,Redis,Redis version 3.8,Windows,5.91
3306,Redis,Redis version 3.0,Unix,3.62
22,OpenSSH,OpenSSH version 1.8,Unix,3.76
3306,MongoDB,MongoDB version 4.2,Windows,5.95
3306,MongoDB,MongoDB version 6.5,Windows,2.93
80,nginx,nginx version 4.3,Windows,4.9
80,Apache,Apache version 5.6,Windows,4.56
3306,SMB,SMB version 1.7,Windows,6.5
3306,MySQL,MySQL version 9.2,Linux,3.72
3306,SMB,SMB version 5.0,Unix,5.63
21,ProFTPD,ProFTPD version 5.0,Linux,4.88
3306,MongoDB,MongoDB version 6.2,Linux,5.22
21,ProFTPD,ProFTPD version 4.9,Unix,5.5
3306,MongoDB,MongoDB version 4.0,Unix,5.95
3306,PostgreSQL,PostgreSQL version 8.6,Unix,4.16
3306,PostgreSQL,PostgreSQL version 3.6,Linux,2.91
80,LiteSpeed,LiteSpeed version 1.4,Linux,4.14
3306,Redis,Redis version 5.1,Linux,3.88
3306,MariaDB,MariaDB version 7.1,Linux,6.01
21,ProFTPD,ProFTPD version 9.3,Windows,5.95
80,Apache,Apache version 5.2,Windows,4.09
3306,Redis,Redis version 2.3,Unix,6.62
80,LiteSpeed,LiteSpeed version 9.4,Unix,5.26
3306,MySQL,MySQL version 2.1,Unix,6.99
3306,Redis,Redis version 8.4,Unix,6.39
3306,Redis,Redis version 6.1,Linux,3.17
80,LiteSpeed,LiteSpeed version 2.0,Windows,5.98
3306,Redis,Redis version 6.8,Unix,6.79
80,Apache,Apache version 5.0,Unix,6.8
80,LiteSpeed,LiteSpeed version 7.6,Unix,5.98
3306,MySQL,MySQL version 8.2,Linux,5.95
80,LiteSpeed,LiteSpeed version 7.8,Linux,4.05
3306,MySQL,MySQL version 7.5,Windows,3.24
22,OpenSSH,OpenSSH version 8.8,Unix,3.97
3306,PostgreSQL,PostgreSQL version 2.4,Unix,2.0
3306,SMB,SMB version 1.7,Unix,8.51
22,OpenSSH,OpenSSH version 4.5,Unix,4.08
3306,RDP,RDP version 3.8,Unix,8.44
80,LiteSpeed,LiteSpeed version 6.5,Unix,2.65
80,LiteSpeed,LiteSpeed version 8.8,Linux,6.12
3306,RDP,RDP version 5.6,Linux,5.76
21,vsftpd,vsftpd version 2.8,Unix,2.57
3306,PostgreSQL,PostgreSQL version 1.1,Linux,6.94
3306,SMB,SMB version 7.9,Linux,8.16
3306,MySQL,MySQL version 8.8,Linux,4.82
3306,MariaDB,MariaDB version 7.3,Linux,4.55
21,vsftpd,vsftpd version 1.2,Linux,5.16
3306,MariaDB,MariaDB version 5.6,Unix,4.79
3306,Redis,Redis version 7.9,Windows,3.31
3306,RDP,RDP version 4.9,Windows,5.88
80,nginx,nginx version 2.3,Windows,7.44
3306,MariaDB,MariaDB version 2.6,Unix,8.51
80,Apache,Apache version 4.4,Linux,6.84
22,OpenSSH,OpenSSH version 2.8,Unix,5.22
21,ProFTPD,ProFTPD version 1.6,Unix,5.99
3306,MariaDB,MariaDB version 1.7,Unix,3.3
3306,SMB,SMB version 6.2,Unix,5.4
80,LiteSpeed,LiteSpeed version 2.5,Linux,3.67
21,vsftpd,vsftpd version 5.4,Windows,7.73
22,OpenSSH,OpenSSH version 5.2,Windows,7.21
80,nginx,nginx version 2.5,Windows,5.62
3306,MariaDB,MariaDB version 4.3,Windows,3.06
80,nginx,nginx version 6.6,Linux,5.84
3306,SMB,SMB version 7.1,Unix,6.14
22,OpenSSH,OpenSSH version 2.6,Windows,1.27
3306,Redis,Redis version 2.7,Unix,4.93
80,LiteSpeed,LiteSpeed version 5.9,Linux,3.24
3306,RDP,RDP version 9.4,Windows,5.29
80,LiteSpeed,LiteSpeed version 7.5,Linux,4.12
3306,MariaDB,MariaDB version 7.5,Unix,3.75
21,ProFTPD,ProFTPD version 2.6,Windows,6.45
3306,MySQL,MySQL version 4.6,Linux,4.38
21,vsftpd,vsftpd version 3.0,Unix,1.69
3306,RDP,RDP version 7.5,Windows,8.78
21,vsftpd,vsftpd version 9.4,Unix,3.02
3306,RDP,RDP version 4.3,Linux,5.07
21,ProFTPD,ProFTPD version 3.4,Unix,6.01
3306,PostgreSQL,PostgreSQL version 5.2,Unix,4.34
21,vsftpd,vsftpd version 2.2,Linux,6.69
3306,SMB,SMB version 4.9,Windows,6.9
3306,PostgreSQL,PostgreSQL version 9.8,Windows,5.35
80,Apache,Apache version 2.3,Windows,4.91
21,ProFTPD,ProFTPD version 8.2,Linux,6.85
3306,MySQL,MySQL version 1.6,Windows,4.96
3306,Redis,Redis version 5.3,Linux,1.6
3306,PostgreSQL,PostgreSQL version 8.3,Unix,4.13
21,vsftpd,vsftpd version 3.5,Unix,6.24
3306,RDP,RDP version 3.3,Unix,10.0
3306,PostgreSQL,PostgreSQL version 6.7,Windows,2.69
3306,MongoDB,MongoDB version 9.8,Linux,5.13
21,ProFTPD,ProFTPD version 9.1,Linux,5.64
80,LiteSpeed,LiteSpeed version 2.0,Windows,7.57
3306,RDP,RDP version 4.2,Linux,4.47
21,vsftpd,vsftpd version 9.3,Unix,5.44
80,Apache,Apache version 9.3,Unix,2.39
80,LiteSpeed,LiteSpeed version 2.1,Linux,4.02
21,vsftpd,vsftpd version 6.1,Linux,4.45
80,LiteSpeed,LiteSpeed version 9.2,Windows,6.1
3306,MySQL,MySQL version 8.1,Unix,2.88
22,OpenSSH,OpenSSH version 6.9,Windows,5.5
21,vsftpd,vsftpd version 6.9,Linux,4.53
80,LiteSpeed,LiteSpeed version 4.5,Linux,4.91
3306,MySQL,MySQL version 3.9,Windows,5.94
80,LiteSpeed,LiteSpeed version 7.5,Windows,2.58
3306,SMB,SMB version 9.0,Windows,7.72
80,LiteSpeed,LiteSpeed version 8.2,Unix,3.65
22,OpenSSH,OpenSSH version 8.5,Linux,6.14
3306,MongoDB,MongoDB version 2.4,Linux,5.0
80,Apache,Apache version 7.4,Windows,4.19
3306,SMB,SMB version 7.9,Unix,5.61
3306,MySQL,MySQL version 6.6,Unix,5.73
3306,MongoDB,MongoDB version 1.4,Linux,6.39
3306,PostgreSQL,PostgreSQL version 4.3,Unix,3.7
3306,MySQL,MySQL version 1.4,Windows,2.8
3306,MongoDB,MongoDB version 4.1,Windows,5.54
3306,MariaDB,MariaDB version 3.6,Linux,2.33
3306,SMB,SMB version 1.8,Linux,4.54
3306,SMB,SMB version 1.7,Windows,4.91
3306,Redis,Redis version 5.4,Windows,3.88
3306,PostgreSQL,PostgreSQL version 6.2,Linux,2.5
3306,MongoDB,MongoDB version 7.1,Windows,1.59
3306,MongoDB,MongoDB version 3.3,Unix,2.8
3306,SMB,SMB version 5.7,Linux,7.46
3306,MySQL,MySQL version 6.7,Unix,2.59
3306,SMB,SMB version 9.4,Unix,5.99
21,vsftpd,vsftpd version 6.0,Unix,7.42
3306,MySQL,MySQL version 9.8,Unix,4.43
21,vsftpd,vsftpd version 5.9,Linux,5.01
3306,MariaDB,MariaDB version 7.0,Windows,3.08
80,Apache,Apache version 3.6,Unix,7.75
80,Apache,Apache version 7.2,Unix,3.69
3306,PostgreSQL,PostgreSQL version 2.7,Unix,4.16
80,LiteSpeed,LiteSpeed version 1.6,Unix,6.48
3306,MySQL,MySQL version 5.5,Linux,4.23
3306,RDP,RDP version 1.0,Linux,6.57
21,vsftpd,vsftpd version 9.6,Linux,4.08
3306,PostgreSQL,PostgreSQL version 5.3,Unix,4.09
3306,MongoDB,MongoDB version 4.4,Unix,5.06
3306,SMB,SMB version 4.6,Windows,7.33
3306,PostgreSQL,PostgreSQL version 7.3,Unix,3.54
3306,PostgreSQL,PostgreSQL version 2.5,Windows,3.35
3306,MariaDB,MariaDB version 2.9,Windows,3.59
3306,MongoDB,MongoDB version 3.3,Windows,2.4
3306,RDP,RDP version 7.1,Windows,4.11
21,ProFTPD,ProFTPD version 3.8,Unix,6.95
21,vsftpd,vsftpd version 3.1,Linux,5.91
80,Apache,Apache version 8.7,Linux,5.81
21,vsftpd,vsftpd version 2.5,Linux,0.93
80,nginx,nginx version 6.6,Unix,4.13
21,vsftpd,vsftpd version 3.4,Unix,2.85
22,OpenSSH,OpenSSH version 5.0,Unix,4.72
80,Apache,Apache version 1.3,Unix,3.87
22,OpenSSH,OpenSSH version 1.3,Linux,5.39
80,Apache,Apache version 3.9,Windows,4.47
21,vsftpd,vsftpd version 6.4,Unix,1.66
3306,RDP,RDP version 8.7,Windows,5.05
80,Apache,Apache version 6.0,Windows,4.51
22,OpenSSH,OpenSSH version 8.3,Windows,4.64
3306,SMB,SMB version 7.8,Windows,4.39
22,OpenSSH,OpenSSH version 5.4,Windows,2.2
22,OpenSSH,OpenSSH version 9.5,Unix,4.58
3306,PostgreSQL,PostgreSQL version 6.6,Linux,2.39
3306,PostgreSQL,PostgreSQL version 5.9,Linux,2.0
3306,PostgreSQL,PostgreSQL version 9.2,Linux,3.83
22,OpenSSH,OpenSSH version 4.5,Windows,3.77
3306,MongoDB,MongoDB version 6.9,Unix,3.18
80,Apache,Apache version 4.2,Windows,3.44
21,vsftpd,vsftpd version 5.1,Unix,4.52
80,Apache,Apache version 8.4,Linux,3.42
3306,RDP,RDP version 6.4,Linux,6.61
3306,PostgreSQL,PostgreSQL version 6.1,Unix,3.93
3306,PostgreSQL,PostgreSQL version 6.3,Linux,4.75
3306,MongoDB,MongoDB version 1.6,Unix,5.82
3306,MariaDB,MariaDB version 2.0,Linux,5.76
80,LiteSpeed,LiteSpeed version 2.5,Unix,6.43
80,LiteSpeed,LiteSpeed version 9.5,Windows,5.76
21,ProFTPD,ProFTPD version 5.1,Linux,6.86
22,OpenSSH,OpenSSH version 9.5,Windows,3.85
21,ProFTPD,ProFTPD version 2.5,Windows,5.92
80,LiteSpeed,LiteSpeed version 9.6,Unix,3.18
80,LiteSpeed,LiteSpeed version 9.3,Windows,4.51
3306,MariaDB,MariaDB version 6.0,Unix,5.55
21,vsftpd,vsftpd version 3.0,Unix,3.41
80,Apache,Apache version 3.4,Windows,4.44
21,ProFTPD,ProFTPD version 2.1,Windows,5.48
22,OpenSSH,OpenSSH version 9.3,Linux,4.81
3306,MongoDB,MongoDB version 7.5,Windows,3.68
3306,Redis,Redis version 8.1,Unix,3.39
3306,MongoDB,MongoDB version 4.5,Linux,3.48
22,OpenSSH,OpenSSH version 1.3,Windows,5.25
21,ProFTPD,ProFTPD version 1.4,Linux,6.35
21,ProFTPD,ProFTPD version 1.8,Unix,5.86
3306,Redis,Redis version 3.5,Unix,4.89
80,nginx,nginx version 8.0,Linux,3.88
3306,MySQL,MySQL version 4.9,Unix,6.19
80,nginx,nginx version 9.2,Unix,3.04
21,ProFTPD,ProFTPD version 5.7,Unix,6.22
3306,SMB,SMB version 2.9,Unix,4.39
3306,MariaDB,MariaDB version 2.5,Linux,3.98
80,nginx,nginx version 9.9,Unix,1.98
3306,MongoDB,MongoDB version 7.2,Unix,5.62
3306,MongoDB,MongoDB version 8.9,Linux,5.65
3306,Redis,Redis version 7.1,Windows,5.68
3306,MariaDB,MariaDB version 6.8,Unix,4.54
3306,RDP,RDP version 1.6,Windows,5.18
3306,MariaDB,MariaDB version 4.7,Linux,3.3
80,nginx,nginx version 1.2,Unix,6.8
80,LiteSpeed,LiteSpeed version 5.4,Linux,6.65
21,vsftpd,vsftpd version 6.2,Unix,4.68
80,nginx,nginx version 2.9,Windows,3.73
3306,MySQL,MySQL version 8.5,Linux,6.55
21,vsftpd,vsftpd version 2.5,Linux,3.46
3306,MongoDB,MongoDB version 9.6,Linux,4.84
80,Apache,Apache version 1.3,Unix,6.53
3306,RDP,RDP version 1.4,Windows,5.25
3306,SMB,SMB version 7.4,Windows,7.74
80,nginx,nginx version 3.5,Linux,5.28
3306,MongoDB,MongoDB version 5.6,Unix,4.44
3306,MySQL,MySQL version 9.2,Unix,3.01
3306,Redis,Redis version 5.9,Windows,3.41
22,OpenSSH,OpenSSH version 5.2,Linux,4.93
80,LiteSpeed,LiteSpeed version 2.5,Linux,2.36
21,vsftpd,vsftpd version 4.9,Unix,4.7
22,OpenSSH,OpenSSH version 1.8,Windows,5.31
3306,MongoDB,MongoDB version 3.6,Unix,5.98
3306,MySQL,MySQL version 3.5,Linux,2.4
3306,Redis,Redis version 8.2,Linux,6.47
21,ProFTPD,ProFTPD version 1.4,Windows,9.04
3306,RDP,RDP version 2.8,Unix,7.12
22,OpenSSH,OpenSSH version 9.0,Windows,2.94
3306,RDP,RDP version 8.2,Linux,6.01
21,vsftpd,vsftpd version 4.9,Unix,4.43
3306,MariaDB,MariaDB version 4.3,Linux,4.91
3306,Redis,Redis version 9.6,Linux,4.53
3306,MySQL,MySQL version 6.5,Windows,4.92
21,vsftpd,vsftpd version 9.6,Unix,4.36
3306,Redis,Redis version 6.4,Windows,4.9
3306,MongoDB,MongoDB version 5.6,Unix,3.81
21,vsftpd,vsftpd version 9.0,Unix,3.99
3306,SMB,SMB version 2.9,Linux,5.64
21,vsftpd,vsftpd version 9.7,Linux,7.38
3306,MongoDB,MongoDB version 7.0,Windows,6.7
3306,SMB,SMB version 5.9,Windows,7.33
80,LiteSpeed,LiteSpeed version 9.6,Unix,6.49
3306,MariaDB,MariaDB version 7.6,Linux,5.7
21,ProFTPD,ProFTPD version 5.5,Unix,6.77
21,ProFTPD,ProFTPD version 1.3,Windows,4.24
3306,MariaDB,MariaDB version 4.5,Unix,4.11
80,Apache,Apache version 3.9,Windows,4.0
22,OpenSSH,OpenSSH version 2.2,Windows,2.8
3306,MariaDB,MariaDB version 1.2,Unix,2.27
3306,Redis,Redis version 7.4,Linux,5.24
21,ProFTPD,ProFTPD version 2.6,Unix,6.99
80,nginx,nginx version 8.3,Windows,2.75
3306,PostgreSQL,PostgreSQL version 9.7,Linux,3.38
3306,PostgreSQL,PostgreSQL version 2.3,Windows,6.24
3306,PostgreSQL,PostgreSQL version 4.6,Windows,3.18
21,ProFTPD,ProFTPD version 7.0,Windows,6.76
80,Apache,Apache version 3.8,Linux,4.22
80,LiteSpeed,LiteSpeed version 2.6,Unix,5.26
3306,RDP,RDP version 9.3,Linux,5.22
21,vsftpd,vsftpd version 5.3,Linux,4.64
3306,MySQL,MySQL version 1.5,Windows,4.75
21,vsftpd,vsftpd version 5.3,Linux,4.85
3306,MariaDB,MariaDB version 2.1,Linux,4.62
3306,RDP,RDP version 2.9,Linux,7.02
80,LiteSpeed,LiteSpeed version 3.3,Windows,7.79
3306,RDP,RDP version 4.6,Unix,10.0
80,nginx,nginx version 3.2,Windows,3.54
3306,SMB,SMB version 7.2,Windows,3.02
21,ProFTPD,ProFTPD version 9.0,Windows,7.39
80,Apache,Apache version 6.9,Linux,4.78
3306,SMB,SMB version 1.2,Windows,8.09
22,OpenSSH,OpenSSH version 9.6,Windows,4.93
3306,MySQL,MySQL version 5.7,Unix,4.59
3306,SMB,SMB version 7.1,Linux,8.19
3306,MySQL,MySQL version 8.3,Windows,6.4
21,vsftpd,vsftpd version 5.6,Linux,2.42
3306,Redis,Redis version 9.1,Windows,3.28
80,nginx,nginx version 5.4,Linux,4.34
80,LiteSpeed,LiteSpeed version 9.5,Windows,4.65
3306,RDP,RDP version 3.2,Linux,6.16
3306,RDP,RDP version 6.8,Windows,7.15
80,nginx,nginx version 7.0,Linux,5.99
3306,MongoDB,MongoDB version 5.7,Linux,7.08
3306,MariaDB,MariaDB version 1.0,Windows,5.37
3306,Redis,Redis version 1.7,Linux,3.22
80,nginx,nginx version 1.3,Windows,4.28
3306,MariaDB,MariaDB version 8.3,Unix,4.39
3306,PostgreSQL,PostgreSQL version 3.0,Unix,5.27
80,Apache,Apache version 9.8,Unix,5.08
3306,MongoDB,MongoDB version 6.3,Linux,7.58
21,ProFTPD,ProFTPD version 8.4,Windows,5.81
80,Apache,Apache version 5.3,Unix,5.08
3306,SMB,SMB version 1.9,Unix,10.0
3306,MariaDB,MariaDB version 6.4,Unix,3.62
3306,MySQL,MySQL version 6.5,Unix,4.72
80,nginx,nginx version 8.3,Windows,3.08
80,nginx,nginx version 5.4,Windows,4.62
3306,Redis,Redis version 6.3,Unix,3.33
80,Apache,Apache version 5.3,Unix,6.07
3306,MongoDB,MongoDB version 4.6,Linux,4.72
3306,MySQL,MySQL version 2.2,Windows,3.1
3306,RDP,RDP version 6.2,Unix,7.76
3306,Redis,Redis version 1.5,Linux,4.77
3306,MySQL,MySQL version 8.8,Linux,5.93
3306,MongoDB,MongoDB version 6.1,Linux,2.78
3306,RDP,RDP version 2.6,Linux,7.05
3306,Redis,Redis version 7.8,Linux,5.66
21,ProFTPD,ProFTPD version 1.5,Linux,5.86
22,OpenSSH,OpenSSH version 2.0,Linux,2.61
21,ProFTPD,ProFTPD version 7.6,Linux,6.44
21,ProFTPD,ProFTPD version 6.7,Windows,8.34
3306,PostgreSQL,PostgreSQL version 1.5,Linux,6.19
3306,MariaDB,MariaDB version 3.2,Linux,3.86
3306,Redis,Redis version 4.1,Windows,2.58
3306,MySQL,MySQL version 1.0,Unix,3.85
3306,MySQL,MySQL version 6.5,Linux,3.8
3306,Redis,Redis version 6.1,Linux,5.17
3306,MariaDB,MariaDB version 5.5,Unix,4.34
3306,MongoDB,MongoDB version 9.3,Windows,3.37
3306,Redis,Redis version 7.4,Linux,6.16
21,ProFTPD,ProFTPD version 5.6,Windows,6.71
80,Apache,Apache version 4.0,Unix,5.15
3306,SMB,SMB version 2.3,Windows,3.91
3306,Redis,Redis version 4.0,Unix,0.86
3306,Redis,Redis version 4.4,Unix,2.34
3306,PostgreSQL,PostgreSQL version 8.8,Linux,3.78
3306,MariaDB,MariaDB version 9.0,Windows,5.36
3306,Redis,Redis version 1.2,Unix,0.99
21,ProFTPD,ProFTPD version 3.0,Windows,8.89
21,vsftpd,vsftpd version 8.4,Unix,4.76
3306,MySQL,MySQL version 7.9,Linux,6.54
22,OpenSSH,OpenSSH version 7.0,Unix,3.17
21,vsftpd,vsftpd version 1.6,Linux,5.26
3306,MySQL,MySQL version 9.7,Windows,4.63
80,LiteSpeed,LiteSpeed version 6.6,Windows,5.73
80,nginx,nginx version 2.1,Linux,4.15
80,Apache,Apache version 2.8,Windows,5.21
3306,PostgreSQL,PostgreSQL version 8.3,Unix,6.15
3306,MongoDB,MongoDB version 5.2,Linux,3.52
80,LiteSpeed,LiteSpeed version 4.1,Windows,4.86
3306,PostgreSQL,PostgreSQL version 3.1,Windows,1.67
3306,MongoDB,MongoDB version 7.3,Linux,5.55
3306,MongoDB,MongoDB version 8.0,Linux,7.43
3306,MySQL,MySQL version 3.2,Windows,2.63
80,Apache,Apache version 7.6,Windows,4.36
21,ProFTPD,ProFTPD version 8.1,Windows,7.82
3306,MariaDB,MariaDB version 6.1,Windows,4.55
80,LiteSpeed,LiteSpeed version 5.2,Unix,4.75
3306,Redis,Redis version 1.1,Windows,3.91
21,vsftpd,vsftpd version 3.7,Unix,3.86
80,Apache,Apache version 5.2,Windows,4.37
22,OpenSSH,OpenSSH version 9.2,Windows,4.56
3306,MongoDB,MongoDB version 6.7,Unix,2.73
3306,MongoDB,MongoDB version 5.1,Linux,4.4
3306,MySQL,MySQL version 4.3,Windows,6.85
80,nginx,nginx version 3.1,Linux,3.87
3306,PostgreSQL,PostgreSQL version 3.2,Windows,2.64
3306,RDP,RDP version 8.4,Unix,6.27
3306,MariaDB,MariaDB version 6.8,Unix,3.43
3306,Redis,Redis version 8.7,Unix,2.49
3306,RDP,RDP version 9.3,Unix,6.71
3306,Redis,Redis version 7.3,Windows,3.43
3306,SMB,SMB version 6.0,Windows,5.56
3306,PostgreSQL,PostgreSQL version 8.9,Unix,4.73
21,vsftpd,vsftpd version 1.7,Linux,2.2
3306,MySQL,MySQL version 9.3,Windows,1.89
3306,MySQL,MySQL version 2.4,Unix,5.51
3306,SMB,SMB version 2.7,Unix,3.6
80,nginx,nginx version 3.7,Linux,3.03
21,vsftpd,vsftpd version 9.4,Unix,1.8
3306,RDP,RDP version 7.7,Windows,5.77
3306,MongoDB,MongoDB version 2.8,Windows,5.14
80,LiteSpeed,LiteSpeed version 4.5,Linux,4.67
3306,MongoDB,MongoDB version 3.9,Unix,8.09
22,OpenSSH,OpenSSH version 2.1,Windows,6.13
3306,MySQL,MySQL version 7.8,Windows,3.1
21,ProFTPD,ProFTPD version 8.1,Linux,4.7
80,nginx,nginx version 3.6,Unix,8.56
3306,RDP,RDP version 1.6,Windows,8.09
3306,PostgreSQL,PostgreSQL version 8.5,Linux,5.38
3306,MongoDB,MongoDB version 2.3,Linux,4.61
21,ProFTPD,ProFTPD version 8.6,Unix,6.91
3306,PostgreSQL,PostgreSQL version 6.9,Windows,2.28
21,ProFTPD,ProFTPD version 2.4,Unix,6.74
3306,Redis,Redis version 4.3,Unix,4.61
80,LiteSpeed,LiteSpeed version 6.8,Linux,3.14
3306,MySQL,MySQL version 1.1,Linux,3.69
21,vsftpd,vsftpd version 8.3,Windows,6.77
80,LiteSpeed,LiteSpeed version 7.2,Unix,4.31
22,OpenSSH,OpenSSH version 2.2,Unix,7.61
3306,MySQL,MySQL version 4.8,Linux,1.89
3306,MongoDB,MongoDB version 7.2,Windows,3.72
3306,MariaDB,MariaDB version 6.2,Linux,2.18
3306,MySQL,MySQL version 8.4,Unix,2.69
3306,SMB,SMB version 9.3,Linux,5.26
3306,MariaDB,MariaDB version 1.6,Unix,4.97
80,Apache,Apache version 7.6,Unix,4.9
3306,MySQL,MySQL version 4.1,Unix,3.48
3306,PostgreSQL,PostgreSQL version 9.6,Windows,1.16
3306,MySQL,MySQL version 3.2,Windows,6.72
80,LiteSpeed,LiteSpeed version 4.7,Unix,4.07
21,ProFTPD,ProFTPD version 1.0,Windows,4.83
80,Apache,Apache version 6.7,Unix,4.91
21,vsftpd,vsftpd version 3.3,Linux,4.81
3306,MySQL,MySQL version 7.6,Linux,4.02
3306,PostgreSQL,PostgreSQL version 3.6,Windows,4.72
80,nginx,nginx version 3.9,Unix,2.77
3306,MariaDB,MariaDB version 8.6,Windows,5.64
3306,MySQL,MySQL version 1.9,Linux,3.0
3306,Redis,Redis version 2.9,Unix,3.59
21,ProFTPD,ProFTPD version 1.9,Unix,7.47
3306,MongoDB,MongoDB version 7.0,Linux,6.31
3306,RDP,RDP version 4.6,Linux,8.88
80,nginx,nginx version 7.1,Windows,6.08
21,vsftpd,vsftpd version 9.0,Windows,4.01
3306,RDP,RDP version 6.3,Linux,4.19
3306,Redis,Redis version 2.7,Linux,6.61
3306,SMB,SMB version 8.2,Linux,8.56
3306,SMB,SMB version 9.6,Windows,5.49
22,OpenSSH,OpenSSH version 8.5,Unix,5.88
22,OpenSSH,OpenSSH version 2.8,Windows,4.0
3306,MariaDB,MariaDB version 7.8,Linux,6.75
80,LiteSpeed,LiteSpeed version 1.3,Windows,3.73
3306,MongoDB,MongoDB version 3.5,Linux,7.47
3306,MySQL,MySQL version 2.3,Linux,5.68
3306,RDP,RDP version 8.8,Linux,9.2
80,Apache,Apache version 2.9,Unix,3.8
22,OpenSSH,OpenSSH version 9.3,Windows,5.11
80,LiteSpeed,LiteSpeed version 2.5,Unix,3.05
22,OpenSSH,OpenSSH version 8.7,Linux,5.77
22,OpenSSH,OpenSSH version 2.4,Unix,5.85
21,ProFTPD,ProFTPD version 9.4,Windows,10.0
3306,MongoDB,MongoDB version 2.9,Windows,5.22
80,Apache,Apache version 9.7,Linux,5.59
21,vsftpd,vsftpd version 4.8,Linux,3.79
3306,PostgreSQL,PostgreSQL version 4.4,Unix,5.31
3306,PostgreSQL,PostgreSQL version 7.3,Unix,3.93
3306,SMB,SMB version 7.3,Windows,6.67
3306,PostgreSQL,PostgreSQL version 2.4,Windows,4.76
3306,SMB,SMB version 2.7,Unix,5.97
80,Apache,Apache version 8.1,Windows,4.59
3306,SMB,SMB version 7.3,Linux,5.94
21,vsftpd,vsftpd version 4.8,Windows,3.93
3306,PostgreSQL,PostgreSQL version 2.9,Linux,6.11
21,vsftpd,vsftpd version 4.0,Windows,4.76
3306,MongoDB,MongoDB version 1.4,Linux,5.02
3306,Redis,Redis version 3.1,Windows,2.31
22,OpenSSH,OpenSSH version 6.6,Windows,5.14
80,Apache,Apache version 9.2,Linux,5.3
3306,RDP,RDP version 4.5,Unix,5.9
80,nginx,nginx version 8.0,Unix,7.63
21,ProFTPD,ProFTPD version 6.4,Linux,3.07
3306,SMB,SMB version 7.5,Windows,7.68
3306,MySQL,MySQL version 4.2,Linux,5.57
3306,MongoDB,MongoDB version 1.1,Windows,5.31
80,nginx,nginx version 3.2,Windows,4.76
3306,MariaDB,MariaDB version 1.1,Linux,5.33
3306,MariaDB,MariaDB version 4.8,Unix,5.8
3306,MongoDB,MongoDB version 7.1,Unix,3.41
3306,PostgreSQL,PostgreSQL version 6.7,Unix,4.95
80,nginx,nginx version 4.0,Linux,4.23
80,Apache,Apache version 2.0,Windows,2.86
80,nginx,nginx version 6.9,Unix,5.58
3306,MariaDB,MariaDB version 8.9,Linux,3.65
3306,MongoDB,MongoDB version 4.4,Windows,2.25
80,Apache,Apache version 1.8,Windows,3.69
3306,SMB,SMB version 4.7,Windows,5.3
80,nginx,nginx version 3.1,Unix,6.04
3306,PostgreSQL,PostgreSQL version 6.2,Windows,4.73
3306,RDP,RDP version 2.3,Linux,8.57
21,vsftpd,vsftpd version 3.5,Windows,3.5
3306,RDP,RDP version 5.5,Linux,7.81
3306,Redis,Redis version 8.9,Windows,8.76
3306,MariaDB,MariaDB version 4.8,Linux,5.03
3306,MySQL,MySQL version 4.5,Linux,5.79
80,LiteSpeed,LiteSpeed version 2.5,Unix,5.54
22,OpenSSH,OpenSSH version 6.3,Windows,2.37
22,OpenSSH,OpenSSH version 1.7,Unix,5.38
22,OpenSSH,OpenSSH version 4.1,Linux,4.96
22,OpenSSH,OpenSSH version 3.8,Unix,4.11
80,nginx,nginx version 1.6,Windows,3.17
21,ProFTPD,ProFTPD version 4.2,Linux,7.54
3306,MySQL,MySQL version 8.6,Linux,3.04
80,LiteSpeed,LiteSpeed version 1.3,Unix,7.7
80,nginx,nginx version 7.5,Windows,4.67
80,nginx,nginx version 3.6,Unix,2.67
3306,MongoDB,MongoDB version 4.1,Windows,3.73
3306,MariaDB,MariaDB version 6.2,Windows,4.08
3306,Redis,Redis version 1.5,Linux,8.12
3306,MySQL,MySQL version 4.3,Linux,3.17
3306,MariaDB,MariaDB version 8.4,Unix,4.33
3306,MySQL,MySQL version 4.7,Unix,3.69
3306,PostgreSQL,PostgreSQL version 4.3,Linux,5.25
80,Apache,Apache version 7.4,Unix,3.72
3306,SMB,SMB version 1.9,Unix,4.79
3306,PostgreSQL,PostgreSQL version 6.9,Linux,4.21
3306,PostgreSQL,PostgreSQL version 5.7,Linux,4.05
3306,MariaDB,MariaDB version 1.3,Linux,3.61
80,nginx,nginx version 8.9,Unix,3.69
3306,RDP,RDP version 6.7,Linux,8.28
3306,MySQL,MySQL version 2.5,Unix,4.02
80,Apache,Apache version 2.0,Windows,2.8
3306,MySQL,MySQL version 1.1,Unix,3.81
3306,Redis,Redis version 1.5,Unix,4.58
21,vsftpd,vsftpd version 7.9,Unix,2.5
3306,SMB,SMB version 7.0,Windows,8.94
3306,MariaDB,MariaDB version 9.9,Linux,5.8
21,ProFTPD,ProFTPD version 4.6,Linux,8.65
3306,RDP,RDP version 6.3,Linux,7.09
80,LiteSpeed,LiteSpeed version 2.4,Windows,1.36
80,Apache,Apache version 1.4,Linux,6.8
21,vsftpd,vsftpd version 6.7,Linux,3.2
21,vsftpd,vsftpd version 8.3,Unix,3.33
80,LiteSpeed,LiteSpeed version 3.8,Windows,4.73
21,ProFTPD,ProFTPD version 4.4,Windows,8.57
3306,MariaDB,MariaDB version 5.8,Unix,6.08
3306,MariaDB,MariaDB version 3.5,Linux,5.86
80,LiteSpeed,LiteSpeed version 8.1,Unix,4.03
3306,Redis,Redis version 3.4,Unix,4.01
3306,Redis,Redis version 2.3,Unix,5.02
22,OpenSSH,OpenSSH version 3.9,Unix,4.3
80,LiteSpeed,LiteSpeed version 5.4,Unix,5.83
3306,RDP,RDP version 5.5,Unix,7.75
3306,MariaDB,MariaDB version 8.7,Windows,5.39
22,OpenSSH,OpenSSH version 9.5,Linux,0.71
3306,Redis,Redis version 5.7,Linux,4.69
21,ProFTPD,ProFTPD version 4.6,Unix,6.34
80,LiteSpeed,LiteSpeed version 1.2,Windows,4.75
3306,MySQL,MySQL version 2.5,Windows,3.37
80,LiteSpeed,LiteSpeed version 8.0,Windows,2.51
3306,SMB,SMB version 3.6,Linux,7.19
21,vsftpd,vsftpd version 1.7,Windows,3.97
3306,RDP,RDP version 8.1,Unix,7.36
3306,Redis,Redis version 9.2,Unix,3.49
3306,MySQL,MySQL version 5.4,Linux,6.62
21,ProFTPD,ProFTPD version 6.7,Unix,8.0
80,Apache,Apache version 4.7,Linux,4.95
80,LiteSpeed,LiteSpeed version 8.1,Linux,4.18
22,OpenSSH,OpenSSH version 4.9,Linux,5.78
3306,MariaDB,MariaDB version 1.4,Linux,5.09
21,ProFTPD,ProFTPD version 4.9,Unix,6.86
21,vsftpd,vsftpd version 1.2,Unix,6.06
3306,MariaDB,MariaDB version 9.7,Linux,6.64
3306,MongoDB,MongoDB version 8.5,Windows,2.62
3306,PostgreSQL,PostgreSQL version 8.1,Windows,2.92
21,vsftpd,vsftpd version 7.1,Linux,3.33
3306,MariaDB,MariaDB version 8.2,Windows,2.25
22,OpenSSH,OpenSSH version 1.6,Windows,4.41
80,LiteSpeed,LiteSpeed version 1.3,Linux,5.4
3306,MariaDB,MariaDB version 4.5,Windows,4.47
3306,RDP,RDP version 1.5,Unix,5.7
80,Apache,Apache version 2.0,Linux,6.19
22,OpenSSH,OpenSSH version 1.9,Linux,4.71
21,vsftpd,vsftpd version 9.2,Linux,5.01
80,Apache,Apache version 1.3,Unix,6.23
3306,MySQL,MySQL version 8.4,Unix,4.32
21,ProFTPD,ProFTPD version 5.1,Windows,9.59
3306,Redis,Redis version 5.4,Linux,3.83
21,vsftpd,vsftpd version 2.2,Linux,7.5
3306,MongoDB,MongoDB version 1.8,Windows,3.04
80,Apache,Apache version 5.5,Windows,5.28
3306,RDP,RDP version 1.6,Linux,5.54
21,vsftpd,vsftpd version 2.5,Windows,6.18
80,nginx,nginx version 2.9,Linux,3.78
21,ProFTPD,ProFTPD version 6.5,Linux,6.94
3306,PostgreSQL,PostgreSQL version 5.9,Linux,3.52
3306,MongoDB,MongoDB version 5.9,Unix,5.91
3306,MariaDB,MariaDB version 7.4,Linux,3.52
22,OpenSSH,OpenSSH version 8.6,Unix,7.03
80,LiteSpeed,LiteSpeed version 8.3,Windows,3.01
80,LiteSpeed,LiteSpeed version 8.2,Unix,2.48
21,vsftpd,vsftpd version 9.1,Windows,5.93
3306,MariaDB,MariaDB version 8.8,Linux,3.61
80,Apache,Apache version 5.2,Unix,4.49
3306,SMB,SMB version 3.7,Linux,6.02
3306,Redis,Redis version 6.3,Linux,2.53
3306,MariaDB,MariaDB version 8.1,Unix,4.38
3306,PostgreSQL,PostgreSQL version 6.5,Linux,6.4
80,Apache,Apache version 6.0,Windows,6.0
3306,MySQL,MySQL version 4.1,Linux,4.85
80,nginx,nginx version 4.3,Unix,6.17
3306,PostgreSQL,PostgreSQL version 2.3,Windows,2.91
21,ProFTPD,ProFTPD version 1.5,Linux,6.01
80,Apache,Apache version 5.6,Linux,5.09
3306,MariaDB,MariaDB version 8.4,Windows,4.3
80,Apache,Apache version 6.8,Unix,4.13
3306,RDP,RDP version 5.0,Unix,4.7
3306,SMB,SMB version 4.5,Windows,3.38
3306,PostgreSQL,PostgreSQL version 7.8,Unix,5.73
80,Apache,Apache version 1.9,Linux,4.86
80,LiteSpeed,LiteSpeed version 2.5,Windows,5.85
80,LiteSpeed,LiteSpeed version 2.7,Windows,3.84
3306,MySQL,MySQL version 4.2,Linux,3.43
22,OpenSSH,OpenSSH version 4.6,Unix,4.51
21,ProFTPD,ProFTPD version 5.6,Linux,7.78
80,Apache,Apache version 1.5,Windows,4.15
3306,Redis,Redis version 8.1,Linux,5.7
3306,MongoDB,MongoDB version 4.7,Windows,2.99
3306,MongoDB,MongoDB version 7.6,Unix,4.26
3306,Redis,Redis version 6.6,Unix,4.39
80,nginx,nginx version 9.7,Linux,6.34
22,OpenSSH,OpenSSH version 6.1,Linux,4.81
3306,SMB,SMB version 7.2,Unix,9.12
80,nginx,nginx version 7.2,Windows,2.48
80,nginx,nginx version 7.7,Windows,4.69
22,OpenSSH,OpenSSH version 9.2,Windows,4.77
3306,RDP,RDP version 8.3,Linux,7.43
21,vsftpd,vsftpd version 2.2,Linux,3.28
3306,MongoDB,MongoDB version 8.7,Windows,7.03
80,LiteSpeed,LiteSpeed version 2.7,Linux,4.52
21,ProFTPD,ProFTPD version 4.7,Windows,4.87
3306,MariaDB,MariaDB version 1.2,Linux,4.48
3306,MySQL,MySQL version 7.6,Unix,4.03
3306,Redis,Redis version 9.6,Linux,8.67
21,vsftpd,vsftpd version 1.9,Windows,6.07
21,ProFTPD,ProFTPD version 7.3,Unix,6.57
80,nginx,nginx version 3.0,Windows,4.33
3306,RDP,RDP version 6.6,Linux,7.93
3306,RDP,RDP version 9.4,Windows,8.0
80,Apache,Apache version 3.3,Linux,0.13
3306,MySQL,MySQL version 4.7,Unix,5.46
80,LiteSpeed,LiteSpeed version 1.6,Windows,4.54
3306,SMB,SMB version 7.3,Unix,4.53
3306,PostgreSQL,PostgreSQL version 2.4,Unix,5.82
80,Apache,Apache version 9.5,Unix,7.87
3306,RDP,RDP version 2.2,Linux,7.34
3306,MongoDB,MongoDB version 3.9,Unix,6.15
21,ProFTPD,ProFTPD version 5.9,Linux,9.21
80,Apache,Apache version 5.2,Unix,3.25
80,Apache,Apache version 3.6,Unix,1.71
3306,MongoDB,MongoDB version 3.3,Unix,5.49
80,Apache,Apache version 1.8,Linux,4.13
3306,SMB,SMB version 2.9,Windows,4.44
3306,MySQL,MySQL version 5.6,Linux,4.38
3306,MySQL,MySQL version 5.2,Linux,5.59
3306,MongoDB,MongoDB version 4.2,Windows,4.28
3306,RDP,RDP version 8.4,Windows,5.32
80,nginx,nginx version 4.6,Unix,4.16
3306,MariaDB,MariaDB version 5.2,Linux,4.47
3306,MySQL,MySQL version 6.9,Unix,1.61
3306,RDP,RDP version 8.3,Linux,6.29
3306,MariaDB,MariaDB version 5.3,Windows,2.48
3306,SMB,SMB version 4.9,Linux,7.49
3306,Redis,Redis version 4.9,Unix,2.16
3306,PostgreSQL,PostgreSQL version 1.5,Linux,6.02
21,ProFTPD,ProFTPD version 8.8,Unix,5.89
3306,SMB,SMB version 1.2,Linux,5.69
3306,MySQL,MySQL version 7.5,Linux,4.94
80,Apache,Apache version 7.5,Unix,3.2
3306,Redis,Redis version 8.1,Windows,4.92
3306,SMB,SMB version 5.1,Unix,5.4
80,nginx,nginx version 5.8,Unix,3.66
3306,PostgreSQL,PostgreSQL version 5.5,Unix,5.11
3306,MySQL,MySQL version 3.6,Linux,2.79
22,OpenSSH,OpenSSH version 5.7,Linux,2.6
21,ProFTPD,ProFTPD version 1.0,Windows,6.87
3306,Redis,Redis version 3.4,Windows,4.46
3306,MariaDB,MariaDB version 3.3,Unix,4.75
3306,SMB,SMB version 3.6,Unix,6.99
80,Apache,Apache version 7.1,Linux,4.59
3306,Redis,Redis version 2.7,Linux,5.41
21,vsftpd,vsftpd version 3.9,Unix,4.65
3306,PostgreSQL,PostgreSQL version 1.3,Unix,1.49
3306,PostgreSQL,PostgreSQL version 7.9,Unix,1.88
80,LiteSpeed,LiteSpeed version 9.9,Linux,7.39
3306,RDP,RDP version 1.9,Unix,6.5
22,OpenSSH,OpenSSH version 5.1,Unix,5.93
80,Apache,Apache version 2.8,Unix,3.98
3306,MySQL,MySQL version 7.6,Linux,4.41
21,vsftpd,vsftpd version 4.5,Windows,3.82
80,LiteSpeed,LiteSpeed version 3.4,Windows,8.2
80,nginx,nginx version 7.9,Windows,4.88
21,ProFTPD,ProFTPD version 6.7,Linux,5.7
3306,MySQL,MySQL version 3.6,Linux,2.02
80,Apache,Apache version 5.4,Windows,7.46
80,Apache,Apache version 1.5,Unix,4.26
3306,MongoDB,MongoDB version 9.8,Windows,5.62
21,ProFTPD,ProFTPD version 8.1,Windows,7.78
21,ProFTPD,ProFTPD version 4.5,Linux,5.81
3306,MongoDB,MongoDB version 2.7,Linux,5.51
3306,SMB,SMB version 7.4,Linux,5.59
21,vsftpd,vsftpd version 7.4,Unix,3.01
80,Apache,Apache version 5.3,Windows,6.25
3306,MongoDB,MongoDB version 7.7,Unix,4.26
80,Apache,Apache version 2.5,Unix,5.28
80,Apache,Apache version 7.8,Linux,5.12
80,LiteSpeed,LiteSpeed version 2.6,Windows,5.46
22,OpenSSH,OpenSSH version 5.7,Unix,2.17
3306,MongoDB,MongoDB version 9.9,Unix,3.62
3306,SMB,SMB version 4.6,Linux,6.01
3306,PostgreSQL,PostgreSQL version 4.7,Linux,3.25
21,ProFTPD,ProFTPD version 1.4,Windows,7.14
3306,MariaDB,MariaDB version 3.9,Linux,6.28
80,Apache,Apache version 6.2,Linux,6.52
3306,SMB,SMB version 5.5,Unix,5.99
3306,MariaDB,MariaDB version 4.9,Unix,4.94
80,Apache,Apache version 6.2,Windows,5.17
21,vsftpd,vsftpd version 6.4,Unix,5.43
21,ProFTPD,ProFTPD version 6.9,Windows,5.18
3306,RDP,RDP version 7.8,Windows,9.23
3306,MariaDB,MariaDB version 8.6,Windows,5.89
3306,PostgreSQL,PostgreSQL version 5.3,Windows,5.93
3306,SMB,SMB version 4.1,Unix,8.31
3306,MariaDB,MariaDB version 1.7,Linux,5.3
80,LiteSpeed,LiteSpeed version 6.5,Unix,2.96
3306,Redis,Redis version 9.6,Unix,4.29
21,vsftpd,vsftpd version 6.4,Windows,2.02
21,vsftpd,vsftpd version 6.7,Linux,5.12
22,OpenSSH,OpenSSH version 3.7,Windows,4.25
3306,Redis,Redis version 1.1,Windows,4.44
3306,RDP,RDP version 6.9,Linux,8.31
3306,SMB,SMB version 5.7,Linux,5.81
3306,PostgreSQL,PostgreSQL version 8.9,Unix,4.12
3306,RDP,RDP version 1.4,Unix,6.53
3306,MariaDB,MariaDB version 4.3,Unix,1.74
80,nginx,nginx version 8.4,Unix,4.1
22,OpenSSH,OpenSSH version 2.8,Unix,0.77
3306,RDP,RDP version 6.6,Unix,5.62
80,LiteSpeed,LiteSpeed version 2.6,Windows,5.78
80,Apache,Apache version 4.2,Unix,5.17
3306,MariaDB,MariaDB version 8.0,Linux,3.61
3306,PostgreSQL,PostgreSQL version 8.8,Windows,4.56
3306,SMB,SMB version 4.8,Unix,4.89
3306,MongoDB,MongoDB version 2.9,Unix,4.5
22,OpenSSH,OpenSSH version 8.6,Linux,8.9
3306,MongoDB,MongoDB version 2.6,Windows,7.27
3306,MongoDB,MongoDB version 4.0,Unix,4.58
3306,PostgreSQL,PostgreSQL version 1.3,Unix,4.74
21,ProFTPD,ProFTPD version 5.6,Linux,5.03
3306,PostgreSQL,PostgreSQL version 5.1,Linux,3.3
3306,MySQL,MySQL version 5.7,Unix,5.04
3306,MariaDB,MariaDB version 8.4,Linux,3.71
22,OpenSSH,OpenSSH version 6.9,Unix,5.86
3306,Redis,Redis version 2.5,Unix,6.85
21,ProFTPD,ProFTPD version 3.2,Unix,7.0
80,Apache,Apache version 6.4,Linux,4.65
21,vsftpd,vsftpd version 4.8,Linux,1.98
3306,SMB,SMB version 9.0,Windows,7.62
80,LiteSpeed,LiteSpeed version 9.1,Linux,2.78
80,nginx,nginx version 4.7,Windows,3.87
3306,MySQL,MySQL version 3.9,Linux,5.94
3306,PostgreSQL,PostgreSQL version 4.3,Linux,6.04
22,OpenSSH,OpenSSH version 1.6,Linux,3.8
3306,RDP,RDP version 7.2,Windows,5.89
22,OpenSSH,OpenSSH version 6.2,Unix,3.45
3306,Redis,Redis version 9.2,Windows,2.7
3306,MySQL,MySQL version 8.4,Linux,3.55
3306,MongoDB,MongoDB version 3.5,Unix,2.08
3306,RDP,RDP version 4.6,Linux,7.52
3306,MariaDB,MariaDB version 4.5,Unix,5.09
3306,SMB,SMB version 4.0,Linux,7.34
3306,SMB,SMB version 4.4,Windows,5.07
3306,SMB,SMB version 8.2,Windows,4.71
80,nginx,nginx version 9.9,Unix,4.58
80,LiteSpeed,LiteSpeed version 5.1,Linux,4.6
3306,SMB,SMB version 6.2,Unix,6.28
80,LiteSpeed,LiteSpeed version 3.4,Windows,4.07
80,LiteSpeed,LiteSpeed version 5.8,Windows,7.07
3306,RDP,RDP version 7.6,Linux,7.14
80,LiteSpeed,LiteSpeed version 7.4,Windows,7.46
3306,MariaDB,MariaDB version 5.4,Linux,6.4
80,Apache,Apache version 8.3,Unix,7.05
80,LiteSpeed,LiteSpeed version 8.5,Linux,2.89
3306,RDP,RDP version 6.3,Linux,7.39
3306,MariaDB,MariaDB version 2.3,Windows,3.85
22,OpenSSH,OpenSSH version 9.4,Windows,2.0
22,OpenSSH,OpenSSH version 8.9,Windows,6.74
3306,PostgreSQL,PostgreSQL version 7.6,Unix,4.06
3306,MongoDB,MongoDB version 2.2,Linux,2.92
3306,PostgreSQL,PostgreSQL version 9.5,Unix,3.88
3306,MariaDB,MariaDB version 3.1,Linux,3.31
22,OpenSSH,OpenSSH version 7.0,Unix,3.46
3306,Redis,Redis version 5.7,Linux,4.17
80,Apache,Apache version 5.7,Unix,7.1
3306,Redis,Redis version 3.6,Windows,3.5
3306,SMB,SMB version 3.8,Unix,8.99
80,LiteSpeed,LiteSpeed version 7.6,Windows,5.77
3306,MongoDB,MongoDB version 3.1,Unix,5.09
21,vsftpd,vsftpd version 9.1,Linux,5.62
80,nginx,nginx version 9.4,Windows,4.52
3306,PostgreSQL,PostgreSQL version 9.7,Windows,6.43
21,vsftpd,vsftpd version 2.8,Unix,5.35
3306,RDP,RDP version 3.2,Linux,4.0
21,ProFTPD,ProFTPD version 3.7,Linux,6.94
3306,PostgreSQL,PostgreSQL version 2.9,Unix,5.68
22,OpenSSH,OpenSSH version 3.8,Unix,4.07
80,Apache,Apache version 6.9,Unix,4.69
21,vsftpd,vsftpd version 4.1,Windows,3.58
80,nginx,nginx version 4.9,Windows,2.43
3306,SMB,SMB version 8.5,Linux,4.17
21,vsftpd,vsftpd version 1.9,Windows,2.19
21,ProFTPD,ProFTPD version 7.9,Linux,7.5
22,OpenSSH,OpenSSH version 1.7,Windows,0.76
3306,MongoDB,MongoDB version 5.2,Unix,3.5
3306,PostgreSQL,PostgreSQL version 3.3,Windows,3.35
3306,SMB,SMB version 2.7,Linux,6.08
80,LiteSpeed,LiteSpeed version 8.6,Unix,1.72
80,Apache,Apache version 6.6,Unix,5.11
3306,SMB,SMB version 6.6,Unix,4.59
22,OpenSSH,OpenSSH version 5.2,Windows,6.2
3306,PostgreSQL,PostgreSQL version 3.2,Windows,3.57
80,nginx,nginx version 7.1,Linux,4.36
21,vsftpd,vsftpd version 1.7,Windows,4.51
3306,MariaDB,MariaDB version 8.1,Unix,4.87
3306,MongoDB,MongoDB version 9.7,Windows,4.56
3306,SMB,SMB version 9.3,Linux,5.86
3306,RDP,RDP version 3.1,Linux,7.01
3306,MongoDB,MongoDB version 9.5,Unix,5.2
3306,RDP,RDP version 3.1,Linux,5.35
22,OpenSSH,OpenSSH version 1.3,Linux,5.14
3306,SMB,SMB version 6.1,Unix,8.29
80,LiteSpeed,LiteSpeed version 7.5,Windows,5.56
21,vsftpd,vsftpd version 6.9,Windows,5.9
3306,Redis,Redis version 6.5,Windows,4.76
3306,Redis,Redis version 4.8,Windows,3.1
80,LiteSpeed,LiteSpeed version 3.2,Windows,3.29
80,LiteSpeed,LiteSpeed version 5.6,Windows,4.98
80,nginx,nginx version 2.5,Unix,5.91
21,ProFTPD,ProFTPD version 9.8,Windows,10.0
3306,MariaDB,MariaDB version 7.4,Linux,5.97
3306,RDP,RDP version 4.0,Windows,4.74
3306,RDP,RDP version 2.4,Windows,5.35
3306,SMB,SMB version 1.4,Unix,9.92
3306,Redis,Redis version 3.6,Unix,4.18
3306,PostgreSQL,PostgreSQL version 8.2,Windows,4.57
80,LiteSpeed,LiteSpeed version 8.2,Linux,3.06
3306,MariaDB,MariaDB version 5.3,Linux,6.85
3306,Redis,Redis version 2.4,Unix,5.25
3306,Redis,Redis version 4.7,Windows,3.34
3306,PostgreSQL,PostgreSQL version 8.9,Unix,3.01
3306,PostgreSQL,PostgreSQL version 5.3,Windows,4.96
21,vsftpd,vsftpd version 4.6,Windows,4.57
80,Apache,Apache version 7.9,Unix,5.75
3306,PostgreSQL,PostgreSQL version 8.6,Windows,5.32
3306,MariaDB,MariaDB version 1.0,Windows,4.1
21,ProFTPD,ProFTPD version 8.8,Unix,5.68
3306,MariaDB,MariaDB version 1.8,Windows,4.26
22,OpenSSH,OpenSSH version 9.6,Linux,3.67
3306,RDP,RDP version 3.2,Linux,6.3
3306,RDP,RDP version 8.8,Windows,6.52
3306,MongoDB,MongoDB version 8.4,Windows,3.15
3306,MariaDB,MariaDB version 9.3,Unix,5.45
3306,MongoDB,MongoDB version 6.2,Linux,3.94
21,ProFTPD,ProFTPD version 4.0,Linux,5.24
80,nginx,nginx version 2.2,Windows,3.97
80,Apache,Apache version 5.0,Unix,4.86
3306,MariaDB,MariaDB version 9.8,Windows,4.62
80,LiteSpeed,LiteSpeed version 5.8,Unix,5.13
21,ProFTPD,ProFTPD version 3.4,Unix,7.85
3306,SMB,SMB version 1.0,Linux,8.46
80,Apache,Apache version 9.7,Unix,4.93
3306,MariaDB,MariaDB version 8.8,Windows,2.9
3306,MySQL,MySQL version 5.6,Unix,4.1
3306,Redis,Redis version 8.5,Windows,2.99
80,nginx,nginx version 6.1,Linux,7.05
80,LiteSpeed,LiteSpeed version 1.9,Windows,7.48
80,Apache,Apache version 4.2,Unix,5.48
22,OpenSSH,OpenSSH version 3.2,Unix,5.79
80,Apache,Apache version 8.5,Unix,4.88
3306,MariaDB,MariaDB version 2.2,Windows,5.05
3306,Redis,Redis version 5.1,Windows,2.1
3306,RDP,RDP version 5.6,Linux,6.39
21,vsftpd,vsftpd version 2.9,Linux,3.18
80,nginx,nginx version 8.1,Windows,4.92
21,vsftpd,vsftpd version 3.9,Windows,4.41
3306,RDP,RDP version 1.3,Linux,9.42
3306,RDP,RDP version 1.3,Linux,7.87
3306,SMB,SMB version 9.1,Windows,6.93
80,Apache,Apache version 3.5,Windows,4.1
3306,Redis,Redis version 8.0,Windows,7.01
80,Apache,Apache version 7.4,Unix,4.46
3306,MariaDB,MariaDB version 8.3,Windows,5.0
21,vsftpd,vsftpd version 9.2,Unix,4.56
3306,RDP,RDP version 9.1,Unix,5.89
3306,MariaDB,MariaDB version 9.2,Windows,4.55
80,nginx,nginx version 2.1,Linux,1.56
22,OpenSSH,OpenSSH version 3.4,Windows,2.18
3306,MariaDB,MariaDB version 9.9,Unix,5.02
21,ProFTPD,ProFTPD version 2.7,Unix,8.85
3306,PostgreSQL,PostgreSQL version 3.8,Linux,5.02
3306,SMB,SMB version 6.1,Windows,5.42
80,nginx,nginx version 9.6,Linux,2.34
3306,SMB,SMB version 9.0,Linux,7.68
3306,RDP,RDP version 1.3,Unix,5.65
21,vsftpd,vsftpd version 8.6,Windows,5.46
3306,RDP,RDP version 1.7,Linux,7.08
3306,SMB,SMB version 9.9,Unix,7.22
80,Apache,Apache version 6.6,Windows,4.55
3306,PostgreSQL,PostgreSQL version 6.9,Windows,5.08
3306,Redis,Redis version 6.2,Unix,4.32
80,Apache,Apache version 8.8,Linux,3.55
21,ProFTPD,ProFTPD version 5.7,Windows,5.05
3306,PostgreSQL,PostgreSQL version 5.4,Unix,0.92
22,OpenSSH,OpenSSH version 6.4,Unix,4.23
3306,MariaDB,MariaDB version 9.2,Linux,6.78
3306,Redis,Redis version 3.3,Windows,5.6
22,OpenSSH,OpenSSH version 7.0,Linux,4.84
3306,Redis,Redis version 4.3,Windows,3.4
3306,MySQL,MySQL version 3.6,Windows,6.0
3306,RDP,RDP version 7.2,Unix,6.32
3306,PostgreSQL,PostgreSQL version 3.9,Windows,6.86
21,ProFTPD,ProFTPD version 1.0,Unix,5.03
21,ProFTPD,ProFTPD version 8.9,Linux,5.38
3306,RDP,RDP version 2.0,Unix,5.23
22,OpenSSH,OpenSSH version 9.7,Windows,2.28
80,Apache,Apache version 3.8,Windows,3.09
3306,SMB,SMB version 9.7,Unix,6.65
3306,MongoDB,MongoDB version 2.2,Linux,3.43
80,Apache,Apache version 9.5,Unix,0.0
3306,SMB,SMB version 1.0,Windows,8.11
21,ProFTPD,ProFTPD version 9.5,Windows,3.97
21,ProFTPD,ProFTPD version 9.7,Windows,7.38
80,nginx,nginx version 2.4,Unix,4.55
3306,SMB,SMB version 2.6,Windows,9.68
21,vsftpd,vsftpd version 8.5,Linux,6.0
3306,SMB,SMB version 7.1,Linux,5.74
22,OpenSSH,OpenSSH version 2.0,Windows,3.45
21,ProFTPD,ProFTPD version 8.1,Linux,8.75
21,ProFTPD,ProFTPD version 5.8,Windows,4.29
3306,RDP,RDP version 8.6,Windows,6.79
3306,MySQL,MySQL version 6.4,Unix,4.3
80,LiteSpeed,LiteSpeed version 3.1,Windows,3.99
3306,MongoDB,MongoDB version 5.3,Unix,5.03
3306,SMB,SMB version 2.9,Unix,6.78
22,OpenSSH,OpenSSH version 8.8,Unix,5.19
3306,MongoDB,MongoDB version 5.7,Windows,4.71
21,ProFTPD,ProFTPD version 9.6,Windows,7.13
22,OpenSSH,OpenSSH version 1.0,Windows,4.64
3306,PostgreSQL,PostgreSQL version 5.2,Linux,3.51
3306,MySQL,MySQL version 4.5,Unix,4.51
80,Apache,Apache version 7.1,Windows,3.43
22,OpenSSH,OpenSSH version 1.2,Linux,3.33
80,LiteSpeed,LiteSpeed version 4.2,Unix,4.0
3306,MongoDB,MongoDB version 8.5,Unix,4.32
3306,SMB,SMB version 6.4,Unix,6.55
3306,MySQL,MySQL version 7.5,Unix,5.87
21,ProFTPD,ProFTPD version 4.3,Windows,5.75
3306,MySQL,MySQL version 3.9,Windows,4.8
3306,MariaDB,MariaDB version 5.0,Windows,4.68
22,OpenSSH,OpenSSH version 7.1,Windows,3.59
3306,PostgreSQL,PostgreSQL version 5.3,Windows,4.61
3306,PostgreSQL,PostgreSQL version 7.6,Windows,6.0
3306,MariaDB,MariaDB version 5.9,Unix,4.78
21,vsftpd,vsftpd version 1.3,Linux,4.84
80,LiteSpeed,LiteSpeed version 5.8,Windows,3.44
21,ProFTPD,ProFTPD version 3.4,Linux,9.45
80,LiteSpeed,LiteSpeed version 9.7,Windows,3.53
3306,MySQL,MySQL version 7.8,Windows,2.0
21,vsftpd,vsftpd version 6.2,Unix,5.79
3306,SMB,SMB version 8.0,Windows,6.33
3306,MariaDB,MariaDB version 5.9,Windows,4.05
3306,Redis,Redis version 3.6,Windows,3.68
3306,SMB,SMB version 4.2,Unix,9.31
3306,MySQL,MySQL version 3.8,Linux,5.03
22,OpenSSH,OpenSSH version 5.5,Windows,5.32
3306,MongoDB,MongoDB version 7.1,Windows,4.74
3306,RDP,RDP version 7.6,Unix,6.91
80,nginx,nginx version 5.5,Windows,6.6
80,nginx,nginx version 8.8,Linux,4.12
21,ProFTPD,ProFTPD version 7.0,Windows,4.31
3306,Redis,Redis version 4.9,Unix,5.8
21,vsftpd,vsftpd version 4.4,Unix,5.25
21,ProFTPD,ProFTPD version 2.6,Unix,6.66
3306,RDP,RDP version 2.1,Unix,7.21
3306,RDP,RDP version 4.3,Windows,5.94
80,Apache,Apache version 4.6,Windows,4.53
3306,RDP,RDP version 4.1,Linux,6.3
3306,SMB,SMB version 9.4,Linux,5.61
3306,RDP,RDP version 1.6,Unix,8.28
80,nginx,nginx version 5.7,Linux,2.38
3306,MySQL,MySQL version 6.4,Linux,8.04
3306,SMB,SMB version 4.9,Linux,7.82
22,OpenSSH,OpenSSH version 7.9,Unix,1.83
22,OpenSSH,OpenSSH version 8.2,Windows,4.16
80,LiteSpeed,LiteSpeed version 6.8,Windows,4.25
3306,RDP,RDP version 1.5,Unix,7.09
21,ProFTPD,ProFTPD version 2.3,Unix,5.02
3306,SMB,SMB version 6.0,Unix,6.55
80,LiteSpeed,LiteSpeed version 5.0,Windows,4.32
3306,MySQL,MySQL version 6.7,Unix,3.39
21,vsftpd,vsftpd version 6.6,Unix,3.18
21,ProFTPD,ProFTPD version 4.5,Unix,7.88
3306,MySQL,MySQL version 7.9,Unix,1.96
80,nginx,nginx version 3.6,Windows,5.22
3306,Redis,Redis version 3.2,Linux,5.7
80,LiteSpeed,LiteSpeed version 6.3,Windows,4.17
3306,MySQL,MySQL version 2.0,Linux,4.58
3306,MariaDB,MariaDB version 6.5,Linux,6.25
80,nginx,nginx version 8.3,Linux,3.44
3306,MongoDB,MongoDB version 5.5,Linux,3.6
3306,Redis,Redis version 2.4,Unix,3.76
3306,SMB,SMB version 8.5,Unix,8.25
3306,SMB,SMB version 7.6,Linux,8.44
3306,MariaDB,MariaDB version 7.5,Windows,2.41
3306,MySQL,MySQL version 2.0,Windows,6.01
21,vsftpd,vsftpd version 4.2,Unix,5.73
3306,MongoDB,MongoDB version 6.2,Windows,6.83
3306,PostgreSQL,PostgreSQL version 7.9,Windows,5.08
80,LiteSpeed,LiteSpeed version 5.2,Linux,4.43
3306,MariaDB,MariaDB version 4.7,Windows,6.22
3306,MySQL,MySQL version 9.5,Linux,5.55
3306,Redis,Redis version 7.4,Linux,7.87
3306,MongoDB,MongoDB version 7.9,Unix,5.94
3306,SMB,SMB version 9.3,Linux,6.73
80,nginx,nginx version 9.8,Linux,2.74
3306,MariaDB,MariaDB version 1.4,Unix,3.63
3306,RDP,RDP version 2.6,Unix,4.35
3306,Redis,Redis version 1.9,Windows,4.18
80,nginx,nginx version 4.8,Windows,5.89
21,ProFTPD,ProFTPD version 3.6,Unix,6.49
3306,MySQL,MySQL version 9.1,Unix,6.03
3306,MySQL,MySQL version 3.3,Unix,5.01
3306,RDP,RDP version 3.8,Linux,5.9
21,ProFTPD,ProFTPD version 4.9,Linux,6.63
3306,MongoDB,MongoDB version 7.7,Unix,5.21
80,nginx,nginx version 3.3,Linux,4.71
3306,RDP,RDP version 6.9,Windows,6.73
80,Apache,Apache version 9.1,Unix,3.35
80,LiteSpeed,LiteSpeed version 6.5,Windows,3.85
3306,RDP,RDP version 1.4,Unix,9.89
3306,PostgreSQL,PostgreSQL version 7.3,Linux,6.34
80,Apache,Apache version 4.6,Linux,2.29
3306,MySQL,MySQL version 8.0,Unix,0.95
21,ProFTPD,ProFTPD version 5.9,Windows,6.61
80,Apache,Apache version 8.7,Windows,5.84
3306,RDP,RDP version 6.6,Linux,5.72
80,nginx,nginx version 2.2,Linux,6.03
3306,MariaDB,MariaDB version 2.8,Windows,4.59
3306,RDP,RDP version 4.5,Linux,6.26
80,Apache,Apache version 2.3,Unix,5.63
3306,SMB,SMB version 3.8,Linux,5.7
21,ProFTPD,ProFTPD version 1.2,Linux,6.07
3306,Redis,Redis version 2.8,Linux,5.51
3306,RDP,RDP version 9.8,Unix,6.45
3306,MariaDB,MariaDB version 5.6,Unix,7.36
80,LiteSpeed,LiteSpeed version 5.9,Linux,5.54
3306,PostgreSQL,PostgreSQL version 3.0,Linux,5.44
3306,MySQL,MySQL version 1.4,Unix,4.43
21,vsftpd,vsftpd version 3.8,Unix,5.81
3306,SMB,SMB version 4.9,Windows,6.02
3306,PostgreSQL,PostgreSQL version 7.0,Unix,4.92
21,ProFTPD,ProFTPD version 8.4,Unix,5.13
3306,PostgreSQL,PostgreSQL version 8.2,Linux,6.06
3306,MySQL,MySQL version 2.8,Unix,4.94
3306,Redis,Redis version 5.6,Linux,7.47
3306,MariaDB,MariaDB version 2.1,Windows,8.09
3306,PostgreSQL,PostgreSQL version 9.3,Unix,5.64
21,vsftpd,vsftpd version 3.6,Linux,4.6
80,Apache,Apache version 2.3,Linux,3.08
80,Apache,Apache version 3.6,Windows,5.86
3306,MongoDB,MongoDB version 4.1,Linux,4.82
21,ProFTPD,ProFTPD version 9.8,Unix,7.31
21,ProFTPD,ProFTPD version 3.6,Unix,9.09
80,Apache,Apache version 4.0,Windows,3.26
3306,Redis,Redis version 9.5,Windows,3.11
21,ProFTPD,ProFTPD version 7.7,Unix,6.15
22,OpenSSH,OpenSSH version 8.9,Unix,5.73
21,ProFTPD,ProFTPD version 3.5,Unix,7.33
21,ProFTPD,ProFTPD version 9.3,Linux,5.16
21,vsftpd,vsftpd version 5.2,Linux,5.63
3306,PostgreSQL,PostgreSQL version 6.6,Unix,2.7
3306,RDP,RDP version 5.1,Windows,5.24
3306,Redis,Redis version 4.2,Windows,4.33
3306,MariaDB,MariaDB version 8.5,Linux,3.67
22,OpenSSH,OpenSSH version 2.0,Windows,5.83
21,ProFTPD,ProFTPD version 4.1,Linux,6.93
3306,RDP,RDP version 4.5,Linux,9.15
80,nginx,nginx version 4.1,Windows,4.13
3306,PostgreSQL,PostgreSQL version 9.8,Unix,4.32
21,ProFTPD,ProFTPD version 9.2,Windows,8.32
21,vsftpd,vsftpd version 2.2,Unix,4.36
22,OpenSSH,OpenSSH version 6.5,Linux,6.74
3306,SMB,SMB version 5.4,Windows,7.31
3306,MongoDB,MongoDB version 1.3,Unix,0.97
3306,RDP,RDP version 6.2,Unix,8.27
3306,MySQL,MySQL version 9.4,Unix,5.87
3306,MariaDB,MariaDB version 6.7,Unix,5.93
22,OpenSSH,OpenSSH version 8.9,Windows,1.63
3306,PostgreSQL,PostgreSQL version 5.1,Linux,3.51
3306,SMB,SMB version 6.9,Windows,5.62
80,nginx,nginx version 6.4,Unix,3.24
22,OpenSSH,OpenSSH version 4.4,Unix,7.11
80,nginx,nginx version 3.7,Unix,4.48
3306,MongoDB,MongoDB version 8.7,Unix,4.45
80,LiteSpeed,LiteSpeed version 4.2,Linux,5.33
3306,RDP,RDP version 4.1,Unix,7.35
80,LiteSpeed,LiteSpeed version 9.1,Linux,0.0
21,ProFTPD,ProFTPD version 4.7,Unix,5.53
3306,MongoDB,MongoDB version 4.2,Linux,2.38
21,vsftpd,vsftpd version 6.4,Linux,5.1
3306,MongoDB,MongoDB version 6.6,Linux,4.07
3306,MySQL,MySQL version 6.2,Windows,4.52
21,ProFTPD,ProFTPD version 5.2,Unix,3.38
80,Apache,Apache version 6.0,Unix,4.04
3306,MariaDB,MariaDB version 5.3,Unix,6.17
3306,PostgreSQL,PostgreSQL version 9.5,Unix,6.61
3306,MongoDB,MongoDB version 5.8,Windows,5.58
3306,MySQL,MySQL version 7.3,Unix,2.5
3306,SMB,SMB version 7.9,Linux,8.39
3306,PostgreSQL,PostgreSQL version 5.0,Unix,5.59
80,Apache,Apache version 1.0,Unix,4.32
3306,Redis,Redis version 8.9,Linux,1.46
21,vsftpd,vsftpd version 7.5,Windows,5.93
80,nginx,nginx version 3.9,Windows,3.61
80,nginx,nginx version 7.6,Windows,5.02
80,nginx,nginx version 7.0,Linux,4.6
3306,MariaDB,MariaDB version 3.6,Windows,6.81
21,ProFTPD,ProFTPD version 7.0,Windows,6.31
80,LiteSpeed,LiteSpeed version 8.6,Linux,4.48
80,nginx,nginx version 2.1,Linux,6.87
22,OpenSSH,OpenSSH version 2.6,Windows,3.51
22,OpenSSH,OpenSSH version 4.7,Windows,5.72
21,vsftpd,vsftpd version 3.8,Unix,4.2
80,nginx,nginx version 8.4,Unix,3.0
3306,RDP,RDP version 8.4,Unix,6.5
3306,MongoDB,MongoDB version 7.5,Unix,5.54
80,LiteSpeed,LiteSpeed version 7.1,Linux,6.53
80,Apache,Apache version 2.0,Windows,6.71
3306,SMB,SMB version 3.6,Linux,6.06
22,OpenSSH,OpenSSH version 8.4,Windows,3.02
3306,SMB,SMB version 5.5,Linux,6.02
3306,Redis,Redis version 3.4,Windows,2.73
3306,MongoDB,MongoDB version 9.1,Windows,4.17
3306,SMB,SMB version 4.1,Windows,5.99
21,ProFTPD,ProFTPD version 2.8,Linux,7.59
3306,MongoDB,MongoDB version 1.8,Windows,1.19
80,LiteSpeed,LiteSpeed version 1.2,Windows,3.4
3306,Redis,Redis version 2.2,Linux,3.41
3306,RDP,RDP version 7.1,Linux,8.28
3306,MariaDB,MariaDB version 1.5,Windows,2.83
21,vsftpd,vsftpd version 3.9,Linux,4.84
80,Apache,Apache version 7.2,Linux,4.31
21,vsftpd,vsftpd version 4.7,Windows,6.06
3306,RDP,RDP version 6.7,Linux,7.39
22,OpenSSH,OpenSSH version 2.0,Unix,4.68
21,ProFTPD,ProFTPD version 3.0,Linux,5.67
3306,MariaDB,MariaDB version 1.7,Unix,1.72
80,nginx,nginx version 9.8,Windows,4.87
3306,SMB,SMB version 8.9,Linux,7.3
22,OpenSSH,OpenSSH version 6.1,Linux,2.14
3306,Redis,Redis version 5.8,Unix,2.65
3306,RDP,RDP version 4.5,Unix,6.88
80,nginx,nginx version 8.4,Windows,5.01
80,Apache,Apache version 6.6,Unix,3.01
3306,MongoDB,MongoDB version 1.1,Windows,3.64
22,OpenSSH,OpenSSH version 3.1,Windows,1.75
3306,Redis,Redis version 8.9,Windows,6.57
22,OpenSSH,OpenSSH version 9.7,Windows,2.55
3306,PostgreSQL,PostgreSQL version 8.3,Windows,5.31
3306,MariaDB,MariaDB version 8.4,Linux,4.45
3306,PostgreSQL,PostgreSQL version 5.1,Windows,6.43
3306,PostgreSQL,PostgreSQL version 4.6,Linux,3.31
22,OpenSSH,OpenSSH version 8.7,Linux,4.59
80,Apache,Apache version 6.0,Unix,1.95
80,Apache,Apache version 6.1,Unix,1.59
3306,SMB,SMB version 5.7,Unix,7.39
22,OpenSSH,OpenSSH version 3.3,Windows,1.82
22,OpenSSH,OpenSSH version 7.8,Linux,4.16
3306,Redis,Redis version 9.2,Linux,6.02
3306,SMB,SMB version 8.7,Unix,7.62
3306,MariaDB,MariaDB version 1.9,Linux,3.5
21,vsftpd,vsftpd version 4.1,Unix,2.12
3306,RDP,RDP version 6.0,Unix,7.26
21,ProFTPD,ProFTPD version 8.3,Windows,8.51
21,ProFTPD,ProFTPD version 9.0,Windows,5.51
21,ProFTPD,ProFTPD version 7.3,Unix,5.3
3306,RDP,RDP version 3.6,Windows,5.71
3306,MongoDB,MongoDB version 4.6,Linux,5.36
3306,MongoDB,MongoDB version 5.8,Unix,6.34
21,ProFTPD,ProFTPD version 1.3,Windows,4.64
3306,RDP,RDP version 4.0,Linux,4.25
22,OpenSSH,OpenSSH version 3.6,Unix,8.01
80,LiteSpeed,LiteSpeed version 4.3,Unix,4.23
21,ProFTPD,ProFTPD version 7.6,Unix,6.88
3306,Redis,Redis version 3.3,Unix,3.46
3306,SMB,SMB version 8.3,Linux,7.23
22,OpenSSH,OpenSSH version 7.1,Linux,5.94
3306,RDP,RDP version 8.2,Linux,6.95
80,Apache,Apache version 5.7,Linux,7.11
80,Apache,Apache version 4.9,Windows,4.01
80,LiteSpeed,LiteSpeed version 3.6,Unix,4.11
3306,MongoDB,MongoDB version 4.1,Linux,4.85
21,vsftpd,vsftpd version 6.2,Linux,5.2
80,nginx,nginx version 4.5,Linux,4.84
21,vsftpd,vsftpd version 1.3,Windows,2.57
3306,MariaDB,MariaDB version 9.7,Windows,4.97
3306,MongoDB,MongoDB version 6.4,Unix,3.94
3306,Redis,Redis version 3.2,Linux,3.63
3306,PostgreSQL,PostgreSQL version 9.4,Windows,4.55
3306,MariaDB,MariaDB version 2.1,Unix,3.06
3306,MariaDB,MariaDB version 5.1,Unix,2.8
22,OpenSSH,OpenSSH version 9.3,Windows,0.58
21,vsftpd,vsftpd version 9.0,Windows,7.12
3306,SMB,SMB version 4.0,Windows,7.33
3306,Redis,Redis version 5.3,Linux,4.32
80,Apache,Apache version 7.7,Unix,3.5
21,vsftpd,vsftpd version 1.9,Unix,0.19
22,OpenSSH,OpenSSH version 8.8,Unix,3.41
80,Apache,Apache version 8.4,Windows,5.57
3306,SMB,SMB version 7.7,Windows,7.91
21,vsftpd,vsftpd version 1.4,Unix,5.46
3306,Redis,Redis version 3.0,Linux,4.74
3306,SMB,SMB version 8.1,Linux,8.46
80,nginx,nginx version 2.8,Linux,4.01
3306,Redis,Redis version 1.9,Unix,6.13
80,LiteSpeed,LiteSpeed version 6.3,Linux,3.92
3306,SMB,SMB version 7.0,Unix,5.18
3306,Redis,Redis version 1.8,Unix,2.99
22,OpenSSH,OpenSSH version 7.9,Unix,2.9
80,nginx,nginx version 7.6,Windows,5.49
3306,PostgreSQL,PostgreSQL version 3.7,Unix,3.39
3306,MongoDB,MongoDB version 1.8,Linux,2.95
3306,MongoDB,MongoDB version 3.2,Linux,5.57
3306,PostgreSQL,PostgreSQL version 4.3,Unix,4.99
80,nginx,nginx version 6.2,Unix,5.94
3306,MongoDB,MongoDB version 4.5,Linux,5.27
3306,RDP,RDP version 7.0,Linux,5.37
80,LiteSpeed,LiteSpeed version 2.8,Linux,4.61
3306,PostgreSQL,PostgreSQL version 8.2,Linux,4.69
80,Apache,Apache version 8.0,Windows,3.12
80,nginx,nginx version 6.4,Windows,2.84
3306,RDP,RDP version 7.9,Linux,5.48
3306,PostgreSQL,PostgreSQL version 9.2,Unix,7.55
3306,MongoDB,MongoDB version 7.6,Linux,3.88
21,ProFTPD,ProFTPD version 7.9,Unix,8.35
3306,SMB,SMB version 6.0,Windows,5.8
21,ProFTPD,ProFTPD version 5.6,Linux,7.83
80,nginx,nginx version 7.5,Linux,5.85
3306,PostgreSQL,PostgreSQL version 6.4,Linux,5.93
22,OpenSSH,OpenSSH version 8.5,Unix,5.08
80,LiteSpeed,LiteSpeed version 6.6,Linux,6.57
3306,PostgreSQL,PostgreSQL version 4.7,Windows,5.07
3306,Redis,Redis version 9.6,Linux,7.07
80,nginx,nginx version 1.6,Linux,2.07
