server_header,status_code,has_waf_cookie,content_length,waf_detected,predicted_framework
cloudflare,403,1,13622,Cloudflare,Laravel
Microsoft-IIS/10.0,301,0,47758,None,WordPress
BigIP,301,1,11616,F5_BIG_IP,Unknown
cloudflare-nginx,404,1,12666,Cloudflare,Unknown
BigIP,403,1,47409,F5_BIG_IP,React
cloudflare-nginx,500,1,3171,Cloudflare,Vue
Incapsula,302,1,26627,Imperva,Vue
cloudflare-nginx,301,1,19838,Cloudflare,Laravel
Incapsula,404,1,10151,Imperva,ASP.NET
BigIP,200,1,38287,F5_BIG_IP,Django
AmazonS3,302,1,11728,AWS_WAF,Node.js
cloudflare-nginx,200,1,16218,Cloudflare,Django
BigIP,500,1,8911,F5_BIG_IP,Node.js
cloudflare-nginx,302,1,46512,Cloudflare,Laravel
Sucuri/Cloudproxy,403,1,21216,Sucuri,Spring_Boot
Sucuri/Cloudproxy,302,1,12709,Sucuri,ASP.NET
Incapsula,500,1,30945,Imperva,ASP.NET
nginx/1.18.0,500,1,8270,ModSecurity,React
LiteSpeed,302,0,15663,None,WordPress
AmazonS3,200,1,911,AWS_WAF,React
nginx/1.18.0,302,0,45760,None,Django
nginx/1.18.0,404,0,39356,None,Express
Incapsula,301,1,37270,Imperva,Laravel
AWS,302,1,35358,AWS_WAF,React
BIG-IP,302,1,10135,F5_BIG_IP,Django
Apache/2.4.41,302,1,6359,None,React
BigIP,301,1,37808,F5_BIG_IP,Spring_Boot
Incapsula,403,1,9522,Imperva,React
nginx/1.18.0,403,1,12615,ModSecurity,ASP.NET
Microsoft-IIS/10.0,404,0,21186,None,React
LiteSpeed,404,0,38090,None,Node.js
BIG-IP,302,1,30578,F5_BIG_IP,Spring_Boot
BigIP,500,1,39332,F5_BIG_IP,Laravel
nginx/1.18.0,500,0,19616,None,Vue
Sucuri/Cloudproxy,301,1,1741,Sucuri,Unknown
BIG-IP,403,1,11729,F5_BIG_IP,ASP.NET
Sucuri/Cloudproxy,500,1,7591,Sucuri,Vue
cloudflare-nginx,200,1,16257,Cloudflare,Laravel
BigIP,403,1,26301,F5_BIG_IP,WordPress
cloudflare-nginx,403,1,36811,Cloudflare,Laravel
AWS,500,1,29915,AWS_WAF,Spring_Boot
cloudflare-nginx,302,1,16806,Cloudflare,ASP.NET
Apache/2.4.41,200,0,43013,None,React
cloudflare-nginx,403,1,29671,Cloudflare,Vue
Apache/2.4.41,500,0,7129,None,Django
cloudflare-nginx,403,1,12405,Cloudflare,React
LiteSpeed,404,0,20464,None,ASP.NET
Sucuri/Cloudproxy,403,1,12629,Sucuri,Node.js
AWS,200,1,46334,AWS_WAF,Node.js
cloudflare-nginx,403,1,26310,Cloudflare,Node.js
AmazonS3,403,1,12855,AWS_WAF,Express
cloudflare,404,1,10840,Cloudflare,Django
Sucuri/Cloudproxy,403,1,16706,Sucuri,Express
Sucuri/Cloudproxy,302,1,9466,Sucuri,React
cloudflare,404,1,14755,Cloudflare,Laravel
Microsoft-IIS/10.0,200,0,11297,None,Express
Incapsula,404,1,21407,Imperva,WordPress
Apache/2.4.41 (Ubuntu),404,1,49226,ModSecurity,Laravel
cloudflare,403,1,10016,Cloudflare,WordPress
AmazonS3,403,1,10328,AWS_WAF,Express
cloudflare,403,1,15662,Cloudflare,Spring_Boot
nginx/1.18.0,200,1,6048,ModSecurity,Django
Sucuri/Cloudproxy,500,1,42695,Sucuri,WordPress
cloudflare-nginx,500,1,30619,Cloudflare,Express
Sucuri/Cloudproxy,200,1,42058,Sucuri,Spring_Boot
Sucuri/Cloudproxy,500,1,36164,Sucuri,Laravel
nginx/1.18.0,500,1,25047,ModSecurity,ASP.NET
nginx/1.18.0,403,1,21865,ModSecurity,Express
Sucuri/Cloudproxy,301,1,18020,Sucuri,ASP.NET
Sucuri/Cloudproxy,500,1,31893,Sucuri,Express
Sucuri/Cloudproxy,302,1,18999,Sucuri,Django
Incapsula,404,1,39004,Imperva,Node.js
Sucuri/Cloudproxy,200,1,45426,Sucuri,Spring_Boot
AWS,404,1,32392,AWS_WAF,Unknown
cloudflare-nginx,200,1,7322,Cloudflare,React
Apache/2.4.41,301,0,46127,None,Node.js
Microsoft-IIS/10.0,404,0,2988,None,WordPress
nginx/1.18.0,302,1,39250,ModSecurity,ASP.NET
CloudFront,403,1,17135,AWS_WAF,Django
CloudFront,403,1,11070,AWS_WAF,Unknown
Apache/2.4.41,200,0,21662,None,Spring_Boot
BigIP,301,1,34249,F5_BIG_IP,ASP.NET
cloudflare,403,1,33851,Cloudflare,Spring_Boot
Sucuri/Cloudproxy,403,1,12947,Sucuri,React
Apache/2.4.41 (Ubuntu),200,1,4100,ModSecurity,Django
BIG-IP,500,1,40228,F5_BIG_IP,Django
Incapsula,500,1,33941,Imperva,Express
cloudflare,301,1,30181,Cloudflare,Django
cloudflare,403,1,46086,Cloudflare,WordPress
Incapsula,301,1,44128,Imperva,Vue
nginx/1.18.0,404,1,36845,ModSecurity,Unknown
Incapsula,500,1,12467,Imperva,Node.js
BIG-IP,403,1,29683,F5_BIG_IP,Express
Sucuri/Cloudproxy,403,1,36277,Sucuri,WordPress
CloudFront,404,1,9151,AWS_WAF,WordPress
AWS,302,1,6261,AWS_WAF,Unknown
AmazonS3,403,1,47164,AWS_WAF,ASP.NET
cloudflare,403,1,39973,Cloudflare,Node.js
AmazonS3,404,1,19979,AWS_WAF,Unknown
BigIP,403,1,13418,F5_BIG_IP,Laravel
AWS,301,1,12764,AWS_WAF,React
BigIP,404,1,2786,F5_BIG_IP,WordPress
Sucuri/Cloudproxy,403,1,10653,Sucuri,Node.js
AmazonS3,403,1,4203,AWS_WAF,Vue
nginx/1.18.0,404,1,35354,None,Laravel
BigIP,500,1,32137,F5_BIG_IP,Django
nginx/1.18.0,200,1,30275,ModSecurity,Express
Apache/2.4.41 (Ubuntu),404,1,5487,ModSecurity,Django
Sucuri/Cloudproxy,500,1,37254,Sucuri,Unknown
Incapsula,403,1,16928,Imperva,Vue
Microsoft-IIS/10.0,404,1,34342,None,React
Incapsula,200,1,34960,Imperva,Spring_Boot
cloudflare-nginx,403,1,266,Cloudflare,ASP.NET
cloudflare,302,1,16597,Cloudflare,Express
AWS,403,1,5398,AWS_WAF,WordPress
cloudflare-nginx,403,1,40346,Cloudflare,Laravel
nginx/1.18.0,403,1,4649,ModSecurity,Vue
Sucuri/Cloudproxy,301,1,40279,Sucuri,Django
Apache/2.4.41,301,0,46376,None,ASP.NET
Incapsula,302,1,20499,Imperva,React
Sucuri/Cloudproxy,403,1,11205,Sucuri,ASP.NET
BigIP,301,1,8609,F5_BIG_IP,ASP.NET
AWS,200,1,41901,AWS_WAF,Unknown
LiteSpeed,301,0,49829,None,Vue
CloudFront,404,1,11027,AWS_WAF,Unknown
BigIP,301,1,47992,F5_BIG_IP,Node.js
AmazonS3,302,1,18464,AWS_WAF,Laravel
Sucuri/Cloudproxy,500,1,24742,Sucuri,Unknown
Apache/2.4.41 (Ubuntu),301,1,8392,ModSecurity,Laravel
BIG-IP,403,1,30745,F5_BIG_IP,Express
LiteSpeed,302,1,48319,None,Node.js
BigIP,500,1,23462,F5_BIG_IP,React
cloudflare-nginx,302,1,30782,Cloudflare,Unknown
BIG-IP,403,1,48378,F5_BIG_IP,Laravel
AmazonS3,403,1,32265,AWS_WAF,WordPress
BIG-IP,403,1,7325,F5_BIG_IP,Node.js
LiteSpeed,404,0,14399,None,Unknown
BIG-IP,403,1,45952,F5_BIG_IP,Vue
CloudFront,404,1,685,AWS_WAF,Vue
BIG-IP,403,1,22635,F5_BIG_IP,Laravel
cloudflare-nginx,301,1,38821,Cloudflare,Unknown
AWS,302,1,10080,AWS_WAF,Express
cloudflare,403,1,42749,Cloudflare,Node.js
cloudflare-nginx,200,1,25530,Cloudflare,Laravel
Incapsula,301,1,45530,Imperva,Unknown
Apache/2.4.41,301,0,21685,None,Vue
Incapsula,403,1,32135,Imperva,Laravel
nginx/1.18.0,500,1,28730,None,Laravel
Sucuri/Cloudproxy,404,1,10709,Sucuri,Unknown
BIG-IP,403,1,36735,F5_BIG_IP,Node.js
Apache/2.4.41 (Ubuntu),403,1,41299,ModSecurity,Spring_Boot
CloudFront,403,1,634,AWS_WAF,WordPress
Apache/2.4.41 (Ubuntu),404,1,1461,ModSecurity,React
CloudFront,403,1,20637,AWS_WAF,React
cloudflare-nginx,403,1,49481,Cloudflare,Node.js
Sucuri/Cloudproxy,200,1,10648,Sucuri,Express
AmazonS3,403,1,2108,AWS_WAF,Express
Incapsula,403,1,31867,Imperva,Node.js
Apache/2.4.41,302,1,1648,None,Vue
cloudflare-nginx,500,1,27365,Cloudflare,React
BIG-IP,301,1,5337,F5_BIG_IP,Vue
cloudflare,404,1,24614,Cloudflare,Django
BIG-IP,301,1,14885,F5_BIG_IP,Django
Sucuri/Cloudproxy,301,1,30533,Sucuri,WordPress
cloudflare-nginx,301,1,241,Cloudflare,Spring_Boot
nginx/1.18.0,200,0,40535,None,Spring_Boot
CloudFront,500,1,33124,AWS_WAF,Laravel
Sucuri/Cloudproxy,200,1,5808,Sucuri,Unknown
cloudflare,200,1,32554,Cloudflare,Vue
nginx/1.18.0,301,0,2808,None,WordPress
Sucuri/Cloudproxy,403,1,30841,Sucuri,Express
Apache/2.4.41 (Ubuntu),500,1,49025,ModSecurity,React
cloudflare,200,1,26690,Cloudflare,Spring_Boot
Incapsula,403,1,25145,Imperva,Laravel
cloudflare-nginx,301,1,20191,Cloudflare,Laravel
CloudFront,404,1,29132,AWS_WAF,ASP.NET
Incapsula,500,1,12659,Imperva,Unknown
Apache/2.4.41 (Ubuntu),302,1,25360,ModSecurity,WordPress
AmazonS3,302,1,32231,AWS_WAF,Unknown
Apache/2.4.41,302,1,31156,None,React
Incapsula,403,1,24313,Imperva,Node.js
Incapsula,500,1,33414,Imperva,WordPress
Incapsula,500,1,17182,Imperva,Laravel
Incapsula,403,1,20387,Imperva,WordPress
Sucuri/Cloudproxy,500,1,37578,Sucuri,ASP.NET
cloudflare,302,1,27759,Cloudflare,Unknown
cloudflare-nginx,404,1,28856,Cloudflare,ASP.NET
BigIP,404,1,7074,F5_BIG_IP,Unknown
Sucuri/Cloudproxy,403,1,44859,Sucuri,Laravel
BigIP,403,1,26832,F5_BIG_IP,React
Incapsula,200,1,7147,Imperva,Django
Microsoft-IIS/10.0,404,1,14439,None,Node.js
cloudflare-nginx,403,1,20115,Cloudflare,Spring_Boot
LiteSpeed,200,1,4029,None,React
LiteSpeed,404,1,266,None,Vue
Incapsula,301,1,1687,Imperva,Node.js
BigIP,403,1,30869,F5_BIG_IP,Unknown
AmazonS3,403,1,41411,AWS_WAF,Spring_Boot
BIG-IP,404,1,19629,F5_BIG_IP,Express
Apache/2.4.41 (Ubuntu),403,1,48279,ModSecurity,Vue
Sucuri/Cloudproxy,404,1,3217,Sucuri,Vue
LiteSpeed,200,0,8958,None,Node.js
Apache/2.4.41 (Ubuntu),500,1,8765,ModSecurity,Unknown
Apache/2.4.41 (Ubuntu),404,1,35649,ModSecurity,Django
nginx/1.18.0,301,1,45251,None,WordPress
Apache/2.4.41 (Ubuntu),403,1,48860,ModSecurity,Spring_Boot
nginx/1.18.0,200,1,47378,ModSecurity,Express
cloudflare,301,1,46134,Cloudflare,Django
Incapsula,403,1,14539,Imperva,Vue
BIG-IP,403,1,9423,F5_BIG_IP,WordPress
Sucuri/Cloudproxy,403,1,6404,Sucuri,Django
nginx/1.18.0,403,1,42770,ModSecurity,React
CloudFront,200,1,21462,AWS_WAF,ASP.NET
cloudflare-nginx,403,1,28477,Cloudflare,Node.js
Apache/2.4.41 (Ubuntu),500,1,14173,ModSecurity,Node.js
Sucuri/Cloudproxy,403,1,31486,Sucuri,Node.js
BigIP,403,1,45208,F5_BIG_IP,Django
BIG-IP,302,1,38219,F5_BIG_IP,Unknown
Sucuri/Cloudproxy,301,1,39014,Sucuri,Django
Sucuri/Cloudproxy,403,1,38377,Sucuri,ASP.NET
Microsoft-IIS/10.0,404,0,17992,None,Express
Sucuri/Cloudproxy,301,1,8093,Sucuri,Node.js
Sucuri/Cloudproxy,500,1,27953,Sucuri,React
AmazonS3,302,1,37566,AWS_WAF,Node.js
Apache/2.4.41 (Ubuntu),500,1,45466,ModSecurity,Vue
BIG-IP,500,1,37224,F5_BIG_IP,Django
Sucuri/Cloudproxy,403,1,20635,Sucuri,Spring_Boot
cloudflare-nginx,500,1,6748,Cloudflare,React
AWS,403,1,41508,AWS_WAF,Unknown
Sucuri/Cloudproxy,302,1,22277,Sucuri,ASP.NET
nginx/1.18.0,403,1,36856,ModSecurity,Vue
cloudflare,404,1,3515,Cloudflare,Unknown
Sucuri/Cloudproxy,302,1,26365,Sucuri,WordPress
nginx/1.18.0,403,1,4857,ModSecurity,Vue
Apache/2.4.41 (Ubuntu),301,1,40159,ModSecurity,Node.js
nginx/1.18.0,500,1,20337,ModSecurity,Laravel
BigIP,500,1,38823,F5_BIG_IP,Vue
Sucuri/Cloudproxy,500,1,15810,Sucuri,Spring_Boot
AWS,500,1,40550,AWS_WAF,WordPress
BigIP,404,1,24282,F5_BIG_IP,Django
Incapsula,403,1,6084,Imperva,WordPress
BigIP,301,1,39391,F5_BIG_IP,ASP.NET
BIG-IP,302,1,8276,F5_BIG_IP,Django
nginx/1.18.0,404,1,6724,ModSecurity,Laravel
Apache/2.4.41 (Ubuntu),404,1,35609,ModSecurity,Node.js
nginx/1.18.0,403,1,29836,ModSecurity,Vue
cloudflare-nginx,302,1,13375,Cloudflare,Express
nginx/1.18.0,403,1,47871,ModSecurity,Laravel
nginx/1.18.0,302,0,28250,None,Express
BIG-IP,302,1,46648,F5_BIG_IP,Laravel
Apache/2.4.41 (Ubuntu),403,1,14856,ModSecurity,Express
BigIP,404,1,16278,F5_BIG_IP,WordPress
Incapsula,500,1,41220,Imperva,Django
BIG-IP,403,1,2273,F5_BIG_IP,Unknown
Incapsula,302,1,32245,Imperva,Unknown
cloudflare,302,1,47838,Cloudflare,Laravel
cloudflare,404,1,2511,Cloudflare,Django
nginx/1.18.0,404,1,26332,ModSecurity,WordPress
cloudflare,403,1,11629,Cloudflare,Express
cloudflare-nginx,403,1,8711,Cloudflare,React
Incapsula,302,1,48377,Imperva,Laravel
BigIP,302,1,48001,F5_BIG_IP,Laravel
AmazonS3,403,1,48998,AWS_WAF,Django
cloudflare,403,1,6567,Cloudflare,ASP.NET
Sucuri/Cloudproxy,500,1,42976,Sucuri,Spring_Boot
Incapsula,403,1,34948,Imperva,WordPress
BIG-IP,403,1,17115,F5_BIG_IP,Laravel
Sucuri/Cloudproxy,404,1,45161,Sucuri,Unknown
CloudFront,500,1,35282,AWS_WAF,Node.js
nginx/1.18.0,302,1,15618,None,ASP.NET
Incapsula,403,1,601,Imperva,Spring_Boot
Apache/2.4.41 (Ubuntu),302,1,36148,ModSecurity,Spring_Boot
cloudflare-nginx,200,1,39998,Cloudflare,Express
cloudflare,404,1,27506,Cloudflare,Spring_Boot
cloudflare,301,1,13989,Cloudflare,Unknown
cloudflare,403,1,23530,Cloudflare,Node.js
cloudflare,301,1,49873,Cloudflare,Express
CloudFront,200,1,3967,AWS_WAF,Spring_Boot
cloudflare,404,1,13329,Cloudflare,Laravel
Incapsula,301,1,2125,Imperva,Node.js
Incapsula,302,1,49842,Imperva,Express
LiteSpeed,200,0,31924,None,ASP.NET
Sucuri/Cloudproxy,500,1,23469,Sucuri,React
Incapsula,403,1,9494,Imperva,Unknown
Apache/2.4.41 (Ubuntu),200,1,39720,ModSecurity,ASP.NET
cloudflare-nginx,301,1,1959,Cloudflare,Laravel
Microsoft-IIS/10.0,500,0,25800,None,Unknown
cloudflare,302,1,22544,Cloudflare,ASP.NET
CloudFront,500,1,41566,AWS_WAF,Vue
Incapsula,404,1,10094,Imperva,Spring_Boot
AWS,302,1,33912,AWS_WAF,Unknown
Incapsula,302,1,1380,Imperva,Laravel
nginx/1.18.0,403,1,49936,ModSecurity,Spring_Boot
Apache/2.4.41,301,0,36565,None,Express
cloudflare-nginx,404,1,38570,Cloudflare,Django
AmazonS3,403,1,25566,AWS_WAF,Laravel
Sucuri/Cloudproxy,403,1,45845,Sucuri,Laravel
cloudflare,302,1,27658,Cloudflare,Vue
nginx/1.18.0,403,1,33211,ModSecurity,Unknown
Incapsula,403,1,2729,Imperva,Node.js
BigIP,200,1,26661,F5_BIG_IP,Django
BIG-IP,500,1,20168,F5_BIG_IP,React
Apache/2.4.41,301,1,623,None,Unknown
cloudflare-nginx,404,1,5983,Cloudflare,Express
Incapsula,404,1,37393,Imperva,Laravel
Apache/2.4.41 (Ubuntu),403,1,41966,ModSecurity,Vue
cloudflare-nginx,403,1,46863,Cloudflare,ASP.NET
Incapsula,403,1,30662,Imperva,Laravel
cloudflare,403,1,29691,Cloudflare,Spring_Boot
nginx/1.18.0,403,1,10395,ModSecurity,Laravel
BigIP,200,1,38619,F5_BIG_IP,React
Sucuri/Cloudproxy,301,1,20471,Sucuri,WordPress
cloudflare,200,1,35349,Cloudflare,Express
LiteSpeed,200,0,28110,None,WordPress
cloudflare-nginx,302,1,42559,Cloudflare,Node.js
BIG-IP,500,1,4781,F5_BIG_IP,Laravel
Sucuri/Cloudproxy,302,1,38871,Sucuri,Django
Sucuri/Cloudproxy,302,1,18407,Sucuri,Spring_Boot
Sucuri/Cloudproxy,403,1,10730,Sucuri,Django
LiteSpeed,200,0,19824,None,Laravel
BigIP,301,1,44724,F5_BIG_IP,WordPress
Sucuri/Cloudproxy,301,1,24768,Sucuri,WordPress
Incapsula,404,1,35331,Imperva,Node.js
Incapsula,403,1,15703,Imperva,WordPress
Sucuri/Cloudproxy,200,1,242,Sucuri,ASP.NET
Sucuri/Cloudproxy,301,1,10851,Sucuri,Unknown
BigIP,302,1,21745,F5_BIG_IP,Node.js
Sucuri/Cloudproxy,200,1,25736,Sucuri,Node.js
BigIP,302,1,216,F5_BIG_IP,ASP.NET
Incapsula,403,1,47072,Imperva,WordPress
Apache/2.4.41 (Ubuntu),403,1,49348,ModSecurity,Express
cloudflare,404,1,34638,Cloudflare,Laravel
cloudflare,500,1,10685,Cloudflare,Django
BIG-IP,200,1,47842,F5_BIG_IP,Unknown
Apache/2.4.41,301,1,155,None,Vue
cloudflare,403,1,40646,Cloudflare,Django
nginx/1.18.0,302,1,49575,ModSecurity,Spring_Boot
nginx/1.18.0,302,0,36027,None,WordPress
nginx/1.18.0,302,1,5912,None,Express
Apache/2.4.41 (Ubuntu),200,1,32686,ModSecurity,Laravel
LiteSpeed,404,0,20380,None,Vue
Incapsula,500,1,26468,Imperva,ASP.NET
cloudflare-nginx,500,1,44852,Cloudflare,React
BIG-IP,200,1,19096,F5_BIG_IP,React
BigIP,500,1,40361,F5_BIG_IP,React
Apache/2.4.41,500,0,28201,None,ASP.NET
Apache/2.4.41 (Ubuntu),403,1,8039,ModSecurity,WordPress
AWS,200,1,42904,AWS_WAF,ASP.NET
cloudflare-nginx,403,1,28863,Cloudflare,Django
Sucuri/Cloudproxy,403,1,36471,Sucuri,React
Incapsula,500,1,6118,Imperva,Vue
BIG-IP,404,1,661,F5_BIG_IP,Unknown
BigIP,403,1,46496,F5_BIG_IP,Spring_Boot
Sucuri/Cloudproxy,403,1,1800,Sucuri,React
BIG-IP,301,1,25225,F5_BIG_IP,Django
Sucuri/Cloudproxy,302,1,9544,Sucuri,Spring_Boot
BIG-IP,403,1,23362,F5_BIG_IP,Node.js
CloudFront,301,1,21042,AWS_WAF,Node.js
nginx/1.18.0,500,1,18703,ModSecurity,Vue
Apache/2.4.41,301,0,21460,None,Unknown
Sucuri/Cloudproxy,200,1,22172,Sucuri,Vue
BIG-IP,403,1,35460,F5_BIG_IP,Express
Incapsula,403,1,45206,Imperva,WordPress
LiteSpeed,200,0,5707,None,React
BIG-IP,403,1,4892,F5_BIG_IP,Vue
nginx/1.18.0,404,1,1571,ModSecurity,ASP.NET
AWS,302,1,3821,AWS_WAF,React
Sucuri/Cloudproxy,403,1,4871,Sucuri,React
Microsoft-IIS/10.0,302,0,36771,None,Unknown
Incapsula,200,1,39069,Imperva,WordPress
BigIP,403,1,12677,F5_BIG_IP,Express
Incapsula,403,1,5546,Imperva,React
Sucuri/Cloudproxy,301,1,20054,Sucuri,ASP.NET
nginx/1.18.0,200,0,33865,None,ASP.NET
Incapsula,404,1,21423,Imperva,Express
cloudflare,302,1,25800,Cloudflare,Node.js
nginx/1.18.0,403,1,6507,ModSecurity,Laravel
cloudflare-nginx,404,1,11835,Cloudflare,Laravel
AmazonS3,404,1,20946,AWS_WAF,WordPress
cloudflare-nginx,403,1,37202,Cloudflare,Unknown
LiteSpeed,404,0,25318,None,Vue
Microsoft-IIS/10.0,200,0,30298,None,Spring_Boot
nginx/1.18.0,200,1,49765,ModSecurity,Laravel
BigIP,403,1,49226,F5_BIG_IP,Unknown
BigIP,403,1,27184,F5_BIG_IP,Vue
BigIP,302,1,19954,F5_BIG_IP,React
CloudFront,403,1,39819,AWS_WAF,Unknown
Incapsula,403,1,31625,Imperva,ASP.NET
nginx/1.18.0,200,1,37993,ModSecurity,ASP.NET
Incapsula,301,1,35226,Imperva,ASP.NET
Sucuri/Cloudproxy,200,1,10795,Sucuri,React
nginx/1.18.0,403,1,28830,ModSecurity,WordPress
CloudFront,403,1,27847,AWS_WAF,React
Sucuri/Cloudproxy,403,1,35899,Sucuri,Unknown
BigIP,200,1,36130,F5_BIG_IP,Unknown
Apache/2.4.41,200,0,22220,None,Node.js
LiteSpeed,404,0,36599,None,WordPress
nginx/1.18.0,301,0,24954,None,Laravel
nginx/1.18.0,200,0,38217,None,Django
BigIP,500,1,35677,F5_BIG_IP,Express
Apache/2.4.41 (Ubuntu),404,1,48138,ModSecurity,Unknown
Microsoft-IIS/10.0,500,1,13422,None,Vue
AWS,302,1,40057,AWS_WAF,WordPress
Incapsula,302,1,30291,Imperva,Laravel
CloudFront,403,1,44203,AWS_WAF,Vue
cloudflare-nginx,301,1,42566,Cloudflare,WordPress
nginx/1.18.0,500,1,3497,ModSecurity,Unknown
AWS,301,1,48378,AWS_WAF,Unknown
Sucuri/Cloudproxy,200,1,28796,Sucuri,Django
Incapsula,404,1,46928,Imperva,Node.js
nginx/1.18.0,500,1,5453,None,Express
AWS,302,1,44229,AWS_WAF,Node.js
Sucuri/Cloudproxy,301,1,3709,Sucuri,Vue
BIG-IP,403,1,4296,F5_BIG_IP,Django
Apache/2.4.41 (Ubuntu),200,1,43235,ModSecurity,Unknown
Incapsula,200,1,27662,Imperva,Express
BigIP,403,1,49123,F5_BIG_IP,React
Incapsula,302,1,43491,Imperva,Express
BIG-IP,403,1,39573,F5_BIG_IP,Django
cloudflare,302,1,39283,Cloudflare,Vue
BigIP,302,1,33940,F5_BIG_IP,WordPress
AWS,302,1,49372,AWS_WAF,Spring_Boot
BigIP,403,1,19208,F5_BIG_IP,Spring_Boot
cloudflare,301,1,34227,Cloudflare,Laravel
Incapsula,403,1,4798,Imperva,Unknown
CloudFront,500,1,21994,AWS_WAF,Unknown
AmazonS3,403,1,5759,AWS_WAF,ASP.NET
BigIP,500,1,48292,F5_BIG_IP,Spring_Boot
Sucuri/Cloudproxy,404,1,32250,Sucuri,Unknown
cloudflare,403,1,25423,Cloudflare,Spring_Boot
Apache/2.4.41,302,1,2598,None,Express
cloudflare-nginx,500,1,26106,Cloudflare,WordPress
cloudflare,403,1,10060,Cloudflare,Node.js
cloudflare-nginx,403,1,7168,Cloudflare,WordPress
CloudFront,500,1,5494,AWS_WAF,Laravel
Apache/2.4.41,302,1,9516,None,ASP.NET
AWS,500,1,40048,AWS_WAF,Spring_Boot
BIG-IP,404,1,27808,F5_BIG_IP,ASP.NET
Sucuri/Cloudproxy,500,1,41821,Sucuri,ASP.NET
Sucuri/Cloudproxy,500,1,21965,Sucuri,Django
Sucuri/Cloudproxy,403,1,19478,Sucuri,WordPress
LiteSpeed,302,0,5755,None,WordPress
Incapsula,403,1,45285,Imperva,Node.js
cloudflare-nginx,500,1,43071,Cloudflare,Vue
AmazonS3,200,1,26246,AWS_WAF,React
Microsoft-IIS/10.0,302,0,43395,None,WordPress
cloudflare,404,1,18272,Cloudflare,WordPress
Sucuri/Cloudproxy,403,1,16761,Sucuri,React
Apache/2.4.41,301,0,38221,None,React
Microsoft-IIS/10.0,302,0,5938,None,Spring_Boot
CloudFront,500,1,24915,AWS_WAF,Node.js
CloudFront,404,1,32128,AWS_WAF,React
nginx/1.18.0,500,1,33879,ModSecurity,Express
Sucuri/Cloudproxy,403,1,21370,Sucuri,Unknown
BIG-IP,404,1,18657,F5_BIG_IP,Node.js
Microsoft-IIS/10.0,404,1,41672,None,Laravel
Incapsula,403,1,29758,Imperva,WordPress
Incapsula,302,1,33056,Imperva,Django
cloudflare,500,1,3059,Cloudflare,Vue
LiteSpeed,500,0,36500,None,Spring_Boot
CloudFront,403,1,4870,AWS_WAF,Django
cloudflare-nginx,403,1,42447,Cloudflare,Express
nginx/1.18.0,301,1,12280,ModSecurity,Laravel
CloudFront,403,1,21988,AWS_WAF,Django
BIG-IP,403,1,6070,F5_BIG_IP,ASP.NET
Incapsula,500,1,35755,Imperva,Django
nginx/1.18.0,500,1,8004,ModSecurity,Django
cloudflare-nginx,403,1,46908,Cloudflare,Laravel
BigIP,403,1,336,F5_BIG_IP,Express
Sucuri/Cloudproxy,200,1,23991,Sucuri,WordPress
BIG-IP,301,1,7432,F5_BIG_IP,React
cloudflare-nginx,302,1,30696,Cloudflare,React
cloudflare,200,1,5595,Cloudflare,Vue
Incapsula,404,1,17867,Imperva,Unknown
Apache/2.4.41 (Ubuntu),403,1,20622,ModSecurity,Django
nginx/1.18.0,403,1,41224,ModSecurity,Django
LiteSpeed,301,1,15269,None,Django
cloudflare-nginx,403,1,3791,Cloudflare,Django
Incapsula,403,1,34015,Imperva,ASP.NET
BigIP,403,1,48565,F5_BIG_IP,Django
nginx/1.18.0,404,0,17830,None,Vue
Sucuri/Cloudproxy,403,1,45755,Sucuri,Node.js
nginx/1.18.0,500,1,31109,ModSecurity,Vue
AmazonS3,302,1,21492,AWS_WAF,Spring_Boot
Apache/2.4.41 (Ubuntu),301,1,33347,ModSecurity,Unknown
Apache/2.4.41 (Ubuntu),404,1,10071,ModSecurity,Express
BigIP,403,1,29383,F5_BIG_IP,React
nginx/1.18.0,403,1,42944,ModSecurity,Laravel
Apache/2.4.41 (Ubuntu),200,1,12572,ModSecurity,Spring_Boot
BigIP,301,1,42593,F5_BIG_IP,Django
BIG-IP,403,1,47389,F5_BIG_IP,Spring_Boot
Apache/2.4.41,404,0,36221,None,Express
BIG-IP,403,1,16440,F5_BIG_IP,ASP.NET
Incapsula,301,1,18524,Imperva,Spring_Boot
cloudflare-nginx,301,1,20015,Cloudflare,Django
Incapsula,200,1,16203,Imperva,ASP.NET
AWS,200,1,13711,AWS_WAF,Django
Apache/2.4.41 (Ubuntu),500,1,6861,ModSecurity,Django
Apache/2.4.41 (Ubuntu),302,1,46794,ModSecurity,Unknown
BIG-IP,302,1,23212,F5_BIG_IP,Django
Sucuri/Cloudproxy,301,1,40422,Sucuri,Django
AmazonS3,403,1,1564,AWS_WAF,WordPress
CloudFront,403,1,32118,AWS_WAF,Express
nginx/1.18.0,403,1,42594,ModSecurity,Express
AmazonS3,500,1,10385,AWS_WAF,Vue
cloudflare,403,1,11282,Cloudflare,Django
Incapsula,301,1,46654,Imperva,Unknown
BIG-IP,403,1,3514,F5_BIG_IP,Vue
Apache/2.4.41 (Ubuntu),403,1,1796,ModSecurity,React
BIG-IP,403,1,38106,F5_BIG_IP,ASP.NET
nginx/1.18.0,403,1,26494,ModSecurity,React
Sucuri/Cloudproxy,500,1,14260,Sucuri,Laravel
nginx/1.18.0,301,1,42462,ModSecurity,Vue
Sucuri/Cloudproxy,403,1,28254,Sucuri,ASP.NET
Incapsula,302,1,16846,Imperva,Node.js
cloudflare-nginx,403,1,10892,Cloudflare,Spring_Boot
AmazonS3,302,1,16358,AWS_WAF,WordPress
Incapsula,301,1,44127,Imperva,Node.js
AWS,403,1,11331,AWS_WAF,Node.js
BIG-IP,302,1,32589,F5_BIG_IP,ASP.NET
Incapsula,302,1,21337,Imperva,React
BIG-IP,403,1,5341,F5_BIG_IP,Spring_Boot
Sucuri/Cloudproxy,403,1,35509,Sucuri,WordPress
nginx/1.18.0,301,0,37739,None,WordPress
Apache/2.4.41 (Ubuntu),500,1,31783,ModSecurity,React
LiteSpeed,302,1,7676,None,Django
cloudflare,302,1,7376,Cloudflare,Node.js
BigIP,403,1,9039,F5_BIG_IP,Laravel
Incapsula,403,1,4580,Imperva,Laravel
nginx/1.18.0,403,1,39758,ModSecurity,Django
AWS,403,1,14921,AWS_WAF,Node.js
nginx/1.18.0,302,1,5323,ModSecurity,Vue
AWS,404,1,28681,AWS_WAF,ASP.NET
nginx/1.18.0,500,1,29692,ModSecurity,WordPress
Sucuri/Cloudproxy,403,1,36381,Sucuri,Vue
Sucuri/Cloudproxy,403,1,43566,Sucuri,Laravel
Apache/2.4.41 (Ubuntu),200,1,27332,ModSecurity,Spring_Boot
cloudflare,403,1,40132,Cloudflare,Unknown
Sucuri/Cloudproxy,403,1,7132,Sucuri,WordPress
Sucuri/Cloudproxy,200,1,27536,Sucuri,Django
Incapsula,301,1,39430,Imperva,Vue
nginx/1.18.0,302,0,49632,None,Node.js
Apache/2.4.41,302,0,39958,None,Vue
Sucuri/Cloudproxy,301,1,6295,Sucuri,ASP.NET
CloudFront,500,1,41935,AWS_WAF,Vue
cloudflare-nginx,403,1,15778,Cloudflare,ASP.NET
cloudflare,403,1,15178,Cloudflare,React
Apache/2.4.41,500,0,22163,None,Django
Incapsula,500,1,9122,Imperva,ASP.NET
LiteSpeed,404,1,37204,None,Node.js
CloudFront,302,1,40718,AWS_WAF,Vue
Apache/2.4.41 (Ubuntu),200,1,13960,ModSecurity,Spring_Boot
BIG-IP,302,1,47752,F5_BIG_IP,Unknown
Sucuri/Cloudproxy,404,1,48514,Sucuri,Node.js
Microsoft-IIS/10.0,200,1,4700,None,Node.js
LiteSpeed,404,0,31665,None,ASP.NET
Sucuri/Cloudproxy,403,1,6913,Sucuri,WordPress
LiteSpeed,404,1,40544,None,Spring_Boot
Incapsula,500,1,24227,Imperva,ASP.NET
nginx/1.18.0,302,1,4772,None,ASP.NET
LiteSpeed,500,0,37210,None,Express
Incapsula,302,1,24102,Imperva,WordPress
nginx/1.18.0,302,1,9004,ModSecurity,Express
Sucuri/Cloudproxy,403,1,22204,Sucuri,Spring_Boot
Incapsula,404,1,7027,Imperva,Express
Sucuri/Cloudproxy,403,1,48644,Sucuri,Unknown
Incapsula,200,1,38336,Imperva,React
BigIP,302,1,13344,F5_BIG_IP,Spring_Boot
BigIP,200,1,49215,F5_BIG_IP,Node.js
nginx/1.18.0,200,0,48440,None,Django
nginx/1.18.0,200,1,41458,None,React
nginx/1.18.0,500,1,36381,ModSecurity,Express
cloudflare,302,1,9510,Cloudflare,Unknown
AmazonS3,500,1,47666,AWS_WAF,Node.js
cloudflare-nginx,403,1,49017,Cloudflare,Laravel
CloudFront,403,1,30687,AWS_WAF,WordPress
CloudFront,302,1,46110,AWS_WAF,Spring_Boot
BIG-IP,200,1,8231,F5_BIG_IP,ASP.NET
nginx/1.18.0,404,1,46273,ModSecurity,Laravel
Incapsula,301,1,40774,Imperva,Node.js
Sucuri/Cloudproxy,500,1,1372,Sucuri,React
LiteSpeed,302,0,47019,None,Vue
BigIP,301,1,943,F5_BIG_IP,Express
AWS,200,1,31529,AWS_WAF,WordPress
CloudFront,301,1,23786,AWS_WAF,Node.js
Sucuri/Cloudproxy,403,1,48623,Sucuri,Spring_Boot
Apache/2.4.41 (Ubuntu),500,1,28555,ModSecurity,Spring_Boot
Sucuri/Cloudproxy,403,1,44444,Sucuri,ASP.NET
cloudflare,302,1,42865,Cloudflare,Laravel
Incapsula,404,1,36764,Imperva,Django
nginx/1.18.0,404,1,19164,None,Spring_Boot
BigIP,403,1,11391,F5_BIG_IP,Laravel
cloudflare,403,1,40354,Cloudflare,React
nginx/1.18.0,403,1,46294,ModSecurity,WordPress
Apache/2.4.41,200,0,43884,None,Django
Apache/2.4.41,500,0,48657,None,Django
AmazonS3,403,1,49975,AWS_WAF,React
Microsoft-IIS/10.0,302,1,32558,None,Express
Apache/2.4.41 (Ubuntu),301,1,3340,ModSecurity,React
Incapsula,500,1,5352,Imperva,Django
AWS,200,1,46228,AWS_WAF,Laravel
AmazonS3,404,1,42364,AWS_WAF,Laravel
cloudflare-nginx,403,1,19279,Cloudflare,Spring_Boot
Apache/2.4.41 (Ubuntu),200,1,26705,ModSecurity,Express
cloudflare-nginx,403,1,413,Cloudflare,Express
Apache/2.4.41 (Ubuntu),200,1,20241,ModSecurity,Express
Apache/2.4.41 (Ubuntu),403,1,26265,ModSecurity,React
cloudflare-nginx,403,1,41696,Cloudflare,Spring_Boot
AWS,200,1,45592,AWS_WAF,Spring_Boot
BIG-IP,200,1,45965,F5_BIG_IP,Laravel
Sucuri/Cloudproxy,301,1,4217,Sucuri,React
nginx/1.18.0,301,1,876,ModSecurity,ASP.NET
Microsoft-IIS/10.0,302,0,42626,None,Spring_Boot
Incapsula,403,1,12138,Imperva,ASP.NET
Incapsula,403,1,14424,Imperva,Spring_Boot
CloudFront,302,1,48567,AWS_WAF,Django
LiteSpeed,301,0,35011,None,Spring_Boot
Incapsula,301,1,9156,Imperva,ASP.NET
cloudflare-nginx,403,1,34342,Cloudflare,Vue
nginx/1.18.0,200,0,26606,None,Laravel
CloudFront,302,1,9726,AWS_WAF,Django
cloudflare-nginx,200,1,1023,Cloudflare,Vue
Incapsula,301,1,4210,Imperva,Vue
LiteSpeed,302,0,15172,None,WordPress
Incapsula,301,1,8859,Imperva,Unknown
cloudflare,301,1,38627,Cloudflare,Vue
Incapsula,403,1,20239,Imperva,WordPress
Sucuri/Cloudproxy,403,1,45681,Sucuri,Express
BIG-IP,403,1,701,F5_BIG_IP,WordPress
nginx/1.18.0,301,1,11028,ModSecurity,Laravel
Sucuri/Cloudproxy,302,1,16756,Sucuri,Node.js
Apache/2.4.41 (Ubuntu),500,1,20444,ModSecurity,Unknown
Incapsula,403,1,49129,Imperva,Django
cloudflare-nginx,302,1,37512,Cloudflare,WordPress
CloudFront,404,1,28788,AWS_WAF,Unknown
Apache/2.4.41 (Ubuntu),200,1,15986,ModSecurity,React
AmazonS3,403,1,38131,AWS_WAF,Spring_Boot
AWS,403,1,4294,AWS_WAF,Spring_Boot
AWS,403,1,34770,AWS_WAF,WordPress
nginx/1.18.0,500,1,309,ModSecurity,Unknown
BigIP,403,1,33106,F5_BIG_IP,WordPress
cloudflare-nginx,403,1,10476,Cloudflare,Unknown
Incapsula,403,1,39007,Imperva,Unknown
Incapsula,403,1,24633,Imperva,React
Apache/2.4.41,500,0,31160,None,Spring_Boot
Apache/2.4.41 (Ubuntu),200,1,42702,ModSecurity,Express
nginx/1.18.0,404,0,18878,None,Django
BIG-IP,403,1,49040,F5_BIG_IP,Spring_Boot
Sucuri/Cloudproxy,403,1,27483,Sucuri,Django
Apache/2.4.41,500,0,18868,None,Vue
Sucuri/Cloudproxy,404,1,4782,Sucuri,Django
Incapsula,500,1,34078,Imperva,Laravel
BIG-IP,301,1,14289,F5_BIG_IP,Unknown
LiteSpeed,500,0,38222,None,Unknown
BIG-IP,403,1,23104,F5_BIG_IP,WordPress
cloudflare-nginx,403,1,39303,Cloudflare,Spring_Boot
Incapsula,500,1,45467,Imperva,Django
Microsoft-IIS/10.0,500,1,41725,None,React
Incapsula,403,1,34050,Imperva,Spring_Boot
Microsoft-IIS/10.0,200,0,47489,None,Express
cloudflare,403,1,11746,Cloudflare,WordPress
cloudflare,302,1,11194,Cloudflare,React
AWS,200,1,22581,AWS_WAF,Node.js
Incapsula,301,1,24331,Imperva,ASP.NET
cloudflare-nginx,301,1,47182,Cloudflare,React
cloudflare,200,1,1965,Cloudflare,WordPress
Microsoft-IIS/10.0,404,0,26341,None,ASP.NET
nginx/1.18.0,301,0,21356,None,WordPress
nginx/1.18.0,404,0,45355,None,Express
BIG-IP,200,1,22127,F5_BIG_IP,WordPress
Incapsula,301,1,36860,Imperva,Spring_Boot
Sucuri/Cloudproxy,403,1,46995,Sucuri,Laravel
Apache/2.4.41,200,0,18677,None,React
Incapsula,500,1,45702,Imperva,ASP.NET
cloudflare-nginx,500,1,23408,Cloudflare,Vue
Microsoft-IIS/10.0,302,0,324,None,WordPress
Sucuri/Cloudproxy,403,1,27522,Sucuri,Unknown
Incapsula,500,1,13804,Imperva,Spring_Boot
Incapsula,403,1,3309,Imperva,WordPress
cloudflare-nginx,404,1,40274,Cloudflare,Node.js
AmazonS3,302,1,3683,AWS_WAF,Express
Incapsula,403,1,6220,Imperva,Express
Incapsula,200,1,29023,Imperva,ASP.NET
BigIP,302,1,38463,F5_BIG_IP,WordPress
BIG-IP,403,1,31717,F5_BIG_IP,Express
Incapsula,403,1,43694,Imperva,Laravel
cloudflare,404,1,3944,Cloudflare,Unknown
AWS,404,1,35477,AWS_WAF,Node.js
cloudflare,301,1,31344,Cloudflare,Django
Incapsula,403,1,1796,Imperva,Node.js
BIG-IP,403,1,2211,F5_BIG_IP,Node.js
Sucuri/Cloudproxy,403,1,44740,Sucuri,Spring_Boot
AWS,404,1,43662,AWS_WAF,Unknown
Incapsula,301,1,23726,Imperva,Node.js
AWS,404,1,46262,AWS_WAF,ASP.NET
BigIP,301,1,6761,F5_BIG_IP,ASP.NET
Sucuri/Cloudproxy,403,1,1228,Sucuri,Express
cloudflare,403,1,22597,Cloudflare,ASP.NET
nginx/1.18.0,500,0,681,None,Express
cloudflare-nginx,404,1,11484,Cloudflare,Express
cloudflare,403,1,28589,Cloudflare,Django
Incapsula,403,1,46299,Imperva,Unknown
Apache/2.4.41 (Ubuntu),403,1,30100,ModSecurity,React
BigIP,500,1,48421,F5_BIG_IP,WordPress
Apache/2.4.41 (Ubuntu),403,1,4481,ModSecurity,Express
CloudFront,403,1,11440,AWS_WAF,Express
Sucuri/Cloudproxy,404,1,32486,Sucuri,Node.js
Incapsula,302,1,42620,Imperva,React
BigIP,403,1,33732,F5_BIG_IP,Vue
Microsoft-IIS/10.0,200,0,19154,None,ASP.NET
Incapsula,500,1,13492,Imperva,ASP.NET
Sucuri/Cloudproxy,301,1,46119,Sucuri,Vue
Incapsula,403,1,29740,Imperva,React
nginx/1.18.0,403,1,27723,ModSecurity,Spring_Boot
LiteSpeed,404,1,46703,None,Express
CloudFront,200,1,7673,AWS_WAF,React
BigIP,404,1,49028,F5_BIG_IP,Express
AmazonS3,500,1,32188,AWS_WAF,Unknown
Sucuri/Cloudproxy,302,1,31290,Sucuri,WordPress
AmazonS3,301,1,47889,AWS_WAF,Node.js
Microsoft-IIS/10.0,500,0,42193,None,Vue
Sucuri/Cloudproxy,403,1,15610,Sucuri,WordPress
Incapsula,403,1,47739,Imperva,React
Apache/2.4.41,404,0,26165,None,Express
cloudflare,302,1,25249,Cloudflare,Laravel
BigIP,403,1,37281,F5_BIG_IP,React
Apache/2.4.41 (Ubuntu),403,1,43853,ModSecurity,React
AWS,302,1,4286,AWS_WAF,Django
cloudflare-nginx,403,1,14168,Cloudflare,Spring_Boot
BIG-IP,301,1,1531,F5_BIG_IP,Laravel
BIG-IP,403,1,24327,F5_BIG_IP,Vue
BigIP,403,1,14619,F5_BIG_IP,WordPress
nginx/1.18.0,200,1,35919,None,Node.js
AWS,403,1,16923,AWS_WAF,Laravel
Apache/2.4.41 (Ubuntu),403,1,37848,ModSecurity,Laravel
Incapsula,301,1,34017,Imperva,Laravel
Incapsula,403,1,38108,Imperva,Express
Sucuri/Cloudproxy,403,1,44797,Sucuri,Express
Incapsula,403,1,36068,Imperva,Vue
CloudFront,200,1,49600,AWS_WAF,Node.js
Apache/2.4.41 (Ubuntu),403,1,43119,ModSecurity,Node.js
Sucuri/Cloudproxy,403,1,48337,Sucuri,Vue
Incapsula,403,1,42439,Imperva,Express
Incapsula,200,1,33304,Imperva,ASP.NET
Apache/2.4.41 (Ubuntu),302,1,47578,ModSecurity,WordPress
Apache/2.4.41,302,1,24657,None,React
Sucuri/Cloudproxy,403,1,49590,Sucuri,Django
cloudflare-nginx,403,1,236,Cloudflare,Unknown
cloudflare-nginx,404,1,26961,Cloudflare,React
Sucuri/Cloudproxy,403,1,35025,Sucuri,Node.js
Incapsula,500,1,39859,Imperva,Node.js
Microsoft-IIS/10.0,200,1,18066,None,Unknown
BigIP,403,1,8237,F5_BIG_IP,ASP.NET
BigIP,404,1,13534,F5_BIG_IP,WordPress
cloudflare,403,1,2484,Cloudflare,Vue
Sucuri/Cloudproxy,500,1,7907,Sucuri,Vue
BIG-IP,403,1,2718,F5_BIG_IP,WordPress
Sucuri/Cloudproxy,500,1,37136,Sucuri,Django
AWS,403,1,11571,AWS_WAF,Unknown
Apache/2.4.41,301,0,19519,None,WordPress
cloudflare-nginx,302,1,39840,Cloudflare,Django
BIG-IP,403,1,44653,F5_BIG_IP,Django
Sucuri/Cloudproxy,301,1,3143,Sucuri,ASP.NET
BigIP,403,1,41346,F5_BIG_IP,React
Sucuri/Cloudproxy,403,1,9201,Sucuri,React
Sucuri/Cloudproxy,404,1,32373,Sucuri,Spring_Boot
LiteSpeed,500,0,10425,None,React
LiteSpeed,302,0,30506,None,Laravel
cloudflare,200,1,17996,Cloudflare,Laravel
cloudflare-nginx,200,1,30186,Cloudflare,WordPress
Sucuri/Cloudproxy,404,1,29769,Sucuri,Vue
nginx/1.18.0,403,1,33464,ModSecurity,Express
AWS,200,1,17873,AWS_WAF,Express
Incapsula,403,1,49858,Imperva,React
nginx/1.18.0,200,0,47581,None,React
Sucuri/Cloudproxy,302,1,34842,Sucuri,Vue
Sucuri/Cloudproxy,302,1,7752,Sucuri,Node.js
Incapsula,404,1,38176,Imperva,React
Sucuri/Cloudproxy,302,1,44919,Sucuri,React
CloudFront,301,1,5845,AWS_WAF,Django
BIG-IP,200,1,5214,F5_BIG_IP,ASP.NET
Sucuri/Cloudproxy,500,1,28682,Sucuri,Spring_Boot
BigIP,500,1,40806,F5_BIG_IP,Unknown
nginx/1.18.0,403,1,5455,ModSecurity,Spring_Boot
Sucuri/Cloudproxy,302,1,6353,Sucuri,Node.js
nginx/1.18.0,403,1,35177,ModSecurity,Django
nginx/1.18.0,403,1,39764,ModSecurity,Unknown
Incapsula,403,1,7087,Imperva,Django
Incapsula,500,1,23901,Imperva,Unknown
Incapsula,403,1,7613,Imperva,Express
cloudflare-nginx,404,1,45088,Cloudflare,React
nginx/1.18.0,500,1,721,ModSecurity,Laravel
Sucuri/Cloudproxy,301,1,29050,Sucuri,Express
nginx/1.18.0,403,1,18934,ModSecurity,Vue
cloudflare,500,1,26418,Cloudflare,React
BIG-IP,404,1,43147,F5_BIG_IP,WordPress
nginx/1.18.0,404,1,345,ModSecurity,Vue
BigIP,403,1,195,F5_BIG_IP,Django
cloudflare,301,1,420,Cloudflare,Spring_Boot
cloudflare,403,1,43786,Cloudflare,ASP.NET
BigIP,302,1,4764,F5_BIG_IP,Spring_Boot
Microsoft-IIS/10.0,301,1,37126,None,ASP.NET
Sucuri/Cloudproxy,200,1,1994,Sucuri,ASP.NET
Apache/2.4.41 (Ubuntu),200,1,11362,ModSecurity,WordPress
Apache/2.4.41,302,0,38225,None,Vue
Incapsula,500,1,18913,Imperva,WordPress
nginx/1.18.0,403,1,19369,ModSecurity,Express
AmazonS3,403,1,47348,AWS_WAF,WordPress
Incapsula,500,1,1211,Imperva,Vue
CloudFront,301,1,36827,AWS_WAF,Vue
Apache/2.4.41 (Ubuntu),403,1,16627,ModSecurity,React
Incapsula,403,1,15758,Imperva,Node.js
BigIP,301,1,25694,F5_BIG_IP,Express
nginx/1.18.0,500,1,13244,None,Laravel
Sucuri/Cloudproxy,200,1,253,Sucuri,ASP.NET
CloudFront,500,1,635,AWS_WAF,React
AWS,302,1,42696,AWS_WAF,Vue
BigIP,403,1,36211,F5_BIG_IP,Vue
BigIP,301,1,26798,F5_BIG_IP,Express
BIG-IP,200,1,7549,F5_BIG_IP,WordPress
Sucuri/Cloudproxy,403,1,4352,Sucuri,Laravel
cloudflare-nginx,403,1,32503,Cloudflare,Unknown
Incapsula,200,1,40738,Imperva,ASP.NET
BIG-IP,200,1,6884,F5_BIG_IP,Django
Incapsula,301,1,32267,Imperva,Laravel
cloudflare,302,1,41295,Cloudflare,Spring_Boot
cloudflare,404,1,43139,Cloudflare,Unknown
BigIP,403,1,35564,F5_BIG_IP,Vue
cloudflare-nginx,200,1,36969,Cloudflare,Node.js
Sucuri/Cloudproxy,302,1,42674,Sucuri,Laravel
AWS,403,1,38519,AWS_WAF,Spring_Boot
nginx/1.18.0,403,1,47189,ModSecurity,Spring_Boot
AWS,404,1,3925,AWS_WAF,ASP.NET
BIG-IP,301,1,31566,F5_BIG_IP,Django
BIG-IP,403,1,1500,F5_BIG_IP,React
nginx/1.18.0,403,1,40993,ModSecurity,WordPress
cloudflare-nginx,500,1,2000,Cloudflare,ASP.NET
Sucuri/Cloudproxy,302,1,23622,Sucuri,WordPress
cloudflare,500,1,11595,Cloudflare,Unknown
Incapsula,301,1,26863,Imperva,Unknown
AWS,302,1,15221,AWS_WAF,Vue
Apache/2.4.41 (Ubuntu),200,1,47323,ModSecurity,Spring_Boot
cloudflare,403,1,28377,Cloudflare,Laravel
CloudFront,403,1,28298,AWS_WAF,WordPress
AWS,404,1,41901,AWS_WAF,Node.js
cloudflare-nginx,403,1,43314,Cloudflare,Django
LiteSpeed,404,0,13352,None,Express
BigIP,302,1,26196,F5_BIG_IP,Vue
nginx/1.18.0,404,0,49202,None,Spring_Boot
BigIP,404,1,31611,F5_BIG_IP,Vue
nginx/1.18.0,403,1,8468,ModSecurity,Spring_Boot
Microsoft-IIS/10.0,500,1,1611,None,Node.js
AmazonS3,403,1,35752,AWS_WAF,Node.js
Apache/2.4.41 (Ubuntu),403,1,11392,ModSecurity,Django
Incapsula,404,1,13690,Imperva,ASP.NET
BIG-IP,500,1,6589,F5_BIG_IP,ASP.NET
Incapsula,403,1,14903,Imperva,Spring_Boot
AWS,302,1,10153,AWS_WAF,Vue
Apache/2.4.41 (Ubuntu),404,1,25771,ModSecurity,Spring_Boot
cloudflare,301,1,13947,Cloudflare,Django
Apache/2.4.41,302,0,23871,None,Vue
Sucuri/Cloudproxy,301,1,27980,Sucuri,Laravel
Sucuri/Cloudproxy,301,1,27033,Sucuri,Laravel
Apache/2.4.41,404,0,18108,None,ASP.NET
Incapsula,301,1,15989,Imperva,Vue
nginx/1.18.0,302,1,22915,ModSecurity,Unknown
Apache/2.4.41 (Ubuntu),403,1,19434,ModSecurity,WordPress
Incapsula,403,1,33839,Imperva,React
LiteSpeed,404,0,7254,None,Express
Incapsula,200,1,47907,Imperva,Express
Sucuri/Cloudproxy,404,1,27218,Sucuri,Django
nginx/1.18.0,403,1,32002,ModSecurity,ASP.NET
BigIP,302,1,13112,F5_BIG_IP,Unknown
Apache/2.4.41 (Ubuntu),301,1,11415,ModSecurity,WordPress
Incapsula,403,1,18230,Imperva,Express
cloudflare,403,1,46286,Cloudflare,Vue
cloudflare-nginx,404,1,47833,Cloudflare,Node.js
Incapsula,404,1,47235,Imperva,React
BigIP,301,1,39102,F5_BIG_IP,ASP.NET
BIG-IP,403,1,9470,F5_BIG_IP,Laravel
Sucuri/Cloudproxy,301,1,49424,Sucuri,React
AWS,500,1,42730,AWS_WAF,Django
cloudflare-nginx,500,1,28284,Cloudflare,Express
Apache/2.4.41 (Ubuntu),500,1,22002,ModSecurity,ASP.NET
nginx/1.18.0,404,1,25574,ModSecurity,Spring_Boot
cloudflare,403,1,34330,Cloudflare,Express
cloudflare,500,1,19075,Cloudflare,Spring_Boot
nginx/1.18.0,200,1,9594,ModSecurity,WordPress
nginx/1.18.0,302,0,1894,None,Unknown
CloudFront,403,1,3425,AWS_WAF,React
Incapsula,200,1,30731,Imperva,ASP.NET
cloudflare-nginx,403,1,23153,Cloudflare,ASP.NET
BigIP,403,1,40495,F5_BIG_IP,Laravel
cloudflare-nginx,301,1,24602,Cloudflare,React
Sucuri/Cloudproxy,500,1,9405,Sucuri,React
BigIP,302,1,45257,F5_BIG_IP,Express
BIG-IP,403,1,49883,F5_BIG_IP,WordPress
Microsoft-IIS/10.0,200,1,10388,None,Django
nginx/1.18.0,301,0,30141,None,Django
Sucuri/Cloudproxy,200,1,16882,Sucuri,Unknown
AWS,500,1,19871,AWS_WAF,Spring_Boot
Incapsula,403,1,7255,Imperva,Unknown
Incapsula,403,1,16310,Imperva,Express
nginx/1.18.0,404,1,23490,ModSecurity,Unknown
AWS,500,1,22535,AWS_WAF,Unknown
BigIP,403,1,25544,F5_BIG_IP,WordPress
cloudflare,302,1,3955,Cloudflare,Express
Apache/2.4.41,500,1,33091,None,Express
LiteSpeed,404,0,22941,None,WordPress
Apache/2.4.41 (Ubuntu),403,1,33980,ModSecurity,Django
Incapsula,404,1,36257,Imperva,Django
Incapsula,403,1,37468,Imperva,Unknown
Incapsula,403,1,17367,Imperva,WordPress
CloudFront,200,1,42849,AWS_WAF,Express
Sucuri/Cloudproxy,301,1,4507,Sucuri,Django
Sucuri/Cloudproxy,404,1,1240,Sucuri,Laravel
Incapsula,302,1,30847,Imperva,Django
cloudflare,200,1,41996,Cloudflare,React
nginx/1.18.0,200,1,48488,ModSecurity,Vue
Incapsula,403,1,41210,Imperva,Vue
Incapsula,403,1,2275,Imperva,Django
CloudFront,302,1,36220,AWS_WAF,Laravel
Sucuri/Cloudproxy,403,1,1554,Sucuri,Vue
Incapsula,301,1,3374,Imperva,Node.js
AmazonS3,403,1,42308,AWS_WAF,Django
Incapsula,403,1,31347,Imperva,Spring_Boot
nginx/1.18.0,301,0,40108,None,Spring_Boot
cloudflare-nginx,500,1,8328,Cloudflare,ASP.NET
Incapsula,200,1,33076,Imperva,Spring_Boot
AmazonS3,403,1,317,AWS_WAF,Express
Apache/2.4.41,301,0,17838,None,ASP.NET
LiteSpeed,404,0,49022,None,WordPress
BIG-IP,403,1,31166,F5_BIG_IP,Vue
Apache/2.4.41,301,0,23519,None,Spring_Boot
nginx/1.18.0,500,0,28031,None,ASP.NET
BigIP,301,1,45763,F5_BIG_IP,Node.js
Sucuri/Cloudproxy,500,1,21761,Sucuri,WordPress
cloudflare-nginx,403,1,40625,Cloudflare,Express
nginx/1.18.0,403,1,25419,ModSecurity,Express
BIG-IP,404,1,2783,F5_BIG_IP,Spring_Boot
nginx/1.18.0,301,1,20215,ModSecurity,Unknown
BIG-IP,403,1,12136,F5_BIG_IP,Laravel
BigIP,301,1,25159,F5_BIG_IP,Spring_Boot
cloudflare,301,1,11572,Cloudflare,Unknown
Sucuri/Cloudproxy,500,1,28274,Sucuri,Node.js
Apache/2.4.41 (Ubuntu),500,1,4980,ModSecurity,ASP.NET
Incapsula,200,1,22538,Imperva,Vue
Incapsula,403,1,28274,Imperva,Node.js
Sucuri/Cloudproxy,500,1,8755,Sucuri,Express
CloudFront,404,1,25361,AWS_WAF,Spring_Boot
Sucuri/Cloudproxy,302,1,771,Sucuri,Vue
BIG-IP,403,1,46839,F5_BIG_IP,WordPress
Apache/2.4.41,301,0,31536,None,Django
BIG-IP,403,1,39044,F5_BIG_IP,ASP.NET
BigIP,500,1,15149,F5_BIG_IP,Unknown
Incapsula,403,1,23861,Imperva,Unknown
Microsoft-IIS/10.0,302,0,33928,None,Node.js
Incapsula,403,1,18808,Imperva,Unknown
BigIP,403,1,46465,F5_BIG_IP,Django
CloudFront,404,1,39201,AWS_WAF,Spring_Boot
Sucuri/Cloudproxy,403,1,35627,Sucuri,Express
BIG-IP,403,1,23532,F5_BIG_IP,Spring_Boot
AWS,301,1,902,AWS_WAF,WordPress
cloudflare-nginx,404,1,41679,Cloudflare,React
AmazonS3,403,1,49842,AWS_WAF,Vue
BIG-IP,403,1,164,F5_BIG_IP,Vue
Incapsula,301,1,26558,Imperva,ASP.NET
Microsoft-IIS/10.0,302,0,33444,None,Laravel
BIG-IP,500,1,153,F5_BIG_IP,Spring_Boot
Microsoft-IIS/10.0,301,1,2327,None,Spring_Boot
CloudFront,403,1,10947,AWS_WAF,Spring_Boot
cloudflare,404,1,36331,Cloudflare,Express
BigIP,403,1,1345,F5_BIG_IP,Django
Apache/2.4.41 (Ubuntu),403,1,15866,ModSecurity,Unknown
BIG-IP,403,1,38098,F5_BIG_IP,Django
cloudflare-nginx,302,1,15039,Cloudflare,ASP.NET
BIG-IP,403,1,25064,F5_BIG_IP,Spring_Boot
Sucuri/Cloudproxy,301,1,39459,Sucuri,Django
LiteSpeed,301,1,27868,None,Spring_Boot
nginx/1.18.0,301,1,32842,ModSecurity,Vue
Sucuri/Cloudproxy,500,1,29040,Sucuri,ASP.NET
Apache/2.4.41 (Ubuntu),404,1,12955,ModSecurity,ASP.NET
BigIP,403,1,27923,F5_BIG_IP,Node.js
Sucuri/Cloudproxy,500,1,11347,Sucuri,WordPress
CloudFront,404,1,24118,AWS_WAF,React
nginx/1.18.0,403,1,36662,ModSecurity,Node.js
Apache/2.4.41 (Ubuntu),500,1,37583,ModSecurity,React
BIG-IP,403,1,35374,F5_BIG_IP,Vue
Incapsula,404,1,2104,Imperva,Express
Sucuri/Cloudproxy,500,1,32035,Sucuri,Express
Incapsula,302,1,31439,Imperva,Unknown
Sucuri/Cloudproxy,200,1,30607,Sucuri,ASP.NET
Microsoft-IIS/10.0,500,0,22599,None,WordPress
AmazonS3,404,1,33413,AWS_WAF,Express
Sucuri/Cloudproxy,403,1,4681,Sucuri,Unknown
AWS,200,1,17345,AWS_WAF,ASP.NET
Incapsula,403,1,30467,Imperva,Unknown
Microsoft-IIS/10.0,404,0,37748,None,Django
BigIP,200,1,16570,F5_BIG_IP,React
cloudflare-nginx,403,1,594,Cloudflare,Django
BigIP,403,1,15724,F5_BIG_IP,WordPress
BIG-IP,301,1,41817,F5_BIG_IP,Laravel
BIG-IP,404,1,18710,F5_BIG_IP,Express
Microsoft-IIS/10.0,200,1,37203,None,Laravel
Sucuri/Cloudproxy,302,1,38343,Sucuri,WordPress
cloudflare-nginx,403,1,32230,Cloudflare,WordPress
cloudflare,403,1,45989,Cloudflare,Vue
Apache/2.4.41,500,0,22711,None,Unknown
Incapsula,404,1,4959,Imperva,ASP.NET
Sucuri/Cloudproxy,200,1,18501,Sucuri,Unknown
nginx/1.18.0,302,0,31469,None,WordPress
BIG-IP,302,1,24306,F5_BIG_IP,Unknown
BigIP,404,1,12536,F5_BIG_IP,Spring_Boot
cloudflare-nginx,200,1,13624,Cloudflare,WordPress
Sucuri/Cloudproxy,302,1,49671,Sucuri,Spring_Boot
cloudflare,302,1,35017,Cloudflare,Express
CloudFront,500,1,19259,AWS_WAF,ASP.NET
Incapsula,403,1,37774,Imperva,Spring_Boot
nginx/1.18.0,404,1,49045,ModSecurity,React
BIG-IP,302,1,39225,F5_BIG_IP,Django
cloudflare-nginx,301,1,43798,Cloudflare,Express
Incapsula,500,1,46760,Imperva,Express
Incapsula,403,1,4730,Imperva,ASP.NET
Sucuri/Cloudproxy,403,1,5547,Sucuri,Unknown
BigIP,404,1,28870,F5_BIG_IP,Unknown
nginx/1.18.0,403,1,6269,ModSecurity,ASP.NET
CloudFront,403,1,45072,AWS_WAF,WordPress
Apache/2.4.41 (Ubuntu),301,1,3809,ModSecurity,Django
Sucuri/Cloudproxy,403,1,32149,Sucuri,Django
Incapsula,404,1,21320,Imperva,Vue
Microsoft-IIS/10.0,500,0,38562,None,Django
nginx/1.18.0,403,1,17092,ModSecurity,Unknown
cloudflare-nginx,302,1,41384,Cloudflare,React
BIG-IP,302,1,16529,F5_BIG_IP,ASP.NET
nginx/1.18.0,200,1,15163,ModSecurity,Vue
CloudFront,403,1,6556,AWS_WAF,Django
Sucuri/Cloudproxy,403,1,37310,Sucuri,Unknown
Microsoft-IIS/10.0,404,0,7243,None,WordPress
Sucuri/Cloudproxy,500,1,48340,Sucuri,Django
cloudflare-nginx,301,1,10798,Cloudflare,Django
nginx/1.18.0,200,1,45916,ModSecurity,Spring_Boot
Microsoft-IIS/10.0,200,0,28789,None,Unknown
Sucuri/Cloudproxy,301,1,29399,Sucuri,Django
LiteSpeed,302,1,47321,None,React
CloudFront,301,1,47414,AWS_WAF,WordPress
CloudFront,403,1,48633,AWS_WAF,Vue
AWS,302,1,7851,AWS_WAF,React
Apache/2.4.41,404,0,36010,None,Node.js
Apache/2.4.41 (Ubuntu),403,1,4589,ModSecurity,Unknown
LiteSpeed,404,1,21063,None,Express
nginx/1.18.0,302,0,4581,None,Laravel
Incapsula,403,1,3910,Imperva,Laravel
Sucuri/Cloudproxy,302,1,11180,Sucuri,Spring_Boot
Sucuri/Cloudproxy,403,1,22578,Sucuri,Vue
cloudflare-nginx,403,1,33265,Cloudflare,Django
Apache/2.4.41,302,0,37695,None,Node.js
cloudflare-nginx,301,1,25782,Cloudflare,Spring_Boot
Incapsula,200,1,33537,Imperva,Unknown
Incapsula,403,1,40605,Imperva,Django
CloudFront,403,1,24437,AWS_WAF,Spring_Boot
cloudflare,200,1,36647,Cloudflare,ASP.NET
Sucuri/Cloudproxy,302,1,2278,Sucuri,Unknown
Apache/2.4.41,500,0,8212,None,Unknown
BIG-IP,302,1,32101,F5_BIG_IP,ASP.NET
cloudflare-nginx,301,1,2122,Cloudflare,Express
cloudflare,403,1,43989,Cloudflare,Unknown
Incapsula,301,1,14256,Imperva,Vue
Incapsula,302,1,46535,Imperva,Spring_Boot
BigIP,200,1,8094,F5_BIG_IP,Django
Sucuri/Cloudproxy,403,1,20593,Sucuri,Express
Sucuri/Cloudproxy,403,1,3313,Sucuri,Spring_Boot
Apache/2.4.41 (Ubuntu),403,1,8538,ModSecurity,Express
BIG-IP,500,1,31940,F5_BIG_IP,Vue
cloudflare-nginx,403,1,22368,Cloudflare,ASP.NET
Microsoft-IIS/10.0,200,0,49000,None,Vue
cloudflare-nginx,403,1,19570,Cloudflare,React
cloudflare,403,1,25195,Cloudflare,Django
AWS,500,1,40675,AWS_WAF,Unknown
BIG-IP,301,1,10797,F5_BIG_IP,ASP.NET
LiteSpeed,200,1,2730,None,Express
Sucuri/Cloudproxy,403,1,39478,Sucuri,WordPress
cloudflare-nginx,404,1,20750,Cloudflare,React
AmazonS3,200,1,26230,AWS_WAF,WordPress
cloudflare-nginx,404,1,19596,Cloudflare,Django
BigIP,403,1,16557,F5_BIG_IP,WordPress
cloudflare-nginx,403,1,25255,Cloudflare,Vue
cloudflare-nginx,404,1,41597,Cloudflare,ASP.NET
Incapsula,500,1,5184,Imperva,Express
BIG-IP,403,1,46757,F5_BIG_IP,ASP.NET
cloudflare-nginx,302,1,24359,Cloudflare,Django
LiteSpeed,404,0,19546,None,Vue
BIG-IP,302,1,29958,F5_BIG_IP,React
Apache/2.4.41 (Ubuntu),403,1,2177,ModSecurity,Express
Apache/2.4.41,302,1,28250,None,Laravel
BIG-IP,301,1,25220,F5_BIG_IP,WordPress
BIG-IP,403,1,47823,F5_BIG_IP,React
BIG-IP,403,1,29209,F5_BIG_IP,Unknown
AmazonS3,302,1,20524,AWS_WAF,Laravel
Sucuri/Cloudproxy,403,1,46020,Sucuri,ASP.NET
Apache/2.4.41 (Ubuntu),301,1,13054,ModSecurity,React
AmazonS3,404,1,4489,AWS_WAF,React
Apache/2.4.41 (Ubuntu),403,1,43345,ModSecurity,Spring_Boot
cloudflare,200,1,13073,Cloudflare,Laravel
Apache/2.4.41,500,0,1645,None,Unknown
Apache/2.4.41 (Ubuntu),301,1,30047,ModSecurity,ASP.NET
cloudflare-nginx,500,1,30104,Cloudflare,Node.js
CloudFront,500,1,16336,AWS_WAF,Unknown
CloudFront,404,1,26007,AWS_WAF,WordPress
Incapsula,302,1,40658,Imperva,ASP.NET
BIG-IP,403,1,26798,F5_BIG_IP,Django
Incapsula,403,1,26197,Imperva,Spring_Boot
nginx/1.18.0,500,1,19212,ModSecurity,ASP.NET
Microsoft-IIS/10.0,302,0,31340,None,ASP.NET
CloudFront,404,1,40394,AWS_WAF,Vue
cloudflare-nginx,403,1,14458,Cloudflare,React
cloudflare-nginx,403,1,34015,Cloudflare,Vue
Sucuri/Cloudproxy,403,1,16182,Sucuri,React
Apache/2.4.41 (Ubuntu),301,1,43534,ModSecurity,Django
Incapsula,302,1,1784,Imperva,Laravel
BigIP,500,1,36190,F5_BIG_IP,ASP.NET
cloudflare-nginx,404,1,3819,Cloudflare,React
Sucuri/Cloudproxy,403,1,11011,Sucuri,Vue
BigIP,302,1,4356,F5_BIG_IP,React
AmazonS3,403,1,35031,AWS_WAF,Unknown
Incapsula,301,1,15517,Imperva,ASP.NET
BigIP,403,1,31378,F5_BIG_IP,Spring_Boot
cloudflare,403,1,24455,Cloudflare,Spring_Boot
AWS,301,1,19529,AWS_WAF,React
Apache/2.4.41 (Ubuntu),302,1,15955,ModSecurity,React
BigIP,404,1,11397,F5_BIG_IP,Node.js
Incapsula,200,1,3400,Imperva,Django
AmazonS3,403,1,9558,AWS_WAF,Vue
AmazonS3,301,1,47980,AWS_WAF,Unknown
BIG-IP,200,1,22814,F5_BIG_IP,Django
cloudflare-nginx,302,1,35872,Cloudflare,WordPress
cloudflare-nginx,302,1,26470,Cloudflare,React
CloudFront,500,1,45287,AWS_WAF,Spring_Boot
Sucuri/Cloudproxy,403,1,20364,Sucuri,Vue
cloudflare,403,1,43173,Cloudflare,Unknown
cloudflare-nginx,500,1,27105,Cloudflare,Spring_Boot
Apache/2.4.41 (Ubuntu),302,1,35998,ModSecurity,Unknown
cloudflare-nginx,302,1,27915,Cloudflare,React
Incapsula,403,1,9937,Imperva,Django
AWS,301,1,38035,AWS_WAF,Node.js
Apache/2.4.41 (Ubuntu),403,1,12666,ModSecurity,Vue
cloudflare,403,1,10667,Cloudflare,Vue
Sucuri/Cloudproxy,500,1,11513,Sucuri,Unknown
Sucuri/Cloudproxy,403,1,23207,Sucuri,Laravel
BigIP,403,1,9659,F5_BIG_IP,Spring_Boot
Incapsula,403,1,48043,Imperva,ASP.NET
Microsoft-IIS/10.0,500,1,29548,None,Node.js
BIG-IP,500,1,8999,F5_BIG_IP,Laravel
Sucuri/Cloudproxy,302,1,30015,Sucuri,Laravel
AWS,403,1,40739,AWS_WAF,ASP.NET
Sucuri/Cloudproxy,500,1,19178,Sucuri,Laravel
cloudflare-nginx,301,1,39936,Cloudflare,Unknown
AmazonS3,403,1,44132,AWS_WAF,React
AmazonS3,302,1,1924,AWS_WAF,Spring_Boot
Incapsula,302,1,48890,Imperva,Django
AmazonS3,403,1,4333,AWS_WAF,Spring_Boot
Sucuri/Cloudproxy,302,1,25640,Sucuri,Node.js
BIG-IP,500,1,22800,F5_BIG_IP,ASP.NET
BIG-IP,301,1,40106,F5_BIG_IP,Vue
Incapsula,302,1,26018,Imperva,Laravel
BigIP,500,1,38912,F5_BIG_IP,WordPress
cloudflare,500,1,30804,Cloudflare,Spring_Boot
cloudflare-nginx,301,1,1085,Cloudflare,Laravel
Apache/2.4.41 (Ubuntu),403,1,36507,ModSecurity,Node.js
Apache/2.4.41 (Ubuntu),403,1,11211,ModSecurity,Express
Sucuri/Cloudproxy,200,1,37451,Sucuri,Express
cloudflare,403,1,49951,Cloudflare,Spring_Boot
BigIP,500,1,26577,F5_BIG_IP,Express
Apache/2.4.41 (Ubuntu),403,1,17488,ModSecurity,Django
Incapsula,302,1,23207,Imperva,React
BigIP,404,1,20880,F5_BIG_IP,WordPress
CloudFront,200,1,6750,AWS_WAF,Django
Sucuri/Cloudproxy,200,1,46612,Sucuri,Express
Incapsula,500,1,40239,Imperva,Laravel
cloudflare,404,1,46900,Cloudflare,Node.js
Sucuri/Cloudproxy,403,1,7819,Sucuri,Unknown
Incapsula,403,1,4600,Imperva,Laravel
Incapsula,200,1,16506,Imperva,Django
Sucuri/Cloudproxy,302,1,31271,Sucuri,Node.js
Microsoft-IIS/10.0,200,0,19281,None,Laravel
CloudFront,200,1,36064,AWS_WAF,WordPress
Sucuri/Cloudproxy,403,1,23634,Sucuri,Spring_Boot
BIG-IP,301,1,12504,F5_BIG_IP,React
nginx/1.18.0,403,1,45641,ModSecurity,Spring_Boot
Incapsula,404,1,21929,Imperva,WordPress
Incapsula,404,1,16604,Imperva,Unknown
BIG-IP,302,1,37249,F5_BIG_IP,ASP.NET
Microsoft-IIS/10.0,301,1,24036,None,Laravel
Apache/2.4.41,200,0,28331,None,Spring_Boot
BigIP,301,1,23318,F5_BIG_IP,ASP.NET
AWS,404,1,9593,AWS_WAF,Spring_Boot
AWS,403,1,9382,AWS_WAF,Django
Apache/2.4.41 (Ubuntu),403,1,42204,ModSecurity,Unknown
Microsoft-IIS/10.0,200,0,18414,None,Vue
LiteSpeed,302,1,32484,None,Spring_Boot
Sucuri/Cloudproxy,403,1,46673,Sucuri,ASP.NET
Incapsula,403,1,45280,Imperva,Laravel
cloudflare-nginx,403,1,32028,Cloudflare,Spring_Boot
Incapsula,404,1,37856,Imperva,WordPress
nginx/1.18.0,302,1,40136,None,Node.js
AmazonS3,403,1,49304,AWS_WAF,ASP.NET
Incapsula,403,1,30488,Imperva,Unknown
Incapsula,403,1,5071,Imperva,Unknown
cloudflare-nginx,403,1,4214,Cloudflare,WordPress
BigIP,500,1,8255,F5_BIG_IP,Vue
CloudFront,301,1,8515,AWS_WAF,Django
BIG-IP,200,1,4439,F5_BIG_IP,Express
BIG-IP,302,1,35529,F5_BIG_IP,Laravel
Sucuri/Cloudproxy,403,1,29572,Sucuri,Unknown
Sucuri/Cloudproxy,403,1,25046,Sucuri,Spring_Boot
cloudflare,403,1,7652,Cloudflare,Node.js
BIG-IP,301,1,13224,F5_BIG_IP,Express
Sucuri/Cloudproxy,403,1,27437,Sucuri,Laravel
Apache/2.4.41,404,0,48338,None,ASP.NET
BigIP,403,1,21338,F5_BIG_IP,Laravel
Apache/2.4.41,200,0,27777,None,WordPress
Incapsula,403,1,46725,Imperva,Laravel
Incapsula,302,1,12076,Imperva,Unknown
Sucuri/Cloudproxy,403,1,45178,Sucuri,ASP.NET
Incapsula,302,1,2340,Imperva,Unknown
nginx/1.18.0,403,1,30747,ModSecurity,Django
cloudflare,404,1,7063,Cloudflare,Vue
AmazonS3,404,1,37844,AWS_WAF,Unknown
nginx/1.18.0,500,0,15699,None,Spring_Boot
nginx/1.18.0,302,0,32835,None,Express
Sucuri/Cloudproxy,403,1,20198,Sucuri,Vue
Microsoft-IIS/10.0,500,1,27954,None,Express
nginx/1.18.0,200,1,205,None,Vue
Apache/2.4.41 (Ubuntu),200,1,45493,ModSecurity,Django
BigIP,500,1,20052,F5_BIG_IP,Express
Sucuri/Cloudproxy,404,1,33090,Sucuri,Spring_Boot
Sucuri/Cloudproxy,200,1,8497,Sucuri,Node.js
BigIP,403,1,7711,F5_BIG_IP,Node.js
Sucuri/Cloudproxy,500,1,29937,Sucuri,Laravel
Sucuri/Cloudproxy,500,1,5516,Sucuri,React
nginx/1.18.0,200,1,661,ModSecurity,Unknown
Apache/2.4.41 (Ubuntu),404,1,38784,ModSecurity,Laravel
BigIP,404,1,32487,F5_BIG_IP,Django
Sucuri/Cloudproxy,403,1,44790,Sucuri,Laravel
cloudflare,200,1,23971,Cloudflare,Express
cloudflare,403,1,38471,Cloudflare,WordPress
nginx/1.18.0,404,1,7690,ModSecurity,WordPress
cloudflare-nginx,403,1,6808,Cloudflare,Node.js
LiteSpeed,200,0,37812,None,React
AWS,404,1,23983,AWS_WAF,ASP.NET
Apache/2.4.41,302,0,3147,None,Unknown
BIG-IP,403,1,33836,F5_BIG_IP,Django
BIG-IP,500,1,34091,F5_BIG_IP,Vue
AWS,302,1,31205,AWS_WAF,ASP.NET
LiteSpeed,302,1,40452,None,Django
nginx/1.18.0,200,1,19228,ModSecurity,Django
Microsoft-IIS/10.0,302,0,26256,None,Laravel
Incapsula,403,1,18447,Imperva,Django
nginx/1.18.0,403,1,49698,ModSecurity,Django
nginx/1.18.0,500,0,1909,None,Unknown
Sucuri/Cloudproxy,403,1,40033,Sucuri,React
Apache/2.4.41 (Ubuntu),403,1,27783,ModSecurity,ASP.NET
Incapsula,404,1,38882,Imperva,Vue
cloudflare-nginx,404,1,37483,Cloudflare,Vue
Sucuri/Cloudproxy,200,1,31605,Sucuri,ASP.NET
Apache/2.4.41 (Ubuntu),403,1,28701,ModSecurity,Django
cloudflare,404,1,48026,Cloudflare,Vue
Incapsula,404,1,29549,Imperva,Node.js
Incapsula,404,1,34069,Imperva,Vue
cloudflare-nginx,404,1,19641,Cloudflare,Express
Apache/2.4.41 (Ubuntu),301,1,47400,ModSecurity,Laravel
Sucuri/Cloudproxy,200,1,39358,Sucuri,React
CloudFront,200,1,16811,AWS_WAF,Vue
AWS,403,1,17121,AWS_WAF,Unknown
cloudflare,301,1,43566,Cloudflare,ASP.NET
BigIP,301,1,41117,F5_BIG_IP,Unknown
Incapsula,200,1,14919,Imperva,Node.js
nginx/1.18.0,404,1,44135,ModSecurity,Laravel
nginx/1.18.0,500,1,33515,ModSecurity,WordPress
BIG-IP,500,1,29940,F5_BIG_IP,Node.js
CloudFront,403,1,45084,AWS_WAF,Spring_Boot
Sucuri/Cloudproxy,403,1,43842,Sucuri,Node.js
BIG-IP,500,1,37321,F5_BIG_IP,Spring_Boot
cloudflare-nginx,302,1,24947,Cloudflare,React
Incapsula,403,1,20498,Imperva,Django
nginx/1.18.0,403,1,26091,ModSecurity,Laravel
Apache/2.4.41 (Ubuntu),200,1,11261,ModSecurity,Node.js
cloudflare-nginx,403,1,26405,Cloudflare,Express
Incapsula,403,1,28374,Imperva,Laravel
Apache/2.4.41,200,0,11249,None,Express
AmazonS3,500,1,19551,AWS_WAF,Node.js
Apache/2.4.41 (Ubuntu),301,1,15721,ModSecurity,Node.js
CloudFront,404,1,7161,AWS_WAF,Unknown
BigIP,403,1,2243,F5_BIG_IP,Laravel
cloudflare-nginx,403,1,40597,Cloudflare,Express
CloudFront,404,1,32604,AWS_WAF,React
Microsoft-IIS/10.0,500,0,30912,None,Express
Sucuri/Cloudproxy,403,1,8462,Sucuri,WordPress
AWS,404,1,29729,AWS_WAF,Spring_Boot
AWS,403,1,12917,AWS_WAF,Unknown
Apache/2.4.41 (Ubuntu),200,1,12593,ModSecurity,React
BigIP,403,1,22499,F5_BIG_IP,Vue
Sucuri/Cloudproxy,403,1,1395,Sucuri,ASP.NET
cloudflare-nginx,403,1,9448,Cloudflare,Laravel
Sucuri/Cloudproxy,200,1,13499,Sucuri,Vue
CloudFront,403,1,29557,AWS_WAF,Django
cloudflare,404,1,8960,Cloudflare,Unknown
CloudFront,302,1,15445,AWS_WAF,Node.js
Sucuri/Cloudproxy,403,1,36715,Sucuri,Node.js
Sucuri/Cloudproxy,301,1,45371,Sucuri,Django
Apache/2.4.41 (Ubuntu),403,1,35169,ModSecurity,Node.js
Sucuri/Cloudproxy,404,1,8797,Sucuri,Unknown
BigIP,404,1,44194,F5_BIG_IP,Laravel
Apache/2.4.41 (Ubuntu),302,1,29314,ModSecurity,Unknown
BigIP,403,1,9281,F5_BIG_IP,Laravel
Apache/2.4.41 (Ubuntu),302,1,42628,ModSecurity,Unknown
Incapsula,403,1,30543,Imperva,Unknown
Apache/2.4.41 (Ubuntu),302,1,16601,ModSecurity,Spring_Boot
nginx/1.18.0,404,1,8709,ModSecurity,Laravel
Apache/2.4.41,302,1,7444,None,Express
cloudflare-nginx,403,1,18720,Cloudflare,Vue
Microsoft-IIS/10.0,302,1,1793,None,WordPress
BIG-IP,404,1,8421,F5_BIG_IP,Vue
AWS,403,1,42707,AWS_WAF,Vue
BigIP,200,1,38247,F5_BIG_IP,Django
cloudflare-nginx,302,1,30874,Cloudflare,Unknown
Sucuri/Cloudproxy,403,1,39339,Sucuri,Express
cloudflare,403,1,33194,Cloudflare,ASP.NET
Sucuri/Cloudproxy,404,1,46776,Sucuri,Node.js
cloudflare-nginx,403,1,11253,Cloudflare,Spring_Boot
nginx/1.18.0,403,1,19939,ModSecurity,Laravel
AWS,403,1,27635,AWS_WAF,React
Sucuri/Cloudproxy,403,1,20049,Sucuri,Vue
cloudflare,403,1,25827,Cloudflare,Unknown
cloudflare-nginx,404,1,41154,Cloudflare,React
nginx/1.18.0,200,1,22674,None,Node.js
Incapsula,403,1,41251,Imperva,ASP.NET
nginx/1.18.0,302,1,30573,ModSecurity,Express
Incapsula,403,1,23087,Imperva,WordPress
cloudflare-nginx,200,1,40435,Cloudflare,Spring_Boot
Incapsula,403,1,44492,Imperva,ASP.NET
Incapsula,404,1,1138,Imperva,Express
Apache/2.4.41 (Ubuntu),403,1,40664,ModSecurity,Vue
cloudflare-nginx,403,1,41464,Cloudflare,Django
Sucuri/Cloudproxy,403,1,758,Sucuri,Spring_Boot
Microsoft-IIS/10.0,301,0,20503,None,React
Apache/2.4.41 (Ubuntu),404,1,17490,ModSecurity,WordPress
Sucuri/Cloudproxy,403,1,17773,Sucuri,Spring_Boot
LiteSpeed,500,0,35049,None,Laravel
Incapsula,302,1,43803,Imperva,WordPress
cloudflare-nginx,403,1,10746,Cloudflare,Vue
Incapsula,403,1,21869,Imperva,Vue
Incapsula,403,1,20984,Imperva,Laravel
LiteSpeed,500,0,4468,None,Unknown
Incapsula,403,1,8595,Imperva,Node.js
Apache/2.4.41,200,0,16806,None,WordPress
AmazonS3,403,1,42018,AWS_WAF,Unknown
Microsoft-IIS/10.0,302,1,10006,None,Vue
nginx/1.18.0,200,1,7569,ModSecurity,React
BigIP,403,1,24944,F5_BIG_IP,WordPress
Sucuri/Cloudproxy,403,1,29959,Sucuri,Unknown
cloudflare,403,1,45665,Cloudflare,React
nginx/1.18.0,404,0,25568,None,Unknown
cloudflare,403,1,21836,Cloudflare,WordPress
AWS,302,1,36130,AWS_WAF,Unknown
nginx/1.18.0,302,1,43614,ModSecurity,Spring_Boot
CloudFront,500,1,7801,AWS_WAF,Spring_Boot
Sucuri/Cloudproxy,403,1,45989,Sucuri,ASP.NET
cloudflare-nginx,200,1,9655,Cloudflare,Django
Incapsula,500,1,43442,Imperva,WordPress
cloudflare-nginx,403,1,6332,Cloudflare,Laravel
AWS,403,1,44873,AWS_WAF,Unknown
AmazonS3,500,1,15519,AWS_WAF,Laravel
LiteSpeed,301,0,5783,None,Vue
BIG-IP,200,1,128,F5_BIG_IP,Vue
BIG-IP,200,1,30951,F5_BIG_IP,ASP.NET
Apache/2.4.41 (Ubuntu),403,1,24052,ModSecurity,WordPress
BigIP,404,1,5897,F5_BIG_IP,ASP.NET
Apache/2.4.41 (Ubuntu),403,1,43485,ModSecurity,Laravel
cloudflare,302,1,2317,Cloudflare,Node.js
Incapsula,403,1,38949,Imperva,WordPress
Incapsula,301,1,41648,Imperva,Express
AWS,302,1,12302,AWS_WAF,Django
cloudflare,301,1,47468,Cloudflare,Django
Apache/2.4.41 (Ubuntu),302,1,34228,ModSecurity,WordPress
Apache/2.4.41 (Ubuntu),403,1,19294,ModSecurity,Node.js
Microsoft-IIS/10.0,301,0,47448,None,Express
CloudFront,200,1,12940,AWS_WAF,Spring_Boot
Incapsula,302,1,10223,Imperva,ASP.NET
AmazonS3,403,1,22038,AWS_WAF,Vue
Incapsula,200,1,24706,Imperva,Unknown
CloudFront,403,1,9238,AWS_WAF,Laravel
Incapsula,404,1,8129,Imperva,Django
BIG-IP,301,1,44517,F5_BIG_IP,Unknown
BigIP,403,1,47380,F5_BIG_IP,Django
Sucuri/Cloudproxy,403,1,13033,Sucuri,Vue
nginx/1.18.0,404,1,7262,ModSecurity,ASP.NET
CloudFront,404,1,5818,AWS_WAF,Spring_Boot
LiteSpeed,302,0,26154,None,React
Incapsula,403,1,21692,Imperva,ASP.NET
Sucuri/Cloudproxy,301,1,15863,Sucuri,Express
Incapsula,500,1,29001,Imperva,Django
nginx/1.18.0,404,0,35268,None,Django
BIG-IP,200,1,35248,F5_BIG_IP,Vue
Microsoft-IIS/10.0,500,1,15363,None,Express
Incapsula,200,1,44547,Imperva,ASP.NET
Sucuri/Cloudproxy,403,1,8577,Sucuri,Spring_Boot
Sucuri/Cloudproxy,403,1,14476,Sucuri,Unknown
Incapsula,404,1,43197,Imperva,Express
CloudFront,301,1,29013,AWS_WAF,React
Sucuri/Cloudproxy,301,1,5561,Sucuri,Spring_Boot
Incapsula,403,1,47898,Imperva,WordPress
nginx/1.18.0,403,1,13912,ModSecurity,Node.js
BIG-IP,200,1,31195,F5_BIG_IP,Laravel
nginx/1.18.0,302,1,37619,ModSecurity,WordPress
Incapsula,301,1,32858,Imperva,React
Apache/2.4.41 (Ubuntu),302,1,26768,ModSecurity,Django
BigIP,301,1,14449,F5_BIG_IP,Django
Incapsula,200,1,24961,Imperva,WordPress
nginx/1.18.0,301,1,36594,ModSecurity,WordPress
cloudflare,403,1,21510,Cloudflare,Laravel
CloudFront,500,1,4716,AWS_WAF,Spring_Boot
BigIP,403,1,39531,F5_BIG_IP,Spring_Boot
cloudflare,403,1,43781,Cloudflare,Express
cloudflare-nginx,403,1,36593,Cloudflare,ASP.NET
Apache/2.4.41,404,0,34673,None,Node.js
AWS,302,1,35837,AWS_WAF,React
BigIP,302,1,2675,F5_BIG_IP,ASP.NET
Apache/2.4.41 (Ubuntu),500,1,9884,ModSecurity,ASP.NET
Apache/2.4.41 (Ubuntu),302,1,18581,ModSecurity,Spring_Boot
Incapsula,404,1,29860,Imperva,Express
nginx/1.18.0,302,1,7323,ModSecurity,ASP.NET
Apache/2.4.41 (Ubuntu),200,1,11255,ModSecurity,Unknown
Microsoft-IIS/10.0,200,0,25816,None,Express
Sucuri/Cloudproxy,403,1,38492,Sucuri,ASP.NET
nginx/1.18.0,500,1,24475,ModSecurity,Vue
Apache/2.4.41 (Ubuntu),403,1,22671,ModSecurity,ASP.NET
Incapsula,500,1,9000,Imperva,React
cloudflare-nginx,403,1,3887,Cloudflare,Node.js
Incapsula,403,1,46026,Imperva,Spring_Boot
Sucuri/Cloudproxy,500,1,6634,Sucuri,WordPress
BIG-IP,500,1,24126,F5_BIG_IP,Unknown
Sucuri/Cloudproxy,200,1,41241,Sucuri,Node.js
cloudflare-nginx,404,1,26142,Cloudflare,Spring_Boot
cloudflare,404,1,29260,Cloudflare,Laravel
AWS,403,1,44313,AWS_WAF,Unknown
Sucuri/Cloudproxy,301,1,26249,Sucuri,Express
BigIP,403,1,20059,F5_BIG_IP,Express
CloudFront,403,1,34594,AWS_WAF,Django
nginx/1.18.0,404,1,24778,ModSecurity,Laravel
Apache/2.4.41,200,0,9373,None,Spring_Boot
CloudFront,403,1,10222,AWS_WAF,WordPress
nginx/1.18.0,200,1,32214,ModSecurity,WordPress
Apache/2.4.41 (Ubuntu),200,1,10197,ModSecurity,Spring_Boot
nginx/1.18.0,403,1,37662,ModSecurity,Vue
AWS,200,1,22628,AWS_WAF,Spring_Boot
Incapsula,403,1,7824,Imperva,Spring_Boot
Sucuri/Cloudproxy,500,1,20582,Sucuri,Django
BigIP,500,1,43712,F5_BIG_IP,React
cloudflare-nginx,301,1,35330,Cloudflare,Laravel
AmazonS3,200,1,43883,AWS_WAF,Express
Sucuri/Cloudproxy,403,1,18890,Sucuri,WordPress
cloudflare,500,1,9825,Cloudflare,Node.js
cloudflare-nginx,404,1,4167,Cloudflare,WordPress
Sucuri/Cloudproxy,302,1,43232,Sucuri,Spring_Boot
Sucuri/Cloudproxy,404,1,10719,Sucuri,React
Sucuri/Cloudproxy,403,1,1661,Sucuri,Node.js
AmazonS3,404,1,14518,AWS_WAF,Laravel
cloudflare-nginx,403,1,839,Cloudflare,WordPress
LiteSpeed,500,1,11774,None,Unknown
Sucuri/Cloudproxy,403,1,37071,Sucuri,Node.js
CloudFront,403,1,27708,AWS_WAF,Laravel
LiteSpeed,500,0,45718,None,Django
BigIP,500,1,10738,F5_BIG_IP,React
nginx/1.18.0,500,0,2539,None,Django
Microsoft-IIS/10.0,500,0,3948,None,Node.js
Incapsula,302,1,2130,Imperva,Laravel
Apache/2.4.41 (Ubuntu),403,1,33678,ModSecurity,Spring_Boot
Sucuri/Cloudproxy,200,1,38754,Sucuri,ASP.NET
BigIP,403,1,20443,F5_BIG_IP,Django
Sucuri/Cloudproxy,404,1,9581,Sucuri,Django
nginx/1.18.0,404,1,13215,ModSecurity,Spring_Boot
Apache/2.4.41,200,0,34254,None,ASP.NET
CloudFront,301,1,38592,AWS_WAF,React
BigIP,403,1,12358,F5_BIG_IP,WordPress
LiteSpeed,302,0,12042,None,Node.js
BIG-IP,500,1,28280,F5_BIG_IP,WordPress
Sucuri/Cloudproxy,403,1,6893,Sucuri,Express
AWS,500,1,21785,AWS_WAF,ASP.NET
cloudflare-nginx,404,1,47879,Cloudflare,Django
Sucuri/Cloudproxy,500,1,40595,Sucuri,React
Sucuri/Cloudproxy,403,1,30061,Sucuri,Laravel
Microsoft-IIS/10.0,404,1,21739,None,Django
Apache/2.4.41 (Ubuntu),403,1,15561,ModSecurity,Node.js
Sucuri/Cloudproxy,403,1,6047,Sucuri,ASP.NET
Incapsula,200,1,34612,Imperva,ASP.NET
Incapsula,403,1,38026,Imperva,WordPress
Sucuri/Cloudproxy,404,1,7139,Sucuri,Node.js
Microsoft-IIS/10.0,301,0,27758,None,Spring_Boot
AmazonS3,403,1,38344,AWS_WAF,React
nginx/1.18.0,500,1,32744,ModSecurity,Django
nginx/1.18.0,403,1,44569,ModSecurity,Unknown
nginx/1.18.0,302,0,33314,None,Laravel
Sucuri/Cloudproxy,302,1,38783,Sucuri,React
Sucuri/Cloudproxy,403,1,14108,Sucuri,React
LiteSpeed,200,1,2176,None,Spring_Boot
BigIP,301,1,1363,F5_BIG_IP,ASP.NET
Incapsula,500,1,35006,Imperva,WordPress
Incapsula,403,1,27532,Imperva,Laravel
cloudflare-nginx,403,1,1567,Cloudflare,ASP.NET
Incapsula,301,1,15558,Imperva,ASP.NET
Sucuri/Cloudproxy,500,1,37401,Sucuri,Laravel
Apache/2.4.41,200,0,48089,None,Laravel
nginx/1.18.0,404,1,8328,ModSecurity,Django
Sucuri/Cloudproxy,301,1,49736,Sucuri,Unknown
Sucuri/Cloudproxy,403,1,44195,Sucuri,ASP.NET
Apache/2.4.41,302,0,32494,None,Vue
LiteSpeed,200,1,23602,None,Laravel
AmazonS3,403,1,22271,AWS_WAF,Django
CloudFront,200,1,29321,AWS_WAF,Node.js
CloudFront,403,1,25146,AWS_WAF,Spring_Boot
cloudflare,403,1,16895,Cloudflare,ASP.NET
Sucuri/Cloudproxy,500,1,12935,Sucuri,ASP.NET
Apache/2.4.41 (Ubuntu),302,1,11386,ModSecurity,Django
Apache/2.4.41 (Ubuntu),302,1,49211,ModSecurity,Unknown
Apache/2.4.41,301,0,21875,None,Laravel
Sucuri/Cloudproxy,302,1,45110,Sucuri,React
Apache/2.4.41 (Ubuntu),403,1,42681,ModSecurity,Spring_Boot
BIG-IP,403,1,28850,F5_BIG_IP,Node.js
BigIP,403,1,18315,F5_BIG_IP,Unknown
CloudFront,403,1,5208,AWS_WAF,Django
BIG-IP,500,1,33141,F5_BIG_IP,Spring_Boot
CloudFront,403,1,15769,AWS_WAF,Laravel
AWS,403,1,36220,AWS_WAF,WordPress
Incapsula,301,1,11766,Imperva,ASP.NET
nginx/1.18.0,301,1,31045,ModSecurity,Django
CloudFront,404,1,16837,AWS_WAF,Node.js
Sucuri/Cloudproxy,404,1,7384,Sucuri,React
Incapsula,403,1,9294,Imperva,Node.js
Sucuri/Cloudproxy,404,1,31014,Sucuri,Laravel
nginx/1.18.0,301,0,2067,None,Django
Sucuri/Cloudproxy,200,1,28325,Sucuri,Laravel
BigIP,200,1,1472,F5_BIG_IP,React
Apache/2.4.41 (Ubuntu),403,1,2017,ModSecurity,Unknown
cloudflare,301,1,44360,Cloudflare,Laravel
AWS,302,1,35896,AWS_WAF,React
BIG-IP,200,1,16387,F5_BIG_IP,WordPress
BigIP,200,1,29636,F5_BIG_IP,React
Microsoft-IIS/10.0,200,0,9739,None,Vue
LiteSpeed,200,0,22400,None,ASP.NET
Incapsula,200,1,39592,Imperva,Django
AmazonS3,403,1,8631,AWS_WAF,Vue
cloudflare-nginx,302,1,6246,Cloudflare,ASP.NET
Incapsula,302,1,9840,Imperva,Django
Sucuri/Cloudproxy,403,1,12831,Sucuri,Express
Microsoft-IIS/10.0,500,0,36425,None,Laravel
CloudFront,500,1,36442,AWS_WAF,React
cloudflare-nginx,403,1,48235,Cloudflare,Django
BigIP,302,1,49802,F5_BIG_IP,Django
AWS,403,1,24172,AWS_WAF,Node.js
Incapsula,200,1,33370,Imperva,Django
cloudflare-nginx,302,1,48319,Cloudflare,Express
cloudflare-nginx,301,1,19309,Cloudflare,Express
Apache/2.4.41,301,0,41159,None,React
Sucuri/Cloudproxy,200,1,33185,Sucuri,React
Apache/2.4.41,302,0,32179,None,Express
nginx/1.18.0,404,1,5684,None,React
Apache/2.4.41 (Ubuntu),404,1,1328,ModSecurity,Laravel
Sucuri/Cloudproxy,302,1,27446,Sucuri,Node.js
Incapsula,500,1,25193,Imperva,Unknown
Incapsula,200,1,35941,Imperva,ASP.NET
Incapsula,200,1,8891,Imperva,Express
Sucuri/Cloudproxy,403,1,12687,Sucuri,Django
Apache/2.4.41 (Ubuntu),403,1,31712,ModSecurity,Spring_Boot
LiteSpeed,404,0,35988,None,Spring_Boot
cloudflare,404,1,16545,Cloudflare,Vue
LiteSpeed,500,0,32062,None,ASP.NET
cloudflare,403,1,18300,Cloudflare,ASP.NET
Microsoft-IIS/10.0,404,0,47465,None,Unknown
Incapsula,302,1,17140,Imperva,React
LiteSpeed,302,0,32734,None,Laravel
BIG-IP,403,1,13172,F5_BIG_IP,Vue
cloudflare,200,1,39334,Cloudflare,Node.js
Sucuri/Cloudproxy,404,1,14666,Sucuri,Vue
cloudflare-nginx,500,1,18605,Cloudflare,Vue
BIG-IP,403,1,7453,F5_BIG_IP,ASP.NET
Apache/2.4.41 (Ubuntu),403,1,863,ModSecurity,Express
Apache/2.4.41 (Ubuntu),500,1,12521,ModSecurity,Node.js
cloudflare,403,1,22530,Cloudflare,Spring_Boot
cloudflare-nginx,403,1,9970,Cloudflare,Laravel
Incapsula,500,1,42246,Imperva,ASP.NET
BigIP,200,1,13444,F5_BIG_IP,Spring_Boot
CloudFront,404,1,1309,AWS_WAF,React
CloudFront,403,1,11931,AWS_WAF,ASP.NET
CloudFront,200,1,36445,AWS_WAF,ASP.NET
Sucuri/Cloudproxy,302,1,17021,Sucuri,Laravel
Incapsula,404,1,6276,Imperva,Node.js
cloudflare-nginx,403,1,16388,Cloudflare,Laravel
Sucuri/Cloudproxy,403,1,39148,Sucuri,Vue
Incapsula,403,1,6505,Imperva,Spring_Boot
Incapsula,403,1,11853,Imperva,Unknown
BIG-IP,200,1,27329,F5_BIG_IP,Node.js
Incapsula,200,1,6941,Imperva,WordPress
LiteSpeed,301,0,18067,None,Vue
cloudflare-nginx,404,1,30889,Cloudflare,Node.js
AWS,404,1,37807,AWS_WAF,Vue
Sucuri/Cloudproxy,403,1,2362,Sucuri,React
BIG-IP,403,1,38179,F5_BIG_IP,Django
BigIP,403,1,32543,F5_BIG_IP,Spring_Boot
Incapsula,301,1,40720,Imperva,React
LiteSpeed,302,0,34135,None,React
AWS,403,1,36420,AWS_WAF,Laravel
Apache/2.4.41 (Ubuntu),500,1,11140,ModSecurity,Django
Sucuri/Cloudproxy,302,1,48534,Sucuri,Express
Apache/2.4.41 (Ubuntu),403,1,2957,ModSecurity,Node.js
AmazonS3,403,1,13070,AWS_WAF,React
Sucuri/Cloudproxy,500,1,27175,Sucuri,Django
Incapsula,403,1,26139,Imperva,Node.js
nginx/1.18.0,302,0,25728,None,Spring_Boot
Incapsula,403,1,39799,Imperva,WordPress
Sucuri/Cloudproxy,404,1,27022,Sucuri,WordPress
nginx/1.18.0,403,1,37149,ModSecurity,Vue
BigIP,404,1,41316,F5_BIG_IP,Unknown
cloudflare-nginx,404,1,11343,Cloudflare,ASP.NET
BigIP,403,1,3989,F5_BIG_IP,Vue
Sucuri/Cloudproxy,403,1,2400,Sucuri,Spring_Boot
Incapsula,403,1,31547,Imperva,WordPress
BIG-IP,500,1,48503,F5_BIG_IP,Django
Apache/2.4.41,200,0,30445,None,WordPress
Apache/2.4.41 (Ubuntu),301,1,44679,ModSecurity,WordPress
BIG-IP,403,1,45633,F5_BIG_IP,ASP.NET
cloudflare,403,1,37382,Cloudflare,Unknown
BigIP,200,1,15904,F5_BIG_IP,Vue
Apache/2.4.41 (Ubuntu),403,1,8980,ModSecurity,Laravel
LiteSpeed,500,0,33281,None,Unknown
BIG-IP,200,1,38393,F5_BIG_IP,Unknown
nginx/1.18.0,302,0,10116,None,React
Incapsula,404,1,15359,Imperva,Spring_Boot
CloudFront,404,1,17115,AWS_WAF,Node.js
Incapsula,403,1,48119,Imperva,Express
BIG-IP,403,1,16680,F5_BIG_IP,Unknown
CloudFront,301,1,42108,AWS_WAF,Express
Incapsula,403,1,18341,Imperva,WordPress
Incapsula,403,1,38321,Imperva,Vue
Sucuri/Cloudproxy,301,1,2191,Sucuri,ASP.NET
Apache/2.4.41,301,1,29106,None,Spring_Boot
Incapsula,403,1,8520,Imperva,Spring_Boot
cloudflare,403,1,38079,Cloudflare,Express
AWS,404,1,28065,AWS_WAF,Django
Sucuri/Cloudproxy,500,1,36547,Sucuri,ASP.NET
BigIP,403,1,29426,F5_BIG_IP,Laravel
Incapsula,301,1,19109,Imperva,ASP.NET
nginx/1.18.0,200,1,5390,ModSecurity,ASP.NET
Incapsula,403,1,10910,Imperva,Unknown
Apache/2.4.41 (Ubuntu),301,1,30530,ModSecurity,WordPress
Incapsula,301,1,42113,Imperva,Spring_Boot
AWS,302,1,10907,AWS_WAF,Node.js
Sucuri/Cloudproxy,403,1,48257,Sucuri,Django
Incapsula,302,1,48716,Imperva,Laravel
Sucuri/Cloudproxy,302,1,46600,Sucuri,Laravel
cloudflare,403,1,49378,Cloudflare,Spring_Boot
Apache/2.4.41 (Ubuntu),403,1,32314,ModSecurity,Laravel
AWS,500,1,47215,AWS_WAF,Unknown
nginx/1.18.0,200,0,15015,None,Express
nginx/1.18.0,403,1,33483,ModSecurity,Express
Incapsula,500,1,25154,Imperva,Spring_Boot
nginx/1.18.0,302,1,32615,ModSecurity,WordPress
AWS,301,1,25299,AWS_WAF,Express
LiteSpeed,301,0,35104,None,Spring_Boot
BigIP,404,1,15903,F5_BIG_IP,Spring_Boot
Incapsula,403,1,34941,Imperva,Unknown
Incapsula,301,1,1434,Imperva,Express
BigIP,403,1,15667,F5_BIG_IP,Express
BigIP,403,1,15969,F5_BIG_IP,WordPress
Incapsula,403,1,40492,Imperva,Unknown
BigIP,500,1,23200,F5_BIG_IP,WordPress
Incapsula,500,1,4544,Imperva,React
nginx/1.18.0,403,1,19596,ModSecurity,Express
AmazonS3,200,1,21588,AWS_WAF,Unknown
Incapsula,403,1,11497,Imperva,Unknown
Microsoft-IIS/10.0,301,0,22196,None,React
BigIP,403,1,22536,F5_BIG_IP,Unknown
Sucuri/Cloudproxy,200,1,15608,Sucuri,Express
BIG-IP,302,1,24027,F5_BIG_IP,React
Incapsula,403,1,25883,Imperva,Vue
cloudflare,200,1,5849,Cloudflare,Express
BIG-IP,500,1,20991,F5_BIG_IP,React
Incapsula,500,1,25582,Imperva,WordPress
nginx/1.18.0,301,0,11669,None,Express
Apache/2.4.41 (Ubuntu),200,1,6844,ModSecurity,ASP.NET
cloudflare,403,1,46760,Cloudflare,Node.js
nginx/1.18.0,403,1,7013,ModSecurity,Unknown
Microsoft-IIS/10.0,404,0,34837,None,ASP.NET
LiteSpeed,200,0,3164,None,Laravel
Apache/2.4.41 (Ubuntu),302,1,13833,ModSecurity,Laravel
Sucuri/Cloudproxy,301,1,27240,Sucuri,React
Incapsula,500,1,31500,Imperva,Spring_Boot
Microsoft-IIS/10.0,302,0,14264,None,Spring_Boot
cloudflare-nginx,301,1,17824,Cloudflare,Express
BigIP,403,1,49820,F5_BIG_IP,React
Sucuri/Cloudproxy,301,1,18457,Sucuri,React
cloudflare,403,1,46418,Cloudflare,WordPress
cloudflare-nginx,403,1,11154,Cloudflare,Unknown
Apache/2.4.41,301,0,17058,None,Node.js
cloudflare,200,1,25864,Cloudflare,Spring_Boot
Apache/2.4.41 (Ubuntu),302,1,29063,ModSecurity,Spring_Boot
cloudflare-nginx,200,1,31894,Cloudflare,WordPress
CloudFront,200,1,48540,AWS_WAF,Unknown
Apache/2.4.41 (Ubuntu),500,1,40535,ModSecurity,WordPress
Apache/2.4.41,500,0,6210,None,Laravel
cloudflare-nginx,403,1,29543,Cloudflare,WordPress
BIG-IP,403,1,11463,F5_BIG_IP,ASP.NET
Sucuri/Cloudproxy,302,1,35290,Sucuri,Spring_Boot
nginx/1.18.0,404,1,5006,ModSecurity,Django
LiteSpeed,404,0,31739,None,Express
nginx/1.18.0,500,0,13472,None,Spring_Boot
Incapsula,403,1,23633,Imperva,ASP.NET
Incapsula,302,1,25026,Imperva,Vue
Apache/2.4.41,302,1,21572,None,Unknown
LiteSpeed,301,0,33257,None,Laravel
cloudflare,403,1,19981,Cloudflare,React
BIG-IP,301,1,8199,F5_BIG_IP,Unknown
nginx/1.18.0,301,0,18591,None,Laravel
Apache/2.4.41 (Ubuntu),500,1,35271,ModSecurity,Express
Incapsula,301,1,38370,Imperva,Spring_Boot
cloudflare,403,1,15856,Cloudflare,ASP.NET
nginx/1.18.0,301,1,42052,None,WordPress
cloudflare,302,1,42734,Cloudflare,Spring_Boot
LiteSpeed,302,1,4047,None,Node.js
Sucuri/Cloudproxy,404,1,19500,Sucuri,Unknown
BigIP,200,1,39758,F5_BIG_IP,Express
Sucuri/Cloudproxy,500,1,36668,Sucuri,Express
Incapsula,404,1,8498,Imperva,Django
Sucuri/Cloudproxy,500,1,4751,Sucuri,Node.js
Sucuri/Cloudproxy,404,1,16136,Sucuri,Django
Apache/2.4.41 (Ubuntu),500,1,3261,ModSecurity,Spring_Boot
Incapsula,403,1,38890,Imperva,Laravel
nginx/1.18.0,404,1,21493,ModSecurity,Express
CloudFront,403,1,34561,AWS_WAF,Laravel
Sucuri/Cloudproxy,500,1,22377,Sucuri,Vue
Sucuri/Cloudproxy,403,1,6780,Sucuri,Laravel
Sucuri/Cloudproxy,403,1,6131,Sucuri,Node.js
Sucuri/Cloudproxy,403,1,4073,Sucuri,Django
cloudflare,403,1,9926,Cloudflare,Vue
cloudflare,302,1,14899,Cloudflare,Django
nginx/1.18.0,200,1,43709,ModSecurity,Express
CloudFront,301,1,18871,AWS_WAF,Vue
Microsoft-IIS/10.0,302,0,44557,None,ASP.NET
Sucuri/Cloudproxy,302,1,46330,Sucuri,Unknown
Microsoft-IIS/10.0,302,0,35645,None,Vue
nginx/1.18.0,403,1,32758,ModSecurity,Unknown
nginx/1.18.0,302,1,41339,None,Django
cloudflare-nginx,404,1,29028,Cloudflare,Django
Apache/2.4.41,500,0,6231,None,Node.js
Microsoft-IIS/10.0,200,0,33758,None,Spring_Boot
AmazonS3,403,1,4820,AWS_WAF,React
BigIP,301,1,49799,F5_BIG_IP,Laravel
BigIP,403,1,3816,F5_BIG_IP,Vue
Apache/2.4.41 (Ubuntu),500,1,28881,ModSecurity,Spring_Boot
Incapsula,403,1,4026,Imperva,Django
AWS,500,1,41225,AWS_WAF,WordPress
Apache/2.4.41 (Ubuntu),403,1,49540,ModSecurity,Vue
Incapsula,404,1,40235,Imperva,React
cloudflare-nginx,302,1,31837,Cloudflare,WordPress
cloudflare-nginx,403,1,48475,Cloudflare,Django
Sucuri/Cloudproxy,403,1,31804,Sucuri,Express
cloudflare-nginx,200,1,8055,Cloudflare,Vue
Incapsula,403,1,15967,Imperva,Spring_Boot
BigIP,200,1,29202,F5_BIG_IP,WordPress
BIG-IP,500,1,11687,F5_BIG_IP,Spring_Boot
cloudflare-nginx,404,1,8125,Cloudflare,Laravel
Sucuri/Cloudproxy,500,1,4932,Sucuri,Vue
Incapsula,500,1,35234,Imperva,Unknown
cloudflare-nginx,404,1,7493,Cloudflare,WordPress
Apache/2.4.41 (Ubuntu),403,1,30610,ModSecurity,WordPress
nginx/1.18.0,200,1,10143,None,Node.js
Apache/2.4.41,301,0,16545,None,Vue
cloudflare,403,1,22354,Cloudflare,ASP.NET
Sucuri/Cloudproxy,302,1,27998,Sucuri,Vue
Sucuri/Cloudproxy,200,1,42637,Sucuri,Unknown
AmazonS3,500,1,20477,AWS_WAF,React
nginx/1.18.0,200,1,28412,None,ASP.NET
Microsoft-IIS/10.0,302,1,26942,None,ASP.NET
cloudflare,302,1,48737,Cloudflare,Node.js
nginx/1.18.0,403,1,8056,ModSecurity,Unknown
Incapsula,403,1,25046,Imperva,Laravel
Incapsula,301,1,39060,Imperva,ASP.NET
cloudflare-nginx,301,1,31256,Cloudflare,Laravel
BigIP,500,1,48360,F5_BIG_IP,Node.js
cloudflare-nginx,500,1,25766,Cloudflare,Spring_Boot
cloudflare-nginx,403,1,33218,Cloudflare,Spring_Boot
Incapsula,302,1,48066,Imperva,Node.js
cloudflare,200,1,1062,Cloudflare,ASP.NET
Incapsula,500,1,20208,Imperva,Express
BIG-IP,403,1,18299,F5_BIG_IP,Vue
cloudflare,403,1,22907,Cloudflare,Laravel
Incapsula,200,1,36042,Imperva,Node.js
BIG-IP,302,1,30904,F5_BIG_IP,Express
LiteSpeed,500,1,38690,None,Spring_Boot
Sucuri/Cloudproxy,302,1,49112,Sucuri,Laravel
Sucuri/Cloudproxy,200,1,11240,Sucuri,Unknown
Incapsula,301,1,1751,Imperva,Laravel
BIG-IP,403,1,34200,F5_BIG_IP,Vue
CloudFront,200,1,7431,AWS_WAF,ASP.NET
Incapsula,403,1,5661,Imperva,Django
nginx/1.18.0,500,0,49408,None,ASP.NET
cloudflare-nginx,301,1,2211,Cloudflare,Node.js
CloudFront,200,1,27466,AWS_WAF,Vue
cloudflare-nginx,500,1,5628,Cloudflare,WordPress
nginx/1.18.0,301,1,11989,None,Vue
cloudflare,500,1,14899,Cloudflare,Unknown
BIG-IP,302,1,11666,F5_BIG_IP,React
Sucuri/Cloudproxy,500,1,3321,Sucuri,Express
CloudFront,403,1,36738,AWS_WAF,React
LiteSpeed,500,0,14703,None,ASP.NET
AmazonS3,500,1,33277,AWS_WAF,Spring_Boot
Sucuri/Cloudproxy,404,1,31335,Sucuri,Node.js
BigIP,403,1,6311,F5_BIG_IP,Vue
cloudflare,301,1,33636,Cloudflare,Express
nginx/1.18.0,403,1,46177,ModSecurity,React
Apache/2.4.41 (Ubuntu),403,1,18472,ModSecurity,Unknown
CloudFront,403,1,19726,AWS_WAF,Unknown
AWS,403,1,28337,AWS_WAF,Laravel
Sucuri/Cloudproxy,302,1,2027,Sucuri,Django
Sucuri/Cloudproxy,403,1,1984,Sucuri,Spring_Boot
Incapsula,301,1,35982,Imperva,Node.js
BigIP,403,1,24199,F5_BIG_IP,Unknown
AmazonS3,403,1,28979,AWS_WAF,ASP.NET
BIG-IP,301,1,5702,F5_BIG_IP,Express
Incapsula,403,1,35341,Imperva,Unknown
Incapsula,403,1,29567,Imperva,Django
Incapsula,500,1,48218,Imperva,Spring_Boot
AmazonS3,302,1,30817,AWS_WAF,WordPress
Incapsula,302,1,16927,Imperva,Node.js
nginx/1.18.0,301,0,25594,None,Express
LiteSpeed,500,0,37105,None,WordPress
Incapsula,404,1,21462,Imperva,React
BigIP,302,1,1244,F5_BIG_IP,React
BigIP,403,1,11707,F5_BIG_IP,React
Incapsula,404,1,39653,Imperva,Django
Incapsula,403,1,44646,Imperva,React
LiteSpeed,301,1,26149,None,WordPress
AmazonS3,200,1,5025,AWS_WAF,WordPress
BigIP,301,1,11246,F5_BIG_IP,Laravel
Sucuri/Cloudproxy,403,1,18814,Sucuri,Express
cloudflare,403,1,12356,Cloudflare,Express
BIG-IP,403,1,11887,F5_BIG_IP,Express
Apache/2.4.41 (Ubuntu),404,1,24600,ModSecurity,WordPress
Incapsula,404,1,7165,Imperva,React
nginx/1.18.0,404,0,29745,None,Unknown
Incapsula,301,1,27277,Imperva,Unknown
BigIP,301,1,37861,F5_BIG_IP,Spring_Boot
LiteSpeed,500,0,25922,None,React
Sucuri/Cloudproxy,500,1,3068,Sucuri,Unknown
Apache/2.4.41 (Ubuntu),301,1,15331,ModSecurity,Spring_Boot
Incapsula,302,1,18708,Imperva,Node.js
BIG-IP,404,1,12820,F5_BIG_IP,Django
BigIP,200,1,24034,F5_BIG_IP,Unknown
Microsoft-IIS/10.0,500,0,15563,None,React
Apache/2.4.41 (Ubuntu),403,1,30587,ModSecurity,Vue
AWS,403,1,10444,AWS_WAF,Django
Sucuri/Cloudproxy,500,1,42571,Sucuri,Unknown
Incapsula,302,1,48017,Imperva,Node.js
Incapsula,403,1,26922,Imperva,Spring_Boot
Sucuri/Cloudproxy,500,1,24395,Sucuri,Vue
Sucuri/Cloudproxy,403,1,49633,Sucuri,Spring_Boot
AmazonS3,403,1,20315,AWS_WAF,Django
CloudFront,500,1,48729,AWS_WAF,Node.js
LiteSpeed,200,1,37849,None,WordPress
BigIP,200,1,20547,F5_BIG_IP,Django
cloudflare,403,1,38686,Cloudflare,Spring_Boot
BigIP,403,1,2266,F5_BIG_IP,Node.js
CloudFront,403,1,24744,AWS_WAF,WordPress
Sucuri/Cloudproxy,200,1,45601,Sucuri,Node.js
Apache/2.4.41 (Ubuntu),301,1,35420,ModSecurity,ASP.NET
Apache/2.4.41 (Ubuntu),404,1,14586,ModSecurity,Laravel
AmazonS3,200,1,10826,AWS_WAF,Node.js
nginx/1.18.0,500,1,24210,None,Node.js
Incapsula,500,1,4572,Imperva,React
BIG-IP,403,1,10423,F5_BIG_IP,Django
Incapsula,403,1,39228,Imperva,Laravel
Apache/2.4.41,301,1,17786,None,Vue
cloudflare-nginx,404,1,28627,Cloudflare,Express
Incapsula,500,1,42496,Imperva,Express
BIG-IP,200,1,1703,F5_BIG_IP,Django
Sucuri/Cloudproxy,302,1,31158,Sucuri,ASP.NET
cloudflare,200,1,22047,Cloudflare,Django
BIG-IP,403,1,47049,F5_BIG_IP,Django
CloudFront,403,1,40609,AWS_WAF,Express
CloudFront,500,1,16321,AWS_WAF,ASP.NET
Microsoft-IIS/10.0,302,0,20041,None,Node.js
Sucuri/Cloudproxy,200,1,19497,Sucuri,ASP.NET
Apache/2.4.41 (Ubuntu),404,1,34593,ModSecurity,WordPress
LiteSpeed,301,0,14973,None,Express
BIG-IP,403,1,28009,F5_BIG_IP,Spring_Boot
Apache/2.4.41 (Ubuntu),403,1,35138,ModSecurity,Spring_Boot
BIG-IP,403,1,19033,F5_BIG_IP,Express
CloudFront,403,1,33158,AWS_WAF,Unknown
nginx/1.18.0,404,0,20621,None,React
AWS,301,1,49221,AWS_WAF,Django
Incapsula,500,1,38133,Imperva,Node.js
Sucuri/Cloudproxy,403,1,48906,Sucuri,Spring_Boot
cloudflare-nginx,403,1,30323,Cloudflare,Node.js
Microsoft-IIS/10.0,302,0,7348,None,Django
AmazonS3,302,1,9357,AWS_WAF,Laravel
nginx/1.18.0,500,1,41989,ModSecurity,Express
Incapsula,403,1,33979,Imperva,React
BigIP,200,1,38087,F5_BIG_IP,Spring_Boot
nginx/1.18.0,302,1,37085,ModSecurity,WordPress
nginx/1.18.0,500,1,10544,ModSecurity,React
Microsoft-IIS/10.0,301,1,24668,None,React
Incapsula,403,1,22940,Imperva,Django
Incapsula,200,1,28407,Imperva,Laravel
AmazonS3,302,1,6534,AWS_WAF,ASP.NET
cloudflare,500,1,24690,Cloudflare,Spring_Boot
BigIP,403,1,37761,F5_BIG_IP,Unknown
Sucuri/Cloudproxy,200,1,4782,Sucuri,Laravel
Apache/2.4.41 (Ubuntu),301,1,4354,ModSecurity,Express
nginx/1.18.0,500,1,34534,None,Express
cloudflare-nginx,403,1,32254,Cloudflare,WordPress
Microsoft-IIS/10.0,404,0,31960,None,Node.js
Sucuri/Cloudproxy,403,1,16187,Sucuri,WordPress
AmazonS3,302,1,2544,AWS_WAF,ASP.NET
Incapsula,404,1,30075,Imperva,ASP.NET
AWS,200,1,8737,AWS_WAF,Express
nginx/1.18.0,403,1,18330,ModSecurity,Django
Incapsula,500,1,25420,Imperva,Unknown
nginx/1.18.0,404,0,9691,None,Laravel
Incapsula,200,1,32574,Imperva,Spring_Boot
Incapsula,404,1,24790,Imperva,Unknown
Apache/2.4.41 (Ubuntu),403,1,22059,ModSecurity,Node.js
Apache/2.4.41 (Ubuntu),403,1,1798,ModSecurity,WordPress
Sucuri/Cloudproxy,404,1,11258,Sucuri,Vue
Sucuri/Cloudproxy,403,1,37363,Sucuri,ASP.NET
BigIP,500,1,1566,F5_BIG_IP,React
cloudflare,403,1,37499,Cloudflare,Unknown
Incapsula,301,1,19276,Imperva,Vue
Sucuri/Cloudproxy,302,1,23441,Sucuri,ASP.NET
nginx/1.18.0,403,1,39641,ModSecurity,Vue
cloudflare-nginx,404,1,13857,Cloudflare,Laravel
Incapsula,403,1,46474,Imperva,WordPress
BIG-IP,302,1,22097,F5_BIG_IP,Unknown
Incapsula,403,1,13994,Imperva,Laravel
Sucuri/Cloudproxy,301,1,23998,Sucuri,Laravel
BIG-IP,403,1,12088,F5_BIG_IP,WordPress
cloudflare-nginx,302,1,37312,Cloudflare,Express
nginx/1.18.0,403,1,26438,ModSecurity,Django
cloudflare-nginx,302,1,47776,Cloudflare,WordPress
Incapsula,500,1,29336,Imperva,Node.js
BIG-IP,403,1,30958,F5_BIG_IP,WordPress
Sucuri/Cloudproxy,403,1,4829,Sucuri,React
Sucuri/Cloudproxy,301,1,28566,Sucuri,Spring_Boot
BIG-IP,500,1,24955,F5_BIG_IP,React
Sucuri/Cloudproxy,301,1,41466,Sucuri,WordPress
AmazonS3,404,1,7768,AWS_WAF,WordPress
BIG-IP,403,1,9651,F5_BIG_IP,Laravel
AmazonS3,500,1,28977,AWS_WAF,ASP.NET
cloudflare-nginx,301,1,33482,Cloudflare,ASP.NET
Incapsula,500,1,29564,Imperva,Node.js
cloudflare-nginx,301,1,25046,Cloudflare,Spring_Boot
nginx/1.18.0,403,1,43570,ModSecurity,Django
Sucuri/Cloudproxy,200,1,37420,Sucuri,Unknown
LiteSpeed,302,0,13269,None,React
cloudflare-nginx,403,1,46774,Cloudflare,Unknown
Sucuri/Cloudproxy,404,1,17430,Sucuri,Unknown
nginx/1.18.0,301,1,41798,ModSecurity,WordPress
Sucuri/Cloudproxy,302,1,33664,Sucuri,React
AmazonS3,200,1,47788,AWS_WAF,ASP.NET
BIG-IP,302,1,49121,F5_BIG_IP,Express
cloudflare-nginx,403,1,46500,Cloudflare,Express
AWS,403,1,13164,AWS_WAF,Express
Sucuri/Cloudproxy,302,1,37815,Sucuri,Django
cloudflare-nginx,403,1,44951,Cloudflare,Spring_Boot
LiteSpeed,302,1,3843,None,React
LiteSpeed,302,0,29769,None,Express
cloudflare-nginx,302,1,21515,Cloudflare,React
cloudflare,500,1,22387,Cloudflare,Vue
Incapsula,403,1,9769,Imperva,ASP.NET
BIG-IP,403,1,29648,F5_BIG_IP,Spring_Boot
cloudflare,404,1,43746,Cloudflare,Django
BigIP,403,1,1564,F5_BIG_IP,Django
BIG-IP,403,1,35305,F5_BIG_IP,Unknown
cloudflare-nginx,500,1,10575,Cloudflare,React
Incapsula,301,1,19271,Imperva,Node.js
Sucuri/Cloudproxy,403,1,45132,Sucuri,Spring_Boot
cloudflare-nginx,404,1,3128,Cloudflare,WordPress
AWS,302,1,3725,AWS_WAF,Unknown
Sucuri/Cloudproxy,200,1,2239,Sucuri,Django
AmazonS3,500,1,6426,AWS_WAF,React
cloudflare-nginx,302,1,17713,Cloudflare,Unknown
BIG-IP,403,1,26790,F5_BIG_IP,Express
nginx/1.18.0,301,1,39935,ModSecurity,Unknown
cloudflare,403,1,47315,Cloudflare,Vue
CloudFront,404,1,22096,AWS_WAF,Vue
BIG-IP,301,1,47507,F5_BIG_IP,WordPress
BigIP,302,1,39807,F5_BIG_IP,Node.js
Incapsula,403,1,15113,Imperva,WordPress
Apache/2.4.41 (Ubuntu),403,1,15584,ModSecurity,Unknown
Sucuri/Cloudproxy,301,1,39715,Sucuri,Django
Sucuri/Cloudproxy,500,1,2230,Sucuri,Express
BIG-IP,403,1,7496,F5_BIG_IP,ASP.NET
nginx/1.18.0,200,1,25971,None,Spring_Boot
Apache/2.4.41 (Ubuntu),302,1,40902,ModSecurity,Node.js
Sucuri/Cloudproxy,200,1,39792,Sucuri,Express
Sucuri/Cloudproxy,403,1,36780,Sucuri,WordPress
Incapsula,500,1,42288,Imperva,React
AWS,403,1,48373,AWS_WAF,React
nginx/1.18.0,200,1,15302,ModSecurity,WordPress
CloudFront,403,1,42732,AWS_WAF,Laravel
Incapsula,301,1,6002,Imperva,React
CloudFront,403,1,6433,AWS_WAF,Spring_Boot
BigIP,403,1,10633,F5_BIG_IP,Laravel
cloudflare-nginx,500,1,33468,Cloudflare,WordPress
Incapsula,403,1,48444,Imperva,Django
cloudflare,403,1,28610,Cloudflare,React
AmazonS3,403,1,21902,AWS_WAF,ASP.NET
Incapsula,200,1,19106,Imperva,React
Sucuri/Cloudproxy,301,1,44116,Sucuri,Django
AWS,500,1,25559,AWS_WAF,Spring_Boot
cloudflare,500,1,32805,Cloudflare,React
Apache/2.4.41,500,0,11094,None,React
BigIP,403,1,37427,F5_BIG_IP,ASP.NET
cloudflare-nginx,500,1,46336,Cloudflare,Express
Sucuri/Cloudproxy,403,1,36393,Sucuri,WordPress
Sucuri/Cloudproxy,302,1,37856,Sucuri,React
Incapsula,403,1,47045,Imperva,WordPress
nginx/1.18.0,403,1,15789,ModSecurity,WordPress
Sucuri/Cloudproxy,404,1,41459,Sucuri,Django
BigIP,302,1,14954,F5_BIG_IP,Express
Incapsula,200,1,19117,Imperva,Spring_Boot
BigIP,302,1,41453,F5_BIG_IP,Laravel
cloudflare-nginx,200,1,35820,Cloudflare,ASP.NET
Apache/2.4.41 (Ubuntu),500,1,44146,ModSecurity,React
Incapsula,403,1,7316,Imperva,Django
AmazonS3,403,1,49933,AWS_WAF,ASP.NET
Sucuri/Cloudproxy,403,1,36068,Sucuri,Laravel
Microsoft-IIS/10.0,302,0,13990,None,Unknown
Sucuri/Cloudproxy,404,1,27554,Sucuri,Spring_Boot
Apache/2.4.41 (Ubuntu),403,1,12211,ModSecurity,Express
CloudFront,403,1,21063,AWS_WAF,WordPress
Apache/2.4.41 (Ubuntu),500,1,22386,ModSecurity,Django
Apache/2.4.41 (Ubuntu),403,1,27555,ModSecurity,Unknown
Incapsula,403,1,45515,Imperva,Node.js
AmazonS3,302,1,33078,AWS_WAF,Node.js
cloudflare-nginx,403,1,876,Cloudflare,Vue
Incapsula,301,1,29694,Imperva,Unknown
BIG-IP,403,1,41914,F5_BIG_IP,Spring_Boot
Incapsula,404,1,18869,Imperva,ASP.NET
cloudflare-nginx,301,1,13210,Cloudflare,ASP.NET
cloudflare,302,1,21937,Cloudflare,Vue
cloudflare,403,1,11917,Cloudflare,Express
BigIP,403,1,20259,F5_BIG_IP,ASP.NET
Apache/2.4.41,301,0,9601,None,Express
BigIP,403,1,37232,F5_BIG_IP,Laravel
Incapsula,302,1,39391,Imperva,Vue
Sucuri/Cloudproxy,403,1,36905,Sucuri,Django
Sucuri/Cloudproxy,302,1,21926,Sucuri,WordPress
nginx/1.18.0,200,1,31597,ModSecurity,Vue
Apache/2.4.41,404,1,45226,None,Django
Apache/2.4.41 (Ubuntu),200,1,9460,ModSecurity,Vue
nginx/1.18.0,403,1,27338,ModSecurity,Spring_Boot
Incapsula,200,1,38996,Imperva,WordPress
Apache/2.4.41 (Ubuntu),403,1,16371,ModSecurity,Django
Apache/2.4.41,500,0,15009,None,Laravel
Incapsula,403,1,47559,Imperva,WordPress
Microsoft-IIS/10.0,500,0,20276,None,Django
BIG-IP,403,1,20615,F5_BIG_IP,React
BIG-IP,200,1,38358,F5_BIG_IP,Vue
BigIP,200,1,27779,F5_BIG_IP,Express
BigIP,403,1,48019,F5_BIG_IP,Express
Sucuri/Cloudproxy,200,1,44295,Sucuri,Node.js
Incapsula,500,1,23654,Imperva,Laravel
BigIP,403,1,2115,F5_BIG_IP,Express
cloudflare-nginx,403,1,40379,Cloudflare,Laravel
Sucuri/Cloudproxy,302,1,31837,Sucuri,Laravel
BIG-IP,403,1,4289,F5_BIG_IP,Unknown
Microsoft-IIS/10.0,301,0,18619,None,Express
Sucuri/Cloudproxy,200,1,8169,Sucuri,WordPress
Sucuri/Cloudproxy,403,1,20470,Sucuri,Django
Microsoft-IIS/10.0,404,1,34129,None,Node.js
cloudflare-nginx,403,1,7918,Cloudflare,React
Sucuri/Cloudproxy,404,1,45177,Sucuri,ASP.NET
CloudFront,500,1,41038,AWS_WAF,WordPress
AWS,403,1,44373,AWS_WAF,Laravel
nginx/1.18.0,301,1,20168,ModSecurity,Unknown
Sucuri/Cloudproxy,302,1,20987,Sucuri,Vue
CloudFront,200,1,43344,AWS_WAF,Laravel
AWS,500,1,9008,AWS_WAF,Vue
Microsoft-IIS/10.0,200,0,42436,None,Vue
Sucuri/Cloudproxy,403,1,48355,Sucuri,Laravel
Apache/2.4.41 (Ubuntu),403,1,3715,ModSecurity,Laravel
CloudFront,403,1,18334,AWS_WAF,Django
AWS,404,1,45937,AWS_WAF,Express
BigIP,403,1,10569,F5_BIG_IP,WordPress
AmazonS3,403,1,46379,AWS_WAF,WordPress
Sucuri/Cloudproxy,403,1,32400,Sucuri,Spring_Boot
CloudFront,403,1,10041,AWS_WAF,WordPress
Incapsula,200,1,10057,Imperva,React
Apache/2.4.41,200,0,45290,None,Express
Apache/2.4.41,200,1,11198,None,Spring_Boot
nginx/1.18.0,301,1,37459,ModSecurity,Spring_Boot
BIG-IP,301,1,9486,F5_BIG_IP,Laravel
Incapsula,301,1,15093,Imperva,WordPress
AmazonS3,500,1,40476,AWS_WAF,Laravel
nginx/1.18.0,200,1,37946,ModSecurity,Laravel
Sucuri/Cloudproxy,403,1,42645,Sucuri,ASP.NET
AmazonS3,302,1,38925,AWS_WAF,Spring_Boot
Apache/2.4.41 (Ubuntu),403,1,24492,ModSecurity,Django
nginx/1.18.0,200,1,2509,None,React
Incapsula,302,1,19818,Imperva,Node.js
nginx/1.18.0,302,1,26904,ModSecurity,WordPress
cloudflare,403,1,36933,Cloudflare,Laravel
cloudflare,403,1,28848,Cloudflare,Express
BIG-IP,200,1,41452,F5_BIG_IP,Vue
Apache/2.4.41 (Ubuntu),403,1,2166,ModSecurity,Node.js
AmazonS3,301,1,21593,AWS_WAF,Spring_Boot
Sucuri/Cloudproxy,403,1,39247,Sucuri,WordPress
Incapsula,301,1,4008,Imperva,Django
AWS,302,1,24532,AWS_WAF,Node.js
Microsoft-IIS/10.0,301,0,26886,None,Vue
AWS,301,1,7828,AWS_WAF,Vue
AWS,302,1,44108,AWS_WAF,Node.js
Incapsula,404,1,49947,Imperva,React
cloudflare,500,1,40983,Cloudflare,Spring_Boot
cloudflare-nginx,403,1,6655,Cloudflare,Express
Sucuri/Cloudproxy,500,1,5371,Sucuri,Spring_Boot
CloudFront,403,1,13851,AWS_WAF,Express
CloudFront,403,1,19356,AWS_WAF,Spring_Boot
Incapsula,403,1,17624,Imperva,Django
Sucuri/Cloudproxy,500,1,42867,Sucuri,React
Sucuri/Cloudproxy,200,1,34368,Sucuri,Unknown
AmazonS3,403,1,48379,AWS_WAF,Node.js
nginx/1.18.0,403,1,32881,ModSecurity,Django
cloudflare,302,1,1073,Cloudflare,Express
AWS,302,1,30024,AWS_WAF,Django
Incapsula,500,1,20535,Imperva,Vue
cloudflare-nginx,500,1,42072,Cloudflare,ASP.NET
CloudFront,302,1,47339,AWS_WAF,Express
Microsoft-IIS/10.0,500,0,16515,None,Vue
nginx/1.18.0,403,1,14889,ModSecurity,Node.js
Apache/2.4.41 (Ubuntu),403,1,40890,ModSecurity,Node.js
Sucuri/Cloudproxy,200,1,11648,Sucuri,Spring_Boot
Incapsula,302,1,10308,Imperva,Express
Incapsula,404,1,13155,Imperva,Laravel
Apache/2.4.41 (Ubuntu),403,1,29039,ModSecurity,Vue
AmazonS3,404,1,4581,AWS_WAF,Vue
Apache/2.4.41 (Ubuntu),403,1,46684,ModSecurity,Express
AWS,403,1,27690,AWS_WAF,Spring_Boot
Apache/2.4.41,404,1,34098,None,WordPress
Apache/2.4.41,302,0,40174,None,Vue
CloudFront,403,1,22788,AWS_WAF,Laravel
cloudflare-nginx,403,1,34722,Cloudflare,Express
cloudflare,301,1,1338,Cloudflare,Unknown
cloudflare-nginx,403,1,7376,Cloudflare,Vue
Sucuri/Cloudproxy,404,1,19102,Sucuri,WordPress
AmazonS3,301,1,24086,AWS_WAF,WordPress
nginx/1.18.0,302,1,5799,ModSecurity,Django
cloudflare-nginx,403,1,48326,Cloudflare,Unknown
AWS,301,1,755,AWS_WAF,Spring_Boot
nginx/1.18.0,200,0,25742,None,WordPress
BigIP,403,1,2725,F5_BIG_IP,WordPress
Incapsula,403,1,46262,Imperva,WordPress
LiteSpeed,500,0,13801,None,Vue
Incapsula,403,1,48390,Imperva,Vue
BigIP,302,1,1996,F5_BIG_IP,ASP.NET
Sucuri/Cloudproxy,403,1,23795,Sucuri,React
nginx/1.18.0,500,0,10675,None,Node.js
BigIP,404,1,20269,F5_BIG_IP,WordPress
nginx/1.18.0,200,0,8358,None,Unknown
Sucuri/Cloudproxy,302,1,41857,Sucuri,Unknown
nginx/1.18.0,301,1,19523,None,Node.js
Sucuri/Cloudproxy,403,1,31296,Sucuri,Vue
AWS,403,1,42276,AWS_WAF,ASP.NET
AmazonS3,404,1,48942,AWS_WAF,Node.js
Incapsula,403,1,26374,Imperva,React
BIG-IP,301,1,17944,F5_BIG_IP,React
BigIP,500,1,11504,F5_BIG_IP,React
Incapsula,302,1,22816,Imperva,Express
Incapsula,500,1,10608,Imperva,Node.js
cloudflare-nginx,200,1,16759,Cloudflare,Express
BigIP,500,1,18168,F5_BIG_IP,Laravel
CloudFront,403,1,36672,AWS_WAF,WordPress
Incapsula,403,1,42475,Imperva,Spring_Boot
cloudflare,301,1,11935,Cloudflare,Node.js
Apache/2.4.41 (Ubuntu),200,1,18026,ModSecurity,Spring_Boot
BigIP,403,1,45421,F5_BIG_IP,Django
nginx/1.18.0,200,0,27987,None,Node.js
Sucuri/Cloudproxy,302,1,26067,Sucuri,Vue
cloudflare,403,1,1485,Cloudflare,Express
BigIP,500,1,31748,F5_BIG_IP,Django
Sucuri/Cloudproxy,403,1,1439,Sucuri,Laravel
AWS,302,1,41749,AWS_WAF,Vue
Incapsula,404,1,8348,Imperva,ASP.NET
AmazonS3,404,1,34696,AWS_WAF,ASP.NET
Sucuri/Cloudproxy,404,1,47558,Sucuri,WordPress
Incapsula,500,1,30181,Imperva,Spring_Boot
BigIP,403,1,38987,F5_BIG_IP,React
Sucuri/Cloudproxy,200,1,27321,Sucuri,Unknown
BIG-IP,404,1,16091,F5_BIG_IP,WordPress
BigIP,200,1,5500,F5_BIG_IP,React
Incapsula,200,1,42319,Imperva,Node.js
cloudflare-nginx,404,1,45994,Cloudflare,Django
Apache/2.4.41,404,0,18194,None,Express
BIG-IP,403,1,45392,F5_BIG_IP,ASP.NET
BigIP,301,1,48546,F5_BIG_IP,Node.js
cloudflare-nginx,302,1,42685,Cloudflare,Express
Incapsula,403,1,24926,Imperva,ASP.NET
cloudflare-nginx,301,1,32552,Cloudflare,Laravel
CloudFront,403,1,20976,AWS_WAF,React
LiteSpeed,500,0,33067,None,Laravel
BigIP,301,1,41065,F5_BIG_IP,ASP.NET
nginx/1.18.0,200,1,33670,ModSecurity,Unknown
Incapsula,403,1,15658,Imperva,Express
cloudflare,500,1,15501,Cloudflare,Node.js
CloudFront,403,1,40408,AWS_WAF,Unknown
BigIP,302,1,31433,F5_BIG_IP,Unknown
Sucuri/Cloudproxy,403,1,43989,Sucuri,Vue
Sucuri/Cloudproxy,403,1,20764,Sucuri,ASP.NET
nginx/1.18.0,301,1,25749,ModSecurity,Spring_Boot
cloudflare-nginx,403,1,44373,Cloudflare,Spring_Boot
AWS,403,1,37739,AWS_WAF,Express
cloudflare,404,1,17394,Cloudflare,React
Incapsula,302,1,44570,Imperva,ASP.NET
AmazonS3,403,1,4887,AWS_WAF,Spring_Boot
Incapsula,403,1,5013,Imperva,ASP.NET
Incapsula,500,1,27070,Imperva,Unknown
cloudflare,403,1,38127,Cloudflare,Django
BigIP,200,1,30086,F5_BIG_IP,Django
BIG-IP,200,1,29295,F5_BIG_IP,ASP.NET
nginx/1.18.0,500,1,26118,None,Laravel
Apache/2.4.41 (Ubuntu),403,1,4911,ModSecurity,ASP.NET
Incapsula,403,1,7279,Imperva,Spring_Boot
cloudflare,500,1,24546,Cloudflare,ASP.NET
cloudflare-nginx,403,1,357,Cloudflare,Spring_Boot
nginx/1.18.0,403,1,48073,ModSecurity,Vue
nginx/1.18.0,404,1,8302,ModSecurity,ASP.NET
Sucuri/Cloudproxy,200,1,49511,Sucuri,React
Incapsula,403,1,19940,Imperva,React
BigIP,302,1,1469,F5_BIG_IP,ASP.NET
Incapsula,403,1,35055,Imperva,Vue
nginx/1.18.0,404,1,35752,ModSecurity,Unknown
nginx/1.18.0,403,1,11693,ModSecurity,Laravel
BIG-IP,403,1,21428,F5_BIG_IP,Spring_Boot
Sucuri/Cloudproxy,500,1,20864,Sucuri,WordPress
BIG-IP,403,1,812,F5_BIG_IP,Django
BIG-IP,403,1,439,F5_BIG_IP,React
Sucuri/Cloudproxy,403,1,14437,Sucuri,Unknown
cloudflare,403,1,44791,Cloudflare,Spring_Boot
Sucuri/Cloudproxy,301,1,2518,Sucuri,ASP.NET
BIG-IP,302,1,31648,F5_BIG_IP,Laravel
BigIP,403,1,13788,F5_BIG_IP,Vue
nginx/1.18.0,302,0,35785,None,Express
Incapsula,403,1,10321,Imperva,Node.js
Sucuri/Cloudproxy,403,1,4065,Sucuri,React
Incapsula,404,1,17380,Imperva,Laravel
cloudflare-nginx,403,1,45291,Cloudflare,Vue
nginx/1.18.0,403,1,28712,ModSecurity,WordPress
Apache/2.4.41,500,0,34345,None,Node.js
BigIP,500,1,39211,F5_BIG_IP,Unknown
Incapsula,200,1,42097,Imperva,ASP.NET
Incapsula,403,1,6200,Imperva,WordPress
Apache/2.4.41,200,1,31369,None,ASP.NET
BigIP,403,1,37002,F5_BIG_IP,Unknown
Apache/2.4.41 (Ubuntu),403,1,17607,ModSecurity,Express
Sucuri/Cloudproxy,500,1,7819,Sucuri,WordPress
Sucuri/Cloudproxy,500,1,19461,Sucuri,Express
BIG-IP,404,1,49534,F5_BIG_IP,Laravel
cloudflare-nginx,403,1,30637,Cloudflare,Node.js
BigIP,200,1,6991,F5_BIG_IP,Laravel
BIG-IP,200,1,16043,F5_BIG_IP,Node.js
cloudflare,302,1,39533,Cloudflare,React
Microsoft-IIS/10.0,301,1,6987,None,React
cloudflare-nginx,500,1,3406,Cloudflare,ASP.NET
Microsoft-IIS/10.0,404,0,36240,None,Vue
CloudFront,301,1,14464,AWS_WAF,Vue
AmazonS3,403,1,31104,AWS_WAF,Django
Microsoft-IIS/10.0,302,0,18642,None,Express
LiteSpeed,301,0,44950,None,Node.js
Sucuri/Cloudproxy,403,1,6173,Sucuri,Node.js
Microsoft-IIS/10.0,500,0,12368,None,React
cloudflare-nginx,301,1,9120,Cloudflare,Vue
Microsoft-IIS/10.0,302,0,10107,None,Vue
AWS,500,1,35766,AWS_WAF,Laravel
Sucuri/Cloudproxy,200,1,43624,Sucuri,Node.js
Microsoft-IIS/10.0,302,0,944,None,React
Microsoft-IIS/10.0,302,1,1745,None,Unknown
Incapsula,403,1,36792,Imperva,ASP.NET
Microsoft-IIS/10.0,200,0,11122,None,ASP.NET
Sucuri/Cloudproxy,403,1,40043,Sucuri,Django
Apache/2.4.41 (Ubuntu),302,1,25686,ModSecurity,WordPress
Sucuri/Cloudproxy,200,1,44559,Sucuri,Spring_Boot
Incapsula,403,1,27221,Imperva,Spring_Boot
AmazonS3,403,1,17410,AWS_WAF,ASP.NET
LiteSpeed,404,0,15577,None,Django
nginx/1.18.0,403,1,42288,ModSecurity,Laravel
Incapsula,404,1,43607,Imperva,Express
Sucuri/Cloudproxy,403,1,49397,Sucuri,Spring_Boot
cloudflare-nginx,301,1,40768,Cloudflare,Node.js
BigIP,403,1,43039,F5_BIG_IP,Django
AWS,200,1,21493,AWS_WAF,React
BigIP,500,1,42363,F5_BIG_IP,WordPress
AmazonS3,200,1,35071,AWS_WAF,Django
CloudFront,403,1,42566,AWS_WAF,Unknown
Incapsula,403,1,6904,Imperva,Spring_Boot
Sucuri/Cloudproxy,200,1,39190,Sucuri,Unknown
cloudflare,403,1,3134,Cloudflare,Django
BIG-IP,301,1,3732,F5_BIG_IP,Unknown
BIG-IP,403,1,43139,F5_BIG_IP,Laravel
BigIP,301,1,6828,F5_BIG_IP,Django
Apache/2.4.41 (Ubuntu),302,1,16792,ModSecurity,Spring_Boot
BIG-IP,403,1,43486,F5_BIG_IP,Vue
BigIP,302,1,28714,F5_BIG_IP,ASP.NET
Incapsula,403,1,4003,Imperva,Django
cloudflare,403,1,13831,Cloudflare,Vue
Sucuri/Cloudproxy,301,1,5325,Sucuri,React
nginx/1.18.0,403,1,42899,ModSecurity,Express
Sucuri/Cloudproxy,500,1,29096,Sucuri,Unknown
LiteSpeed,200,0,16414,None,WordPress
Apache/2.4.41 (Ubuntu),403,1,10760,ModSecurity,Laravel
BIG-IP,302,1,25079,F5_BIG_IP,Vue
Sucuri/Cloudproxy,302,1,36143,Sucuri,ASP.NET
cloudflare-nginx,302,1,15522,Cloudflare,Laravel
cloudflare,403,1,3386,Cloudflare,Laravel
Incapsula,403,1,17349,Imperva,Unknown
Sucuri/Cloudproxy,500,1,3831,Sucuri,Vue
Sucuri/Cloudproxy,500,1,27103,Sucuri,React
cloudflare,403,1,2297,Cloudflare,Vue
Incapsula,404,1,4647,Imperva,Laravel
Sucuri/Cloudproxy,500,1,35069,Sucuri,Spring_Boot
BigIP,500,1,4801,F5_BIG_IP,React
Apache/2.4.41 (Ubuntu),301,1,2220,ModSecurity,WordPress
Apache/2.4.41 (Ubuntu),403,1,28752,ModSecurity,Spring_Boot
Apache/2.4.41 (Ubuntu),403,1,19442,ModSecurity,React
Sucuri/Cloudproxy,302,1,49545,Sucuri,Spring_Boot
cloudflare,404,1,32878,Cloudflare,Unknown
Incapsula,403,1,6378,Imperva,ASP.NET
BIG-IP,301,1,18459,F5_BIG_IP,Vue
Apache/2.4.41,302,0,37837,None,Laravel
cloudflare,302,1,21389,Cloudflare,Django
Incapsula,500,1,32218,Imperva,React
cloudflare-nginx,302,1,9642,Cloudflare,Laravel
BIG-IP,403,1,5677,F5_BIG_IP,React
cloudflare,403,1,7324,Cloudflare,Laravel
AmazonS3,301,1,24984,AWS_WAF,Node.js
nginx/1.18.0,200,1,3741,ModSecurity,Django
cloudflare,200,1,38301,Cloudflare,Django
Incapsula,404,1,36450,Imperva,Spring_Boot
AWS,404,1,28857,AWS_WAF,Vue
Apache/2.4.41 (Ubuntu),403,1,16503,ModSecurity,Spring_Boot
AmazonS3,403,1,40087,AWS_WAF,React
Incapsula,302,1,35603,Imperva,Spring_Boot
cloudflare,403,1,20512,Cloudflare,React
BIG-IP,200,1,2962,F5_BIG_IP,Spring_Boot
nginx/1.18.0,301,1,20518,ModSecurity,Node.js
cloudflare-nginx,403,1,13187,Cloudflare,Vue
Incapsula,403,1,31069,Imperva,Unknown
BigIP,500,1,15797,F5_BIG_IP,Laravel
BigIP,302,1,6005,F5_BIG_IP,WordPress
Apache/2.4.41 (Ubuntu),500,1,35777,ModSecurity,ASP.NET
BigIP,403,1,43311,F5_BIG_IP,ASP.NET
Sucuri/Cloudproxy,403,1,11083,Sucuri,Vue
AmazonS3,302,1,41110,AWS_WAF,Laravel
BigIP,200,1,41864,F5_BIG_IP,Node.js
CloudFront,403,1,25919,AWS_WAF,Node.js
Incapsula,302,1,42223,Imperva,WordPress
Apache/2.4.41 (Ubuntu),302,1,17721,ModSecurity,Spring_Boot
Sucuri/Cloudproxy,403,1,40003,Sucuri,Express
Incapsula,403,1,20572,Imperva,ASP.NET
Incapsula,403,1,8896,Imperva,Node.js
CloudFront,302,1,2226,AWS_WAF,Unknown
Apache/2.4.41 (Ubuntu),302,1,2224,ModSecurity,Express
Sucuri/Cloudproxy,500,1,42007,Sucuri,Vue
cloudflare,403,1,48393,Cloudflare,Express
AmazonS3,200,1,32853,AWS_WAF,Vue
nginx/1.18.0,404,1,13209,None,Unknown
Microsoft-IIS/10.0,500,1,44865,None,Spring_Boot
Incapsula,403,1,20264,Imperva,Laravel
cloudflare,403,1,21198,Cloudflare,Django
Incapsula,403,1,4633,Imperva,Laravel
BIG-IP,403,1,28321,F5_BIG_IP,Unknown
Sucuri/Cloudproxy,200,1,8881,Sucuri,Spring_Boot
Apache/2.4.41 (Ubuntu),301,1,46462,ModSecurity,ASP.NET
CloudFront,403,1,29041,AWS_WAF,WordPress
cloudflare,302,1,12116,Cloudflare,ASP.NET
AmazonS3,500,1,49227,AWS_WAF,Laravel
BIG-IP,403,1,33714,F5_BIG_IP,Vue
cloudflare,403,1,1067,Cloudflare,Django
nginx/1.18.0,404,0,19865,None,ASP.NET
Incapsula,302,1,21494,Imperva,ASP.NET
nginx/1.18.0,301,0,37740,None,Node.js
cloudflare,403,1,49250,Cloudflare,Node.js
Apache/2.4.41,404,1,29209,None,ASP.NET
nginx/1.18.0,301,1,10431,ModSecurity,Django
cloudflare-nginx,301,1,25471,Cloudflare,Laravel
cloudflare,301,1,18109,Cloudflare,React
cloudflare,403,1,33255,Cloudflare,ASP.NET
Sucuri/Cloudproxy,200,1,13314,Sucuri,Unknown
BIG-IP,403,1,29302,F5_BIG_IP,Unknown
BigIP,500,1,49197,F5_BIG_IP,React
nginx/1.18.0,403,1,2389,ModSecurity,Spring_Boot
BIG-IP,302,1,14800,F5_BIG_IP,ASP.NET
Microsoft-IIS/10.0,301,1,39186,None,Express
Incapsula,500,1,38027,Imperva,Laravel
Sucuri/Cloudproxy,403,1,31062,Sucuri,Unknown
Apache/2.4.41 (Ubuntu),301,1,27440,ModSecurity,Express
Apache/2.4.41,500,0,14746,None,React
Sucuri/Cloudproxy,403,1,45523,Sucuri,Spring_Boot
LiteSpeed,500,0,29742,None,React
Apache/2.4.41 (Ubuntu),200,1,28297,ModSecurity,Express
CloudFront,403,1,47578,AWS_WAF,React
CloudFront,403,1,47399,AWS_WAF,Laravel
BigIP,500,1,11962,F5_BIG_IP,ASP.NET
cloudflare-nginx,403,1,15348,Cloudflare,Laravel
AmazonS3,200,1,16866,AWS_WAF,Express
Apache/2.4.41,301,0,23676,None,ASP.NET
Apache/2.4.41 (Ubuntu),404,1,46658,ModSecurity,Django
LiteSpeed,301,1,42847,None,Unknown
nginx/1.18.0,302,1,28554,ModSecurity,Laravel
cloudflare,302,1,40004,Cloudflare,Django
Sucuri/Cloudproxy,403,1,18157,Sucuri,Node.js
cloudflare,301,1,20011,Cloudflare,Spring_Boot
Incapsula,302,1,3055,Imperva,Express
cloudflare-nginx,301,1,24871,Cloudflare,React
AmazonS3,403,1,3093,AWS_WAF,Vue
AWS,500,1,46695,AWS_WAF,React
LiteSpeed,500,1,47971,None,Unknown
Sucuri/Cloudproxy,404,1,5537,Sucuri,Unknown
cloudflare,403,1,44475,Cloudflare,Vue
CloudFront,403,1,45819,AWS_WAF,Django
nginx/1.18.0,403,1,17498,ModSecurity,Django
cloudflare-nginx,200,1,21505,Cloudflare,Node.js
Microsoft-IIS/10.0,404,0,49515,None,Vue
Apache/2.4.41 (Ubuntu),403,1,13150,ModSecurity,Express
Incapsula,200,1,38277,Imperva,Spring_Boot
Sucuri/Cloudproxy,302,1,3532,Sucuri,WordPress
cloudflare-nginx,200,1,25067,Cloudflare,Spring_Boot
Sucuri/Cloudproxy,302,1,32795,Sucuri,Express
cloudflare,301,1,7934,Cloudflare,Spring_Boot
AmazonS3,500,1,32634,AWS_WAF,WordPress
cloudflare,403,1,4485,Cloudflare,Laravel
Sucuri/Cloudproxy,301,1,28731,Sucuri,Django
Apache/2.4.41 (Ubuntu),302,1,16857,ModSecurity,React
CloudFront,302,1,11065,AWS_WAF,Spring_Boot
BigIP,403,1,48443,F5_BIG_IP,Laravel
LiteSpeed,200,1,18439,None,Express
Sucuri/Cloudproxy,403,1,33178,Sucuri,Express
LiteSpeed,301,0,15431,None,WordPress
LiteSpeed,404,1,14595,None,Spring_Boot
AWS,404,1,20184,AWS_WAF,Laravel
Incapsula,200,1,42588,Imperva,Laravel
cloudflare-nginx,301,1,21960,Cloudflare,Node.js
Incapsula,200,1,18080,Imperva,Node.js
Incapsula,403,1,24542,Imperva,Laravel
Apache/2.4.41,404,0,6904,None,Django
cloudflare,403,1,29679,Cloudflare,Spring_Boot
Sucuri/Cloudproxy,403,1,13810,Sucuri,Spring_Boot
cloudflare,301,1,16633,Cloudflare,Express
nginx/1.18.0,301,1,7298,ModSecurity,Spring_Boot
Apache/2.4.41 (Ubuntu),200,1,15406,ModSecurity,Express
LiteSpeed,301,0,49295,None,Spring_Boot
AWS,403,1,11898,AWS_WAF,Vue
Sucuri/Cloudproxy,302,1,22610,Sucuri,Vue
BigIP,301,1,34665,F5_BIG_IP,React
Apache/2.4.41 (Ubuntu),403,1,5127,ModSecurity,React
nginx/1.18.0,403,1,33137,ModSecurity,Node.js
cloudflare,403,1,13143,Cloudflare,Vue
AWS,404,1,13072,AWS_WAF,Vue
AmazonS3,403,1,2212,AWS_WAF,Laravel
AWS,200,1,34789,AWS_WAF,WordPress
Incapsula,403,1,25989,Imperva,ASP.NET
nginx/1.18.0,200,1,41054,ModSecurity,Django
nginx/1.18.0,403,1,34175,ModSecurity,Express
AmazonS3,200,1,8315,AWS_WAF,Laravel
Apache/2.4.41,302,0,30001,None,Spring_Boot
Microsoft-IIS/10.0,302,1,21425,None,Spring_Boot
nginx/1.18.0,500,0,16686,None,Unknown
Incapsula,403,1,4177,Imperva,Vue
nginx/1.18.0,403,1,17719,ModSecurity,Laravel
cloudflare-nginx,403,1,11211,Cloudflare,Spring_Boot
Sucuri/Cloudproxy,200,1,17797,Sucuri,Laravel
cloudflare,403,1,30341,Cloudflare,Unknown
Sucuri/Cloudproxy,403,1,2461,Sucuri,Express
cloudflare,403,1,3033,Cloudflare,Vue
Incapsula,302,1,42813,Imperva,Django
Sucuri/Cloudproxy,301,1,17598,Sucuri,WordPress
BigIP,200,1,11676,F5_BIG_IP,Vue
Incapsula,404,1,32191,Imperva,Laravel
CloudFront,301,1,4798,AWS_WAF,Laravel
LiteSpeed,302,0,43073,None,Spring_Boot
Sucuri/Cloudproxy,301,1,43896,Sucuri,Django
Apache/2.4.41 (Ubuntu),301,1,40726,ModSecurity,WordPress
BigIP,403,1,36099,F5_BIG_IP,React
cloudflare-nginx,301,1,11127,Cloudflare,Spring_Boot
Apache/2.4.41 (Ubuntu),302,1,26492,ModSecurity,Node.js
Microsoft-IIS/10.0,500,1,29113,None,Laravel
AmazonS3,403,1,20306,AWS_WAF,Express
BIG-IP,403,1,38339,F5_BIG_IP,WordPress
cloudflare-nginx,403,1,15513,Cloudflare,Unknown
cloudflare,500,1,13300,Cloudflare,React
Sucuri/Cloudproxy,404,1,2758,Sucuri,Express
Incapsula,500,1,20928,Imperva,ASP.NET
LiteSpeed,500,0,4726,None,Spring_Boot
BigIP,200,1,1715,F5_BIG_IP,Node.js
Incapsula,403,1,46703,Imperva,ASP.NET
Sucuri/Cloudproxy,403,1,45023,Sucuri,Spring_Boot
Apache/2.4.41 (Ubuntu),500,1,27175,ModSecurity,Laravel
Incapsula,403,1,44248,Imperva,Spring_Boot
Apache/2.4.41 (Ubuntu),403,1,4658,ModSecurity,Spring_Boot
cloudflare,302,1,41181,Cloudflare,ASP.NET
cloudflare,404,1,26493,Cloudflare,Unknown
cloudflare,302,1,4635,Cloudflare,Unknown
nginx/1.18.0,500,1,31740,ModSecurity,Spring_Boot
Apache/2.4.41,302,0,6808,None,Unknown
Apache/2.4.41 (Ubuntu),403,1,6429,ModSecurity,Django
Microsoft-IIS/10.0,500,0,34282,None,Laravel
nginx/1.18.0,200,1,9608,None,Laravel
BigIP,404,1,42995,F5_BIG_IP,Express
AWS,302,1,48231,AWS_WAF,Node.js
BIG-IP,500,1,39285,F5_BIG_IP,Spring_Boot
Incapsula,500,1,48236,Imperva,Node.js
Sucuri/Cloudproxy,301,1,713,Sucuri,Spring_Boot
cloudflare,302,1,41297,Cloudflare,Express
AWS,403,1,6634,AWS_WAF,WordPress
nginx/1.18.0,404,1,5924,ModSecurity,Laravel
cloudflare,302,1,5995,Cloudflare,Spring_Boot
nginx/1.18.0,302,0,22391,None,Spring_Boot
BigIP,404,1,13535,F5_BIG_IP,Django
cloudflare-nginx,404,1,15389,Cloudflare,Laravel
cloudflare,403,1,45599,Cloudflare,ASP.NET
Incapsula,200,1,27223,Imperva,Laravel
cloudflare-nginx,403,1,40770,Cloudflare,Express
Sucuri/Cloudproxy,404,1,31497,Sucuri,React
Apache/2.4.41 (Ubuntu),500,1,10181,ModSecurity,Express
BigIP,403,1,35337,F5_BIG_IP,Node.js
Sucuri/Cloudproxy,500,1,1899,Sucuri,Vue
BigIP,403,1,47002,F5_BIG_IP,Node.js
Sucuri/Cloudproxy,200,1,44445,Sucuri,Vue
AmazonS3,200,1,23081,AWS_WAF,Django
Sucuri/Cloudproxy,404,1,46985,Sucuri,Vue
AWS,403,1,49322,AWS_WAF,Django
Incapsula,403,1,29588,Imperva,Unknown
AWS,500,1,20423,AWS_WAF,React
Incapsula,301,1,7068,Imperva,Laravel
cloudflare,302,1,22784,Cloudflare,Spring_Boot
BIG-IP,403,1,11427,F5_BIG_IP,Express
Sucuri/Cloudproxy,403,1,7137,Sucuri,Spring_Boot
AmazonS3,403,1,45759,AWS_WAF,Express
Sucuri/Cloudproxy,301,1,35433,Sucuri,Django
nginx/1.18.0,403,1,14436,ModSecurity,React
LiteSpeed,200,0,46258,None,Unknown
Incapsula,500,1,20832,Imperva,Unknown
Sucuri/Cloudproxy,301,1,44177,Sucuri,Vue
Sucuri/Cloudproxy,403,1,31617,Sucuri,React
Sucuri/Cloudproxy,404,1,9857,Sucuri,ASP.NET
cloudflare-nginx,403,1,19551,Cloudflare,Unknown
CloudFront,200,1,40802,AWS_WAF,Vue
BigIP,200,1,47458,F5_BIG_IP,Django
Sucuri/Cloudproxy,200,1,11788,Sucuri,Unknown
LiteSpeed,404,1,17159,None,Laravel
nginx/1.18.0,404,1,33352,ModSecurity,Node.js
nginx/1.18.0,403,1,18485,ModSecurity,Vue
BIG-IP,302,1,20379,F5_BIG_IP,Express
nginx/1.18.0,403,1,23963,ModSecurity,Unknown
Incapsula,301,1,37860,Imperva,WordPress
LiteSpeed,404,0,18614,None,Spring_Boot
Sucuri/Cloudproxy,403,1,40795,Sucuri,Laravel
AWS,500,1,14352,AWS_WAF,Django
BIG-IP,404,1,38790,F5_BIG_IP,WordPress
AWS,403,1,18740,AWS_WAF,Unknown
cloudflare-nginx,301,1,5639,Cloudflare,ASP.NET
BIG-IP,200,1,10002,F5_BIG_IP,Express
cloudflare,404,1,4938,Cloudflare,ASP.NET
Incapsula,500,1,2174,Imperva,Laravel
nginx/1.18.0,500,0,4311,None,Laravel
Apache/2.4.41,404,0,46162,None,WordPress
cloudflare-nginx,403,1,23439,Cloudflare,WordPress
Apache/2.4.41,500,0,18697,None,React
nginx/1.18.0,403,1,14104,ModSecurity,Express
AmazonS3,403,1,17703,AWS_WAF,WordPress
Apache/2.4.41 (Ubuntu),301,1,8837,ModSecurity,Laravel
Apache/2.4.41 (Ubuntu),403,1,38266,ModSecurity,WordPress
Sucuri/Cloudproxy,404,1,18632,Sucuri,Django
nginx/1.18.0,500,0,9795,None,Django
Incapsula,302,1,14097,Imperva,ASP.NET
nginx/1.18.0,301,0,48760,None,Vue
BigIP,403,1,36128,F5_BIG_IP,WordPress
BIG-IP,301,1,21445,F5_BIG_IP,Node.js
Sucuri/Cloudproxy,403,1,18500,Sucuri,React
Sucuri/Cloudproxy,404,1,48534,Sucuri,WordPress
nginx/1.18.0,301,1,37292,None,Laravel
cloudflare,301,1,689,Cloudflare,Unknown
CloudFront,404,1,3955,AWS_WAF,Express
AmazonS3,302,1,15405,AWS_WAF,Vue
cloudflare-nginx,403,1,19145,Cloudflare,Node.js
nginx/1.18.0,403,1,3586,ModSecurity,Spring_Boot
cloudflare,403,1,42473,Cloudflare,ASP.NET
Sucuri/Cloudproxy,403,1,35122,Sucuri,React
Incapsula,403,1,42768,Imperva,Node.js
Microsoft-IIS/10.0,302,1,42695,None,React
Sucuri/Cloudproxy,302,1,37502,Sucuri,Vue
Sucuri/Cloudproxy,302,1,3928,Sucuri,ASP.NET
cloudflare,403,1,43363,Cloudflare,Django
AWS,301,1,15089,AWS_WAF,Laravel
nginx/1.18.0,301,1,10289,ModSecurity,Unknown
Microsoft-IIS/10.0,302,1,36708,None,ASP.NET
AWS,301,1,35575,AWS_WAF,Django
AmazonS3,301,1,33078,AWS_WAF,Unknown
nginx/1.18.0,302,0,22544,None,Unknown
Incapsula,302,1,14286,Imperva,React
nginx/1.18.0,200,0,38631,None,Node.js
Incapsula,403,1,10906,Imperva,Laravel
BIG-IP,403,1,47234,F5_BIG_IP,Laravel
Apache/2.4.41 (Ubuntu),500,1,35840,ModSecurity,Vue
Incapsula,500,1,8712,Imperva,ASP.NET
Apache/2.4.41 (Ubuntu),301,1,12152,ModSecurity,WordPress
AmazonS3,404,1,21318,AWS_WAF,Spring_Boot
AmazonS3,200,1,13111,AWS_WAF,Django
BigIP,404,1,11306,F5_BIG_IP,Django
Incapsula,403,1,7056,Imperva,Express
cloudflare-nginx,500,1,40998,Cloudflare,Spring_Boot
AWS,301,1,48619,AWS_WAF,Laravel
nginx/1.18.0,403,1,23317,ModSecurity,ASP.NET
BIG-IP,302,1,34142,F5_BIG_IP,React
Incapsula,403,1,23681,Imperva,React
nginx/1.18.0,200,1,44113,ModSecurity,Node.js
Microsoft-IIS/10.0,404,1,36274,None,Express
nginx/1.18.0,301,1,39761,ModSecurity,WordPress
cloudflare-nginx,403,1,44003,Cloudflare,Express
BIG-IP,403,1,45709,F5_BIG_IP,Django
cloudflare,301,1,42801,Cloudflare,Django
BIG-IP,404,1,17248,F5_BIG_IP,Unknown
BigIP,301,1,20494,F5_BIG_IP,Node.js
Microsoft-IIS/10.0,500,0,20272,None,React
Incapsula,302,1,34770,Imperva,Unknown
Sucuri/Cloudproxy,301,1,34836,Sucuri,React
AmazonS3,403,1,35085,AWS_WAF,Laravel
AmazonS3,403,1,15133,AWS_WAF,Node.js
Incapsula,404,1,44080,Imperva,Spring_Boot
Sucuri/Cloudproxy,301,1,5552,Sucuri,WordPress
Sucuri/Cloudproxy,404,1,10266,Sucuri,Express
Apache/2.4.41 (Ubuntu),403,1,36669,ModSecurity,Laravel
Apache/2.4.41 (Ubuntu),500,1,48511,ModSecurity,Unknown
LiteSpeed,404,1,21996,None,Vue
cloudflare,403,1,25437,Cloudflare,WordPress
AmazonS3,404,1,22344,AWS_WAF,ASP.NET
Incapsula,301,1,42230,Imperva,Unknown
Sucuri/Cloudproxy,500,1,22988,Sucuri,Spring_Boot
Microsoft-IIS/10.0,500,0,32788,None,Laravel
nginx/1.18.0,403,1,33259,ModSecurity,Vue
AWS,302,1,37812,AWS_WAF,Django
LiteSpeed,200,0,35041,None,Express
AWS,403,1,24484,AWS_WAF,Vue
BigIP,403,1,33926,F5_BIG_IP,Express
BIG-IP,500,1,26473,F5_BIG_IP,Laravel
AWS,500,1,13667,AWS_WAF,Laravel
CloudFront,200,1,28241,AWS_WAF,Express
Microsoft-IIS/10.0,404,1,19660,None,Vue
BIG-IP,200,1,6604,F5_BIG_IP,ASP.NET
Microsoft-IIS/10.0,500,1,17917,None,WordPress
nginx/1.18.0,200,1,8950,ModSecurity,React
Microsoft-IIS/10.0,301,0,40943,None,WordPress
nginx/1.18.0,404,1,34321,ModSecurity,Node.js
Apache/2.4.41,200,0,24134,None,Django
Apache/2.4.41 (Ubuntu),301,1,29038,ModSecurity,Spring_Boot
Apache/2.4.41,200,0,37458,None,Node.js
AWS,403,1,13095,AWS_WAF,Express
cloudflare-nginx,404,1,13935,Cloudflare,Spring_Boot
BIG-IP,403,1,47818,F5_BIG_IP,ASP.NET
Sucuri/Cloudproxy,200,1,4496,Sucuri,Laravel
Apache/2.4.41 (Ubuntu),200,1,36443,ModSecurity,Unknown
Microsoft-IIS/10.0,200,0,22266,None,Node.js
BigIP,403,1,17095,F5_BIG_IP,WordPress
nginx/1.18.0,403,1,46638,ModSecurity,WordPress
nginx/1.18.0,301,0,33681,None,ASP.NET
Microsoft-IIS/10.0,200,0,15706,None,Django
AmazonS3,200,1,42303,AWS_WAF,Spring_Boot
nginx/1.18.0,200,1,48412,ModSecurity,Spring_Boot
BIG-IP,500,1,36873,F5_BIG_IP,Laravel
nginx/1.18.0,200,1,23772,ModSecurity,ASP.NET
Apache/2.4.41,302,0,16681,None,Node.js
AmazonS3,403,1,3106,AWS_WAF,Unknown
nginx/1.18.0,500,1,18923,ModSecurity,Express
Incapsula,302,1,7362,Imperva,ASP.NET
Sucuri/Cloudproxy,301,1,19335,Sucuri,Laravel
Incapsula,403,1,27098,Imperva,ASP.NET
Sucuri/Cloudproxy,403,1,2264,Sucuri,Laravel
cloudflare,404,1,47145,Cloudflare,Laravel
LiteSpeed,404,0,38696,None,Vue
Apache/2.4.41,404,0,49241,None,Node.js
Sucuri/Cloudproxy,200,1,23711,Sucuri,Laravel
BIG-IP,403,1,44396,F5_BIG_IP,Laravel
Sucuri/Cloudproxy,302,1,16675,Sucuri,Spring_Boot
Incapsula,403,1,15811,Imperva,Spring_Boot
cloudflare-nginx,302,1,27554,Cloudflare,Django
AWS,200,1,41108,AWS_WAF,Spring_Boot
Apache/2.4.41 (Ubuntu),302,1,36170,ModSecurity,Unknown
cloudflare-nginx,403,1,30887,Cloudflare,Laravel
Incapsula,200,1,20375,Imperva,React
AmazonS3,403,1,14200,AWS_WAF,Laravel
nginx/1.18.0,200,0,32566,None,Vue
BIG-IP,403,1,12211,F5_BIG_IP,Express
cloudflare-nginx,403,1,30449,Cloudflare,Express
BIG-IP,403,1,961,F5_BIG_IP,Django
cloudflare-nginx,301,1,13500,Cloudflare,React
cloudflare,403,1,13934,Cloudflare,WordPress
CloudFront,404,1,3970,AWS_WAF,WordPress
Sucuri/Cloudproxy,302,1,27524,Sucuri,ASP.NET
nginx/1.18.0,302,1,12741,ModSecurity,Spring_Boot
Incapsula,200,1,19995,Imperva,React
LiteSpeed,301,0,2739,None,Laravel
BigIP,404,1,5363,F5_BIG_IP,ASP.NET
nginx/1.18.0,403,1,20397,ModSecurity,Node.js
Sucuri/Cloudproxy,200,1,31610,Sucuri,Django
CloudFront,403,1,47820,AWS_WAF,React
Incapsula,301,1,41602,Imperva,Spring_Boot
Apache/2.4.41 (Ubuntu),404,1,25353,ModSecurity,Vue
Sucuri/Cloudproxy,301,1,10583,Sucuri,React
cloudflare,302,1,39516,Cloudflare,Unknown
AmazonS3,500,1,42882,AWS_WAF,Vue
Sucuri/Cloudproxy,301,1,38664,Sucuri,Django
cloudflare,403,1,31485,Cloudflare,Django
Incapsula,500,1,39157,Imperva,Express
Incapsula,500,1,13319,Imperva,Django
CloudFront,403,1,30159,AWS_WAF,Spring_Boot
Microsoft-IIS/10.0,301,1,36932,None,Laravel
cloudflare,500,1,48958,Cloudflare,Express
BIG-IP,404,1,32299,F5_BIG_IP,Spring_Boot
Apache/2.4.41 (Ubuntu),403,1,7877,ModSecurity,Laravel
BigIP,403,1,46209,F5_BIG_IP,WordPress
Incapsula,301,1,32246,Imperva,Laravel
nginx/1.18.0,200,0,36975,None,Django
Apache/2.4.41 (Ubuntu),403,1,12377,ModSecurity,Spring_Boot
AmazonS3,200,1,40551,AWS_WAF,Unknown
BigIP,200,1,28570,F5_BIG_IP,Spring_Boot
AmazonS3,403,1,21398,AWS_WAF,Express
CloudFront,403,1,34208,AWS_WAF,React
Sucuri/Cloudproxy,403,1,4094,Sucuri,ASP.NET
AWS,403,1,38909,AWS_WAF,Vue
LiteSpeed,301,0,2740,None,ASP.NET
Sucuri/Cloudproxy,403,1,42420,Sucuri,Unknown
BIG-IP,403,1,30108,F5_BIG_IP,Unknown
nginx/1.18.0,403,1,8389,ModSecurity,ASP.NET
BigIP,200,1,33663,F5_BIG_IP,Spring_Boot
BIG-IP,302,1,31763,F5_BIG_IP,Django
BIG-IP,403,1,32564,F5_BIG_IP,React
Apache/2.4.41 (Ubuntu),500,1,26055,ModSecurity,Spring_Boot
cloudflare,301,1,38363,Cloudflare,Laravel
Apache/2.4.41 (Ubuntu),301,1,8916,ModSecurity,Vue
Incapsula,403,1,28375,Imperva,Express
AmazonS3,403,1,22385,AWS_WAF,Node.js
AmazonS3,500,1,29555,AWS_WAF,Vue
cloudflare,302,1,34456,Cloudflare,Unknown
BigIP,403,1,44489,F5_BIG_IP,ASP.NET
Sucuri/Cloudproxy,302,1,9605,Sucuri,WordPress
Incapsula,403,1,12094,Imperva,Spring_Boot
BIG-IP,200,1,49571,F5_BIG_IP,React
nginx/1.18.0,301,0,12338,None,Unknown
AWS,301,1,20120,AWS_WAF,Django
nginx/1.18.0,302,1,10150,ModSecurity,Laravel
Incapsula,301,1,28223,Imperva,React
Microsoft-IIS/10.0,500,0,38632,None,Express
Sucuri/Cloudproxy,200,1,38720,Sucuri,Vue
cloudflare-nginx,403,1,14894,Cloudflare,WordPress
CloudFront,302,1,1629,AWS_WAF,Node.js
Incapsula,403,1,40020,Imperva,Node.js
Apache/2.4.41,301,0,14278,None,Vue
Apache/2.4.41 (Ubuntu),403,1,41823,ModSecurity,Spring_Boot
Incapsula,302,1,4527,Imperva,Laravel
Sucuri/Cloudproxy,404,1,16984,Sucuri,Express
nginx/1.18.0,200,1,38719,None,React
AmazonS3,404,1,45206,AWS_WAF,Django
Apache/2.4.41,404,0,46372,None,Unknown
Incapsula,403,1,35518,Imperva,Spring_Boot
Apache/2.4.41 (Ubuntu),403,1,35420,ModSecurity,Node.js
Incapsula,403,1,49999,Imperva,Express
BIG-IP,403,1,14687,F5_BIG_IP,React
Incapsula,403,1,42528,Imperva,Django
Incapsula,403,1,6288,Imperva,Django
BigIP,200,1,28080,F5_BIG_IP,Django
Sucuri/Cloudproxy,301,1,42116,Sucuri,WordPress
cloudflare,200,1,32368,Cloudflare,Vue
Incapsula,403,1,15590,Imperva,Laravel
Incapsula,404,1,43516,Imperva,ASP.NET
nginx/1.18.0,403,1,47664,ModSecurity,Vue
AmazonS3,403,1,43632,AWS_WAF,Spring_Boot
Incapsula,302,1,1596,Imperva,Vue
cloudflare-nginx,403,1,4861,Cloudflare,Node.js
nginx/1.18.0,200,0,27986,None,Spring_Boot
nginx/1.18.0,200,0,34294,None,ASP.NET
Sucuri/Cloudproxy,403,1,28445,Sucuri,Express
AmazonS3,302,1,2309,AWS_WAF,Node.js
nginx/1.18.0,403,1,31627,ModSecurity,WordPress
Incapsula,403,1,46661,Imperva,Spring_Boot
CloudFront,404,1,49056,AWS_WAF,React
cloudflare-nginx,403,1,45787,Cloudflare,Django
Sucuri/Cloudproxy,200,1,1914,Sucuri,WordPress
Apache/2.4.41 (Ubuntu),403,1,17816,ModSecurity,Node.js
BigIP,403,1,6259,F5_BIG_IP,Spring_Boot
BigIP,404,1,36974,F5_BIG_IP,Spring_Boot
Incapsula,301,1,18284,Imperva,Express
BIG-IP,302,1,30070,F5_BIG_IP,ASP.NET
nginx/1.18.0,404,1,4569,ModSecurity,React
BIG-IP,500,1,4358,F5_BIG_IP,Vue
LiteSpeed,302,0,23258,None,Laravel
Incapsula,403,1,43654,Imperva,React
Sucuri/Cloudproxy,403,1,49570,Sucuri,Unknown
BigIP,404,1,660,F5_BIG_IP,React
LiteSpeed,302,0,44864,None,Express
BigIP,403,1,26349,F5_BIG_IP,React
nginx/1.18.0,301,1,21225,ModSecurity,ASP.NET
Apache/2.4.41 (Ubuntu),500,1,20878,ModSecurity,Unknown
Apache/2.4.41 (Ubuntu),302,1,12399,ModSecurity,Node.js
Incapsula,403,1,4928,Imperva,React
Sucuri/Cloudproxy,500,1,49636,Sucuri,ASP.NET
AmazonS3,403,1,781,AWS_WAF,Unknown
cloudflare-nginx,302,1,22987,Cloudflare,ASP.NET
cloudflare,200,1,38553,Cloudflare,Laravel
Microsoft-IIS/10.0,200,0,21890,None,Node.js
Incapsula,301,1,5774,Imperva,Spring_Boot
Sucuri/Cloudproxy,404,1,19482,Sucuri,Express
Incapsula,403,1,19054,Imperva,ASP.NET
AWS,200,1,39552,AWS_WAF,Vue
cloudflare-nginx,404,1,29164,Cloudflare,Unknown
BIG-IP,301,1,37751,F5_BIG_IP,Unknown
CloudFront,403,1,33027,AWS_WAF,Unknown
Apache/2.4.41 (Ubuntu),301,1,33958,ModSecurity,Unknown
BigIP,403,1,32176,F5_BIG_IP,WordPress
Incapsula,403,1,42873,Imperva,Vue
BigIP,403,1,10043,F5_BIG_IP,Unknown
nginx/1.18.0,301,1,3815,ModSecurity,WordPress
BIG-IP,301,1,49278,F5_BIG_IP,Node.js
Incapsula,403,1,10420,Imperva,Django
Microsoft-IIS/10.0,404,1,13987,None,Vue
cloudflare-nginx,301,1,23171,Cloudflare,Node.js
AWS,500,1,17582,AWS_WAF,Spring_Boot
cloudflare,403,1,23121,Cloudflare,WordPress
cloudflare,403,1,6710,Cloudflare,Node.js
Apache/2.4.41 (Ubuntu),302,1,24388,ModSecurity,Spring_Boot
BigIP,403,1,11244,F5_BIG_IP,Express
Microsoft-IIS/10.0,500,0,42561,None,Node.js
nginx/1.18.0,302,0,33050,None,Vue
cloudflare-nginx,403,1,21642,Cloudflare,WordPress
cloudflare,403,1,6430,Cloudflare,Laravel
BigIP,301,1,18297,F5_BIG_IP,React
LiteSpeed,302,0,28988,None,Unknown
BigIP,500,1,4898,F5_BIG_IP,WordPress
Microsoft-IIS/10.0,301,1,43413,None,Vue
Sucuri/Cloudproxy,404,1,10192,Sucuri,WordPress
Incapsula,403,1,47695,Imperva,Node.js
Apache/2.4.41,302,1,26865,None,Node.js
BigIP,301,1,35996,F5_BIG_IP,Laravel
Incapsula,403,1,33931,Imperva,Django
cloudflare,302,1,3695,Cloudflare,Vue
cloudflare,500,1,20638,Cloudflare,Vue
Apache/2.4.41 (Ubuntu),301,1,46325,ModSecurity,Spring_Boot
nginx/1.18.0,403,1,21814,ModSecurity,React
AWS,404,1,32341,AWS_WAF,Unknown
Incapsula,403,1,38845,Imperva,Vue
BigIP,403,1,38965,F5_BIG_IP,Unknown
BIG-IP,301,1,16565,F5_BIG_IP,Django
Incapsula,301,1,6166,Imperva,Vue
Apache/2.4.41 (Ubuntu),301,1,11046,ModSecurity,ASP.NET
BigIP,302,1,31188,F5_BIG_IP,Spring_Boot
cloudflare,403,1,19666,Cloudflare,Unknown
BigIP,403,1,31928,F5_BIG_IP,Spring_Boot
Sucuri/Cloudproxy,302,1,31493,Sucuri,Spring_Boot
Incapsula,403,1,1653,Imperva,Laravel
Microsoft-IIS/10.0,301,0,19996,None,Django
Sucuri/Cloudproxy,404,1,3070,Sucuri,Laravel
Sucuri/Cloudproxy,500,1,33118,Sucuri,Express
BIG-IP,403,1,38554,F5_BIG_IP,Laravel
Apache/2.4.41,200,1,21155,None,WordPress
nginx/1.18.0,403,1,7072,ModSecurity,Spring_Boot
Sucuri/Cloudproxy,403,1,24426,Sucuri,Django
Apache/2.4.41,500,0,20382,None,ASP.NET
Microsoft-IIS/10.0,200,0,45006,None,WordPress
BigIP,403,1,42906,F5_BIG_IP,Vue
Apache/2.4.41,404,0,29126,None,Unknown
AmazonS3,403,1,26999,AWS_WAF,Node.js
nginx/1.18.0,403,1,17215,ModSecurity,Express
Incapsula,302,1,36150,Imperva,React
Sucuri/Cloudproxy,404,1,29697,Sucuri,ASP.NET
LiteSpeed,302,0,49125,None,Node.js
Incapsula,200,1,26018,Imperva,Vue
BigIP,404,1,39402,F5_BIG_IP,Express
BigIP,403,1,31440,F5_BIG_IP,WordPress
Sucuri/Cloudproxy,403,1,34135,Sucuri,Express
cloudflare-nginx,403,1,10809,Cloudflare,WordPress
AmazonS3,301,1,31301,AWS_WAF,WordPress
Apache/2.4.41 (Ubuntu),403,1,32427,ModSecurity,Express
Incapsula,403,1,37331,Imperva,WordPress
AWS,302,1,2915,AWS_WAF,Django
Apache/2.4.41,500,0,33093,None,Express
Incapsula,403,1,15570,Imperva,Express
Incapsula,500,1,2736,Imperva,Django
Apache/2.4.41 (Ubuntu),403,1,2482,ModSecurity,ASP.NET
AmazonS3,404,1,19461,AWS_WAF,Spring_Boot
cloudflare,200,1,5437,Cloudflare,ASP.NET
BigIP,302,1,48535,F5_BIG_IP,Node.js
AmazonS3,404,1,17904,AWS_WAF,Spring_Boot
cloudflare-nginx,403,1,19982,Cloudflare,Unknown
Incapsula,301,1,5433,Imperva,Node.js
Incapsula,200,1,16820,Imperva,ASP.NET
BigIP,302,1,8484,F5_BIG_IP,Node.js
AmazonS3,403,1,24427,AWS_WAF,Unknown
BIG-IP,200,1,48415,F5_BIG_IP,WordPress
Incapsula,302,1,26407,Imperva,React
nginx/1.18.0,500,1,12131,None,Laravel
Sucuri/Cloudproxy,301,1,6977,Sucuri,Vue
Incapsula,403,1,19932,Imperva,Node.js
AWS,200,1,7673,AWS_WAF,Express
BigIP,403,1,16738,F5_BIG_IP,Django
AWS,200,1,26933,AWS_WAF,WordPress
Incapsula,403,1,44585,Imperva,Django
Incapsula,403,1,38855,Imperva,Django
LiteSpeed,302,1,11259,None,Express
AmazonS3,301,1,9868,AWS_WAF,Unknown
CloudFront,302,1,44977,AWS_WAF,Vue
AmazonS3,301,1,46181,AWS_WAF,Laravel
AmazonS3,302,1,19625,AWS_WAF,WordPress
nginx/1.18.0,404,0,46666,None,Vue
Incapsula,500,1,45439,Imperva,WordPress
Incapsula,500,1,20367,Imperva,ASP.NET
BIG-IP,301,1,27858,F5_BIG_IP,WordPress
AmazonS3,404,1,8961,AWS_WAF,Laravel
Apache/2.4.41 (Ubuntu),301,1,8994,ModSecurity,Unknown
Sucuri/Cloudproxy,403,1,2144,Sucuri,Express
nginx/1.18.0,200,0,42368,None,Django
BigIP,302,1,19836,F5_BIG_IP,Laravel
LiteSpeed,301,0,43206,None,WordPress
BIG-IP,500,1,42410,F5_BIG_IP,Express
LiteSpeed,404,0,8391,None,Spring_Boot
cloudflare-nginx,500,1,12322,Cloudflare,Express
Incapsula,403,1,11692,Imperva,Unknown
Apache/2.4.41 (Ubuntu),200,1,1594,ModSecurity,Vue
CloudFront,403,1,47987,AWS_WAF,ASP.NET
Sucuri/Cloudproxy,302,1,16876,Sucuri,Spring_Boot
CloudFront,403,1,25857,AWS_WAF,Unknown
Sucuri/Cloudproxy,403,1,16877,Sucuri,WordPress
CloudFront,301,1,29206,AWS_WAF,WordPress
nginx/1.18.0,302,1,16153,ModSecurity,Unknown
Incapsula,403,1,14803,Imperva,Express
cloudflare-nginx,200,1,25778,Cloudflare,WordPress
AmazonS3,200,1,4814,AWS_WAF,Express
cloudflare-nginx,301,1,4573,Cloudflare,Vue
Sucuri/Cloudproxy,404,1,45886,Sucuri,Vue
Apache/2.4.41,500,0,1336,None,ASP.NET
cloudflare-nginx,301,1,5702,Cloudflare,Vue
Sucuri/Cloudproxy,200,1,46815,Sucuri,Django
AmazonS3,302,1,29351,AWS_WAF,React
AmazonS3,500,1,4264,AWS_WAF,Express
CloudFront,404,1,36885,AWS_WAF,React
Sucuri/Cloudproxy,403,1,8266,Sucuri,Spring_Boot
Incapsula,403,1,8828,Imperva,Node.js
CloudFront,403,1,3950,AWS_WAF,Django
BIG-IP,200,1,23090,F5_BIG_IP,Unknown
LiteSpeed,301,0,41766,None,WordPress
cloudflare,200,1,45565,Cloudflare,Node.js
AWS,403,1,23944,AWS_WAF,Node.js
cloudflare-nginx,403,1,17692,Cloudflare,Node.js
BIG-IP,200,1,45226,F5_BIG_IP,Vue
cloudflare,301,1,33732,Cloudflare,React
Sucuri/Cloudproxy,200,1,24994,Sucuri,WordPress
BigIP,403,1,27589,F5_BIG_IP,WordPress
nginx/1.18.0,403,1,32141,ModSecurity,Node.js
AWS,404,1,11601,AWS_WAF,Laravel
CloudFront,404,1,34165,AWS_WAF,React
Apache/2.4.41 (Ubuntu),403,1,12998,ModSecurity,Express
Microsoft-IIS/10.0,500,0,21287,None,Spring_Boot
cloudflare,404,1,30877,Cloudflare,Express
cloudflare,403,1,28015,Cloudflare,WordPress
nginx/1.18.0,301,0,7123,None,Django
CloudFront,200,1,44174,AWS_WAF,Express
AWS,404,1,16685,AWS_WAF,ASP.NET
nginx/1.18.0,404,1,26855,ModSecurity,Django
nginx/1.18.0,500,1,20678,ModSecurity,Django
nginx/1.18.0,403,1,6310,ModSecurity,Node.js
nginx/1.18.0,403,1,34767,ModSecurity,Laravel
Incapsula,302,1,12839,Imperva,React
Sucuri/Cloudproxy,302,1,5072,Sucuri,Express
Incapsula,403,1,28242,Imperva,Spring_Boot
AWS,200,1,27743,AWS_WAF,React
Incapsula,200,1,17217,Imperva,Express
Sucuri/Cloudproxy,200,1,26245,Sucuri,React
AmazonS3,403,1,13711,AWS_WAF,Vue
cloudflare-nginx,500,1,12098,Cloudflare,Spring_Boot
Sucuri/Cloudproxy,302,1,19850,Sucuri,Unknown
AmazonS3,403,1,49307,AWS_WAF,React
nginx/1.18.0,302,1,40194,None,Node.js
nginx/1.18.0,403,1,33811,ModSecurity,Vue
cloudflare-nginx,403,1,12883,Cloudflare,Django
BigIP,403,1,38693,F5_BIG_IP,React
LiteSpeed,500,1,18406,None,Unknown
Apache/2.4.41,301,0,38243,None,Vue
LiteSpeed,200,0,39793,None,Node.js
AWS,403,1,35367,AWS_WAF,ASP.NET
cloudflare,302,1,19948,Cloudflare,Vue
AWS,500,1,46902,AWS_WAF,Express
nginx/1.18.0,500,0,5443,None,Spring_Boot
AmazonS3,500,1,39274,AWS_WAF,Django
Sucuri/Cloudproxy,302,1,26858,Sucuri,React
nginx/1.18.0,301,1,33506,ModSecurity,WordPress
cloudflare-nginx,302,1,26194,Cloudflare,React
nginx/1.18.0,200,0,35696,None,Vue
Incapsula,403,1,39820,Imperva,Unknown
BIG-IP,301,1,2281,F5_BIG_IP,Unknown
cloudflare,404,1,23247,Cloudflare,Node.js
nginx/1.18.0,302,1,34883,ModSecurity,Laravel
Incapsula,403,1,23566,Imperva,Express
BIG-IP,403,1,11145,F5_BIG_IP,React
CloudFront,301,1,39328,AWS_WAF,Vue
Incapsula,403,1,27391,Imperva,Laravel
cloudflare,301,1,49684,Cloudflare,Vue
Sucuri/Cloudproxy,403,1,28064,Sucuri,React
Apache/2.4.41,500,0,39093,None,Node.js
nginx/1.18.0,500,0,34402,None,Express
Incapsula,200,1,23107,Imperva,React
cloudflare,302,1,9879,Cloudflare,ASP.NET
nginx/1.18.0,302,1,3139,None,Django
Incapsula,404,1,17993,Imperva,Node.js
cloudflare-nginx,403,1,3440,Cloudflare,Express
nginx/1.18.0,200,1,24263,None,Unknown
nginx/1.18.0,403,1,49812,ModSecurity,Node.js
Incapsula,404,1,7190,Imperva,ASP.NET
Sucuri/Cloudproxy,403,1,7436,Sucuri,Express
Incapsula,500,1,7293,Imperva,Express
cloudflare,302,1,9811,Cloudflare,Django
nginx/1.18.0,301,0,23971,None,React
cloudflare,403,1,34042,Cloudflare,Node.js
Sucuri/Cloudproxy,403,1,19114,Sucuri,Vue
AWS,500,1,46409,AWS_WAF,Spring_Boot
nginx/1.18.0,500,0,27090,None,WordPress
BIG-IP,302,1,19792,F5_BIG_IP,Django
Apache/2.4.41 (Ubuntu),500,1,34627,ModSecurity,Laravel
Incapsula,301,1,26399,Imperva,Node.js
Apache/2.4.41 (Ubuntu),500,1,19089,ModSecurity,ASP.NET
Sucuri/Cloudproxy,403,1,33745,Sucuri,Spring_Boot
Incapsula,302,1,30810,Imperva,Node.js
AmazonS3,403,1,18958,AWS_WAF,Laravel
CloudFront,403,1,15664,AWS_WAF,Django
Incapsula,403,1,13257,Imperva,Django
AmazonS3,301,1,47689,AWS_WAF,React
nginx/1.18.0,301,1,23787,ModSecurity,React
nginx/1.18.0,500,0,28960,None,Django
Incapsula,404,1,9715,Imperva,React
LiteSpeed,404,0,8707,None,Unknown
Microsoft-IIS/10.0,200,0,23772,None,Node.js
BIG-IP,403,1,43367,F5_BIG_IP,Unknown
CloudFront,500,1,39145,AWS_WAF,Laravel
BigIP,301,1,36018,F5_BIG_IP,Node.js
cloudflare-nginx,403,1,9450,Cloudflare,Express
Incapsula,403,1,6887,Imperva,WordPress
BIG-IP,200,1,32181,F5_BIG_IP,Unknown
BIG-IP,403,1,43039,F5_BIG_IP,Node.js
Incapsula,403,1,46100,Imperva,Spring_Boot
cloudflare,302,1,30088,Cloudflare,WordPress
Sucuri/Cloudproxy,302,1,21547,Sucuri,Django
Incapsula,200,1,9368,Imperva,React
Apache/2.4.41 (Ubuntu),301,1,49381,ModSecurity,Laravel
Apache/2.4.41 (Ubuntu),404,1,23935,ModSecurity,ASP.NET
nginx/1.18.0,403,1,22485,ModSecurity,Django
cloudflare-nginx,404,1,29289,Cloudflare,Express
Apache/2.4.41 (Ubuntu),403,1,21528,ModSecurity,Laravel
CloudFront,403,1,12200,AWS_WAF,Vue
BigIP,403,1,10178,F5_BIG_IP,Laravel
BigIP,500,1,3852,F5_BIG_IP,Node.js
Sucuri/Cloudproxy,403,1,7646,Sucuri,React
BigIP,301,1,16368,F5_BIG_IP,Express
cloudflare-nginx,403,1,29661,Cloudflare,React
Incapsula,403,1,47492,Imperva,Vue
cloudflare,301,1,8749,Cloudflare,Spring_Boot
Incapsula,301,1,11681,Imperva,ASP.NET
cloudflare-nginx,301,1,43429,Cloudflare,Laravel
Sucuri/Cloudproxy,403,1,4414,Sucuri,Django
BIG-IP,403,1,12267,F5_BIG_IP,WordPress
Sucuri/Cloudproxy,403,1,33720,Sucuri,ASP.NET
BIG-IP,302,1,23203,F5_BIG_IP,React
AmazonS3,403,1,38208,AWS_WAF,Vue
LiteSpeed,302,0,31211,None,Unknown
BigIP,404,1,11850,F5_BIG_IP,Unknown
BigIP,403,1,3071,F5_BIG_IP,Unknown
AmazonS3,403,1,44695,AWS_WAF,Node.js
LiteSpeed,200,1,44529,None,Node.js
Apache/2.4.41 (Ubuntu),404,1,47399,ModSecurity,WordPress
CloudFront,403,1,18767,AWS_WAF,WordPress
AmazonS3,403,1,28663,AWS_WAF,Node.js
Apache/2.4.41,200,1,47244,None,Laravel
Sucuri/Cloudproxy,403,1,23134,Sucuri,Spring_Boot
nginx/1.18.0,301,1,19718,ModSecurity,Laravel
Incapsula,403,1,36094,Imperva,Vue
AmazonS3,500,1,30686,AWS_WAF,Express
cloudflare,404,1,23849,Cloudflare,ASP.NET
Incapsula,500,1,36638,Imperva,Django
BigIP,404,1,41392,F5_BIG_IP,Express
Apache/2.4.41,404,0,15117,None,Node.js
BIG-IP,500,1,15665,F5_BIG_IP,Unknown
AWS,301,1,45748,AWS_WAF,Unknown
CloudFront,403,1,13651,AWS_WAF,Laravel
BIG-IP,403,1,39601,F5_BIG_IP,React
Sucuri/Cloudproxy,200,1,12721,Sucuri,Laravel
Incapsula,403,1,13244,Imperva,ASP.NET
Incapsula,403,1,39395,Imperva,Unknown
Incapsula,500,1,48141,Imperva,Laravel
Incapsula,403,1,8450,Imperva,Spring_Boot
cloudflare-nginx,302,1,8598,Cloudflare,Node.js
Sucuri/Cloudproxy,302,1,9256,Sucuri,Django
BigIP,403,1,5108,F5_BIG_IP,Express
Incapsula,500,1,48088,Imperva,Unknown
cloudflare-nginx,500,1,32131,Cloudflare,Express
Apache/2.4.41,500,1,33524,None,Django
BigIP,302,1,9319,F5_BIG_IP,Express
CloudFront,404,1,3272,AWS_WAF,Node.js
Incapsula,200,1,28778,Imperva,Django
Sucuri/Cloudproxy,403,1,6472,Sucuri,Django
Incapsula,301,1,3479,Imperva,Express
Incapsula,200,1,39288,Imperva,Node.js
Sucuri/Cloudproxy,403,1,2767,Sucuri,Django
Incapsula,403,1,28100,Imperva,ASP.NET
Sucuri/Cloudproxy,200,1,45849,Sucuri,WordPress
Sucuri/Cloudproxy,200,1,46865,Sucuri,Express
BigIP,500,1,46855,F5_BIG_IP,React
BigIP,500,1,36103,F5_BIG_IP,Vue
Incapsula,403,1,18948,Imperva,ASP.NET
Sucuri/Cloudproxy,302,1,23596,Sucuri,Vue
LiteSpeed,200,0,26940,None,Node.js
Sucuri/Cloudproxy,302,1,48287,Sucuri,React
Incapsula,403,1,46076,Imperva,Node.js
BIG-IP,301,1,28894,F5_BIG_IP,WordPress
Sucuri/Cloudproxy,302,1,33343,Sucuri,React
BigIP,403,1,1705,F5_BIG_IP,Unknown
LiteSpeed,301,0,27278,None,WordPress
Microsoft-IIS/10.0,500,0,22123,None,Node.js
cloudflare-nginx,301,1,44211,Cloudflare,ASP.NET
Incapsula,500,1,7132,Imperva,Vue
AmazonS3,302,1,36923,AWS_WAF,ASP.NET
Apache/2.4.41 (Ubuntu),500,1,40730,ModSecurity,Laravel
Apache/2.4.41 (Ubuntu),403,1,33476,ModSecurity,WordPress
nginx/1.18.0,302,0,39910,None,Node.js
nginx/1.18.0,500,1,44384,ModSecurity,Laravel
Incapsula,301,1,44906,Imperva,Vue
Sucuri/Cloudproxy,403,1,42822,Sucuri,Unknown
Apache/2.4.41,404,1,14971,None,Vue
BigIP,403,1,28246,F5_BIG_IP,Vue
AmazonS3,302,1,8269,AWS_WAF,Laravel
Incapsula,403,1,4428,Imperva,Node.js
nginx/1.18.0,404,1,6206,ModSecurity,Vue
nginx/1.18.0,403,1,31279,ModSecurity,Spring_Boot
Sucuri/Cloudproxy,403,1,34362,Sucuri,Spring_Boot
Incapsula,200,1,30099,Imperva,Node.js
LiteSpeed,500,0,34722,None,Node.js
BigIP,403,1,43750,F5_BIG_IP,Django
CloudFront,301,1,48121,AWS_WAF,Unknown
BigIP,404,1,27927,F5_BIG_IP,WordPress
Incapsula,404,1,13484,Imperva,Laravel
AmazonS3,404,1,26526,AWS_WAF,Spring_Boot
Incapsula,500,1,24550,Imperva,Express
Apache/2.4.41,301,0,1666,None,Unknown
Apache/2.4.41 (Ubuntu),403,1,44691,ModSecurity,Express
Sucuri/Cloudproxy,302,1,27162,Sucuri,WordPress
Sucuri/Cloudproxy,403,1,42157,Sucuri,Django
Sucuri/Cloudproxy,302,1,23492,Sucuri,Spring_Boot
Sucuri/Cloudproxy,302,1,14115,Sucuri,Node.js
cloudflare,301,1,23584,Cloudflare,Node.js
nginx/1.18.0,403,1,2290,ModSecurity,WordPress
Sucuri/Cloudproxy,302,1,23113,Sucuri,Spring_Boot
cloudflare,403,1,48752,Cloudflare,Laravel
CloudFront,403,1,18077,AWS_WAF,Spring_Boot
Apache/2.4.41 (Ubuntu),404,1,4300,ModSecurity,WordPress
Sucuri/Cloudproxy,404,1,19701,Sucuri,ASP.NET
cloudflare-nginx,403,1,27840,Cloudflare,ASP.NET
Incapsula,200,1,3319,Imperva,Vue
cloudflare-nginx,403,1,38099,Cloudflare,ASP.NET
cloudflare-nginx,404,1,36015,Cloudflare,Express
BigIP,403,1,43843,F5_BIG_IP,WordPress
BIG-IP,404,1,38681,F5_BIG_IP,Express
AWS,403,1,28050,AWS_WAF,Vue
nginx/1.18.0,404,1,11128,ModSecurity,Unknown
LiteSpeed,200,0,28445,None,Express
AmazonS3,403,1,18433,AWS_WAF,Vue
Incapsula,403,1,12900,Imperva,Unknown
AWS,200,1,24352,AWS_WAF,Laravel
Sucuri/Cloudproxy,403,1,38772,Sucuri,Express
Sucuri/Cloudproxy,302,1,25793,Sucuri,Spring_Boot
Sucuri/Cloudproxy,403,1,20849,Sucuri,Vue
BIG-IP,403,1,33198,F5_BIG_IP,Node.js
Incapsula,403,1,42572,Imperva,Laravel
Apache/2.4.41,200,1,15063,None,ASP.NET
cloudflare,200,1,4080,Cloudflare,Node.js
CloudFront,200,1,25483,AWS_WAF,WordPress
BigIP,302,1,23486,F5_BIG_IP,Django
Incapsula,403,1,2208,Imperva,Spring_Boot
AWS,302,1,25860,AWS_WAF,Django
nginx/1.18.0,403,1,30065,ModSecurity,React
Sucuri/Cloudproxy,403,1,20357,Sucuri,Laravel
AmazonS3,302,1,43478,AWS_WAF,Laravel
BIG-IP,403,1,49304,F5_BIG_IP,WordPress
BIG-IP,403,1,14758,F5_BIG_IP,Unknown
Apache/2.4.41 (Ubuntu),500,1,20974,ModSecurity,React
Incapsula,404,1,48186,Imperva,Vue
BIG-IP,500,1,19003,F5_BIG_IP,Laravel
Incapsula,403,1,46760,Imperva,Django
LiteSpeed,302,0,48669,None,Django
Apache/2.4.41 (Ubuntu),403,1,43637,ModSecurity,Express
Incapsula,404,1,21698,Imperva,ASP.NET
Sucuri/Cloudproxy,403,1,17254,Sucuri,Vue
CloudFront,200,1,18572,AWS_WAF,Express
BigIP,200,1,17183,F5_BIG_IP,ASP.NET
LiteSpeed,200,1,11816,None,Spring_Boot
Microsoft-IIS/10.0,500,0,34626,None,WordPress
Incapsula,403,1,28907,Imperva,Spring_Boot
LiteSpeed,500,0,19255,None,Spring_Boot
nginx/1.18.0,403,1,44741,ModSecurity,Spring_Boot
Apache/2.4.41 (Ubuntu),403,1,16311,ModSecurity,Unknown
AmazonS3,403,1,5997,AWS_WAF,Laravel
Sucuri/Cloudproxy,403,1,44725,Sucuri,Django
cloudflare,403,1,23425,Cloudflare,Node.js
cloudflare,404,1,46876,Cloudflare,Vue
CloudFront,403,1,6367,AWS_WAF,Express
Apache/2.4.41 (Ubuntu),302,1,3875,ModSecurity,ASP.NET
Sucuri/Cloudproxy,302,1,30864,Sucuri,Vue
Sucuri/Cloudproxy,403,1,33072,Sucuri,Node.js
BIG-IP,403,1,37554,F5_BIG_IP,Node.js
BigIP,301,1,34077,F5_BIG_IP,Laravel
Sucuri/Cloudproxy,404,1,23231,Sucuri,React
Incapsula,403,1,39135,Imperva,React
nginx/1.18.0,403,1,41039,ModSecurity,ASP.NET
BigIP,403,1,41107,F5_BIG_IP,Laravel
BIG-IP,500,1,37255,F5_BIG_IP,Spring_Boot
Sucuri/Cloudproxy,403,1,10923,Sucuri,Unknown
Apache/2.4.41,404,0,47060,None,WordPress
nginx/1.18.0,302,0,28974,None,Spring_Boot
Incapsula,403,1,20337,Imperva,React
CloudFront,200,1,27769,AWS_WAF,Unknown
Incapsula,301,1,6465,Imperva,Laravel
cloudflare-nginx,403,1,686,Cloudflare,Vue
Apache/2.4.41,302,0,45274,None,Node.js
BigIP,403,1,2868,F5_BIG_IP,Unknown
Sucuri/Cloudproxy,403,1,28681,Sucuri,Spring_Boot
BIG-IP,500,1,17333,F5_BIG_IP,Node.js
CloudFront,302,1,37722,AWS_WAF,Spring_Boot
cloudflare-nginx,403,1,16975,Cloudflare,ASP.NET
nginx/1.18.0,403,1,6942,ModSecurity,React
Incapsula,301,1,34198,Imperva,Django
AmazonS3,403,1,26096,AWS_WAF,React
AmazonS3,301,1,28231,AWS_WAF,WordPress
BigIP,200,1,16603,F5_BIG_IP,Unknown
CloudFront,403,1,46543,AWS_WAF,Unknown
BIG-IP,403,1,44899,F5_BIG_IP,Laravel
cloudflare,403,1,37703,Cloudflare,Node.js
Microsoft-IIS/10.0,200,0,45312,None,ASP.NET
nginx/1.18.0,500,1,3735,ModSecurity,WordPress
BigIP,403,1,48269,F5_BIG_IP,Unknown
AWS,200,1,34230,AWS_WAF,Express
Incapsula,200,1,23052,Imperva,Node.js
Sucuri/Cloudproxy,403,1,20026,Sucuri,Express
Incapsula,200,1,16175,Imperva,Django
BIG-IP,500,1,14545,F5_BIG_IP,Node.js
Sucuri/Cloudproxy,403,1,14933,Sucuri,ASP.NET
cloudflare,403,1,17067,Cloudflare,WordPress
Incapsula,302,1,1684,Imperva,Spring_Boot
BigIP,403,1,34084,F5_BIG_IP,Unknown
CloudFront,403,1,295,AWS_WAF,ASP.NET
BigIP,302,1,32534,F5_BIG_IP,Laravel
AWS,404,1,1035,AWS_WAF,WordPress
Apache/2.4.41,404,1,2938,None,ASP.NET
cloudflare,200,1,26989,Cloudflare,Django
cloudflare,403,1,25348,Cloudflare,Express
Microsoft-IIS/10.0,500,1,37900,None,Unknown
Apache/2.4.41 (Ubuntu),403,1,26698,ModSecurity,Vue
Apache/2.4.41 (Ubuntu),301,1,27353,ModSecurity,React
Incapsula,500,1,5858,Imperva,WordPress
BIG-IP,404,1,28394,F5_BIG_IP,ASP.NET
Apache/2.4.41,302,0,11129,None,WordPress
Incapsula,301,1,29772,Imperva,ASP.NET
LiteSpeed,302,0,18816,None,Django
Sucuri/Cloudproxy,403,1,4502,Sucuri,ASP.NET
LiteSpeed,200,1,18297,None,Laravel
AmazonS3,301,1,43652,AWS_WAF,Spring_Boot
Incapsula,302,1,12199,Imperva,Express
cloudflare,403,1,36286,Cloudflare,Vue
Sucuri/Cloudproxy,200,1,27177,Sucuri,Vue
Incapsula,301,1,32102,Imperva,Unknown
CloudFront,403,1,21599,AWS_WAF,Express
Apache/2.4.41,500,0,5234,None,Laravel
Microsoft-IIS/10.0,200,0,42677,None,ASP.NET
cloudflare-nginx,403,1,37582,Cloudflare,Express
Incapsula,200,1,46360,Imperva,Laravel
nginx/1.18.0,200,0,30145,None,Django
BigIP,403,1,32916,F5_BIG_IP,Spring_Boot
Sucuri/Cloudproxy,301,1,3146,Sucuri,Express
nginx/1.18.0,403,1,42186,ModSecurity,Express
cloudflare-nginx,200,1,39470,Cloudflare,WordPress
cloudflare,403,1,5088,Cloudflare,Spring_Boot
Sucuri/Cloudproxy,200,1,33094,Sucuri,Node.js
CloudFront,200,1,43146,AWS_WAF,WordPress
BIG-IP,403,1,4793,F5_BIG_IP,React
nginx/1.18.0,302,1,27584,ModSecurity,Laravel
Sucuri/Cloudproxy,403,1,39246,Sucuri,Node.js
nginx/1.18.0,403,1,39060,ModSecurity,Spring_Boot
CloudFront,301,1,38824,AWS_WAF,ASP.NET
Incapsula,301,1,21757,Imperva,ASP.NET
Incapsula,200,1,10160,Imperva,Express
cloudflare,302,1,36026,Cloudflare,React
nginx/1.18.0,302,0,14461,None,Laravel
cloudflare,302,1,45429,Cloudflare,Express
nginx/1.18.0,403,1,8526,ModSecurity,Laravel
CloudFront,403,1,41484,AWS_WAF,Vue
AmazonS3,301,1,35523,AWS_WAF,Express
Incapsula,500,1,210,Imperva,Django
BIG-IP,500,1,8212,F5_BIG_IP,Node.js
Microsoft-IIS/10.0,200,0,33569,None,Laravel
BIG-IP,403,1,28031,F5_BIG_IP,Laravel
BIG-IP,302,1,7783,F5_BIG_IP,Laravel
BIG-IP,403,1,1578,F5_BIG_IP,Express
LiteSpeed,302,1,45184,None,Vue
AWS,500,1,24349,AWS_WAF,Unknown
cloudflare-nginx,200,1,27888,Cloudflare,WordPress
AWS,500,1,37999,AWS_WAF,Express
AWS,403,1,39809,AWS_WAF,Vue
Sucuri/Cloudproxy,403,1,46258,Sucuri,Spring_Boot
nginx/1.18.0,404,1,33340,ModSecurity,ASP.NET
Sucuri/Cloudproxy,500,1,39859,Sucuri,ASP.NET
cloudflare-nginx,302,1,1664,Cloudflare,WordPress
Sucuri/Cloudproxy,301,1,26913,Sucuri,Node.js
LiteSpeed,302,0,4059,None,Laravel
Apache/2.4.41,404,0,16335,None,Unknown
Sucuri/Cloudproxy,403,1,19160,Sucuri,Django
Microsoft-IIS/10.0,200,1,30382,None,Node.js
AmazonS3,200,1,24223,AWS_WAF,Unknown
AWS,302,1,45597,AWS_WAF,WordPress
CloudFront,403,1,42984,AWS_WAF,Vue
LiteSpeed,301,0,21491,None,Vue
cloudflare-nginx,403,1,39758,Cloudflare,React
BigIP,404,1,11357,F5_BIG_IP,Unknown
nginx/1.18.0,302,0,3463,None,React
AmazonS3,403,1,16565,AWS_WAF,Unknown
AmazonS3,403,1,6142,AWS_WAF,ASP.NET
nginx/1.18.0,500,1,44019,None,React
BigIP,200,1,36357,F5_BIG_IP,Spring_Boot
AWS,302,1,2578,AWS_WAF,Express
BigIP,403,1,20472,F5_BIG_IP,Django
cloudflare,302,1,25471,Cloudflare,Node.js
BIG-IP,500,1,6416,F5_BIG_IP,Laravel
cloudflare,301,1,7406,Cloudflare,Vue
cloudflare,200,1,48300,Cloudflare,WordPress
AmazonS3,403,1,19807,AWS_WAF,Spring_Boot
cloudflare,404,1,47082,Cloudflare,Express
cloudflare,404,1,40662,Cloudflare,Express
Sucuri/Cloudproxy,404,1,39050,Sucuri,ASP.NET
Sucuri/Cloudproxy,302,1,16437,Sucuri,Unknown
LiteSpeed,302,0,49227,None,Vue
Incapsula,200,1,9811,Imperva,React
BIG-IP,500,1,17605,F5_BIG_IP,Vue
cloudflare-nginx,500,1,45565,Cloudflare,Spring_Boot
Incapsula,403,1,21645,Imperva,Spring_Boot
Sucuri/Cloudproxy,403,1,15668,Sucuri,Vue
Incapsula,302,1,29510,Imperva,React
Incapsula,403,1,45183,Imperva,Django
Incapsula,403,1,16767,Imperva,React
AWS,403,1,36203,AWS_WAF,Vue
Apache/2.4.41,404,0,42159,None,Node.js
Apache/2.4.41,500,0,41034,None,Node.js
LiteSpeed,404,1,17143,None,Node.js
Incapsula,403,1,38505,Imperva,Node.js
Sucuri/Cloudproxy,301,1,5114,Sucuri,Laravel
CloudFront,302,1,48391,AWS_WAF,Express
BIG-IP,403,1,40564,F5_BIG_IP,Spring_Boot
Sucuri/Cloudproxy,404,1,25665,Sucuri,Laravel
Sucuri/Cloudproxy,200,1,22047,Sucuri,Spring_Boot
cloudflare-nginx,302,1,21155,Cloudflare,Vue
nginx/1.18.0,301,1,2329,ModSecurity,WordPress
cloudflare,403,1,15531,Cloudflare,Vue
LiteSpeed,404,1,36507,None,WordPress
CloudFront,500,1,42401,AWS_WAF,Vue
AmazonS3,500,1,26040,AWS_WAF,Laravel
AmazonS3,403,1,39541,AWS_WAF,Node.js
BigIP,301,1,23408,F5_BIG_IP,Spring_Boot
Incapsula,403,1,47741,Imperva,Django
Sucuri/Cloudproxy,200,1,33273,Sucuri,Vue
LiteSpeed,301,0,7350,None,Node.js
cloudflare-nginx,404,1,37393,Cloudflare,Unknown
CloudFront,500,1,14671,AWS_WAF,React
nginx/1.18.0,403,1,28423,ModSecurity,Spring_Boot
nginx/1.18.0,403,1,215,ModSecurity,Laravel
Apache/2.4.41 (Ubuntu),403,1,46909,ModSecurity,Node.js
BIG-IP,403,1,29555,F5_BIG_IP,ASP.NET
LiteSpeed,500,0,36123,None,React
Incapsula,301,1,4049,Imperva,React
cloudflare,302,1,33729,Cloudflare,Laravel
BigIP,200,1,46408,F5_BIG_IP,WordPress
Microsoft-IIS/10.0,404,0,264,None,Unknown
cloudflare,404,1,49802,Cloudflare,Spring_Boot
Incapsula,302,1,18024,Imperva,Spring_Boot
Incapsula,301,1,23303,Imperva,ASP.NET
Sucuri/Cloudproxy,403,1,9819,Sucuri,Spring_Boot
Sucuri/Cloudproxy,403,1,1523,Sucuri,Laravel
nginx/1.18.0,403,1,24190,ModSecurity,Django
Apache/2.4.41,404,0,42051,None,Laravel
Apache/2.4.41 (Ubuntu),500,1,21645,ModSecurity,Express
Apache/2.4.41 (Ubuntu),500,1,27643,ModSecurity,Express
AmazonS3,200,1,11044,AWS_WAF,ASP.NET
CloudFront,301,1,8247,AWS_WAF,Express
BIG-IP,404,1,40921,F5_BIG_IP,WordPress
Microsoft-IIS/10.0,301,0,1495,None,Node.js
BigIP,200,1,47442,F5_BIG_IP,React
cloudflare-nginx,403,1,28609,Cloudflare,Laravel
AmazonS3,301,1,28562,AWS_WAF,Django
BigIP,302,1,49803,F5_BIG_IP,Express
Incapsula,302,1,35882,Imperva,Spring_Boot
Sucuri/Cloudproxy,500,1,34180,Sucuri,Express
AmazonS3,403,1,46606,AWS_WAF,Unknown
Sucuri/Cloudproxy,200,1,38266,Sucuri,Express
Sucuri/Cloudproxy,403,1,29540,Sucuri,React
cloudflare-nginx,404,1,27231,Cloudflare,Vue
cloudflare-nginx,403,1,9237,Cloudflare,Node.js
Sucuri/Cloudproxy,500,1,25278,Sucuri,React
BigIP,302,1,31107,F5_BIG_IP,Unknown
BIG-IP,200,1,17838,F5_BIG_IP,Laravel
Apache/2.4.41 (Ubuntu),200,1,45266,ModSecurity,Spring_Boot
CloudFront,403,1,9141,AWS_WAF,Spring_Boot
Apache/2.4.41,500,0,41390,None,WordPress
BIG-IP,403,1,48526,F5_BIG_IP,Express
nginx/1.18.0,200,1,23036,ModSecurity,ASP.NET
Apache/2.4.41 (Ubuntu),403,1,35047,ModSecurity,Unknown
Microsoft-IIS/10.0,404,0,4733,None,ASP.NET
Incapsula,301,1,17465,Imperva,WordPress
cloudflare,301,1,10602,Cloudflare,Express
nginx/1.18.0,404,1,48575,ModSecurity,Laravel
Sucuri/Cloudproxy,403,1,38622,Sucuri,Laravel
nginx/1.18.0,302,1,14875,ModSecurity,WordPress
BigIP,403,1,6336,F5_BIG_IP,React
cloudflare-nginx,302,1,18853,Cloudflare,React
Sucuri/Cloudproxy,403,1,39689,Sucuri,Laravel
Sucuri/Cloudproxy,403,1,48321,Sucuri,Spring_Boot
BIG-IP,404,1,45998,F5_BIG_IP,Vue
Incapsula,403,1,12391,Imperva,Node.js
cloudflare-nginx,403,1,19023,Cloudflare,Vue
Apache/2.4.41,404,1,44429,None,Vue
Incapsula,403,1,30199,Imperva,Node.js
Incapsula,403,1,29419,Imperva,WordPress
BIG-IP,403,1,4971,F5_BIG_IP,Spring_Boot
Sucuri/Cloudproxy,500,1,17144,Sucuri,Laravel
Microsoft-IIS/10.0,301,1,4848,None,Laravel
Sucuri/Cloudproxy,500,1,1653,Sucuri,WordPress
BigIP,200,1,23439,F5_BIG_IP,Vue
Incapsula,404,1,35286,Imperva,Django
BigIP,200,1,49106,F5_BIG_IP,Express
nginx/1.18.0,200,1,18197,ModSecurity,Vue
nginx/1.18.0,200,1,30124,ModSecurity,WordPress
Incapsula,403,1,28711,Imperva,Express
BigIP,403,1,20708,F5_BIG_IP,Laravel
AWS,302,1,49144,AWS_WAF,Laravel
BIG-IP,403,1,36983,F5_BIG_IP,WordPress
CloudFront,301,1,31692,AWS_WAF,React
LiteSpeed,200,1,41847,None,Spring_Boot
Incapsula,403,1,42067,Imperva,Express
Sucuri/Cloudproxy,403,1,21594,Sucuri,Node.js
Sucuri/Cloudproxy,403,1,45998,Sucuri,Django
cloudflare-nginx,200,1,46383,Cloudflare,Unknown
Incapsula,301,1,19152,Imperva,Spring_Boot
CloudFront,403,1,47083,AWS_WAF,Laravel
nginx/1.18.0,302,1,38721,ModSecurity,Unknown
Apache/2.4.41,500,0,12911,None,Spring_Boot
BIG-IP,403,1,47933,F5_BIG_IP,Unknown
Sucuri/Cloudproxy,403,1,2526,Sucuri,Unknown
Sucuri/Cloudproxy,403,1,27139,Sucuri,Unknown
Sucuri/Cloudproxy,404,1,21222,Sucuri,ASP.NET
Apache/2.4.41,301,0,27325,None,Unknown
AmazonS3,404,1,40925,AWS_WAF,Laravel
Microsoft-IIS/10.0,302,0,41347,None,Spring_Boot
AWS,403,1,28504,AWS_WAF,Unknown
nginx/1.18.0,404,0,4268,None,React
Sucuri/Cloudproxy,302,1,47823,Sucuri,Express
Apache/2.4.41 (Ubuntu),403,1,32238,ModSecurity,Spring_Boot
cloudflare-nginx,302,1,45556,Cloudflare,Unknown
BigIP,403,1,34151,F5_BIG_IP,Spring_Boot
cloudflare,403,1,42487,Cloudflare,React
BigIP,403,1,37127,F5_BIG_IP,ASP.NET
Incapsula,403,1,44492,Imperva,Spring_Boot
Sucuri/Cloudproxy,301,1,15502,Sucuri,Unknown
Incapsula,301,1,34415,Imperva,WordPress
Sucuri/Cloudproxy,301,1,28168,Sucuri,Unknown
Sucuri/Cloudproxy,200,1,33255,Sucuri,Django
BigIP,301,1,22752,F5_BIG_IP,Laravel
nginx/1.18.0,500,1,34332,ModSecurity,Vue
Apache/2.4.41,302,0,12143,None,Express
cloudflare,403,1,15271,Cloudflare,Unknown
Apache/2.4.41 (Ubuntu),404,1,14414,ModSecurity,Unknown
cloudflare-nginx,403,1,17258,Cloudflare,Unknown
cloudflare,301,1,47939,Cloudflare,ASP.NET
LiteSpeed,500,1,28570,None,Laravel
Incapsula,500,1,12440,Imperva,Vue
cloudflare-nginx,404,1,10205,Cloudflare,Node.js
CloudFront,302,1,3443,AWS_WAF,Unknown
CloudFront,500,1,23553,AWS_WAF,Vue
Apache/2.4.41 (Ubuntu),403,1,48410,ModSecurity,Laravel
Incapsula,301,1,36353,Imperva,Laravel
Sucuri/Cloudproxy,302,1,22695,Sucuri,React
CloudFront,404,1,29097,AWS_WAF,Vue
nginx/1.18.0,200,1,26134,ModSecurity,React
LiteSpeed,500,0,28961,None,React
BigIP,403,1,17628,F5_BIG_IP,Express
nginx/1.18.0,404,1,36056,ModSecurity,Laravel
cloudflare-nginx,404,1,35802,Cloudflare,React
Microsoft-IIS/10.0,500,0,42425,None,Express
cloudflare-nginx,403,1,39464,Cloudflare,Node.js
cloudflare,200,1,25995,Cloudflare,Node.js
Incapsula,200,1,35470,Imperva,Vue
nginx/1.18.0,302,1,36733,ModSecurity,Node.js
Incapsula,301,1,14783,Imperva,WordPress
Sucuri/Cloudproxy,403,1,18450,Sucuri,Django
Sucuri/Cloudproxy,403,1,3212,Sucuri,Vue
CloudFront,302,1,32960,AWS_WAF,React
Apache/2.4.41 (Ubuntu),403,1,38279,ModSecurity,Unknown
cloudflare-nginx,302,1,47384,Cloudflare,WordPress
BIG-IP,200,1,7499,F5_BIG_IP,Spring_Boot
AWS,403,1,9332,AWS_WAF,Spring_Boot
Incapsula,403,1,6933,Imperva,Node.js
Sucuri/Cloudproxy,403,1,25805,Sucuri,Express
nginx/1.18.0,301,1,4259,ModSecurity,ASP.NET
Incapsula,404,1,23480,Imperva,Node.js
Sucuri/Cloudproxy,403,1,1773,Sucuri,Node.js
cloudflare,301,1,34146,Cloudflare,React
Incapsula,500,1,49072,Imperva,Express
AmazonS3,200,1,33145,AWS_WAF,React
BIG-IP,200,1,19737,F5_BIG_IP,Express
BigIP,403,1,6153,F5_BIG_IP,WordPress
Apache/2.4.41,302,1,44239,None,ASP.NET
cloudflare,403,1,1117,Cloudflare,Laravel
cloudflare-nginx,200,1,32241,Cloudflare,Spring_Boot
BigIP,403,1,763,F5_BIG_IP,Spring_Boot
Sucuri/Cloudproxy,301,1,5611,Sucuri,Node.js
AmazonS3,403,1,14808,AWS_WAF,Unknown
Apache/2.4.41 (Ubuntu),301,1,10356,ModSecurity,Node.js
cloudflare-nginx,403,1,49801,Cloudflare,WordPress
Incapsula,403,1,36247,Imperva,Laravel
Incapsula,403,1,11210,Imperva,Django
CloudFront,302,1,26152,AWS_WAF,Node.js
Apache/2.4.41 (Ubuntu),500,1,49711,ModSecurity,Unknown
CloudFront,403,1,22551,AWS_WAF,Laravel
Sucuri/Cloudproxy,200,1,47553,Sucuri,Unknown
Incapsula,301,1,40418,Imperva,Spring_Boot
AWS,500,1,39402,AWS_WAF,ASP.NET
LiteSpeed,301,0,45547,None,ASP.NET
Incapsula,302,1,24767,Imperva,React
nginx/1.18.0,302,0,38042,None,Django
Incapsula,302,1,11595,Imperva,Node.js
Incapsula,403,1,38977,Imperva,WordPress
cloudflare-nginx,403,1,18885,Cloudflare,Vue
Sucuri/Cloudproxy,403,1,4610,Sucuri,WordPress
Sucuri/Cloudproxy,403,1,8448,Sucuri,WordPress
AWS,302,1,6957,AWS_WAF,Express
Apache/2.4.41 (Ubuntu),403,1,27136,ModSecurity,Spring_Boot
cloudflare,302,1,34926,Cloudflare,Spring_Boot
cloudflare,302,1,22867,Cloudflare,React
Incapsula,403,1,28539,Imperva,Spring_Boot
Sucuri/Cloudproxy,403,1,22573,Sucuri,Spring_Boot
BigIP,302,1,46208,F5_BIG_IP,ASP.NET
Incapsula,403,1,30133,Imperva,Laravel
Incapsula,301,1,19389,Imperva,Django
CloudFront,403,1,23923,AWS_WAF,Unknown
Apache/2.4.41,200,1,42268,None,Laravel
cloudflare,500,1,38644,Cloudflare,Node.js
BIG-IP,301,1,41733,F5_BIG_IP,Node.js
Apache/2.4.41,301,0,48046,None,ASP.NET
cloudflare,403,1,18564,Cloudflare,Unknown
Incapsula,500,1,32877,Imperva,Laravel
AmazonS3,403,1,29558,AWS_WAF,Django
nginx/1.18.0,403,1,44533,ModSecurity,React
cloudflare,403,1,45845,Cloudflare,React
nginx/1.18.0,403,1,23144,ModSecurity,Laravel
Sucuri/Cloudproxy,500,1,21905,Sucuri,Express
CloudFront,403,1,39345,AWS_WAF,ASP.NET
cloudflare,301,1,3068,Cloudflare,Vue
Microsoft-IIS/10.0,301,1,45339,None,Django
BIG-IP,404,1,8891,F5_BIG_IP,Spring_Boot
cloudflare,200,1,1528,Cloudflare,ASP.NET
Sucuri/Cloudproxy,302,1,49076,Sucuri,Vue
cloudflare,403,1,13392,Cloudflare,Vue
BigIP,302,1,33497,F5_BIG_IP,Django
Incapsula,403,1,19206,Imperva,Express
cloudflare-nginx,301,1,21283,Cloudflare,Unknown
BIG-IP,301,1,36896,F5_BIG_IP,ASP.NET
nginx/1.18.0,200,1,48202,ModSecurity,Spring_Boot
BIG-IP,403,1,17023,F5_BIG_IP,React
Apache/2.4.41,302,1,37747,None,Django
Sucuri/Cloudproxy,301,1,37732,Sucuri,Express
nginx/1.18.0,403,1,34927,ModSecurity,Node.js
Incapsula,302,1,44451,Imperva,Node.js
CloudFront,403,1,49807,AWS_WAF,Vue
Apache/2.4.41 (Ubuntu),403,1,37105,ModSecurity,Node.js
AmazonS3,403,1,2659,AWS_WAF,WordPress
Incapsula,301,1,44933,Imperva,Unknown
AmazonS3,403,1,28526,AWS_WAF,Express
Apache/2.4.41 (Ubuntu),302,1,47882,ModSecurity,WordPress
Incapsula,404,1,11880,Imperva,Express
Sucuri/Cloudproxy,200,1,22928,Sucuri,Node.js
cloudflare,301,1,8713,Cloudflare,Laravel
AWS,404,1,18459,AWS_WAF,React
CloudFront,403,1,6337,AWS_WAF,Express
BigIP,404,1,1431,F5_BIG_IP,Django
BigIP,403,1,13449,F5_BIG_IP,Vue
Incapsula,403,1,29401,Imperva,Laravel
CloudFront,200,1,40924,AWS_WAF,React
AWS,302,1,714,AWS_WAF,Django
BIG-IP,403,1,37682,F5_BIG_IP,ASP.NET
Incapsula,404,1,6567,Imperva,Django
Sucuri/Cloudproxy,302,1,34558,Sucuri,ASP.NET
AWS,500,1,25123,AWS_WAF,WordPress
CloudFront,403,1,13354,AWS_WAF,Vue
nginx/1.18.0,200,0,38795,None,ASP.NET
cloudflare-nginx,403,1,28918,Cloudflare,Spring_Boot
Sucuri/Cloudproxy,301,1,19565,Sucuri,Laravel
nginx/1.18.0,403,1,15252,ModSecurity,Node.js
Apache/2.4.41 (Ubuntu),403,1,14258,ModSecurity,Express
Incapsula,500,1,14210,Imperva,Spring_Boot
Microsoft-IIS/10.0,302,0,17012,None,WordPress
Microsoft-IIS/10.0,200,1,45708,None,Spring_Boot
Apache/2.4.41 (Ubuntu),403,1,3686,ModSecurity,React
Microsoft-IIS/10.0,302,0,24537,None,React
AWS,403,1,3960,AWS_WAF,Django
Microsoft-IIS/10.0,302,0,48781,None,ASP.NET
BigIP,403,1,38437,F5_BIG_IP,React
BigIP,301,1,23992,F5_BIG_IP,Express
BIG-IP,500,1,46807,F5_BIG_IP,Node.js
Incapsula,500,1,43395,Imperva,React
nginx/1.18.0,404,1,27139,None,Unknown
Incapsula,301,1,329,Imperva,Laravel
cloudflare,500,1,37150,Cloudflare,React
BigIP,200,1,33453,F5_BIG_IP,Laravel
Apache/2.4.41 (Ubuntu),403,1,4059,ModSecurity,WordPress
Apache/2.4.41 (Ubuntu),403,1,8460,ModSecurity,Unknown
cloudflare-nginx,403,1,49787,Cloudflare,React
cloudflare-nginx,302,1,2753,Cloudflare,Unknown
AWS,404,1,46586,AWS_WAF,Vue
cloudflare-nginx,403,1,21727,Cloudflare,Vue
BigIP,200,1,24701,F5_BIG_IP,Node.js
AmazonS3,403,1,48252,AWS_WAF,Unknown
AmazonS3,403,1,3567,AWS_WAF,Node.js
AWS,403,1,12054,AWS_WAF,React
Apache/2.4.41 (Ubuntu),200,1,48180,ModSecurity,Laravel
Incapsula,403,1,5175,Imperva,WordPress
nginx/1.18.0,302,0,44627,None,Express
AmazonS3,404,1,13749,AWS_WAF,Unknown
Incapsula,403,1,33694,Imperva,Unknown
Incapsula,404,1,24067,Imperva,React
AmazonS3,403,1,20008,AWS_WAF,Node.js
cloudflare,404,1,13394,Cloudflare,WordPress
BigIP,500,1,39712,F5_BIG_IP,Unknown
Apache/2.4.41,500,0,49672,None,Spring_Boot
nginx/1.18.0,500,0,32586,None,Node.js
Incapsula,500,1,39997,Imperva,Vue
Apache/2.4.41 (Ubuntu),403,1,26607,ModSecurity,Laravel
BigIP,302,1,8668,F5_BIG_IP,React
Sucuri/Cloudproxy,200,1,27420,Sucuri,React
CloudFront,403,1,5437,AWS_WAF,Vue
cloudflare-nginx,200,1,45680,Cloudflare,ASP.NET
nginx/1.18.0,302,0,9457,None,Laravel
BigIP,403,1,29605,F5_BIG_IP,Node.js
Incapsula,403,1,43666,Imperva,Express
BigIP,404,1,34640,F5_BIG_IP,Vue
nginx/1.18.0,500,1,24298,ModSecurity,WordPress
Incapsula,403,1,46098,Imperva,Laravel
Apache/2.4.41,301,0,17300,None,Node.js
nginx/1.18.0,500,1,44111,ModSecurity,Node.js
Apache/2.4.41,302,1,704,None,Spring_Boot
cloudflare,404,1,9914,Cloudflare,Vue
Sucuri/Cloudproxy,403,1,8844,Sucuri,Node.js
BigIP,200,1,39759,F5_BIG_IP,Spring_Boot
Incapsula,403,1,35619,Imperva,Laravel
AWS,403,1,14312,AWS_WAF,Unknown
Incapsula,302,1,31765,Imperva,Node.js
Apache/2.4.41 (Ubuntu),302,1,34235,ModSecurity,Spring_Boot
LiteSpeed,404,0,24850,None,Express
LiteSpeed,200,1,15331,None,Laravel
Apache/2.4.41 (Ubuntu),403,1,9264,ModSecurity,Laravel
BIG-IP,500,1,20243,F5_BIG_IP,ASP.NET
cloudflare-nginx,200,1,16473,Cloudflare,ASP.NET
cloudflare,403,1,15860,Cloudflare,Unknown
cloudflare,500,1,4140,Cloudflare,WordPress
Incapsula,403,1,28252,Imperva,Spring_Boot
Apache/2.4.41 (Ubuntu),302,1,29690,ModSecurity,Spring_Boot
AWS,200,1,32996,AWS_WAF,WordPress
nginx/1.18.0,200,0,9385,None,WordPress
Incapsula,404,1,1045,Imperva,Laravel
Incapsula,200,1,40393,Imperva,Laravel
CloudFront,403,1,9771,AWS_WAF,React
AWS,403,1,37549,AWS_WAF,ASP.NET
cloudflare,403,1,6246,Cloudflare,Laravel
nginx/1.18.0,301,1,8341,None,Unknown
Incapsula,403,1,6135,Imperva,ASP.NET
AmazonS3,403,1,6373,AWS_WAF,Express
CloudFront,403,1,40081,AWS_WAF,Express
Apache/2.4.41 (Ubuntu),500,1,9395,ModSecurity,WordPress
Apache/2.4.41 (Ubuntu),404,1,22441,ModSecurity,Spring_Boot
Incapsula,403,1,34070,Imperva,Unknown
Apache/2.4.41 (Ubuntu),301,1,45231,ModSecurity,Express
cloudflare-nginx,200,1,22859,Cloudflare,Unknown
cloudflare-nginx,403,1,6866,Cloudflare,ASP.NET
BIG-IP,403,1,17530,F5_BIG_IP,Django
Apache/2.4.41 (Ubuntu),500,1,9214,ModSecurity,Laravel
cloudflare,200,1,46668,Cloudflare,Unknown
CloudFront,301,1,14655,AWS_WAF,WordPress
cloudflare,403,1,14823,Cloudflare,Django
Microsoft-IIS/10.0,200,0,37576,None,React
Sucuri/Cloudproxy,403,1,3193,Sucuri,Spring_Boot
Sucuri/Cloudproxy,302,1,6242,Sucuri,Node.js
Incapsula,302,1,13518,Imperva,Vue
Apache/2.4.41 (Ubuntu),403,1,20506,ModSecurity,Unknown
cloudflare,403,1,2898,Cloudflare,Laravel
Sucuri/Cloudproxy,403,1,5943,Sucuri,Express
BIG-IP,301,1,9224,F5_BIG_IP,Laravel
Microsoft-IIS/10.0,500,0,43605,None,Laravel
cloudflare-nginx,403,1,3126,Cloudflare,Laravel
Sucuri/Cloudproxy,404,1,19586,Sucuri,Laravel
BigIP,403,1,1832,F5_BIG_IP,Node.js
cloudflare,200,1,25461,Cloudflare,Vue
CloudFront,200,1,36567,AWS_WAF,Spring_Boot
BIG-IP,200,1,47928,F5_BIG_IP,ASP.NET
BIG-IP,500,1,24684,F5_BIG_IP,Vue
Incapsula,301,1,6416,Imperva,React
Incapsula,200,1,45055,Imperva,Vue
Sucuri/Cloudproxy,301,1,28298,Sucuri,Express
Incapsula,200,1,8557,Imperva,Node.js
AmazonS3,200,1,26951,AWS_WAF,WordPress
CloudFront,301,1,35774,AWS_WAF,Laravel
BigIP,301,1,42071,F5_BIG_IP,Spring_Boot
Apache/2.4.41 (Ubuntu),403,1,6310,ModSecurity,Spring_Boot
Incapsula,403,1,9796,Imperva,Laravel
cloudflare,403,1,10433,Cloudflare,React
Sucuri/Cloudproxy,403,1,37839,Sucuri,Express
Apache/2.4.41 (Ubuntu),403,1,11031,ModSecurity,Laravel
Apache/2.4.41 (Ubuntu),403,1,6657,ModSecurity,Express
CloudFront,403,1,45057,AWS_WAF,Django
Sucuri/Cloudproxy,301,1,28673,Sucuri,Spring_Boot
Incapsula,403,1,26231,Imperva,WordPress
Incapsula,200,1,23685,Imperva,Spring_Boot
BIG-IP,500,1,29511,F5_BIG_IP,Django
Apache/2.4.41 (Ubuntu),404,1,26028,ModSecurity,Django
AWS,403,1,35553,AWS_WAF,Vue
Apache/2.4.41,404,0,46921,None,Django
cloudflare-nginx,403,1,4472,Cloudflare,ASP.NET
BIG-IP,500,1,3729,F5_BIG_IP,Express
nginx/1.18.0,500,0,13474,None,Spring_Boot
AWS,403,1,30171,AWS_WAF,WordPress
Apache/2.4.41 (Ubuntu),403,1,12333,ModSecurity,Express
BigIP,301,1,19647,F5_BIG_IP,Unknown
AmazonS3,500,1,1555,AWS_WAF,ASP.NET
BigIP,500,1,34121,F5_BIG_IP,WordPress
Sucuri/Cloudproxy,403,1,16102,Sucuri,Express
Incapsula,403,1,45904,Imperva,Spring_Boot
BIG-IP,403,1,35053,F5_BIG_IP,Unknown
BigIP,403,1,28052,F5_BIG_IP,Unknown
Sucuri/Cloudproxy,404,1,19935,Sucuri,Express
Sucuri/Cloudproxy,404,1,49544,Sucuri,Vue
Apache/2.4.41 (Ubuntu),403,1,27325,ModSecurity,Express
Apache/2.4.41 (Ubuntu),200,1,45340,ModSecurity,Laravel
Incapsula,403,1,23212,Imperva,React
Incapsula,403,1,49560,Imperva,Laravel
CloudFront,403,1,49186,AWS_WAF,WordPress
BIG-IP,403,1,5148,F5_BIG_IP,WordPress
cloudflare-nginx,403,1,17613,Cloudflare,Unknown
Sucuri/Cloudproxy,403,1,6202,Sucuri,WordPress
AmazonS3,404,1,5927,AWS_WAF,React
Apache/2.4.41 (Ubuntu),301,1,25471,ModSecurity,WordPress
Apache/2.4.41 (Ubuntu),403,1,38517,ModSecurity,ASP.NET
BigIP,403,1,42238,F5_BIG_IP,Node.js
Sucuri/Cloudproxy,500,1,41348,Sucuri,Django
Sucuri/Cloudproxy,403,1,19526,Sucuri,Django
Apache/2.4.41,301,1,44079,None,Spring_Boot
Sucuri/Cloudproxy,404,1,21633,Sucuri,Vue
CloudFront,302,1,7225,AWS_WAF,Express
cloudflare-nginx,500,1,2359,Cloudflare,Django
cloudflare,403,1,40192,Cloudflare,ASP.NET
nginx/1.18.0,403,1,12351,ModSecurity,Spring_Boot
BIG-IP,403,1,11863,F5_BIG_IP,Laravel
Apache/2.4.41 (Ubuntu),301,1,12555,ModSecurity,Express
nginx/1.18.0,404,1,18754,ModSecurity,Spring_Boot
nginx/1.18.0,500,1,48516,ModSecurity,ASP.NET
Sucuri/Cloudproxy,403,1,9624,Sucuri,WordPress
nginx/1.18.0,404,0,18085,None,Django
Incapsula,403,1,39102,Imperva,React
cloudflare,403,1,1252,Cloudflare,Vue
CloudFront,403,1,17802,AWS_WAF,WordPress
AWS,403,1,20521,AWS_WAF,Spring_Boot
CloudFront,403,1,41314,AWS_WAF,Node.js
Apache/2.4.41,500,1,6141,None,WordPress
Sucuri/Cloudproxy,403,1,48708,Sucuri,Spring_Boot
BigIP,302,1,5776,F5_BIG_IP,WordPress
BigIP,200,1,19803,F5_BIG_IP,Spring_Boot
BigIP,404,1,19047,F5_BIG_IP,Laravel
AmazonS3,403,1,7528,AWS_WAF,Django
cloudflare-nginx,403,1,9971,Cloudflare,React
Apache/2.4.41 (Ubuntu),404,1,32612,ModSecurity,Express
Apache/2.4.41 (Ubuntu),301,1,32462,ModSecurity,Spring_Boot
Incapsula,403,1,18809,Imperva,WordPress
BIG-IP,403,1,38113,F5_BIG_IP,Laravel
Apache/2.4.41 (Ubuntu),302,1,10537,ModSecurity,Node.js
AmazonS3,403,1,23773,AWS_WAF,ASP.NET
Incapsula,200,1,36227,Imperva,WordPress
BIG-IP,301,1,47704,F5_BIG_IP,ASP.NET
LiteSpeed,404,0,19010,None,WordPress
cloudflare-nginx,302,1,48348,Cloudflare,Express
AWS,200,1,4793,AWS_WAF,React
AWS,200,1,37875,AWS_WAF,Vue
AmazonS3,403,1,42344,AWS_WAF,Vue
BIG-IP,200,1,40040,F5_BIG_IP,ASP.NET
BigIP,500,1,16353,F5_BIG_IP,WordPress
nginx/1.18.0,403,1,27100,ModSecurity,Spring_Boot
Incapsula,403,1,16604,Imperva,ASP.NET
Sucuri/Cloudproxy,200,1,23199,Sucuri,ASP.NET
AmazonS3,500,1,22716,AWS_WAF,Unknown
cloudflare,200,1,24149,Cloudflare,Django
LiteSpeed,500,0,10775,None,Unknown
nginx/1.18.0,500,0,15158,None,Laravel
Incapsula,403,1,36695,Imperva,WordPress
cloudflare,404,1,3845,Cloudflare,WordPress
Apache/2.4.41 (Ubuntu),200,1,6735,ModSecurity,Django
Incapsula,403,1,43292,Imperva,Laravel
Incapsula,302,1,32741,Imperva,Vue
cloudflare,302,1,39397,Cloudflare,Vue
LiteSpeed,301,1,25532,None,Express
BIG-IP,302,1,13266,F5_BIG_IP,WordPress
Apache/2.4.41 (Ubuntu),403,1,11859,ModSecurity,Spring_Boot
Sucuri/Cloudproxy,302,1,19841,Sucuri,Node.js
CloudFront,403,1,41795,AWS_WAF,Spring_Boot
cloudflare,301,1,24954,Cloudflare,ASP.NET
Sucuri/Cloudproxy,200,1,26159,Sucuri,Spring_Boot
Incapsula,403,1,11315,Imperva,ASP.NET
AWS,403,1,15377,AWS_WAF,Unknown
cloudflare,404,1,37196,Cloudflare,Vue
Incapsula,200,1,23558,Imperva,Vue
AmazonS3,301,1,40933,AWS_WAF,Node.js
Apache/2.4.41,302,0,44689,None,React
Incapsula,302,1,15896,Imperva,ASP.NET
CloudFront,403,1,1932,AWS_WAF,Unknown
AWS,500,1,8611,AWS_WAF,WordPress
Incapsula,302,1,6830,Imperva,Express
LiteSpeed,200,0,8582,None,React
Incapsula,302,1,10590,Imperva,Express
cloudflare,403,1,7061,Cloudflare,Django
Apache/2.4.41 (Ubuntu),403,1,21279,ModSecurity,Django
cloudflare-nginx,403,1,19879,Cloudflare,Vue
Apache/2.4.41 (Ubuntu),200,1,8939,ModSecurity,ASP.NET
Microsoft-IIS/10.0,302,0,37092,None,Spring_Boot
Microsoft-IIS/10.0,500,1,29336,None,Node.js
Apache/2.4.41 (Ubuntu),404,1,14424,ModSecurity,WordPress
AmazonS3,404,1,7666,AWS_WAF,Vue
nginx/1.18.0,403,1,39370,ModSecurity,Express
AmazonS3,200,1,9750,AWS_WAF,ASP.NET
cloudflare,301,1,45412,Cloudflare,Express
Apache/2.4.41 (Ubuntu),403,1,39085,ModSecurity,ASP.NET
nginx/1.18.0,403,1,44222,ModSecurity,ASP.NET
BIG-IP,200,1,31390,F5_BIG_IP,Unknown
CloudFront,404,1,1802,AWS_WAF,ASP.NET
BigIP,500,1,18377,F5_BIG_IP,Spring_Boot
Apache/2.4.41 (Ubuntu),302,1,34796,ModSecurity,Unknown
Sucuri/Cloudproxy,500,1,47019,Sucuri,Spring_Boot
AWS,403,1,16188,AWS_WAF,Express
cloudflare,500,1,46391,Cloudflare,Vue
cloudflare,500,1,12342,Cloudflare,Spring_Boot
BigIP,403,1,45087,F5_BIG_IP,WordPress
AWS,302,1,4932,AWS_WAF,Node.js
cloudflare,301,1,17475,Cloudflare,Django
BIG-IP,403,1,6578,F5_BIG_IP,Unknown
nginx/1.18.0,301,1,24735,ModSecurity,Laravel
Microsoft-IIS/10.0,301,1,3395,None,WordPress
BigIP,403,1,8753,F5_BIG_IP,Spring_Boot
Microsoft-IIS/10.0,301,0,26633,None,Unknown
cloudflare-nginx,403,1,37230,Cloudflare,Express
BIG-IP,302,1,49474,F5_BIG_IP,React
BigIP,403,1,43568,F5_BIG_IP,Laravel
CloudFront,403,1,19095,AWS_WAF,Django
Sucuri/Cloudproxy,302,1,15279,Sucuri,Laravel
Incapsula,403,1,20164,Imperva,Express
Microsoft-IIS/10.0,302,1,28471,None,Spring_Boot
Sucuri/Cloudproxy,403,1,22074,Sucuri,Spring_Boot
LiteSpeed,302,0,15426,None,Vue
Sucuri/Cloudproxy,403,1,28312,Sucuri,Laravel
BIG-IP,403,1,8976,F5_BIG_IP,React
Sucuri/Cloudproxy,500,1,26465,Sucuri,Vue
BigIP,500,1,4963,F5_BIG_IP,Vue
Sucuri/Cloudproxy,403,1,6086,Sucuri,Vue
nginx/1.18.0,500,1,26109,ModSecurity,Node.js
Sucuri/Cloudproxy,403,1,1458,Sucuri,Node.js
Microsoft-IIS/10.0,200,0,22899,None,React
Incapsula,200,1,39690,Imperva,WordPress
cloudflare-nginx,403,1,27618,Cloudflare,Node.js
CloudFront,200,1,3616,AWS_WAF,Vue
BigIP,302,1,23944,F5_BIG_IP,Django
Sucuri/Cloudproxy,500,1,10918,Sucuri,Express
BIG-IP,500,1,28413,F5_BIG_IP,Express
Sucuri/Cloudproxy,500,1,31873,Sucuri,Unknown
Microsoft-IIS/10.0,200,0,7592,None,Unknown
AmazonS3,301,1,21478,AWS_WAF,ASP.NET
AWS,403,1,24385,AWS_WAF,React
cloudflare,301,1,47445,Cloudflare,React
AmazonS3,403,1,26322,AWS_WAF,Express
BIG-IP,403,1,46508,F5_BIG_IP,Express
cloudflare-nginx,403,1,10555,Cloudflare,Express
Incapsula,403,1,26210,Imperva,Vue
cloudflare-nginx,403,1,2117,Cloudflare,React
Incapsula,500,1,23873,Imperva,ASP.NET
Incapsula,403,1,8022,Imperva,Unknown
AWS,403,1,26538,AWS_WAF,Unknown
LiteSpeed,302,0,46730,None,Vue
AWS,403,1,16296,AWS_WAF,ASP.NET
cloudflare,301,1,36553,Cloudflare,Spring_Boot
Incapsula,302,1,6332,Imperva,Node.js
Incapsula,404,1,15180,Imperva,WordPress
Apache/2.4.41 (Ubuntu),403,1,27262,ModSecurity,Node.js
cloudflare,302,1,13070,Cloudflare,Node.js
AWS,403,1,18462,AWS_WAF,WordPress
cloudflare-nginx,500,1,13946,Cloudflare,ASP.NET
Sucuri/Cloudproxy,403,1,24408,Sucuri,Unknown
Sucuri/Cloudproxy,404,1,10727,Sucuri,Laravel
Incapsula,403,1,17490,Imperva,Express
BigIP,403,1,24442,F5_BIG_IP,Vue
CloudFront,403,1,32793,AWS_WAF,WordPress
BIG-IP,302,1,25814,F5_BIG_IP,Express
nginx/1.18.0,301,0,8854,None,Express
nginx/1.18.0,404,1,28914,ModSecurity,React
Incapsula,403,1,22567,Imperva,Node.js
AmazonS3,200,1,32022,AWS_WAF,WordPress
Sucuri/Cloudproxy,302,1,39093,Sucuri,Node.js
LiteSpeed,302,0,44059,None,Spring_Boot
AWS,403,1,38803,AWS_WAF,WordPress
Sucuri/Cloudproxy,403,1,9234,Sucuri,Node.js
Incapsula,200,1,14856,Imperva,Vue
LiteSpeed,500,1,6221,None,Django
cloudflare,500,1,17542,Cloudflare,Spring_Boot
CloudFront,403,1,38818,AWS_WAF,React
Incapsula,301,1,42794,Imperva,Django
Incapsula,404,1,17787,Imperva,Unknown
cloudflare,200,1,33327,Cloudflare,Django
BIG-IP,403,1,17251,F5_BIG_IP,Spring_Boot
BigIP,500,1,15113,F5_BIG_IP,React
cloudflare-nginx,403,1,23328,Cloudflare,ASP.NET
BIG-IP,403,1,44396,F5_BIG_IP,Vue
Apache/2.4.41 (Ubuntu),403,1,327,ModSecurity,Node.js
BIG-IP,403,1,44647,F5_BIG_IP,React
BIG-IP,200,1,12139,F5_BIG_IP,React
Apache/2.4.41 (Ubuntu),404,1,25965,ModSecurity,Django
CloudFront,500,1,23585,AWS_WAF,Laravel
BIG-IP,302,1,38988,F5_BIG_IP,Unknown
AmazonS3,403,1,7894,AWS_WAF,Spring_Boot
LiteSpeed,302,0,20376,None,Spring_Boot
AWS,200,1,9458,AWS_WAF,Django
BIG-IP,302,1,13930,F5_BIG_IP,ASP.NET
Apache/2.4.41 (Ubuntu),403,1,27309,ModSecurity,React
nginx/1.18.0,404,1,17919,ModSecurity,Spring_Boot
Apache/2.4.41,301,0,38795,None,Node.js
BIG-IP,302,1,36355,F5_BIG_IP,Laravel
cloudflare,403,1,8691,Cloudflare,Express
Sucuri/Cloudproxy,403,1,37630,Sucuri,Vue
BIG-IP,403,1,31585,F5_BIG_IP,Node.js
Apache/2.4.41,200,0,38110,None,Laravel
nginx/1.18.0,403,1,14808,ModSecurity,React
Incapsula,500,1,41705,Imperva,ASP.NET
AWS,302,1,43051,AWS_WAF,WordPress
BigIP,403,1,8950,F5_BIG_IP,Laravel
nginx/1.18.0,404,1,43958,ModSecurity,Django
cloudflare,302,1,18933,Cloudflare,ASP.NET
AmazonS3,403,1,43117,AWS_WAF,ASP.NET
AmazonS3,302,1,26914,AWS_WAF,React
Microsoft-IIS/10.0,500,0,28214,None,Spring_Boot
Incapsula,403,1,31358,Imperva,WordPress
Incapsula,404,1,31623,Imperva,Unknown
Sucuri/Cloudproxy,403,1,49487,Sucuri,React
Apache/2.4.41 (Ubuntu),404,1,9786,ModSecurity,Laravel
Apache/2.4.41 (Ubuntu),404,1,17845,ModSecurity,Unknown
Apache/2.4.41 (Ubuntu),403,1,47601,ModSecurity,Unknown
CloudFront,301,1,26012,AWS_WAF,React
BIG-IP,403,1,23370,F5_BIG_IP,ASP.NET
Sucuri/Cloudproxy,403,1,30471,Sucuri,WordPress
BIG-IP,403,1,20304,F5_BIG_IP,Vue
AWS,403,1,2255,AWS_WAF,Vue
BIG-IP,403,1,16205,F5_BIG_IP,Laravel
Incapsula,500,1,39488,Imperva,Express
Apache/2.4.41,302,0,4747,None,React
BIG-IP,500,1,701,F5_BIG_IP,ASP.NET
Microsoft-IIS/10.0,404,0,25509,None,WordPress
CloudFront,403,1,6078,AWS_WAF,Laravel
Sucuri/Cloudproxy,302,1,27387,Sucuri,Vue
BIG-IP,403,1,46140,F5_BIG_IP,Spring_Boot
cloudflare-nginx,500,1,32483,Cloudflare,Laravel
cloudflare,403,1,18247,Cloudflare,Vue
Apache/2.4.41 (Ubuntu),404,1,43428,ModSecurity,Django
AWS,500,1,43584,AWS_WAF,Express
cloudflare,403,1,47926,Cloudflare,Django
AmazonS3,403,1,38777,AWS_WAF,Spring_Boot
BigIP,403,1,8375,F5_BIG_IP,ASP.NET
AmazonS3,403,1,10106,AWS_WAF,Laravel
Sucuri/Cloudproxy,403,1,11184,Sucuri,Laravel
AWS,403,1,2654,AWS_WAF,Laravel
Apache/2.4.41 (Ubuntu),200,1,32592,ModSecurity,Node.js
Apache/2.4.41 (Ubuntu),403,1,42796,ModSecurity,WordPress
Sucuri/Cloudproxy,301,1,46338,Sucuri,React
cloudflare-nginx,403,1,14765,Cloudflare,WordPress
nginx/1.18.0,500,1,39786,ModSecurity,Vue
Apache/2.4.41 (Ubuntu),301,1,39168,ModSecurity,WordPress
Incapsula,200,1,46452,Imperva,Express
Sucuri/Cloudproxy,403,1,18014,Sucuri,Node.js
CloudFront,404,1,47161,AWS_WAF,Spring_Boot
nginx/1.18.0,403,1,49734,ModSecurity,Laravel
Apache/2.4.41 (Ubuntu),403,1,43620,ModSecurity,Laravel
Incapsula,403,1,14219,Imperva,Django
Sucuri/Cloudproxy,404,1,47420,Sucuri,Express
BIG-IP,403,1,26617,F5_BIG_IP,WordPress
LiteSpeed,500,1,9909,None,Vue
Apache/2.4.41 (Ubuntu),200,1,11986,ModSecurity,Node.js
BigIP,200,1,8763,F5_BIG_IP,Spring_Boot
AmazonS3,500,1,27646,AWS_WAF,Django
Incapsula,500,1,16954,Imperva,ASP.NET
cloudflare,404,1,41072,Cloudflare,Vue
Sucuri/Cloudproxy,403,1,49494,Sucuri,Node.js
cloudflare,403,1,12627,Cloudflare,Vue
BIG-IP,301,1,33470,F5_BIG_IP,Laravel
Incapsula,302,1,101,Imperva,React
Sucuri/Cloudproxy,403,1,22239,Sucuri,Node.js
Incapsula,200,1,2625,Imperva,Django
Sucuri/Cloudproxy,404,1,30424,Sucuri,React
Incapsula,302,1,1726,Imperva,Spring_Boot
Incapsula,403,1,38829,Imperva,React
AWS,404,1,13372,AWS_WAF,WordPress
nginx/1.18.0,500,1,29194,ModSecurity,Node.js
cloudflare,200,1,37627,Cloudflare,WordPress
nginx/1.18.0,403,1,37982,ModSecurity,ASP.NET
nginx/1.18.0,302,1,21544,None,ASP.NET
cloudflare,403,1,32522,Cloudflare,ASP.NET
nginx/1.18.0,301,0,23807,None,ASP.NET
Incapsula,403,1,34929,Imperva,Spring_Boot
Sucuri/Cloudproxy,403,1,28963,Sucuri,Spring_Boot
cloudflare,403,1,14831,Cloudflare,Laravel
LiteSpeed,301,1,45488,None,Unknown
BIG-IP,403,1,2340,F5_BIG_IP,Unknown
Sucuri/Cloudproxy,403,1,8954,Sucuri,React
Incapsula,403,1,11515,Imperva,Laravel
CloudFront,200,1,16167,AWS_WAF,Unknown
nginx/1.18.0,302,0,48228,None,Node.js
BigIP,302,1,20635,F5_BIG_IP,Express
Apache/2.4.41 (Ubuntu),403,1,11023,ModSecurity,Spring_Boot
AmazonS3,301,1,11127,AWS_WAF,Spring_Boot
cloudflare,403,1,42664,Cloudflare,Node.js
Incapsula,301,1,13277,Imperva,Unknown
nginx/1.18.0,301,1,17852,None,Express
Sucuri/Cloudproxy,302,1,38716,Sucuri,Vue
CloudFront,403,1,7380,AWS_WAF,Express
cloudflare-nginx,500,1,527,Cloudflare,Unknown
cloudflare-nginx,403,1,44624,Cloudflare,WordPress
BIG-IP,403,1,42666,F5_BIG_IP,Express
Incapsula,302,1,38860,Imperva,Spring_Boot
cloudflare,200,1,15682,Cloudflare,React
Sucuri/Cloudproxy,500,1,22793,Sucuri,Spring_Boot
Apache/2.4.41,404,0,5821,None,Vue
AWS,403,1,29206,AWS_WAF,Laravel
Incapsula,302,1,26800,Imperva,ASP.NET
AWS,301,1,14764,AWS_WAF,Node.js
Incapsula,403,1,38038,Imperva,Vue
cloudflare-nginx,403,1,2461,Cloudflare,Vue
Apache/2.4.41 (Ubuntu),403,1,28458,ModSecurity,Django
Apache/2.4.41 (Ubuntu),404,1,42329,ModSecurity,Vue
Sucuri/Cloudproxy,403,1,764,Sucuri,WordPress
BIG-IP,500,1,48685,F5_BIG_IP,Unknown
AmazonS3,403,1,15599,AWS_WAF,Express
Sucuri/Cloudproxy,403,1,41384,Sucuri,Node.js
Apache/2.4.41 (Ubuntu),403,1,34800,ModSecurity,Express
AWS,403,1,18074,AWS_WAF,WordPress
BigIP,404,1,19873,F5_BIG_IP,Unknown
nginx/1.18.0,301,1,16802,ModSecurity,Spring_Boot
BIG-IP,301,1,1339,F5_BIG_IP,Express
cloudflare-nginx,403,1,15814,Cloudflare,Express
Sucuri/Cloudproxy,302,1,34409,Sucuri,ASP.NET
cloudflare-nginx,403,1,12848,Cloudflare,Django
Incapsula,301,1,30136,Imperva,Vue
cloudflare,200,1,16952,Cloudflare,Laravel
BigIP,403,1,44977,F5_BIG_IP,Node.js
cloudflare,403,1,43032,Cloudflare,Django
cloudflare-nginx,500,1,24396,Cloudflare,React
Sucuri/Cloudproxy,403,1,22904,Sucuri,Django
nginx/1.18.0,302,0,3486,None,Vue
Incapsula,403,1,12551,Imperva,Django
Apache/2.4.41 (Ubuntu),301,1,19784,ModSecurity,Laravel
LiteSpeed,404,0,16180,None,Express
Incapsula,200,1,47945,Imperva,ASP.NET
Microsoft-IIS/10.0,500,0,20181,None,Express
AmazonS3,301,1,33074,AWS_WAF,WordPress
Apache/2.4.41,200,1,13049,None,WordPress
nginx/1.18.0,403,1,11506,ModSecurity,Vue
BIG-IP,301,1,40051,F5_BIG_IP,Django
CloudFront,403,1,22635,AWS_WAF,Express
cloudflare-nginx,403,1,7701,Cloudflare,WordPress
Sucuri/Cloudproxy,403,1,38640,Sucuri,React
cloudflare-nginx,500,1,17454,Cloudflare,Django
CloudFront,403,1,44540,AWS_WAF,Vue
Incapsula,403,1,10142,Imperva,Laravel
BIG-IP,200,1,5024,F5_BIG_IP,Unknown
cloudflare,403,1,247,Cloudflare,Vue
Incapsula,403,1,11614,Imperva,React
nginx/1.18.0,301,0,41487,None,ASP.NET
cloudflare,200,1,3976,Cloudflare,Unknown
cloudflare,404,1,36072,Cloudflare,WordPress
Incapsula,302,1,43885,Imperva,Node.js
Apache/2.4.41 (Ubuntu),200,1,30111,ModSecurity,Vue
BIG-IP,403,1,47775,F5_BIG_IP,Django
CloudFront,500,1,39637,AWS_WAF,Node.js
Incapsula,302,1,15721,Imperva,WordPress
Microsoft-IIS/10.0,200,0,2894,None,Laravel
Apache/2.4.41,404,1,17527,None,ASP.NET
nginx/1.18.0,200,1,37274,ModSecurity,Unknown
Sucuri/Cloudproxy,403,1,30638,Sucuri,Unknown
BIG-IP,403,1,39452,F5_BIG_IP,ASP.NET
BIG-IP,200,1,15619,F5_BIG_IP,Django
Incapsula,301,1,18386,Imperva,Spring_Boot
Apache/2.4.41,404,1,45843,None,React
Incapsula,403,1,39444,Imperva,Node.js
cloudflare,403,1,32591,Cloudflare,Vue
Incapsula,301,1,48837,Imperva,WordPress
BigIP,403,1,24886,F5_BIG_IP,Django
Apache/2.4.41 (Ubuntu),200,1,35317,ModSecurity,Express
AmazonS3,301,1,13548,AWS_WAF,Vue
cloudflare-nginx,500,1,4086,Cloudflare,Django
cloudflare-nginx,404,1,39232,Cloudflare,WordPress
AWS,302,1,4291,AWS_WAF,WordPress
Incapsula,403,1,12755,Imperva,Vue
AmazonS3,403,1,8391,AWS_WAF,Express
BIG-IP,403,1,30008,F5_BIG_IP,Laravel
BIG-IP,302,1,36239,F5_BIG_IP,WordPress
BIG-IP,404,1,36036,F5_BIG_IP,Node.js
Sucuri/Cloudproxy,404,1,9112,Sucuri,Laravel
CloudFront,500,1,22467,AWS_WAF,Vue
Incapsula,404,1,42875,Imperva,Laravel
CloudFront,404,1,16237,AWS_WAF,Unknown
Sucuri/Cloudproxy,404,1,27896,Sucuri,Django
nginx/1.18.0,500,1,14959,ModSecurity,React
BIG-IP,403,1,42821,F5_BIG_IP,Laravel
BigIP,403,1,35064,F5_BIG_IP,Spring_Boot
Microsoft-IIS/10.0,404,0,35667,None,Laravel
BIG-IP,403,1,39834,F5_BIG_IP,ASP.NET
Apache/2.4.41 (Ubuntu),404,1,40564,ModSecurity,WordPress
nginx/1.18.0,500,1,2763,ModSecurity,ASP.NET
nginx/1.18.0,404,1,5756,ModSecurity,React
Sucuri/Cloudproxy,404,1,42425,Sucuri,Spring_Boot
CloudFront,403,1,49172,AWS_WAF,ASP.NET
Incapsula,403,1,13775,Imperva,Node.js
Sucuri/Cloudproxy,404,1,110,Sucuri,React
Incapsula,302,1,44761,Imperva,Unknown
nginx/1.18.0,200,1,49332,ModSecurity,Django
Incapsula,403,1,25517,Imperva,Vue
cloudflare,404,1,14889,Cloudflare,Django
BigIP,404,1,2444,F5_BIG_IP,Laravel
cloudflare-nginx,403,1,25895,Cloudflare,Spring_Boot
BigIP,200,1,12217,F5_BIG_IP,React
Sucuri/Cloudproxy,301,1,5293,Sucuri,Node.js
BIG-IP,403,1,4926,F5_BIG_IP,Unknown
Incapsula,403,1,32834,Imperva,Vue
nginx/1.18.0,302,1,28924,ModSecurity,Laravel
cloudflare-nginx,302,1,45616,Cloudflare,Express
BigIP,301,1,4146,F5_BIG_IP,React
BIG-IP,500,1,26355,F5_BIG_IP,Spring_Boot
LiteSpeed,200,0,17973,None,React
BIG-IP,301,1,35652,F5_BIG_IP,Django
Sucuri/Cloudproxy,403,1,27943,Sucuri,Spring_Boot
BigIP,302,1,17425,F5_BIG_IP,Laravel
Incapsula,404,1,28077,Imperva,Spring_Boot
cloudflare,200,1,39263,Cloudflare,ASP.NET
CloudFront,403,1,40317,AWS_WAF,Spring_Boot
Sucuri/Cloudproxy,500,1,29432,Sucuri,WordPress
Microsoft-IIS/10.0,302,0,4864,None,Express
Incapsula,301,1,14905,Imperva,Laravel
LiteSpeed,200,0,11520,None,ASP.NET
BIG-IP,301,1,1013,F5_BIG_IP,Unknown
cloudflare,403,1,23797,Cloudflare,Spring_Boot
Incapsula,200,1,856,Imperva,React
Incapsula,302,1,16976,Imperva,Express
BigIP,301,1,23066,F5_BIG_IP,Express
nginx/1.18.0,200,1,39719,ModSecurity,Node.js
Incapsula,500,1,33338,Imperva,Node.js
Incapsula,403,1,3828,Imperva,Node.js
BIG-IP,403,1,5159,F5_BIG_IP,Laravel
AmazonS3,403,1,14275,AWS_WAF,Django
BigIP,404,1,31694,F5_BIG_IP,Django
nginx/1.18.0,200,1,4095,ModSecurity,Spring_Boot
Apache/2.4.41 (Ubuntu),500,1,39785,ModSecurity,Spring_Boot
Sucuri/Cloudproxy,404,1,46548,Sucuri,Laravel
Microsoft-IIS/10.0,301,0,38617,None,Laravel
BigIP,403,1,11088,F5_BIG_IP,Node.js
BigIP,301,1,22651,F5_BIG_IP,React
Apache/2.4.41 (Ubuntu),403,1,20122,ModSecurity,React
CloudFront,403,1,2629,AWS_WAF,WordPress
Sucuri/Cloudproxy,200,1,41905,Sucuri,Django
nginx/1.18.0,403,1,20423,ModSecurity,React
Apache/2.4.41 (Ubuntu),302,1,35024,ModSecurity,Django
BigIP,404,1,45560,F5_BIG_IP,Vue
AmazonS3,301,1,49179,AWS_WAF,Spring_Boot
Apache/2.4.41 (Ubuntu),403,1,19955,ModSecurity,Node.js
BigIP,301,1,6020,F5_BIG_IP,Django
BigIP,500,1,19955,F5_BIG_IP,Express
cloudflare,500,1,26606,Cloudflare,ASP.NET
CloudFront,500,1,18986,AWS_WAF,React
LiteSpeed,301,1,49192,None,Unknown
Sucuri/Cloudproxy,403,1,42468,Sucuri,Spring_Boot
Apache/2.4.41 (Ubuntu),403,1,35705,ModSecurity,Vue
LiteSpeed,301,0,36377,None,Express
Apache/2.4.41,200,1,46643,None,Spring_Boot
cloudflare,403,1,30700,Cloudflare,ASP.NET
Apache/2.4.41,200,0,48926,None,Laravel
CloudFront,403,1,42956,AWS_WAF,Spring_Boot
Incapsula,403,1,16297,Imperva,Django
cloudflare-nginx,403,1,11566,Cloudflare,ASP.NET
BigIP,200,1,18577,F5_BIG_IP,Node.js
Apache/2.4.41 (Ubuntu),404,1,18766,ModSecurity,WordPress
Microsoft-IIS/10.0,500,1,34709,None,Spring_Boot
AmazonS3,403,1,36911,AWS_WAF,Spring_Boot
BIG-IP,301,1,40576,F5_BIG_IP,Spring_Boot
cloudflare,404,1,25056,Cloudflare,Django
nginx/1.18.0,404,1,12078,ModSecurity,Spring_Boot
Incapsula,404,1,20804,Imperva,Express
cloudflare-nginx,301,1,42654,Cloudflare,ASP.NET
Sucuri/Cloudproxy,403,1,21715,Sucuri,Node.js
Incapsula,404,1,738,Imperva,Laravel
Incapsula,403,1,7428,Imperva,Unknown
nginx/1.18.0,500,1,3586,None,React
AmazonS3,200,1,23437,AWS_WAF,Vue
LiteSpeed,301,1,46408,None,Django
Sucuri/Cloudproxy,403,1,42310,Sucuri,Laravel
cloudflare-nginx,200,1,37540,Cloudflare,Vue
cloudflare,403,1,48808,Cloudflare,Vue
BigIP,301,1,33695,F5_BIG_IP,Spring_Boot
Incapsula,200,1,42060,Imperva,Vue
Apache/2.4.41 (Ubuntu),404,1,18469,ModSecurity,Spring_Boot
CloudFront,301,1,16821,AWS_WAF,Node.js
cloudflare,403,1,42057,Cloudflare,Express
Sucuri/Cloudproxy,302,1,33413,Sucuri,WordPress
Sucuri/Cloudproxy,403,1,26432,Sucuri,Laravel
nginx/1.18.0,500,0,43568,None,Laravel
AmazonS3,404,1,1643,AWS_WAF,Spring_Boot
Sucuri/Cloudproxy,404,1,22675,Sucuri,Vue
BIG-IP,403,1,5745,F5_BIG_IP,ASP.NET
BigIP,200,1,15754,F5_BIG_IP,ASP.NET
Apache/2.4.41 (Ubuntu),404,1,38296,ModSecurity,Express
BigIP,200,1,36567,F5_BIG_IP,Laravel
LiteSpeed,404,1,11054,None,Spring_Boot
cloudflare-nginx,403,1,21592,Cloudflare,Django
BIG-IP,200,1,14619,F5_BIG_IP,Spring_Boot
Microsoft-IIS/10.0,302,0,49381,None,Spring_Boot
BigIP,403,1,1992,F5_BIG_IP,ASP.NET
nginx/1.18.0,403,1,10158,ModSecurity,Spring_Boot
Incapsula,500,1,48869,Imperva,Unknown
Microsoft-IIS/10.0,404,0,48483,None,Express
Incapsula,302,1,15625,Imperva,Spring_Boot
Sucuri/Cloudproxy,403,1,43231,Sucuri,ASP.NET
Apache/2.4.41,301,0,40592,None,React
CloudFront,302,1,48673,AWS_WAF,Spring_Boot
cloudflare,500,1,42983,Cloudflare,Laravel
cloudflare,404,1,24608,Cloudflare,ASP.NET
BIG-IP,403,1,2294,F5_BIG_IP,Express
LiteSpeed,404,0,22351,None,Laravel
Incapsula,200,1,2731,Imperva,Spring_Boot
Sucuri/Cloudproxy,404,1,33482,Sucuri,Laravel
nginx/1.18.0,403,1,7040,ModSecurity,ASP.NET
Apache/2.4.41 (Ubuntu),403,1,19407,ModSecurity,Vue
AmazonS3,403,1,49316,AWS_WAF,Unknown
nginx/1.18.0,302,1,43720,ModSecurity,Django
CloudFront,403,1,28865,AWS_WAF,Django
nginx/1.18.0,403,1,34128,ModSecurity,Express
cloudflare,301,1,35051,Cloudflare,Express
AmazonS3,403,1,15299,AWS_WAF,Node.js
cloudflare,301,1,16218,Cloudflare,React
Incapsula,403,1,42444,Imperva,WordPress
Sucuri/Cloudproxy,403,1,27420,Sucuri,ASP.NET
Sucuri/Cloudproxy,301,1,26089,Sucuri,Laravel
Sucuri/Cloudproxy,404,1,6792,Sucuri,React
Apache/2.4.41,301,0,43953,None,Vue
CloudFront,403,1,28136,AWS_WAF,Unknown
Incapsula,301,1,33686,Imperva,Spring_Boot
Apache/2.4.41,302,0,408,None,Node.js
Microsoft-IIS/10.0,200,0,33345,None,Unknown
Microsoft-IIS/10.0,500,0,46923,None,Laravel
nginx/1.18.0,404,0,19458,None,React
Sucuri/Cloudproxy,200,1,4886,Sucuri,Django
Incapsula,200,1,31094,Imperva,Spring_Boot
BIG-IP,200,1,45265,F5_BIG_IP,Spring_Boot
AmazonS3,403,1,36643,AWS_WAF,ASP.NET
BIG-IP,500,1,47684,F5_BIG_IP,Vue
nginx/1.18.0,200,1,49865,ModSecurity,React
Incapsula,200,1,23928,Imperva,React
cloudflare-nginx,403,1,33902,Cloudflare,React
nginx/1.18.0,403,1,22534,ModSecurity,Unknown
Sucuri/Cloudproxy,302,1,9432,Sucuri,Node.js
AWS,302,1,473,AWS_WAF,React
Microsoft-IIS/10.0,500,0,29706,None,Spring_Boot
LiteSpeed,404,1,19599,None,Vue
AmazonS3,403,1,43296,AWS_WAF,Node.js
Incapsula,302,1,4371,Imperva,Spring_Boot
AWS,403,1,8607,AWS_WAF,WordPress
BIG-IP,200,1,46895,F5_BIG_IP,Node.js
cloudflare,403,1,37437,Cloudflare,Spring_Boot
Apache/2.4.41 (Ubuntu),403,1,41917,ModSecurity,Express
nginx/1.18.0,403,1,12464,ModSecurity,Express
AWS,302,1,49454,AWS_WAF,Node.js
nginx/1.18.0,301,0,15104,None,Node.js
Apache/2.4.41 (Ubuntu),403,1,46352,ModSecurity,Vue
Apache/2.4.41 (Ubuntu),200,1,16935,ModSecurity,Node.js
cloudflare-nginx,403,1,234,Cloudflare,Express
cloudflare-nginx,200,1,27079,Cloudflare,Vue
BigIP,403,1,44778,F5_BIG_IP,Spring_Boot
Incapsula,404,1,29946,Imperva,React
Apache/2.4.41 (Ubuntu),403,1,46195,ModSecurity,Unknown
nginx/1.18.0,200,1,12817,None,Unknown
nginx/1.18.0,403,1,45734,ModSecurity,Spring_Boot
Incapsula,403,1,2719,Imperva,WordPress
Apache/2.4.41 (Ubuntu),403,1,179,ModSecurity,Spring_Boot
Incapsula,500,1,36054,Imperva,Express
AmazonS3,302,1,4786,AWS_WAF,WordPress
Incapsula,404,1,25414,Imperva,WordPress
Incapsula,404,1,29841,Imperva,Node.js
Incapsula,500,1,11211,Imperva,Spring_Boot
BigIP,301,1,34623,F5_BIG_IP,Vue
BigIP,500,1,31797,F5_BIG_IP,Django
Incapsula,302,1,25125,Imperva,Django
BigIP,200,1,44579,F5_BIG_IP,Vue
nginx/1.18.0,404,1,14974,ModSecurity,Spring_Boot
BIG-IP,200,1,22457,F5_BIG_IP,Node.js
Incapsula,500,1,2345,Imperva,ASP.NET
Microsoft-IIS/10.0,301,1,15453,None,Django
BIG-IP,302,1,3273,F5_BIG_IP,React
BIG-IP,404,1,37370,F5_BIG_IP,ASP.NET
AWS,200,1,4875,AWS_WAF,ASP.NET
Sucuri/Cloudproxy,301,1,30424,Sucuri,Spring_Boot
CloudFront,403,1,47581,AWS_WAF,Unknown
BIG-IP,403,1,27402,F5_BIG_IP,Laravel
Apache/2.4.41 (Ubuntu),403,1,2942,ModSecurity,Vue
Sucuri/Cloudproxy,404,1,19816,Sucuri,Node.js
AWS,403,1,12167,AWS_WAF,ASP.NET
cloudflare,500,1,29215,Cloudflare,Laravel
cloudflare,200,1,32775,Cloudflare,React
BigIP,200,1,32761,F5_BIG_IP,Laravel
nginx/1.18.0,403,1,16188,ModSecurity,React
AWS,403,1,20789,AWS_WAF,Spring_Boot
Incapsula,403,1,8638,Imperva,Unknown
Sucuri/Cloudproxy,403,1,3416,Sucuri,Django
nginx/1.18.0,403,1,27383,ModSecurity,Unknown
Sucuri/Cloudproxy,403,1,22112,Sucuri,React
cloudflare,403,1,9085,Cloudflare,Vue
LiteSpeed,500,0,46050,None,Express
BIG-IP,403,1,15345,F5_BIG_IP,React
cloudflare-nginx,403,1,27224,Cloudflare,Vue
Incapsula,403,1,24502,Imperva,Django
nginx/1.18.0,500,1,19814,ModSecurity,WordPress
Apache/2.4.41 (Ubuntu),403,1,32550,ModSecurity,Unknown
Incapsula,500,1,7380,Imperva,WordPress
CloudFront,403,1,29665,AWS_WAF,Node.js
BIG-IP,403,1,44931,F5_BIG_IP,Express
Apache/2.4.41,301,0,45778,None,Vue
cloudflare,403,1,5745,Cloudflare,Node.js
LiteSpeed,200,1,37254,None,Spring_Boot
Incapsula,403,1,40129,Imperva,Node.js
Sucuri/Cloudproxy,403,1,12951,Sucuri,Spring_Boot
Sucuri/Cloudproxy,404,1,18521,Sucuri,React
AmazonS3,302,1,13292,AWS_WAF,ASP.NET
BigIP,403,1,5987,F5_BIG_IP,Node.js
BigIP,404,1,24521,F5_BIG_IP,Unknown
Incapsula,302,1,7808,Imperva,Unknown
Incapsula,500,1,49068,Imperva,ASP.NET
cloudflare-nginx,404,1,42174,Cloudflare,React
CloudFront,200,1,10984,AWS_WAF,Vue
Apache/2.4.41 (Ubuntu),403,1,47058,ModSecurity,Vue
Sucuri/Cloudproxy,500,1,15426,Sucuri,Vue
AmazonS3,403,1,32668,AWS_WAF,Express
Sucuri/Cloudproxy,404,1,19632,Sucuri,Unknown
BIG-IP,302,1,44353,F5_BIG_IP,ASP.NET
cloudflare,302,1,40127,Cloudflare,Unknown
nginx/1.18.0,302,0,16625,None,Node.js
BIG-IP,200,1,2152,F5_BIG_IP,WordPress
BIG-IP,301,1,22482,F5_BIG_IP,ASP.NET
CloudFront,200,1,18011,AWS_WAF,Express
Incapsula,500,1,46922,Imperva,React
Sucuri/Cloudproxy,403,1,9178,Sucuri,React
BIG-IP,403,1,22760,F5_BIG_IP,Laravel
AWS,302,1,11387,AWS_WAF,Node.js
Apache/2.4.41,200,0,38788,None,Node.js
Microsoft-IIS/10.0,404,1,33254,None,ASP.NET
Incapsula,403,1,11838,Imperva,Express
AmazonS3,301,1,46826,AWS_WAF,Spring_Boot
Sucuri/Cloudproxy,302,1,10866,Sucuri,Express
Incapsula,302,1,21932,Imperva,React
BIG-IP,403,1,46496,F5_BIG_IP,Unknown
cloudflare-nginx,301,1,32931,Cloudflare,Laravel
BigIP,200,1,29032,F5_BIG_IP,Node.js
Sucuri/Cloudproxy,500,1,4162,Sucuri,Laravel
cloudflare-nginx,500,1,20235,Cloudflare,Spring_Boot
CloudFront,404,1,40871,AWS_WAF,Laravel
nginx/1.18.0,302,1,22563,None,React
Microsoft-IIS/10.0,404,0,5464,None,Django
Apache/2.4.41 (Ubuntu),403,1,45897,ModSecurity,Spring_Boot
AmazonS3,302,1,519,AWS_WAF,Vue
Apache/2.4.41 (Ubuntu),403,1,16069,ModSecurity,Unknown
Incapsula,302,1,10212,Imperva,Spring_Boot
Incapsula,301,1,48755,Imperva,Node.js
cloudflare,403,1,40817,Cloudflare,ASP.NET
AmazonS3,302,1,44588,AWS_WAF,ASP.NET
nginx/1.18.0,301,1,29289,ModSecurity,ASP.NET
Apache/2.4.41 (Ubuntu),404,1,32570,ModSecurity,Node.js
BIG-IP,403,1,33908,F5_BIG_IP,Unknown
Sucuri/Cloudproxy,301,1,21819,Sucuri,Spring_Boot
LiteSpeed,500,1,21133,None,Django
cloudflare-nginx,500,1,45641,Cloudflare,Django
Microsoft-IIS/10.0,500,0,16771,None,Vue
Incapsula,403,1,41801,Imperva,Vue
AWS,404,1,30965,AWS_WAF,React
Apache/2.4.41 (Ubuntu),403,1,34158,ModSecurity,Spring_Boot
cloudflare-nginx,403,1,15387,Cloudflare,WordPress
LiteSpeed,500,1,3018,None,WordPress
Apache/2.4.41 (Ubuntu),301,1,21844,ModSecurity,Node.js
cloudflare-nginx,403,1,1534,Cloudflare,Django
Microsoft-IIS/10.0,301,0,22301,None,ASP.NET
AWS,403,1,47238,AWS_WAF,Node.js
nginx/1.18.0,200,0,28071,None,WordPress
Apache/2.4.41 (Ubuntu),403,1,12971,ModSecurity,Express
cloudflare-nginx,403,1,26177,Cloudflare,React
Apache/2.4.41 (Ubuntu),500,1,46507,ModSecurity,Express
Sucuri/Cloudproxy,403,1,3249,Sucuri,Laravel
AmazonS3,302,1,10999,AWS_WAF,Django
cloudflare,404,1,42206,Cloudflare,Spring_Boot
LiteSpeed,301,1,43024,None,Django
Sucuri/Cloudproxy,403,1,38122,Sucuri,Unknown
AmazonS3,403,1,40569,AWS_WAF,Unknown
AmazonS3,403,1,42721,AWS_WAF,React
BIG-IP,403,1,40208,F5_BIG_IP,Unknown
Sucuri/Cloudproxy,302,1,46367,Sucuri,Django
Apache/2.4.41,301,0,19966,None,ASP.NET
Sucuri/Cloudproxy,403,1,19528,Sucuri,Unknown
AWS,403,1,43958,AWS_WAF,Spring_Boot
Apache/2.4.41 (Ubuntu),403,1,30227,ModSecurity,Spring_Boot
cloudflare-nginx,403,1,12413,Cloudflare,Spring_Boot
AWS,403,1,38597,AWS_WAF,React
cloudflare-nginx,403,1,32955,Cloudflare,Spring_Boot
CloudFront,301,1,8991,AWS_WAF,Vue
nginx/1.18.0,200,1,13814,ModSecurity,Unknown
cloudflare-nginx,403,1,213,Cloudflare,WordPress
nginx/1.18.0,403,1,42458,ModSecurity,Express
Incapsula,302,1,34418,Imperva,Vue
CloudFront,302,1,30490,AWS_WAF,Node.js
Incapsula,302,1,8588,Imperva,Unknown
cloudflare,302,1,26633,Cloudflare,React
Apache/2.4.41,301,1,9169,None,ASP.NET
Microsoft-IIS/10.0,200,0,16263,None,Vue
Apache/2.4.41 (Ubuntu),403,1,8019,ModSecurity,Spring_Boot
cloudflare,500,1,2371,Cloudflare,Unknown
nginx/1.18.0,200,0,4069,None,Spring_Boot
CloudFront,403,1,24071,AWS_WAF,Unknown
nginx/1.18.0,301,1,7013,ModSecurity,Laravel
LiteSpeed,404,1,40583,None,Laravel
cloudflare,403,1,43529,Cloudflare,ASP.NET
BIG-IP,403,1,30320,F5_BIG_IP,Express
Sucuri/Cloudproxy,403,1,13411,Sucuri,Spring_Boot
Sucuri/Cloudproxy,302,1,9618,Sucuri,Unknown
cloudflare-nginx,301,1,37178,Cloudflare,Node.js
Apache/2.4.41,500,0,26662,None,Vue
cloudflare-nginx,200,1,21035,Cloudflare,Spring_Boot
nginx/1.18.0,500,0,41042,None,Laravel
cloudflare-nginx,403,1,47392,Cloudflare,Spring_Boot
Sucuri/Cloudproxy,403,1,17947,Sucuri,Unknown
nginx/1.18.0,403,1,16513,ModSecurity,Vue
BigIP,404,1,9720,F5_BIG_IP,React
cloudflare,403,1,867,Cloudflare,Laravel
BIG-IP,404,1,4772,F5_BIG_IP,Laravel
Microsoft-IIS/10.0,200,1,36983,None,Spring_Boot
BigIP,403,1,30219,F5_BIG_IP,Vue
cloudflare,403,1,42299,Cloudflare,Express
Sucuri/Cloudproxy,404,1,22888,Sucuri,Vue
Incapsula,404,1,18446,Imperva,Express
Incapsula,301,1,14430,Imperva,WordPress
Sucuri/Cloudproxy,403,1,28482,Sucuri,Laravel
AmazonS3,403,1,9651,AWS_WAF,Express
AmazonS3,200,1,11734,AWS_WAF,Spring_Boot
cloudflare,403,1,48850,Cloudflare,Node.js
Incapsula,404,1,17220,Imperva,Express
LiteSpeed,500,0,6394,None,Express
Apache/2.4.41 (Ubuntu),403,1,12505,ModSecurity,Spring_Boot
nginx/1.18.0,403,1,43357,ModSecurity,ASP.NET
Incapsula,302,1,47906,Imperva,React
AmazonS3,404,1,45692,AWS_WAF,Django
Incapsula,200,1,32942,Imperva,Express
CloudFront,403,1,994,AWS_WAF,Vue
BIG-IP,500,1,23309,F5_BIG_IP,Spring_Boot
BigIP,403,1,42093,F5_BIG_IP,React
Apache/2.4.41 (Ubuntu),200,1,7693,ModSecurity,Laravel
Apache/2.4.41 (Ubuntu),302,1,13556,ModSecurity,Django
BIG-IP,403,1,48266,F5_BIG_IP,React
Apache/2.4.41,500,1,8109,None,React
BIG-IP,403,1,47252,F5_BIG_IP,Express
Sucuri/Cloudproxy,403,1,33822,Sucuri,Unknown
Sucuri/Cloudproxy,302,1,41011,Sucuri,Express
AmazonS3,403,1,46905,AWS_WAF,Laravel
BigIP,403,1,2180,F5_BIG_IP,Express
Incapsula,301,1,9042,Imperva,Express
Apache/2.4.41 (Ubuntu),403,1,24036,ModSecurity,Spring_Boot
BIG-IP,301,1,29669,F5_BIG_IP,ASP.NET
AmazonS3,403,1,16137,AWS_WAF,ASP.NET
LiteSpeed,200,1,4303,None,ASP.NET
cloudflare,200,1,13239,Cloudflare,React
LiteSpeed,500,0,41615,None,Express
Apache/2.4.41,500,1,21583,None,Spring_Boot
nginx/1.18.0,301,1,11253,ModSecurity,Express
nginx/1.18.0,200,1,11497,ModSecurity,Node.js
CloudFront,302,1,14936,AWS_WAF,Laravel
BigIP,302,1,22378,F5_BIG_IP,WordPress
AmazonS3,200,1,45006,AWS_WAF,Express
AmazonS3,500,1,18440,AWS_WAF,Django
AmazonS3,403,1,7762,AWS_WAF,WordPress
Incapsula,200,1,1439,Imperva,Express
Sucuri/Cloudproxy,404,1,34605,Sucuri,Node.js
Microsoft-IIS/10.0,404,1,29674,None,Django
Sucuri/Cloudproxy,403,1,8175,Sucuri,Unknown
cloudflare,301,1,32901,Cloudflare,Node.js
Microsoft-IIS/10.0,301,0,7488,None,WordPress
Incapsula,302,1,28084,Imperva,ASP.NET
BIG-IP,403,1,46147,F5_BIG_IP,Spring_Boot
Incapsula,404,1,6527,Imperva,Laravel
Incapsula,403,1,29450,Imperva,Unknown
BIG-IP,301,1,49876,F5_BIG_IP,Unknown
LiteSpeed,200,0,8149,None,Spring_Boot
Sucuri/Cloudproxy,403,1,16040,Sucuri,Vue
Apache/2.4.41 (Ubuntu),302,1,19037,ModSecurity,Node.js
Apache/2.4.41,500,0,6202,None,Django
Sucuri/Cloudproxy,403,1,7516,Sucuri,Laravel
nginx/1.18.0,403,1,8611,ModSecurity,Laravel
Incapsula,500,1,923,Imperva,Laravel
Apache/2.4.41 (Ubuntu),500,1,16695,ModSecurity,Express
Incapsula,302,1,7137,Imperva,Vue
Incapsula,302,1,48959,Imperva,Express
cloudflare-nginx,403,1,44377,Cloudflare,ASP.NET
Apache/2.4.41 (Ubuntu),403,1,9539,ModSecurity,WordPress
BigIP,403,1,5591,F5_BIG_IP,WordPress
Microsoft-IIS/10.0,301,0,44256,None,Express
Apache/2.4.41 (Ubuntu),403,1,27394,ModSecurity,Vue
BIG-IP,301,1,39688,F5_BIG_IP,Spring_Boot
BigIP,200,1,15696,F5_BIG_IP,Express
Incapsula,302,1,7738,Imperva,Node.js
LiteSpeed,200,1,43322,None,Express
nginx/1.18.0,302,1,41133,ModSecurity,Unknown
cloudflare-nginx,404,1,24630,Cloudflare,Spring_Boot
cloudflare,404,1,35580,Cloudflare,Vue
Apache/2.4.41 (Ubuntu),301,1,46151,ModSecurity,Node.js
cloudflare,301,1,5485,Cloudflare,Laravel
Sucuri/Cloudproxy,404,1,34162,Sucuri,Node.js
CloudFront,403,1,43809,AWS_WAF,Express
Apache/2.4.41 (Ubuntu),200,1,30996,ModSecurity,Vue
Microsoft-IIS/10.0,500,0,27043,None,Unknown
cloudflare-nginx,404,1,35053,Cloudflare,Express
cloudflare,302,1,31479,Cloudflare,Vue
BigIP,302,1,41569,F5_BIG_IP,React
nginx/1.18.0,301,1,33357,ModSecurity,React
Apache/2.4.41 (Ubuntu),403,1,31555,ModSecurity,Vue
cloudflare,301,1,29569,Cloudflare,Django
nginx/1.18.0,500,0,13143,None,Django
AmazonS3,302,1,43337,AWS_WAF,Express
nginx/1.18.0,301,1,36361,None,Django
Incapsula,403,1,40802,Imperva,Django
cloudflare-nginx,302,1,2133,Cloudflare,Node.js
cloudflare,403,1,13734,Cloudflare,Spring_Boot
CloudFront,403,1,2372,AWS_WAF,WordPress
Incapsula,403,1,18181,Imperva,Spring_Boot
cloudflare,301,1,38364,Cloudflare,Express
CloudFront,302,1,2335,AWS_WAF,Django
BigIP,403,1,24188,F5_BIG_IP,Spring_Boot
Sucuri/Cloudproxy,500,1,27230,Sucuri,Django
BIG-IP,500,1,49894,F5_BIG_IP,ASP.NET
Sucuri/Cloudproxy,403,1,19009,Sucuri,Express
Incapsula,200,1,40873,Imperva,Django
Sucuri/Cloudproxy,403,1,18249,Sucuri,Laravel
Incapsula,404,1,47726,Imperva,Node.js
nginx/1.18.0,301,0,46795,None,Unknown
BIG-IP,301,1,41742,F5_BIG_IP,Django
Sucuri/Cloudproxy,200,1,44409,Sucuri,React
Apache/2.4.41,301,0,22888,None,Unknown
AWS,403,1,24533,AWS_WAF,Spring_Boot
Incapsula,403,1,8872,Imperva,React
Incapsula,200,1,12856,Imperva,WordPress
LiteSpeed,404,0,47537,None,Node.js
Sucuri/Cloudproxy,200,1,24406,Sucuri,WordPress
Incapsula,404,1,14105,Imperva,Express
Microsoft-IIS/10.0,301,0,48198,None,Express
nginx/1.18.0,301,1,39139,ModSecurity,ASP.NET
Incapsula,404,1,12559,Imperva,Django
nginx/1.18.0,404,1,43873,None,Spring_Boot
cloudflare,404,1,13431,Cloudflare,Unknown
BIG-IP,301,1,12028,F5_BIG_IP,React
BigIP,403,1,1147,F5_BIG_IP,Spring_Boot
cloudflare-nginx,301,1,41443,Cloudflare,Django
BigIP,403,1,9983,F5_BIG_IP,Spring_Boot
Sucuri/Cloudproxy,301,1,29375,Sucuri,ASP.NET
nginx/1.18.0,200,1,7450,ModSecurity,Express
BigIP,403,1,24780,F5_BIG_IP,Express
BigIP,200,1,49588,F5_BIG_IP,Laravel
cloudflare,403,1,23155,Cloudflare,Django
cloudflare,404,1,16880,Cloudflare,Node.js
cloudflare,403,1,13062,Cloudflare,React
nginx/1.18.0,500,0,9038,None,Node.js
BIG-IP,403,1,8727,F5_BIG_IP,Vue
cloudflare-nginx,302,1,45901,Cloudflare,Laravel
Microsoft-IIS/10.0,500,1,12988,None,Express
nginx/1.18.0,403,1,48849,ModSecurity,Express
LiteSpeed,404,0,10517,None,ASP.NET
BIG-IP,301,1,42266,F5_BIG_IP,Laravel
AWS,403,1,19646,AWS_WAF,ASP.NET
Apache/2.4.41 (Ubuntu),200,1,6755,ModSecurity,React
Microsoft-IIS/10.0,500,1,7708,None,React
Apache/2.4.41 (Ubuntu),403,1,48914,ModSecurity,Spring_Boot
Sucuri/Cloudproxy,302,1,32628,Sucuri,React
Sucuri/Cloudproxy,302,1,8468,Sucuri,Vue
AWS,301,1,39907,AWS_WAF,Node.js
AWS,403,1,28659,AWS_WAF,Spring_Boot
nginx/1.18.0,403,1,12758,ModSecurity,Node.js
Apache/2.4.41,302,0,31004,None,React
BIG-IP,200,1,19721,F5_BIG_IP,ASP.NET
Microsoft-IIS/10.0,302,1,32377,None,Vue
Incapsula,301,1,10521,Imperva,Django
BigIP,403,1,10191,F5_BIG_IP,Django
nginx/1.18.0,302,1,35407,ModSecurity,Unknown
Sucuri/Cloudproxy,302,1,37901,Sucuri,Spring_Boot
Incapsula,302,1,43646,Imperva,Vue
BIG-IP,403,1,1843,F5_BIG_IP,React
Apache/2.4.41 (Ubuntu),403,1,37396,ModSecurity,WordPress
Sucuri/Cloudproxy,301,1,1073,Sucuri,ASP.NET
AmazonS3,403,1,42539,AWS_WAF,Node.js
Sucuri/Cloudproxy,403,1,3606,Sucuri,WordPress
cloudflare,500,1,42967,Cloudflare,Unknown
Apache/2.4.41,301,0,288,None,Vue
BigIP,403,1,18919,F5_BIG_IP,WordPress
nginx/1.18.0,404,1,38844,ModSecurity,Spring_Boot
Incapsula,301,1,45004,Imperva,Vue
Sucuri/Cloudproxy,404,1,36956,Sucuri,Django
Incapsula,200,1,22403,Imperva,Node.js
Incapsula,403,1,19914,Imperva,WordPress
nginx/1.18.0,403,1,17487,ModSecurity,React
nginx/1.18.0,403,1,10398,ModSecurity,Unknown
cloudflare,200,1,335,Cloudflare,Node.js
Apache/2.4.41 (Ubuntu),302,1,377,ModSecurity,ASP.NET
Apache/2.4.41 (Ubuntu),404,1,2467,ModSecurity,Node.js
Sucuri/Cloudproxy,301,1,12318,Sucuri,Unknown
BIG-IP,302,1,14698,F5_BIG_IP,Unknown
BIG-IP,301,1,48290,F5_BIG_IP,Django
cloudflare,404,1,48922,Cloudflare,Spring_Boot
nginx/1.18.0,301,0,17684,None,Django
cloudflare-nginx,403,1,49871,Cloudflare,Spring_Boot
CloudFront,403,1,20705,AWS_WAF,WordPress
AWS,302,1,27230,AWS_WAF,Spring_Boot
cloudflare-nginx,403,1,27343,Cloudflare,Django
Apache/2.4.41 (Ubuntu),200,1,21515,ModSecurity,React
BigIP,403,1,15997,F5_BIG_IP,Unknown
cloudflare-nginx,302,1,17716,Cloudflare,ASP.NET
Microsoft-IIS/10.0,500,0,6444,None,Node.js
Incapsula,301,1,25329,Imperva,Django
AWS,403,1,18421,AWS_WAF,Unknown
nginx/1.18.0,200,1,2624,ModSecurity,React
cloudflare-nginx,302,1,24672,Cloudflare,Laravel
Incapsula,200,1,16698,Imperva,WordPress
Incapsula,500,1,29203,Imperva,Spring_Boot
nginx/1.18.0,404,1,10630,ModSecurity,Node.js
Sucuri/Cloudproxy,403,1,28313,Sucuri,WordPress
AmazonS3,403,1,33770,AWS_WAF,WordPress
Microsoft-IIS/10.0,404,0,441,None,Express
Sucuri/Cloudproxy,403,1,25094,Sucuri,Laravel
Apache/2.4.41 (Ubuntu),403,1,36085,ModSecurity,ASP.NET
cloudflare-nginx,500,1,7875,Cloudflare,Node.js
Sucuri/Cloudproxy,403,1,48132,Sucuri,React
Incapsula,403,1,34575,Imperva,Spring_Boot
LiteSpeed,301,1,37679,None,Node.js
CloudFront,403,1,19901,AWS_WAF,Django
Incapsula,404,1,46698,Imperva,Node.js
Apache/2.4.41,301,0,8442,None,React
Incapsula,302,1,24401,Imperva,React
cloudflare-nginx,404,1,28065,Cloudflare,WordPress
CloudFront,404,1,45310,AWS_WAF,Node.js
AmazonS3,500,1,17061,AWS_WAF,React
Apache/2.4.41 (Ubuntu),403,1,8294,ModSecurity,Express
BigIP,200,1,13946,F5_BIG_IP,Laravel
nginx/1.18.0,200,1,39001,ModSecurity,ASP.NET
AWS,403,1,34039,AWS_WAF,WordPress
Incapsula,403,1,5688,Imperva,Laravel
Sucuri/Cloudproxy,302,1,37776,Sucuri,Vue
Sucuri/Cloudproxy,302,1,9416,Sucuri,Laravel
CloudFront,403,1,35791,AWS_WAF,Unknown
Incapsula,301,1,16094,Imperva,Express
Sucuri/Cloudproxy,403,1,8995,Sucuri,Unknown
Apache/2.4.41,200,1,19919,None,Vue
Apache/2.4.41,500,0,1878,None,Django
nginx/1.18.0,404,1,21720,ModSecurity,ASP.NET
Incapsula,403,1,46371,Imperva,ASP.NET
Sucuri/Cloudproxy,302,1,12910,Sucuri,Django
BigIP,403,1,22521,F5_BIG_IP,ASP.NET
cloudflare,302,1,36190,Cloudflare,Express
cloudflare,403,1,18984,Cloudflare,Vue
cloudflare,404,1,37883,Cloudflare,Vue
AWS,302,1,26290,AWS_WAF,Unknown
BigIP,403,1,27653,F5_BIG_IP,ASP.NET
BigIP,403,1,25234,F5_BIG_IP,Spring_Boot
cloudflare-nginx,302,1,22217,Cloudflare,Node.js
BigIP,200,1,22871,F5_BIG_IP,Spring_Boot
Incapsula,404,1,8695,Imperva,Express
Apache/2.4.41 (Ubuntu),404,1,17700,ModSecurity,Laravel
Incapsula,200,1,41024,Imperva,Node.js
Incapsula,403,1,35455,Imperva,Node.js
nginx/1.18.0,200,0,14281,None,Vue
Incapsula,403,1,32252,Imperva,ASP.NET
Incapsula,302,1,43048,Imperva,React
Sucuri/Cloudproxy,404,1,19503,Sucuri,Laravel
Sucuri/Cloudproxy,301,1,3723,Sucuri,Node.js
AmazonS3,403,1,36327,AWS_WAF,Node.js
Apache/2.4.41,404,1,32745,None,WordPress
nginx/1.18.0,301,1,41516,None,Laravel
nginx/1.18.0,302,1,35422,ModSecurity,Django
nginx/1.18.0,403,1,44620,ModSecurity,Django
BigIP,302,1,7083,F5_BIG_IP,Spring_Boot
AWS,403,1,11676,AWS_WAF,Vue
AmazonS3,200,1,38742,AWS_WAF,ASP.NET
cloudflare,200,1,32139,Cloudflare,Spring_Boot
cloudflare-nginx,403,1,24892,Cloudflare,WordPress
Apache/2.4.41 (Ubuntu),403,1,10357,ModSecurity,Unknown
Sucuri/Cloudproxy,403,1,42378,Sucuri,Vue
AmazonS3,404,1,10293,AWS_WAF,Spring_Boot
cloudflare,301,1,17454,Cloudflare,Unknown
Microsoft-IIS/10.0,302,0,44704,None,Express
nginx/1.18.0,200,1,31231,ModSecurity,Node.js
Sucuri/Cloudproxy,404,1,40807,Sucuri,Laravel
cloudflare,403,1,18780,Cloudflare,ASP.NET
Microsoft-IIS/10.0,302,1,49759,None,Django
cloudflare,500,1,49762,Cloudflare,Unknown
BigIP,301,1,1897,F5_BIG_IP,ASP.NET
nginx/1.18.0,200,1,19532,None,Spring_Boot
nginx/1.18.0,500,1,21931,ModSecurity,Spring_Boot
nginx/1.18.0,403,1,36278,ModSecurity,ASP.NET
cloudflare,301,1,24088,Cloudflare,WordPress
Sucuri/Cloudproxy,403,1,9271,Sucuri,Unknown
BigIP,500,1,16751,F5_BIG_IP,Node.js
Sucuri/Cloudproxy,403,1,20776,Sucuri,Express
BIG-IP,403,1,1823,F5_BIG_IP,Spring_Boot
nginx/1.18.0,500,1,37826,None,React
AmazonS3,403,1,1123,AWS_WAF,Vue
Apache/2.4.41 (Ubuntu),403,1,43708,ModSecurity,Spring_Boot
nginx/1.18.0,403,1,15956,ModSecurity,Laravel
Sucuri/Cloudproxy,404,1,48837,Sucuri,ASP.NET
Sucuri/Cloudproxy,403,1,48506,Sucuri,Express
BIG-IP,302,1,38711,F5_BIG_IP,Unknown
cloudflare-nginx,301,1,46084,Cloudflare,Express
Apache/2.4.41 (Ubuntu),403,1,14422,ModSecurity,Unknown
nginx/1.18.0,500,1,49896,ModSecurity,Unknown
nginx/1.18.0,404,1,41920,ModSecurity,Node.js
nginx/1.18.0,500,0,44889,None,Django
cloudflare-nginx,403,1,34145,Cloudflare,Express
BIG-IP,403,1,46391,F5_BIG_IP,React
Sucuri/Cloudproxy,403,1,3827,Sucuri,Node.js
LiteSpeed,302,0,48891,None,Laravel
Incapsula,200,1,40848,Imperva,ASP.NET
Apache/2.4.41,301,1,33650,None,Vue
cloudflare,404,1,33809,Cloudflare,ASP.NET
AmazonS3,403,1,49369,AWS_WAF,WordPress
AmazonS3,403,1,1046,AWS_WAF,Node.js
Incapsula,200,1,48084,Imperva,Spring_Boot
CloudFront,500,1,49626,AWS_WAF,Unknown
cloudflare,404,1,7288,Cloudflare,Unknown
AmazonS3,404,1,32397,AWS_WAF,WordPress
BIG-IP,302,1,40705,F5_BIG_IP,React
CloudFront,301,1,25880,AWS_WAF,Unknown
AmazonS3,500,1,9425,AWS_WAF,WordPress
Sucuri/Cloudproxy,500,1,28711,Sucuri,Node.js
Sucuri/Cloudproxy,500,1,43914,Sucuri,React
nginx/1.18.0,403,1,13106,ModSecurity,WordPress
Incapsula,200,1,43310,Imperva,Django
Sucuri/Cloudproxy,403,1,20242,Sucuri,Vue
Incapsula,403,1,31811,Imperva,Spring_Boot
nginx/1.18.0,302,1,38539,None,React
Microsoft-IIS/10.0,500,0,33713,None,Django
Sucuri/Cloudproxy,403,1,26386,Sucuri,WordPress
BigIP,404,1,49187,F5_BIG_IP,Spring_Boot
Incapsula,301,1,40246,Imperva,Express
AmazonS3,403,1,8194,AWS_WAF,Django
Incapsula,200,1,15883,Imperva,Vue
Sucuri/Cloudproxy,404,1,49880,Sucuri,Unknown
Incapsula,403,1,30280,Imperva,Vue
cloudflare,403,1,39534,Cloudflare,Spring_Boot
LiteSpeed,301,0,28802,None,Django
AmazonS3,404,1,7635,AWS_WAF,Unknown
Microsoft-IIS/10.0,404,0,17010,None,Django
cloudflare,302,1,45468,Cloudflare,ASP.NET
BIG-IP,500,1,27919,F5_BIG_IP,ASP.NET
CloudFront,301,1,28894,AWS_WAF,WordPress
Incapsula,302,1,32418,Imperva,React
Sucuri/Cloudproxy,403,1,13315,Sucuri,ASP.NET
Microsoft-IIS/10.0,302,0,29249,None,ASP.NET
Incapsula,403,1,35638,Imperva,Django
Incapsula,302,1,25493,Imperva,Express
Apache/2.4.41 (Ubuntu),500,1,16922,ModSecurity,Laravel
cloudflare-nginx,500,1,5066,Cloudflare,Vue
cloudflare,200,1,17851,Cloudflare,Express
Apache/2.4.41 (Ubuntu),404,1,17595,ModSecurity,Spring_Boot
AmazonS3,403,1,28786,AWS_WAF,Vue
nginx/1.18.0,403,1,8961,ModSecurity,Spring_Boot
Sucuri/Cloudproxy,500,1,2874,Sucuri,Unknown
AmazonS3,404,1,31341,AWS_WAF,ASP.NET
BigIP,301,1,8250,F5_BIG_IP,Spring_Boot
Incapsula,302,1,23345,Imperva,Unknown
Apache/2.4.41 (Ubuntu),302,1,18960,ModSecurity,Node.js
nginx/1.18.0,404,0,27950,None,ASP.NET
Microsoft-IIS/10.0,500,0,26997,None,ASP.NET
AmazonS3,302,1,37727,AWS_WAF,ASP.NET
Microsoft-IIS/10.0,200,0,33725,None,ASP.NET
nginx/1.18.0,302,1,20748,ModSecurity,React
BIG-IP,403,1,34579,F5_BIG_IP,Spring_Boot
Apache/2.4.41 (Ubuntu),403,1,41007,ModSecurity,Spring_Boot
cloudflare,302,1,26370,Cloudflare,ASP.NET
AWS,403,1,447,AWS_WAF,ASP.NET
AmazonS3,403,1,29882,AWS_WAF,Express
cloudflare-nginx,403,1,13064,Cloudflare,ASP.NET
cloudflare,403,1,17341,Cloudflare,Spring_Boot
CloudFront,403,1,34932,AWS_WAF,Spring_Boot
BIG-IP,302,1,22628,F5_BIG_IP,Laravel
Sucuri/Cloudproxy,403,1,20912,Sucuri,Express
nginx/1.18.0,500,1,41584,ModSecurity,Django
cloudflare,403,1,6455,Cloudflare,Vue
nginx/1.18.0,403,1,34841,ModSecurity,Express
CloudFront,404,1,31518,AWS_WAF,WordPress
nginx/1.18.0,200,0,13722,None,Vue
nginx/1.18.0,404,1,41621,ModSecurity,Unknown
CloudFront,302,1,23094,AWS_WAF,Django
nginx/1.18.0,404,1,36685,ModSecurity,Node.js
cloudflare,301,1,29577,Cloudflare,Unknown
cloudflare-nginx,403,1,35843,Cloudflare,Express
Incapsula,403,1,27918,Imperva,Django
BIG-IP,403,1,39497,F5_BIG_IP,WordPress
nginx/1.18.0,200,0,41178,None,Node.js
Incapsula,403,1,33238,Imperva,Express
CloudFront,403,1,29503,AWS_WAF,Express
Sucuri/Cloudproxy,302,1,6024,Sucuri,Node.js
Sucuri/Cloudproxy,301,1,7515,Sucuri,Express
cloudflare,500,1,16466,Cloudflare,ASP.NET
Incapsula,403,1,29066,Imperva,Node.js
nginx/1.18.0,301,0,9106,None,Express
AmazonS3,500,1,23978,AWS_WAF,ASP.NET
Sucuri/Cloudproxy,403,1,15598,Sucuri,Express
BIG-IP,404,1,5585,F5_BIG_IP,Spring_Boot
Sucuri/Cloudproxy,403,1,25122,Sucuri,Laravel
cloudflare-nginx,301,1,29001,Cloudflare,Vue
Microsoft-IIS/10.0,404,0,2733,None,React
BigIP,200,1,46415,F5_BIG_IP,Laravel
AmazonS3,403,1,33637,AWS_WAF,Unknown
CloudFront,404,1,37417,AWS_WAF,ASP.NET
Incapsula,302,1,14790,Imperva,Vue
Incapsula,403,1,8971,Imperva,WordPress
BigIP,302,1,10009,F5_BIG_IP,Node.js
BIG-IP,200,1,36039,F5_BIG_IP,Express
Incapsula,302,1,15912,Imperva,Express
BIG-IP,404,1,49126,F5_BIG_IP,Unknown
Incapsula,403,1,35708,Imperva,Vue
AWS,403,1,25096,AWS_WAF,WordPress
cloudflare,403,1,24463,Cloudflare,Express
nginx/1.18.0,403,1,21883,ModSecurity,React
Microsoft-IIS/10.0,200,1,47646,None,Vue
cloudflare-nginx,403,1,21547,Cloudflare,ASP.NET
LiteSpeed,500,1,15142,None,Django
BIG-IP,403,1,43291,F5_BIG_IP,Vue
AWS,302,1,9621,AWS_WAF,Express
Apache/2.4.41,404,1,3478,None,Vue
nginx/1.18.0,302,0,42325,None,Express
cloudflare-nginx,403,1,43933,Cloudflare,Node.js
cloudflare,302,1,13923,Cloudflare,Spring_Boot
Incapsula,500,1,41647,Imperva,Vue
LiteSpeed,404,0,44435,None,Unknown
cloudflare,403,1,3963,Cloudflare,Vue
Incapsula,500,1,15386,Imperva,Express
cloudflare-nginx,200,1,21740,Cloudflare,Laravel
Sucuri/Cloudproxy,301,1,4832,Sucuri,Django
Sucuri/Cloudproxy,404,1,41286,Sucuri,WordPress
BIG-IP,403,1,38192,F5_BIG_IP,WordPress
LiteSpeed,200,0,33238,None,Node.js
Sucuri/Cloudproxy,403,1,29480,Sucuri,Vue
Apache/2.4.41 (Ubuntu),500,1,42212,ModSecurity,Django
Incapsula,404,1,20733,Imperva,WordPress
cloudflare,302,1,32941,Cloudflare,Node.js
cloudflare,403,1,43202,Cloudflare,Node.js
nginx/1.18.0,301,1,32988,ModSecurity,Laravel
nginx/1.18.0,302,1,43596,ModSecurity,Vue
Incapsula,200,1,20231,Imperva,Express
AWS,403,1,24584,AWS_WAF,WordPress
AmazonS3,403,1,29525,AWS_WAF,ASP.NET
BigIP,403,1,3484,F5_BIG_IP,Spring_Boot
Sucuri/Cloudproxy,302,1,28218,Sucuri,Spring_Boot
Apache/2.4.41,301,0,35845,None,Django
Sucuri/Cloudproxy,403,1,19705,Sucuri,Django
cloudflare,403,1,45638,Cloudflare,Laravel
BigIP,301,1,607,F5_BIG_IP,Spring_Boot
AmazonS3,403,1,43585,AWS_WAF,Express
nginx/1.18.0,403,1,26726,ModSecurity,WordPress
cloudflare,404,1,26744,Cloudflare,ASP.NET
BigIP,403,1,7674,F5_BIG_IP,WordPress
Incapsula,500,1,8261,Imperva,Vue
Sucuri/Cloudproxy,404,1,28144,Sucuri,ASP.NET
cloudflare,404,1,25216,Cloudflare,Express
Apache/2.4.41 (Ubuntu),403,1,8051,ModSecurity,Laravel
Incapsula,403,1,18307,Imperva,Node.js
cloudflare,500,1,29074,Cloudflare,ASP.NET
cloudflare,200,1,36270,Cloudflare,Express
cloudflare,404,1,23940,Cloudflare,Vue
Incapsula,500,1,40512,Imperva,ASP.NET
Sucuri/Cloudproxy,403,1,277,Sucuri,Django
Sucuri/Cloudproxy,404,1,34083,Sucuri,Laravel
nginx/1.18.0,500,0,882,None,Express
nginx/1.18.0,200,0,12986,None,Node.js
BIG-IP,301,1,18939,F5_BIG_IP,ASP.NET
nginx/1.18.0,302,1,26791,ModSecurity,React
cloudflare,500,1,6252,Cloudflare,Express
BIG-IP,200,1,22914,F5_BIG_IP,Django
Incapsula,403,1,28575,Imperva,Spring_Boot
Incapsula,301,1,13683,Imperva,Express
CloudFront,404,1,30778,AWS_WAF,Laravel
nginx/1.18.0,301,1,21207,ModSecurity,Laravel
Sucuri/Cloudproxy,302,1,28573,Sucuri,React
Incapsula,200,1,13618,Imperva,Vue
BigIP,403,1,35284,F5_BIG_IP,Laravel
AWS,404,1,28377,AWS_WAF,Django
CloudFront,500,1,27669,AWS_WAF,Spring_Boot
cloudflare,301,1,3216,Cloudflare,ASP.NET
Sucuri/Cloudproxy,404,1,28992,Sucuri,React
AmazonS3,301,1,32051,AWS_WAF,WordPress
nginx/1.18.0,404,1,27546,None,Vue
BIG-IP,404,1,49072,F5_BIG_IP,React
Apache/2.4.41 (Ubuntu),302,1,32510,ModSecurity,Laravel
AmazonS3,403,1,8369,AWS_WAF,Laravel
Microsoft-IIS/10.0,302,0,39906,None,Node.js
BIG-IP,403,1,41591,F5_BIG_IP,Unknown
LiteSpeed,301,0,6612,None,Express
Sucuri/Cloudproxy,403,1,39908,Sucuri,Unknown
Sucuri/Cloudproxy,403,1,11630,Sucuri,Unknown
nginx/1.18.0,404,1,6512,ModSecurity,Express
BigIP,403,1,41180,F5_BIG_IP,Node.js
cloudflare,200,1,34298,Cloudflare,Vue
nginx/1.18.0,301,1,32852,None,WordPress
Incapsula,301,1,33092,Imperva,React
Apache/2.4.41 (Ubuntu),302,1,11114,ModSecurity,Spring_Boot
Sucuri/Cloudproxy,403,1,26183,Sucuri,Vue
nginx/1.18.0,404,0,1522,None,React
AmazonS3,302,1,41010,AWS_WAF,Spring_Boot
BIG-IP,500,1,10307,F5_BIG_IP,ASP.NET
AWS,301,1,35377,AWS_WAF,Vue
BigIP,403,1,2839,F5_BIG_IP,Django
Apache/2.4.41 (Ubuntu),403,1,42454,ModSecurity,Node.js
cloudflare-nginx,302,1,14986,Cloudflare,Spring_Boot
Incapsula,500,1,49158,Imperva,Unknown
Incapsula,200,1,2565,Imperva,ASP.NET
BIG-IP,403,1,38757,F5_BIG_IP,ASP.NET
Apache/2.4.41 (Ubuntu),404,1,22777,ModSecurity,Node.js
Incapsula,403,1,2696,Imperva,ASP.NET
AmazonS3,404,1,30222,AWS_WAF,ASP.NET
LiteSpeed,500,0,41850,None,Express
Apache/2.4.41 (Ubuntu),301,1,27821,ModSecurity,Unknown
Incapsula,404,1,13136,Imperva,Laravel
cloudflare,404,1,2335,Cloudflare,Unknown
AWS,302,1,21361,AWS_WAF,WordPress
BIG-IP,500,1,20297,F5_BIG_IP,WordPress
Sucuri/Cloudproxy,302,1,20099,Sucuri,ASP.NET
cloudflare-nginx,500,1,39754,Cloudflare,Vue
Incapsula,403,1,16908,Imperva,ASP.NET
BIG-IP,403,1,35038,F5_BIG_IP,Express
nginx/1.18.0,302,1,44335,ModSecurity,Django
Incapsula,403,1,5571,Imperva,Laravel
AmazonS3,302,1,1599,AWS_WAF,Unknown
Sucuri/Cloudproxy,200,1,46847,Sucuri,Unknown
Sucuri/Cloudproxy,403,1,4465,Sucuri,ASP.NET
Apache/2.4.41,301,0,22789,None,Spring_Boot
nginx/1.18.0,200,0,10667,None,Laravel
Sucuri/Cloudproxy,403,1,13550,Sucuri,Unknown
cloudflare,403,1,34540,Cloudflare,Spring_Boot
cloudflare-nginx,403,1,22984,Cloudflare,Laravel
Sucuri/Cloudproxy,200,1,30695,Sucuri,Spring_Boot
Incapsula,404,1,9851,Imperva,Unknown
nginx/1.18.0,403,1,39835,ModSecurity,Laravel
AWS,500,1,18703,AWS_WAF,Spring_Boot
BigIP,302,1,7584,F5_BIG_IP,Spring_Boot
nginx/1.18.0,302,0,23458,None,WordPress
cloudflare-nginx,301,1,40983,Cloudflare,Django
Sucuri/Cloudproxy,403,1,25951,Sucuri,WordPress
BigIP,403,1,25460,F5_BIG_IP,Vue
Microsoft-IIS/10.0,302,1,49570,None,WordPress
Apache/2.4.41,500,1,15923,None,Django
BIG-IP,404,1,21996,F5_BIG_IP,Laravel
BIG-IP,403,1,32649,F5_BIG_IP,WordPress
Incapsula,403,1,14616,Imperva,Express
CloudFront,200,1,9113,AWS_WAF,Spring_Boot
AWS,403,1,32149,AWS_WAF,Spring_Boot
BigIP,403,1,5522,F5_BIG_IP,Django
cloudflare,500,1,31384,Cloudflare,Laravel
Apache/2.4.41 (Ubuntu),200,1,45132,ModSecurity,Spring_Boot
cloudflare,302,1,4577,Cloudflare,Vue
BIG-IP,404,1,7342,F5_BIG_IP,WordPress
Incapsula,403,1,42161,Imperva,Laravel
cloudflare,403,1,13591,Cloudflare,React
cloudflare,200,1,289,Cloudflare,Express
Apache/2.4.41,200,0,26595,None,Node.js
Incapsula,500,1,3185,Imperva,WordPress
cloudflare,302,1,39323,Cloudflare,ASP.NET
LiteSpeed,404,0,15455,None,Django
Microsoft-IIS/10.0,302,1,40947,None,WordPress
cloudflare,302,1,21916,Cloudflare,Django
AmazonS3,500,1,34607,AWS_WAF,WordPress
AWS,404,1,44116,AWS_WAF,React
BIG-IP,404,1,33124,F5_BIG_IP,ASP.NET
Incapsula,404,1,5948,Imperva,Laravel
Incapsula,200,1,18555,Imperva,Node.js
Sucuri/Cloudproxy,302,1,13040,Sucuri,Spring_Boot
BIG-IP,500,1,19189,F5_BIG_IP,Node.js
nginx/1.18.0,200,1,8829,ModSecurity,Laravel
BigIP,403,1,8205,F5_BIG_IP,Laravel
BigIP,403,1,45135,F5_BIG_IP,Express
cloudflare,200,1,45635,Cloudflare,React
LiteSpeed,404,0,4660,None,Django
cloudflare-nginx,301,1,6550,Cloudflare,Spring_Boot
nginx/1.18.0,500,1,26151,ModSecurity,Vue
Incapsula,403,1,28048,Imperva,WordPress
cloudflare-nginx,403,1,31436,Cloudflare,Express
Sucuri/Cloudproxy,200,1,7249,Sucuri,ASP.NET
Sucuri/Cloudproxy,302,1,11794,Sucuri,Laravel
Sucuri/Cloudproxy,200,1,6455,Sucuri,Express
BIG-IP,403,1,35205,F5_BIG_IP,ASP.NET
nginx/1.18.0,200,1,7503,ModSecurity,WordPress
BIG-IP,403,1,38369,F5_BIG_IP,React
nginx/1.18.0,403,1,37383,ModSecurity,Vue
Sucuri/Cloudproxy,403,1,14880,Sucuri,Django
AmazonS3,403,1,44997,AWS_WAF,ASP.NET
AWS,200,1,28135,AWS_WAF,Node.js
Apache/2.4.41 (Ubuntu),403,1,38349,ModSecurity,Vue
nginx/1.18.0,301,1,39801,ModSecurity,Spring_Boot
nginx/1.18.0,200,1,8108,ModSecurity,Laravel
BIG-IP,301,1,30548,F5_BIG_IP,Vue
AWS,200,1,33303,AWS_WAF,React
cloudflare,404,1,37046,Cloudflare,Node.js
AWS,404,1,46183,AWS_WAF,Unknown
AmazonS3,301,1,884,AWS_WAF,WordPress
cloudflare-nginx,301,1,39008,Cloudflare,Node.js
Incapsula,404,1,7214,Imperva,Django
AmazonS3,302,1,2563,AWS_WAF,Node.js
LiteSpeed,302,0,26544,None,Spring_Boot
cloudflare-nginx,403,1,24956,Cloudflare,ASP.NET
AWS,302,1,5756,AWS_WAF,React
nginx/1.18.0,404,1,23142,ModSecurity,ASP.NET
Sucuri/Cloudproxy,403,1,9629,Sucuri,Unknown
cloudflare-nginx,403,1,37435,Cloudflare,Unknown
BigIP,500,1,10162,F5_BIG_IP,Laravel
Apache/2.4.41 (Ubuntu),200,1,13611,ModSecurity,Vue
CloudFront,403,1,45177,AWS_WAF,Laravel
AmazonS3,500,1,29046,AWS_WAF,Django
nginx/1.18.0,404,1,19639,None,ASP.NET
BIG-IP,301,1,9787,F5_BIG_IP,Unknown
AWS,404,1,38971,AWS_WAF,React
cloudflare,200,1,40744,Cloudflare,Express
cloudflare,200,1,48935,Cloudflare,Laravel
Sucuri/Cloudproxy,200,1,41580,Sucuri,Laravel
BigIP,404,1,34850,F5_BIG_IP,Node.js
BIG-IP,200,1,7565,F5_BIG_IP,Unknown
cloudflare,403,1,1324,Cloudflare,Spring_Boot
cloudflare,404,1,45507,Cloudflare,Node.js
BIG-IP,404,1,45839,F5_BIG_IP,ASP.NET
Microsoft-IIS/10.0,302,0,12182,None,React
Apache/2.4.41 (Ubuntu),403,1,10324,ModSecurity,Django
nginx/1.18.0,403,1,26293,ModSecurity,React
AWS,403,1,3099,AWS_WAF,Node.js
BIG-IP,200,1,35760,F5_BIG_IP,Spring_Boot
Incapsula,200,1,23245,Imperva,Django
cloudflare-nginx,500,1,14002,Cloudflare,React
Incapsula,403,1,13437,Imperva,React
Sucuri/Cloudproxy,403,1,18022,Sucuri,React
cloudflare-nginx,403,1,39637,Cloudflare,Unknown
Microsoft-IIS/10.0,302,0,40697,None,Spring_Boot
Apache/2.4.41,200,1,21114,None,Django
Sucuri/Cloudproxy,301,1,16584,Sucuri,Spring_Boot
Sucuri/Cloudproxy,404,1,48705,Sucuri,Unknown
Incapsula,403,1,12329,Imperva,WordPress
Sucuri/Cloudproxy,404,1,17137,Sucuri,Unknown
Microsoft-IIS/10.0,500,0,4019,None,Express
cloudflare,500,1,19779,Cloudflare,Express
AWS,403,1,27279,AWS_WAF,Django
Sucuri/Cloudproxy,403,1,27302,Sucuri,Node.js
cloudflare,403,1,41034,Cloudflare,Spring_Boot
AWS,403,1,8584,AWS_WAF,React
cloudflare,403,1,14777,Cloudflare,Laravel
BigIP,403,1,9422,F5_BIG_IP,Express
cloudflare-nginx,302,1,45220,Cloudflare,Express
Apache/2.4.41,404,1,35333,None,Unknown
Sucuri/Cloudproxy,301,1,28673,Sucuri,Unknown
AmazonS3,403,1,43114,AWS_WAF,Node.js
BIG-IP,403,1,31863,F5_BIG_IP,Vue
Sucuri/Cloudproxy,302,1,32870,Sucuri,Vue
LiteSpeed,200,0,45202,None,ASP.NET
LiteSpeed,301,0,27336,None,WordPress
cloudflare,301,1,40859,Cloudflare,WordPress
AWS,200,1,4149,AWS_WAF,Express
LiteSpeed,302,1,33104,None,Vue
CloudFront,404,1,46529,AWS_WAF,Laravel
Incapsula,500,1,34815,Imperva,WordPress
AWS,500,1,4062,AWS_WAF,Vue
nginx/1.18.0,302,1,46347,ModSecurity,Vue
BigIP,302,1,16191,F5_BIG_IP,Vue
Apache/2.4.41 (Ubuntu),200,1,25443,ModSecurity,React
Incapsula,404,1,8019,Imperva,Node.js
BigIP,302,1,33690,F5_BIG_IP,ASP.NET
cloudflare-nginx,403,1,34099,Cloudflare,React
Sucuri/Cloudproxy,404,1,35829,Sucuri,Django
BigIP,403,1,30745,F5_BIG_IP,React
cloudflare,403,1,3269,Cloudflare,Vue
Apache/2.4.41 (Ubuntu),301,1,49066,ModSecurity,WordPress
Sucuri/Cloudproxy,301,1,34562,Sucuri,Django
Sucuri/Cloudproxy,403,1,47503,Sucuri,Vue
CloudFront,404,1,47011,AWS_WAF,Vue
Sucuri/Cloudproxy,403,1,20568,Sucuri,Spring_Boot
BigIP,404,1,14625,F5_BIG_IP,Vue
Apache/2.4.41,200,1,41913,None,Django
Sucuri/Cloudproxy,200,1,9993,Sucuri,Express
Microsoft-IIS/10.0,301,0,44362,None,Vue
cloudflare,403,1,13043,Cloudflare,Vue
BigIP,403,1,49720,F5_BIG_IP,Express
cloudflare-nginx,404,1,19379,Cloudflare,Node.js
nginx/1.18.0,302,0,32873,None,Node.js
nginx/1.18.0,302,1,28410,ModSecurity,Laravel
AWS,500,1,43626,AWS_WAF,Express
AmazonS3,302,1,6371,AWS_WAF,Express
Incapsula,200,1,8292,Imperva,Spring_Boot
Incapsula,404,1,34280,Imperva,Express
AWS,302,1,33423,AWS_WAF,ASP.NET
cloudflare-nginx,403,1,9254,Cloudflare,Node.js
Incapsula,302,1,22292,Imperva,Vue
BigIP,403,1,26425,F5_BIG_IP,Django
BIG-IP,403,1,38270,F5_BIG_IP,React
nginx/1.18.0,404,0,8273,None,Django
AmazonS3,200,1,36859,AWS_WAF,Express
nginx/1.18.0,500,1,41087,ModSecurity,Laravel
Sucuri/Cloudproxy,302,1,30153,Sucuri,Node.js
nginx/1.18.0,404,1,22985,None,Node.js
LiteSpeed,200,0,2342,None,Laravel
Incapsula,302,1,33277,Imperva,Express
Apache/2.4.41,200,1,45153,None,Node.js
cloudflare,403,1,8787,Cloudflare,ASP.NET
cloudflare,500,1,27739,Cloudflare,React
AmazonS3,403,1,16614,AWS_WAF,Vue
AWS,403,1,49840,AWS_WAF,ASP.NET
AmazonS3,403,1,37418,AWS_WAF,React
BIG-IP,301,1,3967,F5_BIG_IP,Spring_Boot
nginx/1.18.0,500,1,19542,ModSecurity,Unknown
Sucuri/Cloudproxy,403,1,43724,Sucuri,Spring_Boot
CloudFront,403,1,5970,AWS_WAF,Vue
Incapsula,403,1,47529,Imperva,Express
BIG-IP,403,1,5517,F5_BIG_IP,Express
Apache/2.4.41 (Ubuntu),200,1,17437,ModSecurity,Express
Apache/2.4.41 (Ubuntu),302,1,11256,ModSecurity,React
cloudflare-nginx,200,1,30713,Cloudflare,Vue
Sucuri/Cloudproxy,403,1,950,Sucuri,Node.js
nginx/1.18.0,403,1,41034,ModSecurity,WordPress
nginx/1.18.0,200,1,16438,ModSecurity,Spring_Boot
LiteSpeed,404,0,37790,None,Spring_Boot
Incapsula,500,1,4223,Imperva,React
Incapsula,500,1,32264,Imperva,Vue
Sucuri/Cloudproxy,302,1,32931,Sucuri,Django
BigIP,403,1,2657,F5_BIG_IP,ASP.NET
nginx/1.18.0,404,1,25208,None,Spring_Boot
Apache/2.4.41 (Ubuntu),403,1,19752,ModSecurity,React
nginx/1.18.0,404,0,8709,None,Unknown
AWS,403,1,24244,AWS_WAF,Laravel
BIG-IP,403,1,25437,F5_BIG_IP,Laravel
cloudflare,500,1,5168,Cloudflare,ASP.NET
cloudflare-nginx,404,1,9956,Cloudflare,WordPress
nginx/1.18.0,403,1,27835,ModSecurity,Unknown
BIG-IP,302,1,41476,F5_BIG_IP,Vue
Incapsula,301,1,41182,Imperva,Laravel
Microsoft-IIS/10.0,302,1,9820,None,Laravel
Apache/2.4.41,404,1,25225,None,ASP.NET
LiteSpeed,200,0,19573,None,Unknown
nginx/1.18.0,301,1,28770,ModSecurity,Vue
Sucuri/Cloudproxy,403,1,11864,Sucuri,Vue
cloudflare-nginx,403,1,15542,Cloudflare,React
Incapsula,302,1,41806,Imperva,ASP.NET
BIG-IP,500,1,25353,F5_BIG_IP,Unknown
Apache/2.4.41 (Ubuntu),403,1,48219,ModSecurity,WordPress
Incapsula,302,1,27114,Imperva,Laravel
BigIP,403,1,49834,F5_BIG_IP,React
Apache/2.4.41,404,0,13327,None,WordPress
LiteSpeed,200,0,26879,None,Django
Sucuri/Cloudproxy,200,1,46613,Sucuri,Spring_Boot
Incapsula,403,1,29083,Imperva,Laravel
Incapsula,500,1,13271,Imperva,ASP.NET
Apache/2.4.41,404,1,39049,None,Spring_Boot
BigIP,301,1,10261,F5_BIG_IP,Spring_Boot
Sucuri/Cloudproxy,403,1,18634,Sucuri,Laravel
Microsoft-IIS/10.0,404,0,27062,None,Django
CloudFront,302,1,39164,AWS_WAF,WordPress
Sucuri/Cloudproxy,302,1,46137,Sucuri,Django
Sucuri/Cloudproxy,403,1,17415,Sucuri,Express
BIG-IP,500,1,28314,F5_BIG_IP,Unknown
Incapsula,301,1,40490,Imperva,WordPress
Apache/2.4.41 (Ubuntu),404,1,44605,ModSecurity,Django
Incapsula,403,1,47178,Imperva,Vue
Sucuri/Cloudproxy,500,1,33035,Sucuri,React
Sucuri/Cloudproxy,301,1,42153,Sucuri,React
AmazonS3,500,1,8180,AWS_WAF,ASP.NET
LiteSpeed,200,0,9138,None,ASP.NET
nginx/1.18.0,500,1,8025,ModSecurity,WordPress
nginx/1.18.0,302,0,44626,None,ASP.NET
cloudflare,403,1,24265,Cloudflare,ASP.NET
cloudflare,403,1,23261,Cloudflare,WordPress
Sucuri/Cloudproxy,200,1,3757,Sucuri,Spring_Boot
Sucuri/Cloudproxy,200,1,27709,Sucuri,Laravel
cloudflare,301,1,31169,Cloudflare,Laravel
Incapsula,404,1,8728,Imperva,Express
Sucuri/Cloudproxy,200,1,12765,Sucuri,Express
BigIP,200,1,40118,F5_BIG_IP,Express
Apache/2.4.41 (Ubuntu),302,1,11111,ModSecurity,ASP.NET
AmazonS3,403,1,44648,AWS_WAF,Laravel
nginx/1.18.0,403,1,15755,ModSecurity,Spring_Boot
cloudflare-nginx,403,1,15376,Cloudflare,Laravel
Incapsula,301,1,42599,Imperva,Spring_Boot
Incapsula,403,1,26655,Imperva,Express
Incapsula,302,1,45236,Imperva,Node.js
nginx/1.18.0,301,1,39579,ModSecurity,Vue
BIG-IP,200,1,39208,F5_BIG_IP,Spring_Boot
AWS,200,1,39362,AWS_WAF,Vue
Sucuri/Cloudproxy,403,1,47068,Sucuri,Spring_Boot
Incapsula,403,1,3779,Imperva,WordPress
BIG-IP,302,1,21432,F5_BIG_IP,ASP.NET
BigIP,200,1,32932,F5_BIG_IP,Vue
BigIP,403,1,717,F5_BIG_IP,WordPress
AmazonS3,403,1,27211,AWS_WAF,Unknown
nginx/1.18.0,500,1,13752,ModSecurity,WordPress
cloudflare-nginx,404,1,19344,Cloudflare,Express
AWS,500,1,29754,AWS_WAF,WordPress
Apache/2.4.41 (Ubuntu),301,1,37626,ModSecurity,WordPress
BIG-IP,404,1,20279,F5_BIG_IP,WordPress
Incapsula,404,1,29237,Imperva,Spring_Boot
LiteSpeed,200,1,26106,None,WordPress
BIG-IP,403,1,44188,F5_BIG_IP,Django
Apache/2.4.41 (Ubuntu),404,1,13096,ModSecurity,Spring_Boot
Apache/2.4.41 (Ubuntu),301,1,8610,ModSecurity,React
Microsoft-IIS/10.0,500,0,49097,None,React
nginx/1.18.0,403,1,45610,ModSecurity,Node.js
BIG-IP,500,1,12571,F5_BIG_IP,Spring_Boot
Sucuri/Cloudproxy,403,1,42869,Sucuri,Spring_Boot
BIG-IP,403,1,13527,F5_BIG_IP,Spring_Boot
BigIP,500,1,16116,F5_BIG_IP,Vue
AWS,200,1,27704,AWS_WAF,React
CloudFront,403,1,18688,AWS_WAF,ASP.NET
BigIP,302,1,23727,F5_BIG_IP,Vue
CloudFront,403,1,24880,AWS_WAF,Unknown
Incapsula,302,1,21036,Imperva,Express
Sucuri/Cloudproxy,404,1,49005,Sucuri,Spring_Boot
Apache/2.4.41 (Ubuntu),403,1,38593,ModSecurity,WordPress
LiteSpeed,302,0,24144,None,Django
Sucuri/Cloudproxy,404,1,16130,Sucuri,Node.js
BIG-IP,302,1,36916,F5_BIG_IP,Django
Apache/2.4.41 (Ubuntu),404,1,12137,ModSecurity,Express
Sucuri/Cloudproxy,403,1,9106,Sucuri,Node.js
AmazonS3,500,1,12199,AWS_WAF,Django
Sucuri/Cloudproxy,403,1,3891,Sucuri,Spring_Boot
AmazonS3,200,1,34125,AWS_WAF,Spring_Boot
Sucuri/Cloudproxy,403,1,6331,Sucuri,Unknown
Apache/2.4.41 (Ubuntu),500,1,9752,ModSecurity,ASP.NET
BigIP,301,1,3884,F5_BIG_IP,WordPress
Microsoft-IIS/10.0,301,1,37934,None,WordPress
BIG-IP,403,1,28605,F5_BIG_IP,WordPress
nginx/1.18.0,500,0,4929,None,Vue
Apache/2.4.41 (Ubuntu),404,1,49054,ModSecurity,WordPress
CloudFront,404,1,3593,AWS_WAF,Laravel
cloudflare,500,1,27884,Cloudflare,Vue
Apache/2.4.41,404,0,26887,None,React
nginx/1.18.0,500,0,8586,None,Vue
Sucuri/Cloudproxy,301,1,4028,Sucuri,Express
Incapsula,302,1,11554,Imperva,ASP.NET
Incapsula,200,1,49132,Imperva,Node.js
BIG-IP,404,1,44980,F5_BIG_IP,React
Apache/2.4.41,500,1,7717,None,Express
Sucuri/Cloudproxy,302,1,628,Sucuri,Node.js
Incapsula,302,1,12743,Imperva,React
cloudflare,301,1,45628,Cloudflare,React
AWS,403,1,46512,AWS_WAF,ASP.NET
cloudflare,403,1,11743,Cloudflare,Spring_Boot
BIG-IP,302,1,41914,F5_BIG_IP,Unknown
cloudflare-nginx,200,1,8450,Cloudflare,Node.js
LiteSpeed,404,1,9422,None,React
AmazonS3,404,1,21968,AWS_WAF,ASP.NET
BigIP,404,1,19533,F5_BIG_IP,Laravel
AmazonS3,301,1,13508,AWS_WAF,React
AmazonS3,403,1,7117,AWS_WAF,Spring_Boot
Incapsula,200,1,15643,Imperva,Express
nginx/1.18.0,404,0,44674,None,Laravel
Incapsula,301,1,29626,Imperva,Spring_Boot
Apache/2.4.41,302,0,34979,None,Node.js
AmazonS3,500,1,33911,AWS_WAF,Node.js
Apache/2.4.41 (Ubuntu),200,1,42535,ModSecurity,Django
Microsoft-IIS/10.0,301,0,37154,None,Express
BigIP,302,1,30527,F5_BIG_IP,Unknown
Incapsula,500,1,42734,Imperva,WordPress
Microsoft-IIS/10.0,500,0,18005,None,ASP.NET
Microsoft-IIS/10.0,301,1,6552,None,Express
Apache/2.4.41 (Ubuntu),301,1,31175,ModSecurity,Laravel
Sucuri/Cloudproxy,200,1,27479,Sucuri,React
LiteSpeed,404,0,7723,None,Node.js
nginx/1.18.0,302,1,26799,ModSecurity,Spring_Boot
cloudflare,301,1,48594,Cloudflare,Node.js
Incapsula,403,1,49912,Imperva,ASP.NET
Apache/2.4.41 (Ubuntu),403,1,10338,ModSecurity,Vue
AWS,301,1,21428,AWS_WAF,Django
nginx/1.18.0,500,1,48775,ModSecurity,WordPress
Sucuri/Cloudproxy,403,1,29171,Sucuri,Node.js
BIG-IP,403,1,3089,F5_BIG_IP,React
Incapsula,500,1,47592,Imperva,Django
nginx/1.18.0,404,1,16664,ModSecurity,Vue
cloudflare-nginx,200,1,46046,Cloudflare,Express
cloudflare-nginx,301,1,46820,Cloudflare,Node.js
Sucuri/Cloudproxy,403,1,46717,Sucuri,Express
LiteSpeed,200,1,7918,None,Django
AmazonS3,200,1,29184,AWS_WAF,Spring_Boot
Incapsula,200,1,29990,Imperva,Express
Incapsula,403,1,2493,Imperva,Laravel
AWS,403,1,11835,AWS_WAF,Django
BIG-IP,403,1,35217,F5_BIG_IP,Vue
cloudflare-nginx,403,1,38175,Cloudflare,ASP.NET
AWS,404,1,45881,AWS_WAF,ASP.NET
cloudflare,301,1,49363,Cloudflare,Django
nginx/1.18.0,403,1,35609,ModSecurity,Express
Sucuri/Cloudproxy,403,1,20188,Sucuri,Express
Apache/2.4.41 (Ubuntu),403,1,48702,ModSecurity,ASP.NET
cloudflare,200,1,9580,Cloudflare,React
AWS,403,1,32329,AWS_WAF,Django
Incapsula,200,1,10371,Imperva,Express
Sucuri/Cloudproxy,301,1,6547,Sucuri,Unknown
cloudflare-nginx,302,1,32656,Cloudflare,Unknown
nginx/1.18.0,403,1,15630,ModSecurity,Express
AmazonS3,403,1,38860,AWS_WAF,ASP.NET
Incapsula,301,1,47534,Imperva,Django
BIG-IP,200,1,23920,F5_BIG_IP,Spring_Boot
CloudFront,403,1,8081,AWS_WAF,Vue
AWS,200,1,24871,AWS_WAF,React
Incapsula,403,1,24530,Imperva,Laravel
nginx/1.18.0,200,1,47825,None,Spring_Boot
BIG-IP,403,1,13695,F5_BIG_IP,Express
cloudflare-nginx,302,1,17236,Cloudflare,Laravel
cloudflare,301,1,33922,Cloudflare,Spring_Boot
LiteSpeed,301,0,12028,None,Laravel
CloudFront,301,1,34688,AWS_WAF,Spring_Boot
BIG-IP,302,1,8976,F5_BIG_IP,Laravel
AmazonS3,200,1,27291,AWS_WAF,Unknown
Apache/2.4.41,301,0,6120,None,Laravel
cloudflare,403,1,31146,Cloudflare,Vue
BIG-IP,403,1,42905,F5_BIG_IP,Vue
AWS,200,1,2135,AWS_WAF,Unknown
Sucuri/Cloudproxy,500,1,10341,Sucuri,WordPress
BigIP,403,1,15939,F5_BIG_IP,React
Sucuri/Cloudproxy,403,1,12782,Sucuri,Vue
nginx/1.18.0,403,1,21912,ModSecurity,Unknown
AmazonS3,404,1,7561,AWS_WAF,Laravel
Sucuri/Cloudproxy,200,1,40351,Sucuri,ASP.NET
Sucuri/Cloudproxy,403,1,14503,Sucuri,Laravel
Sucuri/Cloudproxy,301,1,41722,Sucuri,WordPress
AmazonS3,200,1,9534,AWS_WAF,ASP.NET
Microsoft-IIS/10.0,500,0,8976,None,React
Sucuri/Cloudproxy,200,1,18298,Sucuri,React
BIG-IP,403,1,23610,F5_BIG_IP,Vue
Incapsula,200,1,18524,Imperva,Spring_Boot
CloudFront,403,1,18987,AWS_WAF,ASP.NET
Sucuri/Cloudproxy,403,1,32790,Sucuri,WordPress
CloudFront,404,1,48226,AWS_WAF,ASP.NET
Apache/2.4.41 (Ubuntu),404,1,28250,ModSecurity,Node.js
cloudflare-nginx,302,1,10276,Cloudflare,Unknown
Incapsula,403,1,21146,Imperva,Vue
Sucuri/Cloudproxy,404,1,42412,Sucuri,Vue
AWS,500,1,46627,AWS_WAF,Laravel
nginx/1.18.0,302,0,39823,None,Laravel
CloudFront,302,1,19671,AWS_WAF,ASP.NET
Apache/2.4.41,404,0,13734,None,Django
Incapsula,403,1,35543,Imperva,Laravel
Sucuri/Cloudproxy,302,1,1750,Sucuri,Laravel
AmazonS3,403,1,24938,AWS_WAF,Unknown
BigIP,403,1,9230,F5_BIG_IP,Vue
cloudflare-nginx,403,1,4051,Cloudflare,React
BigIP,500,1,44014,F5_BIG_IP,WordPress
AWS,403,1,11738,AWS_WAF,ASP.NET
Incapsula,301,1,34045,Imperva,Express
AWS,403,1,18283,AWS_WAF,Express
AWS,403,1,5891,AWS_WAF,React
AmazonS3,200,1,24102,AWS_WAF,Node.js
Sucuri/Cloudproxy,200,1,25688,Sucuri,Vue
Apache/2.4.41 (Ubuntu),403,1,20345,ModSecurity,Spring_Boot
Apache/2.4.41 (Ubuntu),500,1,36402,ModSecurity,Unknown
Apache/2.4.41 (Ubuntu),403,1,29937,ModSecurity,Express
nginx/1.18.0,302,1,5122,ModSecurity,Laravel
BIG-IP,200,1,47305,F5_BIG_IP,Vue
nginx/1.18.0,301,1,31662,ModSecurity,Node.js
Apache/2.4.41 (Ubuntu),403,1,8359,ModSecurity,Unknown
Apache/2.4.41 (Ubuntu),301,1,43114,ModSecurity,WordPress
AmazonS3,403,1,8717,AWS_WAF,ASP.NET
AmazonS3,404,1,22880,AWS_WAF,React
Incapsula,403,1,33342,Imperva,ASP.NET
Sucuri/Cloudproxy,301,1,39985,Sucuri,Spring_Boot
Incapsula,200,1,8072,Imperva,Node.js
Microsoft-IIS/10.0,404,1,11471,None,Vue
BigIP,301,1,48963,F5_BIG_IP,Django
Apache/2.4.41 (Ubuntu),404,1,9487,ModSecurity,Django
BigIP,403,1,1666,F5_BIG_IP,React
cloudflare-nginx,404,1,32356,Cloudflare,Node.js
BIG-IP,302,1,23376,F5_BIG_IP,Spring_Boot
CloudFront,200,1,2932,AWS_WAF,WordPress
Sucuri/Cloudproxy,302,1,33504,Sucuri,Django
BIG-IP,500,1,33350,F5_BIG_IP,Vue
cloudflare,403,1,28390,Cloudflare,Express
BigIP,403,1,47103,F5_BIG_IP,Vue
nginx/1.18.0,302,1,931,ModSecurity,ASP.NET
Sucuri/Cloudproxy,200,1,44165,Sucuri,Unknown
Microsoft-IIS/10.0,500,0,29003,None,Express
cloudflare-nginx,200,1,45091,Cloudflare,WordPress
BIG-IP,404,1,10844,F5_BIG_IP,Node.js
AmazonS3,500,1,33179,AWS_WAF,Unknown
Sucuri/Cloudproxy,301,1,24485,Sucuri,React
Incapsula,500,1,29243,Imperva,Vue
Incapsula,403,1,10911,Imperva,Express
cloudflare-nginx,403,1,22693,Cloudflare,Vue
Microsoft-IIS/10.0,301,0,9494,None,React
nginx/1.18.0,404,1,6077,ModSecurity,React
AWS,200,1,13879,AWS_WAF,Django
nginx/1.18.0,200,1,7968,ModSecurity,Unknown
nginx/1.18.0,403,1,49892,ModSecurity,Unknown
BigIP,403,1,28495,F5_BIG_IP,React
Apache/2.4.41 (Ubuntu),500,1,32523,ModSecurity,Node.js
nginx/1.18.0,403,1,18420,ModSecurity,Node.js
BIG-IP,403,1,21842,F5_BIG_IP,Node.js
Sucuri/Cloudproxy,403,1,47846,Sucuri,Express
Apache/2.4.41 (Ubuntu),403,1,24951,ModSecurity,Express
Sucuri/Cloudproxy,301,1,16137,Sucuri,Spring_Boot
Sucuri/Cloudproxy,404,1,12812,Sucuri,Django
cloudflare,302,1,26239,Cloudflare,Laravel
Incapsula,403,1,4609,Imperva,Node.js
nginx/1.18.0,200,0,49781,None,Django
Apache/2.4.41 (Ubuntu),403,1,5641,ModSecurity,Express
Microsoft-IIS/10.0,200,0,30868,None,Django
BigIP,403,1,41261,F5_BIG_IP,Express
Sucuri/Cloudproxy,301,1,30293,Sucuri,Unknown
nginx/1.18.0,301,0,41804,None,Unknown
Microsoft-IIS/10.0,302,0,32284,None,React
AWS,404,1,21642,AWS_WAF,Unknown
Sucuri/Cloudproxy,302,1,26610,Sucuri,Django
BigIP,302,1,21789,F5_BIG_IP,Unknown
Sucuri/Cloudproxy,302,1,24026,Sucuri,WordPress
CloudFront,302,1,10086,AWS_WAF,Node.js
cloudflare,403,1,35986,Cloudflare,Express
Incapsula,301,1,36696,Imperva,Unknown
BIG-IP,302,1,6272,F5_BIG_IP,React
CloudFront,302,1,35194,AWS_WAF,Express
BigIP,404,1,49215,F5_BIG_IP,Unknown
BigIP,403,1,35329,F5_BIG_IP,Vue
Incapsula,500,1,5054,Imperva,WordPress
Sucuri/Cloudproxy,404,1,38561,Sucuri,WordPress
Incapsula,403,1,47983,Imperva,Node.js
nginx/1.18.0,500,0,9490,None,ASP.NET
Apache/2.4.41,200,0,26074,None,Express
Apache/2.4.41 (Ubuntu),404,1,16854,ModSecurity,Django
Apache/2.4.41 (Ubuntu),200,1,36883,ModSecurity,ASP.NET
Sucuri/Cloudproxy,403,1,36494,Sucuri,Express
BigIP,500,1,580,F5_BIG_IP,WordPress
Incapsula,301,1,16789,Imperva,Unknown
cloudflare,403,1,33035,Cloudflare,React
Incapsula,200,1,24086,Imperva,React
Incapsula,403,1,46797,Imperva,React
Incapsula,500,1,39449,Imperva,Laravel
LiteSpeed,404,1,28186,None,ASP.NET
CloudFront,301,1,15972,AWS_WAF,Express
Microsoft-IIS/10.0,301,1,2368,None,Unknown
LiteSpeed,301,1,49705,None,Node.js
Sucuri/Cloudproxy,403,1,24114,Sucuri,Django
Sucuri/Cloudproxy,500,1,41887,Sucuri,Django
Incapsula,301,1,22013,Imperva,Spring_Boot
Incapsula,404,1,34172,Imperva,Node.js
Apache/2.4.41 (Ubuntu),500,1,30185,ModSecurity,Unknown
Apache/2.4.41 (Ubuntu),301,1,9900,ModSecurity,WordPress
Incapsula,403,1,4544,Imperva,Node.js
Sucuri/Cloudproxy,302,1,20889,Sucuri,React
Apache/2.4.41,200,1,45359,None,Django
BigIP,301,1,34072,F5_BIG_IP,Spring_Boot
Incapsula,302,1,27334,Imperva,React
Sucuri/Cloudproxy,403,1,5819,Sucuri,Unknown
cloudflare-nginx,403,1,20966,Cloudflare,Node.js
nginx/1.18.0,500,1,1695,ModSecurity,Django
cloudflare-nginx,403,1,22131,Cloudflare,React
Sucuri/Cloudproxy,403,1,40586,Sucuri,WordPress
cloudflare-nginx,302,1,28169,Cloudflare,Node.js
AWS,403,1,5016,AWS_WAF,Spring_Boot
cloudflare,403,1,38855,Cloudflare,WordPress
nginx/1.18.0,403,1,35856,ModSecurity,WordPress
CloudFront,302,1,40734,AWS_WAF,Vue
CloudFront,200,1,48714,AWS_WAF,Express
Apache/2.4.41 (Ubuntu),200,1,15414,ModSecurity,Unknown
cloudflare-nginx,301,1,6858,Cloudflare,Express
Incapsula,302,1,40529,Imperva,WordPress
Apache/2.4.41 (Ubuntu),403,1,5181,ModSecurity,Vue
nginx/1.18.0,404,1,19495,ModSecurity,Node.js
CloudFront,302,1,30713,AWS_WAF,React
cloudflare,500,1,41258,Cloudflare,Node.js
Apache/2.4.41,200,0,19092,None,Express
BigIP,403,1,39839,F5_BIG_IP,ASP.NET
Sucuri/Cloudproxy,403,1,12512,Sucuri,Unknown
Incapsula,301,1,27059,Imperva,Node.js
Apache/2.4.41 (Ubuntu),301,1,38968,ModSecurity,Node.js
Apache/2.4.41 (Ubuntu),200,1,6152,ModSecurity,ASP.NET
cloudflare-nginx,302,1,6200,Cloudflare,Unknown
Sucuri/Cloudproxy,403,1,46847,Sucuri,Django
cloudflare-nginx,200,1,36625,Cloudflare,Laravel
BIG-IP,403,1,39187,F5_BIG_IP,Laravel
BigIP,403,1,7376,F5_BIG_IP,Express
Incapsula,403,1,22651,Imperva,Laravel
Apache/2.4.41 (Ubuntu),301,1,7164,ModSecurity,Express
LiteSpeed,404,0,16354,None,WordPress
BIG-IP,500,1,21827,F5_BIG_IP,WordPress
cloudflare,301,1,24729,Cloudflare,Spring_Boot
cloudflare-nginx,302,1,48365,Cloudflare,WordPress
cloudflare-nginx,403,1,20745,Cloudflare,ASP.NET
BIG-IP,200,1,36253,F5_BIG_IP,Laravel
Microsoft-IIS/10.0,500,0,30272,None,WordPress
Incapsula,302,1,5934,Imperva,Spring_Boot
Incapsula,200,1,49285,Imperva,Unknown
Sucuri/Cloudproxy,500,1,29986,Sucuri,Node.js
nginx/1.18.0,404,1,20281,None,Django
AWS,403,1,46388,AWS_WAF,ASP.NET
BigIP,403,1,15530,F5_BIG_IP,Express
Sucuri/Cloudproxy,302,1,16441,Sucuri,Spring_Boot
cloudflare,403,1,41874,Cloudflare,Django
CloudFront,403,1,29843,AWS_WAF,ASP.NET
Incapsula,500,1,8411,Imperva,Laravel
Sucuri/Cloudproxy,301,1,31330,Sucuri,WordPress
Apache/2.4.41 (Ubuntu),403,1,49510,ModSecurity,WordPress
Incapsula,404,1,9408,Imperva,Node.js
cloudflare-nginx,302,1,35848,Cloudflare,Vue
Microsoft-IIS/10.0,302,1,3341,None,Django
LiteSpeed,404,1,47340,None,Django
cloudflare,200,1,17287,Cloudflare,WordPress
nginx/1.18.0,403,1,13742,ModSecurity,Express
cloudflare-nginx,403,1,1715,Cloudflare,Django
Incapsula,404,1,37941,Imperva,React
BigIP,302,1,45205,F5_BIG_IP,React
Apache/2.4.41 (Ubuntu),301,1,44909,ModSecurity,WordPress
LiteSpeed,302,0,12216,None,ASP.NET
cloudflare-nginx,200,1,8344,Cloudflare,Laravel
BigIP,403,1,10834,F5_BIG_IP,WordPress
Incapsula,403,1,30807,Imperva,Node.js
cloudflare-nginx,404,1,7571,Cloudflare,Spring_Boot
Incapsula,200,1,16791,Imperva,Django
nginx/1.18.0,302,0,26369,None,Node.js
nginx/1.18.0,200,1,28075,ModSecurity,React
Incapsula,403,1,21566,Imperva,Express
BIG-IP,403,1,13271,F5_BIG_IP,React
cloudflare,301,1,31408,Cloudflare,Node.js
Sucuri/Cloudproxy,403,1,36331,Sucuri,Spring_Boot
BigIP,403,1,32736,F5_BIG_IP,Unknown
BigIP,301,1,25227,F5_BIG_IP,Vue
Sucuri/Cloudproxy,403,1,37079,Sucuri,Django
Incapsula,403,1,13739,Imperva,Django
BIG-IP,302,1,15486,F5_BIG_IP,Django
cloudflare,403,1,26404,Cloudflare,Express
Sucuri/Cloudproxy,301,1,8516,Sucuri,WordPress
Apache/2.4.41 (Ubuntu),403,1,10745,ModSecurity,Django
Sucuri/Cloudproxy,301,1,12345,Sucuri,ASP.NET
cloudflare,500,1,27649,Cloudflare,Spring_Boot
AWS,200,1,13669,AWS_WAF,Express
CloudFront,403,1,24718,AWS_WAF,Express
Sucuri/Cloudproxy,403,1,6469,Sucuri,Vue
cloudflare,403,1,36620,Cloudflare,Laravel
Microsoft-IIS/10.0,301,0,33471,None,Node.js
CloudFront,500,1,25219,AWS_WAF,WordPress
Sucuri/Cloudproxy,500,1,45823,Sucuri,Node.js
Apache/2.4.41 (Ubuntu),301,1,33531,ModSecurity,Unknown
AmazonS3,200,1,42683,AWS_WAF,Unknown
CloudFront,200,1,15358,AWS_WAF,Express
cloudflare,403,1,20286,Cloudflare,WordPress
Sucuri/Cloudproxy,403,1,212,Sucuri,Express
AmazonS3,302,1,43167,AWS_WAF,React
cloudflare,403,1,25338,Cloudflare,Django
Apache/2.4.41,301,0,10354,None,Unknown
Apache/2.4.41 (Ubuntu),403,1,441,ModSecurity,Node.js
BigIP,404,1,20139,F5_BIG_IP,Spring_Boot
Sucuri/Cloudproxy,403,1,31079,Sucuri,Laravel
cloudflare,403,1,10945,Cloudflare,Spring_Boot
Apache/2.4.41 (Ubuntu),404,1,16236,ModSecurity,WordPress
cloudflare,302,1,24246,Cloudflare,ASP.NET
Microsoft-IIS/10.0,200,1,13535,None,Vue
AWS,403,1,32634,AWS_WAF,WordPress
cloudflare-nginx,301,1,39093,Cloudflare,Node.js
cloudflare-nginx,500,1,48200,Cloudflare,Vue
Microsoft-IIS/10.0,302,0,18997,None,Express
cloudflare,403,1,46789,Cloudflare,Django
Incapsula,403,1,4236,Imperva,Unknown
BIG-IP,200,1,36853,F5_BIG_IP,ASP.NET
cloudflare,404,1,31994,Cloudflare,React
Incapsula,200,1,49784,Imperva,Laravel
Microsoft-IIS/10.0,404,1,48919,None,Node.js
Sucuri/Cloudproxy,301,1,40622,Sucuri,Express
BigIP,403,1,33231,F5_BIG_IP,React
Incapsula,403,1,42952,Imperva,Express
cloudflare-nginx,200,1,16438,Cloudflare,React
LiteSpeed,404,1,8496,None,WordPress
nginx/1.18.0,302,1,41205,ModSecurity,React
nginx/1.18.0,301,1,11587,ModSecurity,Laravel
AWS,500,1,29862,AWS_WAF,Laravel
CloudFront,302,1,597,AWS_WAF,Vue
LiteSpeed,302,1,3063,None,Node.js
AWS,404,1,19164,AWS_WAF,ASP.NET
BigIP,403,1,31588,F5_BIG_IP,React
Apache/2.4.41,301,0,21680,None,WordPress
cloudflare,302,1,46422,Cloudflare,ASP.NET
nginx/1.18.0,404,1,21009,None,Node.js
Incapsula,301,1,20141,Imperva,Vue
Incapsula,404,1,10016,Imperva,WordPress
Microsoft-IIS/10.0,301,1,22584,None,ASP.NET
Sucuri/Cloudproxy,404,1,45919,Sucuri,WordPress
Incapsula,403,1,39092,Imperva,Express
Sucuri/Cloudproxy,200,1,39071,Sucuri,Laravel
nginx/1.18.0,403,1,12585,ModSecurity,Laravel
BIG-IP,404,1,28051,F5_BIG_IP,React
Apache/2.4.41 (Ubuntu),301,1,22644,ModSecurity,Django
LiteSpeed,200,0,3629,None,Spring_Boot
Sucuri/Cloudproxy,403,1,362,Sucuri,React
CloudFront,200,1,40802,AWS_WAF,React
BigIP,403,1,9918,F5_BIG_IP,WordPress
Incapsula,200,1,11896,Imperva,Vue
Apache/2.4.41 (Ubuntu),200,1,2884,ModSecurity,Laravel
Incapsula,301,1,32394,Imperva,Unknown
LiteSpeed,500,0,20883,None,ASP.NET
cloudflare,403,1,45539,Cloudflare,Vue
LiteSpeed,404,0,43790,None,Node.js
AWS,403,1,18424,AWS_WAF,ASP.NET
nginx/1.18.0,200,0,43272,None,Laravel
nginx/1.18.0,200,1,32404,ModSecurity,Express
nginx/1.18.0,403,1,31210,ModSecurity,Spring_Boot
Apache/2.4.41,404,0,9881,None,Laravel
Incapsula,500,1,42641,Imperva,React
Sucuri/Cloudproxy,302,1,27641,Sucuri,React
Sucuri/Cloudproxy,403,1,35378,Sucuri,Laravel
Incapsula,404,1,29981,Imperva,WordPress
BigIP,404,1,14432,F5_BIG_IP,Django
BIG-IP,302,1,49003,F5_BIG_IP,Django
LiteSpeed,301,0,39625,None,Node.js
Microsoft-IIS/10.0,301,0,40651,None,Node.js
BigIP,301,1,15099,F5_BIG_IP,Django
AWS,403,1,23673,AWS_WAF,Express
AmazonS3,301,1,16295,AWS_WAF,ASP.NET
Sucuri/Cloudproxy,404,1,27600,Sucuri,Django
Apache/2.4.41,500,0,46866,None,Unknown
BIG-IP,403,1,48176,F5_BIG_IP,Unknown
AWS,403,1,22112,AWS_WAF,ASP.NET
AWS,302,1,6285,AWS_WAF,Django
BIG-IP,404,1,23316,F5_BIG_IP,Spring_Boot
Microsoft-IIS/10.0,200,0,47121,None,ASP.NET
nginx/1.18.0,403,1,8285,ModSecurity,Spring_Boot
Apache/2.4.41,200,0,24953,None,ASP.NET
Sucuri/Cloudproxy,301,1,13502,Sucuri,Django
Incapsula,404,1,14306,Imperva,WordPress
LiteSpeed,200,0,31895,None,Spring_Boot
BigIP,403,1,48028,F5_BIG_IP,Laravel
BIG-IP,301,1,6390,F5_BIG_IP,Vue
Sucuri/Cloudproxy,301,1,14625,Sucuri,Django
Apache/2.4.41,200,1,31469,None,Vue
cloudflare,403,1,29723,Cloudflare,Spring_Boot
cloudflare-nginx,404,1,37780,Cloudflare,React
BIG-IP,403,1,3422,F5_BIG_IP,ASP.NET
AWS,301,1,49137,AWS_WAF,React
BigIP,404,1,12712,F5_BIG_IP,Express
AmazonS3,301,1,24450,AWS_WAF,Node.js
CloudFront,403,1,42823,AWS_WAF,Express
CloudFront,500,1,17224,AWS_WAF,Vue
AWS,200,1,13521,AWS_WAF,Django
LiteSpeed,500,0,36764,None,Node.js
BIG-IP,500,1,9787,F5_BIG_IP,Node.js
cloudflare,403,1,44846,Cloudflare,Vue
AWS,301,1,6331,AWS_WAF,Laravel
CloudFront,403,1,23796,AWS_WAF,Unknown
AWS,302,1,11841,AWS_WAF,Laravel
nginx/1.18.0,403,1,41505,ModSecurity,Node.js
cloudflare,302,1,17371,Cloudflare,Express
AmazonS3,500,1,11220,AWS_WAF,React
Microsoft-IIS/10.0,200,0,17374,None,Spring_Boot
Incapsula,403,1,2295,Imperva,Node.js
Incapsula,403,1,9233,Imperva,WordPress
Apache/2.4.41 (Ubuntu),404,1,35002,ModSecurity,Spring_Boot
Incapsula,500,1,2930,Imperva,ASP.NET
Sucuri/Cloudproxy,500,1,14043,Sucuri,Unknown
Incapsula,200,1,14883,Imperva,WordPress
LiteSpeed,500,0,5694,None,WordPress
Apache/2.4.41,302,0,28665,None,Django
CloudFront,403,1,25993,AWS_WAF,React
Apache/2.4.41 (Ubuntu),403,1,4491,ModSecurity,WordPress
Microsoft-IIS/10.0,500,0,28206,None,Spring_Boot
Incapsula,403,1,2041,Imperva,Spring_Boot
BIG-IP,301,1,41209,F5_BIG_IP,Laravel
AWS,301,1,4725,AWS_WAF,Node.js
Incapsula,403,1,49368,Imperva,Vue
Apache/2.4.41 (Ubuntu),200,1,3323,ModSecurity,Spring_Boot
nginx/1.18.0,200,0,9459,None,ASP.NET
BigIP,200,1,43295,F5_BIG_IP,Unknown
Apache/2.4.41 (Ubuntu),404,1,16143,ModSecurity,Django
Incapsula,403,1,46823,Imperva,Unknown
Apache/2.4.41 (Ubuntu),403,1,9541,ModSecurity,WordPress
Sucuri/Cloudproxy,404,1,31107,Sucuri,Express
Incapsula,301,1,40714,Imperva,Node.js
nginx/1.18.0,404,1,34359,ModSecurity,Node.js
nginx/1.18.0,301,1,49283,ModSecurity,Node.js
Sucuri/Cloudproxy,404,1,26368,Sucuri,Spring_Boot
AmazonS3,403,1,38087,AWS_WAF,Unknown
Sucuri/Cloudproxy,200,1,48177,Sucuri,Django
AmazonS3,302,1,16615,AWS_WAF,Express
AmazonS3,500,1,5148,AWS_WAF,React
cloudflare,200,1,43959,Cloudflare,Laravel
cloudflare-nginx,403,1,11470,Cloudflare,Laravel
Sucuri/Cloudproxy,403,1,21140,Sucuri,React
Incapsula,301,1,33974,Imperva,Vue
Sucuri/Cloudproxy,403,1,3655,Sucuri,Django
cloudflare,403,1,25409,Cloudflare,Laravel
LiteSpeed,404,0,48147,None,WordPress
AmazonS3,301,1,28697,AWS_WAF,WordPress
BIG-IP,302,1,43792,F5_BIG_IP,Spring_Boot
Incapsula,302,1,21190,Imperva,Vue
BigIP,200,1,639,F5_BIG_IP,Django
Incapsula,403,1,16416,Imperva,React
Incapsula,500,1,36424,Imperva,Express
Sucuri/Cloudproxy,302,1,18561,Sucuri,Spring_Boot
Apache/2.4.41,301,1,43926,None,Django
LiteSpeed,500,0,18075,None,Express
Incapsula,404,1,8040,Imperva,Django
Apache/2.4.41,301,1,12309,None,ASP.NET
nginx/1.18.0,500,0,13952,None,Laravel
cloudflare,404,1,17095,Cloudflare,Laravel
Sucuri/Cloudproxy,200,1,46175,Sucuri,ASP.NET
nginx/1.18.0,500,1,9195,ModSecurity,Vue
BIG-IP,302,1,44221,F5_BIG_IP,WordPress
Incapsula,403,1,48366,Imperva,Laravel
LiteSpeed,404,0,14465,None,Node.js
LiteSpeed,200,0,23707,None,Vue
CloudFront,301,1,46702,AWS_WAF,Node.js
BIG-IP,404,1,12087,F5_BIG_IP,React
Sucuri/Cloudproxy,301,1,18227,Sucuri,Vue
nginx/1.18.0,404,1,15654,ModSecurity,Vue
Sucuri/Cloudproxy,301,1,28482,Sucuri,Vue
AWS,200,1,5579,AWS_WAF,Laravel
BIG-IP,301,1,31504,F5_BIG_IP,Spring_Boot
BigIP,404,1,3631,F5_BIG_IP,ASP.NET
Apache/2.4.41 (Ubuntu),403,1,32963,ModSecurity,React
AWS,403,1,9895,AWS_WAF,React
BIG-IP,200,1,19788,F5_BIG_IP,Unknown
LiteSpeed,302,1,29649,None,Spring_Boot
Incapsula,500,1,7417,Imperva,Express
Apache/2.4.41 (Ubuntu),301,1,1065,ModSecurity,Unknown
Microsoft-IIS/10.0,200,1,49805,None,Django
cloudflare-nginx,403,1,36205,Cloudflare,Django
Sucuri/Cloudproxy,403,1,7239,Sucuri,Spring_Boot
nginx/1.18.0,200,1,15974,None,Unknown
Sucuri/Cloudproxy,302,1,15134,Sucuri,WordPress
AmazonS3,200,1,39980,AWS_WAF,Django
AmazonS3,404,1,2794,AWS_WAF,Django
Sucuri/Cloudproxy,302,1,47542,Sucuri,WordPress
nginx/1.18.0,403,1,19727,ModSecurity,WordPress
Microsoft-IIS/10.0,301,1,20015,None,Django
Apache/2.4.41 (Ubuntu),200,1,119,ModSecurity,Express
BigIP,403,1,614,F5_BIG_IP,Express
Microsoft-IIS/10.0,500,0,40936,None,Unknown
BIG-IP,200,1,4176,F5_BIG_IP,Django
Sucuri/Cloudproxy,403,1,47796,Sucuri,Unknown
Microsoft-IIS/10.0,301,0,611,None,Django
Sucuri/Cloudproxy,200,1,8981,Sucuri,Vue
AmazonS3,404,1,47363,AWS_WAF,Unknown
cloudflare,500,1,16327,Cloudflare,Vue
cloudflare-nginx,302,1,730,Cloudflare,Vue
cloudflare-nginx,403,1,10854,Cloudflare,ASP.NET
Incapsula,404,1,14339,Imperva,Spring_Boot
Sucuri/Cloudproxy,500,1,12728,Sucuri,React
Apache/2.4.41,500,0,23021,None,Vue
cloudflare-nginx,301,1,10746,Cloudflare,React
LiteSpeed,301,0,47501,None,React
cloudflare-nginx,403,1,30969,Cloudflare,Spring_Boot
CloudFront,200,1,18053,AWS_WAF,Unknown
BIG-IP,302,1,896,F5_BIG_IP,React
Incapsula,301,1,20633,Imperva,Laravel
BigIP,404,1,25728,F5_BIG_IP,Laravel
Sucuri/Cloudproxy,500,1,29705,Sucuri,Unknown
cloudflare,200,1,41645,Cloudflare,Spring_Boot
Sucuri/Cloudproxy,403,1,19301,Sucuri,Django
AWS,404,1,29159,AWS_WAF,Vue
Apache/2.4.41,302,0,18440,None,ASP.NET
Sucuri/Cloudproxy,500,1,15968,Sucuri,Express
AWS,404,1,28549,AWS_WAF,Django
nginx/1.18.0,403,1,27536,ModSecurity,React
Incapsula,302,1,9413,Imperva,ASP.NET
cloudflare,500,1,31679,Cloudflare,Laravel
cloudflare-nginx,200,1,30770,Cloudflare,Vue
nginx/1.18.0,403,1,3099,ModSecurity,WordPress
Sucuri/Cloudproxy,403,1,46841,Sucuri,Express
BigIP,404,1,28533,F5_BIG_IP,Django
Apache/2.4.41,302,1,48089,None,WordPress
LiteSpeed,302,1,42576,None,Laravel
Microsoft-IIS/10.0,200,1,23569,None,React
Incapsula,500,1,28687,Imperva,ASP.NET
BigIP,403,1,1818,F5_BIG_IP,Node.js
BigIP,200,1,23770,F5_BIG_IP,ASP.NET
Incapsula,500,1,25249,Imperva,Django
Sucuri/Cloudproxy,301,1,48029,Sucuri,Spring_Boot
Incapsula,302,1,11526,Imperva,WordPress
Sucuri/Cloudproxy,404,1,16751,Sucuri,Vue
cloudflare-nginx,200,1,44360,Cloudflare,WordPress
CloudFront,301,1,9918,AWS_WAF,Express
Sucuri/Cloudproxy,403,1,36106,Sucuri,React
Incapsula,403,1,21160,Imperva,WordPress
nginx/1.18.0,200,1,10688,ModSecurity,Django
cloudflare-nginx,302,1,1280,Cloudflare,Django
BIG-IP,403,1,31607,F5_BIG_IP,Spring_Boot
cloudflare,301,1,4088,Cloudflare,Express
Apache/2.4.41,301,0,32704,None,Django
cloudflare-nginx,403,1,20987,Cloudflare,Vue
nginx/1.18.0,403,1,1288,ModSecurity,Spring_Boot
LiteSpeed,302,0,604,None,Vue
BigIP,403,1,4439,F5_BIG_IP,Unknown
AWS,403,1,35719,AWS_WAF,ASP.NET
Sucuri/Cloudproxy,403,1,27546,Sucuri,Laravel
LiteSpeed,200,0,31031,None,Node.js
Apache/2.4.41 (Ubuntu),403,1,3015,ModSecurity,Spring_Boot
nginx/1.18.0,200,1,42587,ModSecurity,Django
AmazonS3,301,1,10736,AWS_WAF,Laravel
Sucuri/Cloudproxy,403,1,15136,Sucuri,ASP.NET
Sucuri/Cloudproxy,302,1,39009,Sucuri,Laravel
Sucuri/Cloudproxy,403,1,3342,Sucuri,Unknown
BigIP,301,1,44642,F5_BIG_IP,React
AmazonS3,301,1,45429,AWS_WAF,Laravel
Apache/2.4.41,302,0,360,None,Express
AWS,403,1,4824,AWS_WAF,ASP.NET
Sucuri/Cloudproxy,403,1,40641,Sucuri,Express
AWS,500,1,42160,AWS_WAF,Laravel
Microsoft-IIS/10.0,500,0,12650,None,WordPress
LiteSpeed,302,1,40835,None,Django
cloudflare-nginx,500,1,12910,Cloudflare,Vue
nginx/1.18.0,500,0,26048,None,WordPress
Incapsula,302,1,42022,Imperva,Express
BIG-IP,301,1,595,F5_BIG_IP,Express
BIG-IP,404,1,42673,F5_BIG_IP,Vue
BigIP,403,1,29789,F5_BIG_IP,Django
Incapsula,403,1,22447,Imperva,ASP.NET
Incapsula,301,1,38311,Imperva,Vue
CloudFront,403,1,15427,AWS_WAF,Node.js
Sucuri/Cloudproxy,301,1,48508,Sucuri,ASP.NET
nginx/1.18.0,200,1,29514,None,Unknown
Apache/2.4.41,302,1,43195,None,Vue
cloudflare,302,1,23378,Cloudflare,Spring_Boot
Incapsula,403,1,8946,Imperva,React
BigIP,403,1,5467,F5_BIG_IP,WordPress
Sucuri/Cloudproxy,403,1,9879,Sucuri,Node.js
Apache/2.4.41,404,1,35396,None,ASP.NET
cloudflare-nginx,200,1,7964,Cloudflare,Express
Incapsula,403,1,45635,Imperva,Vue
CloudFront,404,1,43362,AWS_WAF,Express
Incapsula,404,1,20430,Imperva,Laravel
Sucuri/Cloudproxy,404,1,34962,Sucuri,Vue
Sucuri/Cloudproxy,403,1,10483,Sucuri,ASP.NET
AWS,200,1,49029,AWS_WAF,Unknown
Microsoft-IIS/10.0,302,1,26148,None,Unknown
cloudflare,500,1,22748,Cloudflare,Express
cloudflare-nginx,404,1,40510,Cloudflare,React
nginx/1.18.0,200,1,13276,None,React
CloudFront,403,1,20536,AWS_WAF,Node.js
BigIP,301,1,34246,F5_BIG_IP,Node.js
CloudFront,404,1,25480,AWS_WAF,Django
Microsoft-IIS/10.0,500,0,46854,None,Node.js
AmazonS3,403,1,45490,AWS_WAF,Express
Sucuri/Cloudproxy,403,1,27951,Sucuri,Vue
Incapsula,302,1,31937,Imperva,Laravel
Apache/2.4.41 (Ubuntu),301,1,37836,ModSecurity,Spring_Boot
AmazonS3,403,1,7327,AWS_WAF,Express
AmazonS3,403,1,47764,AWS_WAF,Laravel
BigIP,403,1,34425,F5_BIG_IP,Unknown
Incapsula,403,1,6506,Imperva,Node.js
Microsoft-IIS/10.0,404,0,21826,None,WordPress
Apache/2.4.41 (Ubuntu),302,1,31520,ModSecurity,Unknown
cloudflare,500,1,34643,Cloudflare,Unknown
Sucuri/Cloudproxy,403,1,3334,Sucuri,WordPress
Incapsula,404,1,43614,Imperva,ASP.NET
BIG-IP,403,1,42073,F5_BIG_IP,Django
Sucuri/Cloudproxy,403,1,19952,Sucuri,Vue
Apache/2.4.41 (Ubuntu),302,1,11072,ModSecurity,Laravel
AWS,500,1,40250,AWS_WAF,Django
Incapsula,301,1,8322,Imperva,Node.js
Incapsula,403,1,21602,Imperva,React
Apache/2.4.41,302,0,5211,None,Spring_Boot
Sucuri/Cloudproxy,403,1,27705,Sucuri,Laravel
cloudflare,403,1,8655,Cloudflare,ASP.NET
Sucuri/Cloudproxy,403,1,10826,Sucuri,WordPress
CloudFront,500,1,12436,AWS_WAF,Vue
Microsoft-IIS/10.0,302,0,34576,None,Spring_Boot
Incapsula,403,1,9704,Imperva,Django
BigIP,500,1,32789,F5_BIG_IP,Django
nginx/1.18.0,200,1,46920,ModSecurity,Vue
Incapsula,403,1,44311,Imperva,Express
Sucuri/Cloudproxy,500,1,41345,Sucuri,Node.js
Incapsula,403,1,37649,Imperva,ASP.NET
nginx/1.18.0,404,1,29849,None,WordPress
BigIP,403,1,4407,F5_BIG_IP,Django
Sucuri/Cloudproxy,403,1,24920,Sucuri,Laravel
Apache/2.4.41 (Ubuntu),200,1,37268,ModSecurity,Node.js
Apache/2.4.41 (Ubuntu),301,1,7860,ModSecurity,Express
Apache/2.4.41 (Ubuntu),403,1,24348,ModSecurity,Spring_Boot
BigIP,403,1,41249,F5_BIG_IP,Django
Incapsula,200,1,17794,Imperva,Vue
Incapsula,500,1,671,Imperva,React
Incapsula,404,1,7071,Imperva,ASP.NET
Sucuri/Cloudproxy,403,1,19221,Sucuri,React
Apache/2.4.41 (Ubuntu),403,1,399,ModSecurity,Express
cloudflare-nginx,301,1,20422,Cloudflare,WordPress
nginx/1.18.0,200,1,14414,ModSecurity,Django
BigIP,403,1,36586,F5_BIG_IP,Django
BigIP,301,1,42202,F5_BIG_IP,ASP.NET
CloudFront,404,1,16119,AWS_WAF,Django
AmazonS3,500,1,41294,AWS_WAF,Vue
Apache/2.4.41 (Ubuntu),500,1,47609,ModSecurity,WordPress
cloudflare,404,1,37263,Cloudflare,Django
CloudFront,302,1,11287,AWS_WAF,Node.js
Incapsula,200,1,9196,Imperva,WordPress
Sucuri/Cloudproxy,301,1,15697,Sucuri,ASP.NET
Incapsula,403,1,6430,Imperva,ASP.NET
cloudflare,403,1,11243,Cloudflare,Node.js
Sucuri/Cloudproxy,200,1,495,Sucuri,ASP.NET
Incapsula,404,1,36361,Imperva,WordPress
nginx/1.18.0,301,1,27860,ModSecurity,Laravel
Apache/2.4.41 (Ubuntu),200,1,10466,ModSecurity,Laravel
Sucuri/Cloudproxy,403,1,7974,Sucuri,Django
nginx/1.18.0,404,0,3782,None,Vue
Sucuri/Cloudproxy,200,1,49091,Sucuri,Express
CloudFront,301,1,35752,AWS_WAF,React
AmazonS3,403,1,938,AWS_WAF,WordPress
BIG-IP,403,1,11928,F5_BIG_IP,Unknown
Incapsula,403,1,21535,Imperva,Unknown
AmazonS3,301,1,2794,AWS_WAF,Laravel
AWS,500,1,19750,AWS_WAF,Laravel
AmazonS3,200,1,27071,AWS_WAF,React
Sucuri/Cloudproxy,302,1,15208,Sucuri,Node.js
nginx/1.18.0,403,1,5831,ModSecurity,React
Sucuri/Cloudproxy,302,1,22025,Sucuri,React
Sucuri/Cloudproxy,403,1,32791,Sucuri,Spring_Boot
LiteSpeed,302,0,30717,None,Node.js
Microsoft-IIS/10.0,301,1,21906,None,React
Apache/2.4.41 (Ubuntu),500,1,22364,ModSecurity,Laravel
nginx/1.18.0,500,1,43317,ModSecurity,Spring_Boot
Sucuri/Cloudproxy,403,1,37621,Sucuri,Node.js
Sucuri/Cloudproxy,403,1,19672,Sucuri,React
Apache/2.4.41 (Ubuntu),301,1,46243,ModSecurity,WordPress
Apache/2.4.41,302,1,46144,None,Django
LiteSpeed,200,0,49528,None,ASP.NET
cloudflare-nginx,301,1,39272,Cloudflare,Unknown
BIG-IP,500,1,46472,F5_BIG_IP,ASP.NET
cloudflare,403,1,4454,Cloudflare,Django
AmazonS3,302,1,29998,AWS_WAF,Laravel
AWS,404,1,12836,AWS_WAF,Spring_Boot
nginx/1.18.0,200,1,23902,ModSecurity,Unknown
Apache/2.4.41 (Ubuntu),200,1,16868,ModSecurity,Spring_Boot
Incapsula,302,1,49609,Imperva,Node.js
AmazonS3,403,1,8964,AWS_WAF,Django
Sucuri/Cloudproxy,301,1,32422,Sucuri,Unknown
Apache/2.4.41 (Ubuntu),403,1,30479,ModSecurity,Node.js
LiteSpeed,200,1,23184,None,Node.js
cloudflare,404,1,16229,Cloudflare,Express
Incapsula,500,1,11705,Imperva,React
Incapsula,403,1,17090,Imperva,Node.js
Incapsula,302,1,5195,Imperva,Express
AWS,302,1,46453,AWS_WAF,Express
Sucuri/Cloudproxy,302,1,14346,Sucuri,Unknown
cloudflare-nginx,301,1,32405,Cloudflare,Laravel
Apache/2.4.41 (Ubuntu),500,1,3074,ModSecurity,Node.js
Apache/2.4.41,301,0,10376,None,Spring_Boot
cloudflare,500,1,26322,Cloudflare,Laravel
Incapsula,403,1,42651,Imperva,Spring_Boot
nginx/1.18.0,200,1,11911,ModSecurity,Spring_Boot
Sucuri/Cloudproxy,403,1,47193,Sucuri,WordPress
cloudflare-nginx,200,1,9639,Cloudflare,WordPress
Incapsula,403,1,18656,Imperva,Laravel
nginx/1.18.0,500,1,7445,ModSecurity,Unknown
cloudflare,403,1,7943,Cloudflare,ASP.NET
Sucuri/Cloudproxy,403,1,13533,Sucuri,ASP.NET
cloudflare,301,1,18899,Cloudflare,Vue
CloudFront,403,1,36387,AWS_WAF,Spring_Boot
cloudflare,403,1,19570,Cloudflare,Express
nginx/1.18.0,404,0,22625,None,Django
Sucuri/Cloudproxy,403,1,40755,Sucuri,Spring_Boot
CloudFront,403,1,7392,AWS_WAF,Spring_Boot
nginx/1.18.0,404,0,45469,None,Django
Apache/2.4.41 (Ubuntu),500,1,3283,ModSecurity,Laravel
Apache/2.4.41 (Ubuntu),403,1,32321,ModSecurity,Vue
BigIP,403,1,39174,F5_BIG_IP,Unknown
Sucuri/Cloudproxy,403,1,16059,Sucuri,Spring_Boot
Apache/2.4.41 (Ubuntu),403,1,12955,ModSecurity,Express
Microsoft-IIS/10.0,404,0,32502,None,Node.js
BigIP,403,1,3235,F5_BIG_IP,Vue
AWS,403,1,19633,AWS_WAF,Laravel
BigIP,200,1,41104,F5_BIG_IP,Spring_Boot
Incapsula,403,1,44103,Imperva,Django
cloudflare-nginx,404,1,23772,Cloudflare,React
Incapsula,403,1,3729,Imperva,Vue
cloudflare-nginx,500,1,22546,Cloudflare,WordPress
Apache/2.4.41,200,0,45648,None,Unknown
BigIP,403,1,28296,F5_BIG_IP,Spring_Boot
cloudflare-nginx,500,1,26926,Cloudflare,WordPress
Apache/2.4.41 (Ubuntu),404,1,4414,ModSecurity,React
Sucuri/Cloudproxy,403,1,33236,Sucuri,Unknown
cloudflare,404,1,7216,Cloudflare,Laravel
Microsoft-IIS/10.0,301,0,5338,None,ASP.NET
CloudFront,301,1,4257,AWS_WAF,Vue
LiteSpeed,404,0,4916,None,WordPress
Microsoft-IIS/10.0,500,0,27120,None,Node.js
Apache/2.4.41 (Ubuntu),200,1,44260,ModSecurity,ASP.NET
nginx/1.18.0,301,1,15866,ModSecurity,Vue
CloudFront,403,1,39122,AWS_WAF,Unknown
Apache/2.4.41 (Ubuntu),403,1,17320,ModSecurity,Spring_Boot
Apache/2.4.41 (Ubuntu),403,1,10450,ModSecurity,Django
Incapsula,403,1,47335,Imperva,ASP.NET
cloudflare-nginx,301,1,36362,Cloudflare,Node.js
cloudflare,403,1,5845,Cloudflare,Express
BigIP,403,1,26982,F5_BIG_IP,Spring_Boot
cloudflare-nginx,403,1,47297,Cloudflare,Vue
CloudFront,403,1,32831,AWS_WAF,Spring_Boot
cloudflare-nginx,301,1,33392,Cloudflare,Unknown
CloudFront,404,1,33638,AWS_WAF,Express
BigIP,302,1,43757,F5_BIG_IP,Unknown
cloudflare,403,1,1710,Cloudflare,Vue
cloudflare,403,1,2963,Cloudflare,Express
AWS,302,1,16217,AWS_WAF,Laravel
BIG-IP,500,1,14085,F5_BIG_IP,Express
BIG-IP,404,1,48853,F5_BIG_IP,Vue
nginx/1.18.0,200,1,24570,ModSecurity,ASP.NET
Incapsula,301,1,33868,Imperva,Spring_Boot
cloudflare-nginx,403,1,1723,Cloudflare,WordPress
Incapsula,500,1,20991,Imperva,ASP.NET
Sucuri/Cloudproxy,403,1,2695,Sucuri,Vue
nginx/1.18.0,404,1,24454,ModSecurity,Express
AWS,403,1,6013,AWS_WAF,Django
nginx/1.18.0,302,1,15365,ModSecurity,Vue
BigIP,403,1,6533,F5_BIG_IP,Django
LiteSpeed,200,0,6363,None,React
cloudflare,403,1,7111,Cloudflare,Spring_Boot
Sucuri/Cloudproxy,500,1,11542,Sucuri,Unknown
Sucuri/Cloudproxy,301,1,36673,Sucuri,Vue
LiteSpeed,301,0,23537,None,Vue
Incapsula,500,1,215,Imperva,React
CloudFront,404,1,37560,AWS_WAF,Laravel
Sucuri/Cloudproxy,404,1,21657,Sucuri,Laravel
cloudflare,301,1,44761,Cloudflare,Laravel
CloudFront,200,1,6091,AWS_WAF,Vue
BIG-IP,404,1,124,F5_BIG_IP,Laravel
Incapsula,403,1,18698,Imperva,Vue
CloudFront,500,1,587,AWS_WAF,ASP.NET
nginx/1.18.0,200,0,37223,None,Node.js
BigIP,301,1,41527,F5_BIG_IP,WordPress
AWS,301,1,2415,AWS_WAF,Spring_Boot
BIG-IP,200,1,23080,F5_BIG_IP,Django
BigIP,403,1,34647,F5_BIG_IP,ASP.NET
Incapsula,500,1,29528,Imperva,Django
LiteSpeed,500,0,48625,None,Vue
cloudflare,403,1,4239,Cloudflare,Vue
Incapsula,500,1,6713,Imperva,Laravel
Microsoft-IIS/10.0,200,0,13611,None,Unknown
Apache/2.4.41,301,0,46532,None,Unknown
cloudflare,403,1,17852,Cloudflare,WordPress
CloudFront,404,1,37369,AWS_WAF,Express
AWS,500,1,32540,AWS_WAF,Unknown
BIG-IP,403,1,31030,F5_BIG_IP,React
Sucuri/Cloudproxy,301,1,46527,Sucuri,Express
Incapsula,403,1,444,Imperva,Unknown
cloudflare-nginx,403,1,38602,Cloudflare,Spring_Boot
Incapsula,500,1,44941,Imperva,ASP.NET
Apache/2.4.41 (Ubuntu),403,1,12167,ModSecurity,Unknown
Sucuri/Cloudproxy,403,1,46034,Sucuri,Express
Incapsula,404,1,5148,Imperva,Laravel
LiteSpeed,404,0,39626,None,Laravel
Incapsula,403,1,8174,Imperva,Laravel
nginx/1.18.0,200,1,9616,None,React
cloudflare-nginx,404,1,32335,Cloudflare,Express
Microsoft-IIS/10.0,301,0,5960,None,Django
cloudflare-nginx,302,1,30709,Cloudflare,WordPress
AmazonS3,403,1,34049,AWS_WAF,Node.js
Microsoft-IIS/10.0,404,0,44284,None,Unknown
Incapsula,403,1,12078,Imperva,Node.js
BIG-IP,500,1,42326,F5_BIG_IP,Express
nginx/1.18.0,404,1,20245,ModSecurity,React
CloudFront,403,1,27679,AWS_WAF,Express
cloudflare-nginx,200,1,31526,Cloudflare,WordPress
cloudflare,403,1,20340,Cloudflare,Unknown
Apache/2.4.41 (Ubuntu),500,1,5418,ModSecurity,React
BigIP,302,1,4837,F5_BIG_IP,Laravel
nginx/1.18.0,500,1,12493,ModSecurity,React
Incapsula,301,1,21378,Imperva,Django
cloudflare-nginx,200,1,28931,Cloudflare,Django
Apache/2.4.41 (Ubuntu),403,1,22997,ModSecurity,Vue
BigIP,403,1,19985,F5_BIG_IP,Django
Microsoft-IIS/10.0,404,0,42485,None,React
Sucuri/Cloudproxy,403,1,44916,Sucuri,Spring_Boot
BIG-IP,404,1,8333,F5_BIG_IP,Unknown
Incapsula,403,1,3365,Imperva,Django
cloudflare-nginx,500,1,2560,Cloudflare,Spring_Boot
Incapsula,403,1,13825,Imperva,Unknown
cloudflare-nginx,404,1,35345,Cloudflare,Laravel
nginx/1.18.0,403,1,25996,ModSecurity,ASP.NET
nginx/1.18.0,403,1,37383,ModSecurity,Django
nginx/1.18.0,500,0,44153,None,Vue
BigIP,200,1,19245,F5_BIG_IP,Laravel
nginx/1.18.0,403,1,18501,ModSecurity,Vue
Sucuri/Cloudproxy,500,1,18695,Sucuri,Laravel
Apache/2.4.41 (Ubuntu),403,1,9924,ModSecurity,Unknown
nginx/1.18.0,403,1,34033,ModSecurity,WordPress
Apache/2.4.41 (Ubuntu),404,1,48151,ModSecurity,Vue
nginx/1.18.0,500,0,31616,None,WordPress
CloudFront,500,1,33192,AWS_WAF,Unknown
CloudFront,403,1,4732,AWS_WAF,React
AmazonS3,200,1,46480,AWS_WAF,Laravel
cloudflare-nginx,403,1,17705,Cloudflare,Django
Sucuri/Cloudproxy,404,1,42212,Sucuri,Spring_Boot
Incapsula,403,1,4846,Imperva,Laravel
Apache/2.4.41 (Ubuntu),500,1,31399,ModSecurity,Express
Sucuri/Cloudproxy,403,1,28547,Sucuri,Node.js
Apache/2.4.41 (Ubuntu),500,1,49887,ModSecurity,Vue
Apache/2.4.41,200,0,11318,None,Django
nginx/1.18.0,500,1,41751,None,React
Incapsula,500,1,31693,Imperva,Laravel
BIG-IP,302,1,21115,F5_BIG_IP,WordPress
BigIP,404,1,13769,F5_BIG_IP,Laravel
cloudflare,403,1,16031,Cloudflare,WordPress
cloudflare,404,1,36929,Cloudflare,ASP.NET
BIG-IP,301,1,13220,F5_BIG_IP,Laravel
Incapsula,403,1,23324,Imperva,Node.js
Incapsula,404,1,26735,Imperva,Vue
AmazonS3,200,1,46551,AWS_WAF,WordPress
nginx/1.18.0,301,1,11268,ModSecurity,Spring_Boot
AWS,301,1,13991,AWS_WAF,Vue
nginx/1.18.0,301,1,30188,ModSecurity,Spring_Boot
LiteSpeed,302,0,26656,None,Vue
AmazonS3,302,1,40012,AWS_WAF,Express
Sucuri/Cloudproxy,301,1,33459,Sucuri,Express
cloudflare,301,1,3695,Cloudflare,Unknown
cloudflare,404,1,11726,Cloudflare,React
AmazonS3,301,1,33194,AWS_WAF,Laravel
Incapsula,302,1,14341,Imperva,Django
Sucuri/Cloudproxy,404,1,49833,Sucuri,React
Apache/2.4.41 (Ubuntu),301,1,5138,ModSecurity,WordPress
AmazonS3,200,1,14463,AWS_WAF,Express
Incapsula,403,1,702,Imperva,WordPress
nginx/1.18.0,301,0,14851,None,WordPress
Incapsula,200,1,6422,Imperva,Unknown
cloudflare-nginx,403,1,16717,Cloudflare,Unknown
Microsoft-IIS/10.0,301,0,48315,None,WordPress
cloudflare,200,1,40022,Cloudflare,Vue
BIG-IP,200,1,22980,F5_BIG_IP,Express
Incapsula,403,1,41818,Imperva,Express
Microsoft-IIS/10.0,302,0,11232,None,Node.js
Sucuri/Cloudproxy,403,1,18837,Sucuri,ASP.NET
Incapsula,404,1,31457,Imperva,Express
Apache/2.4.41,200,0,5379,None,Laravel
Incapsula,403,1,17422,Imperva,Laravel
Sucuri/Cloudproxy,500,1,27707,Sucuri,WordPress
Sucuri/Cloudproxy,302,1,34532,Sucuri,Unknown
CloudFront,200,1,488,AWS_WAF,Vue
nginx/1.18.0,200,0,38931,None,Node.js
Incapsula,403,1,6121,Imperva,Spring_Boot
nginx/1.18.0,403,1,7838,ModSecurity,React
nginx/1.18.0,404,1,47768,ModSecurity,WordPress
Sucuri/Cloudproxy,403,1,24741,Sucuri,ASP.NET
cloudflare-nginx,500,1,5118,Cloudflare,Unknown
Apache/2.4.41 (Ubuntu),403,1,7286,ModSecurity,Django
Sucuri/Cloudproxy,200,1,812,Sucuri,ASP.NET
cloudflare,403,1,34572,Cloudflare,Vue
Incapsula,200,1,26167,Imperva,Vue
AWS,200,1,22842,AWS_WAF,Express
Sucuri/Cloudproxy,200,1,30585,Sucuri,Django
BigIP,500,1,37407,F5_BIG_IP,Node.js
cloudflare,200,1,812,Cloudflare,Unknown
nginx/1.18.0,404,0,2190,None,Django
Sucuri/Cloudproxy,403,1,23949,Sucuri,Vue
AmazonS3,403,1,16390,AWS_WAF,WordPress
cloudflare-nginx,403,1,9833,Cloudflare,Node.js
AWS,500,1,7120,AWS_WAF,Spring_Boot
CloudFront,403,1,47534,AWS_WAF,Vue
Incapsula,200,1,7667,Imperva,Unknown
BigIP,500,1,21448,F5_BIG_IP,WordPress
Incapsula,403,1,32040,Imperva,Unknown
BIG-IP,403,1,24263,F5_BIG_IP,ASP.NET
LiteSpeed,301,0,35888,None,Spring_Boot
Sucuri/Cloudproxy,403,1,34149,Sucuri,Laravel
BigIP,403,1,5483,F5_BIG_IP,Django
cloudflare-nginx,500,1,34472,Cloudflare,Express
Sucuri/Cloudproxy,200,1,39575,Sucuri,Spring_Boot
Apache/2.4.41 (Ubuntu),404,1,34140,ModSecurity,Spring_Boot
BIG-IP,200,1,44639,F5_BIG_IP,Vue
Sucuri/Cloudproxy,500,1,35376,Sucuri,ASP.NET
cloudflare,404,1,49939,Cloudflare,React
Incapsula,200,1,11039,Imperva,Express
Sucuri/Cloudproxy,403,1,21481,Sucuri,WordPress
Apache/2.4.41,302,0,7224,None,WordPress
cloudflare,302,1,13170,Cloudflare,WordPress
Apache/2.4.41 (Ubuntu),403,1,30959,ModSecurity,React
Apache/2.4.41 (Ubuntu),301,1,16243,ModSecurity,Vue
BigIP,403,1,13344,F5_BIG_IP,React
Incapsula,302,1,31649,Imperva,Spring_Boot
AWS,403,1,49954,AWS_WAF,Django
Sucuri/Cloudproxy,403,1,38556,Sucuri,Laravel
Incapsula,500,1,39539,Imperva,ASP.NET
nginx/1.18.0,200,1,31419,ModSecurity,Node.js
Microsoft-IIS/10.0,200,1,24956,None,React
cloudflare-nginx,403,1,43362,Cloudflare,Node.js
Incapsula,500,1,42716,Imperva,React
AmazonS3,403,1,49883,AWS_WAF,WordPress
nginx/1.18.0,301,0,14727,None,Laravel
nginx/1.18.0,200,1,44346,ModSecurity,Laravel
AmazonS3,302,1,16488,AWS_WAF,Express
Sucuri/Cloudproxy,301,1,6320,Sucuri,Node.js
Incapsula,403,1,7165,Imperva,ASP.NET
Sucuri/Cloudproxy,403,1,34722,Sucuri,ASP.NET
Microsoft-IIS/10.0,302,0,24220,None,Vue
CloudFront,403,1,28361,AWS_WAF,WordPress
Incapsula,403,1,43340,Imperva,Node.js
cloudflare-nginx,302,1,6516,Cloudflare,Laravel
Sucuri/Cloudproxy,301,1,40241,Sucuri,Express
BigIP,302,1,4941,F5_BIG_IP,WordPress
cloudflare-nginx,403,1,45596,Cloudflare,Unknown
AmazonS3,404,1,35948,AWS_WAF,Unknown
AWS,200,1,25637,AWS_WAF,Node.js
Incapsula,302,1,36165,Imperva,Node.js
Apache/2.4.41 (Ubuntu),302,1,41149,ModSecurity,Express
CloudFront,302,1,4399,AWS_WAF,Vue
CloudFront,301,1,37687,AWS_WAF,Express
Incapsula,403,1,30250,Imperva,Laravel
Incapsula,403,1,10016,Imperva,Vue
BigIP,404,1,1276,F5_BIG_IP,Express
Microsoft-IIS/10.0,500,0,5345,None,Vue
CloudFront,404,1,41807,AWS_WAF,Vue
AWS,403,1,35469,AWS_WAF,Spring_Boot
AWS,302,1,6463,AWS_WAF,Unknown
Apache/2.4.41,301,0,47117,None,Laravel
LiteSpeed,200,0,13761,None,Express
AmazonS3,200,1,14695,AWS_WAF,ASP.NET
Apache/2.4.41 (Ubuntu),403,1,31800,ModSecurity,Django
Incapsula,404,1,20750,Imperva,Express
nginx/1.18.0,301,1,9885,None,Node.js
AmazonS3,500,1,47843,AWS_WAF,Spring_Boot
BigIP,403,1,8689,F5_BIG_IP,Spring_Boot
Sucuri/Cloudproxy,403,1,22161,Sucuri,WordPress
AmazonS3,302,1,2361,AWS_WAF,Express
BIG-IP,403,1,23163,F5_BIG_IP,Vue
CloudFront,403,1,39120,AWS_WAF,ASP.NET
CloudFront,403,1,6318,AWS_WAF,Vue
CloudFront,403,1,27521,AWS_WAF,ASP.NET
nginx/1.18.0,301,1,32036,ModSecurity,Spring_Boot
cloudflare-nginx,500,1,24741,Cloudflare,Django
cloudflare,302,1,925,Cloudflare,Unknown
Sucuri/Cloudproxy,404,1,9123,Sucuri,Django
BIG-IP,403,1,34004,F5_BIG_IP,Spring_Boot
Sucuri/Cloudproxy,403,1,5712,Sucuri,Laravel
Sucuri/Cloudproxy,302,1,39593,Sucuri,Unknown
cloudflare-nginx,403,1,30621,Cloudflare,Django
Incapsula,500,1,29529,Imperva,WordPress
AmazonS3,403,1,48387,AWS_WAF,Vue
CloudFront,404,1,30240,AWS_WAF,WordPress
cloudflare-nginx,301,1,36169,Cloudflare,Laravel
BigIP,500,1,14201,F5_BIG_IP,Express
Apache/2.4.41 (Ubuntu),403,1,27344,ModSecurity,WordPress
AmazonS3,302,1,39541,AWS_WAF,Django
AmazonS3,403,1,8342,AWS_WAF,Django
Apache/2.4.41 (Ubuntu),403,1,12509,ModSecurity,Laravel
cloudflare-nginx,403,1,18931,Cloudflare,Spring_Boot
nginx/1.18.0,200,1,18105,ModSecurity,Vue
Incapsula,500,1,43833,Imperva,Vue
AWS,403,1,36910,AWS_WAF,Node.js
cloudflare,301,1,46158,Cloudflare,Vue
LiteSpeed,404,0,31140,None,Express
Sucuri/Cloudproxy,500,1,17111,Sucuri,Unknown
Sucuri/Cloudproxy,302,1,5740,Sucuri,React
Incapsula,200,1,14832,Imperva,ASP.NET
Incapsula,500,1,8746,Imperva,Spring_Boot
Microsoft-IIS/10.0,500,0,44900,None,Django
Incapsula,403,1,17340,Imperva,ASP.NET
Sucuri/Cloudproxy,404,1,3230,Sucuri,WordPress
nginx/1.18.0,200,1,11806,ModSecurity,Express
AmazonS3,403,1,33023,AWS_WAF,React
Sucuri/Cloudproxy,302,1,2660,Sucuri,Node.js
nginx/1.18.0,404,0,43405,None,Vue
nginx/1.18.0,403,1,12294,ModSecurity,Django
BigIP,302,1,49997,F5_BIG_IP,Django
cloudflare-nginx,403,1,6915,Cloudflare,Express
Microsoft-IIS/10.0,500,0,7326,None,WordPress
Microsoft-IIS/10.0,302,0,49304,None,Django
LiteSpeed,302,1,5118,None,React
nginx/1.18.0,403,1,34047,ModSecurity,Express
Microsoft-IIS/10.0,500,0,39841,None,Vue
CloudFront,404,1,9505,AWS_WAF,ASP.NET
CloudFront,301,1,40368,AWS_WAF,Node.js
Sucuri/Cloudproxy,403,1,49655,Sucuri,Node.js
BIG-IP,500,1,49626,F5_BIG_IP,WordPress
Apache/2.4.41 (Ubuntu),500,1,27609,ModSecurity,ASP.NET
BIG-IP,404,1,43498,F5_BIG_IP,Express
Apache/2.4.41,302,0,34336,None,Node.js
Sucuri/Cloudproxy,404,1,12806,Sucuri,Express
nginx/1.18.0,200,1,4420,None,Express
cloudflare,403,1,15378,Cloudflare,ASP.NET
Incapsula,200,1,5027,Imperva,Unknown
Incapsula,500,1,7005,Imperva,Django
Sucuri/Cloudproxy,302,1,16478,Sucuri,React
cloudflare,403,1,3642,Cloudflare,WordPress
nginx/1.18.0,404,1,39015,ModSecurity,Laravel
Apache/2.4.41 (Ubuntu),404,1,47948,ModSecurity,Unknown
Apache/2.4.41,301,1,4704,None,Django
cloudflare-nginx,500,1,6129,Cloudflare,Node.js
CloudFront,403,1,30262,AWS_WAF,React
Microsoft-IIS/10.0,500,1,38015,None,Vue
Incapsula,403,1,32753,Imperva,React
Incapsula,302,1,35631,Imperva,WordPress
AmazonS3,200,1,43809,AWS_WAF,WordPress
Sucuri/Cloudproxy,403,1,14071,Sucuri,React
BigIP,403,1,24235,F5_BIG_IP,Django
BIG-IP,403,1,35121,F5_BIG_IP,ASP.NET
CloudFront,403,1,10259,AWS_WAF,Laravel
Apache/2.4.41 (Ubuntu),500,1,43289,ModSecurity,Laravel
nginx/1.18.0,200,1,19175,ModSecurity,Express
BigIP,403,1,12522,F5_BIG_IP,Spring_Boot
Incapsula,500,1,28308,Imperva,ASP.NET
Incapsula,404,1,6651,Imperva,WordPress
Incapsula,200,1,1907,Imperva,Node.js
Microsoft-IIS/10.0,404,1,15235,None,ASP.NET
AmazonS3,403,1,7868,AWS_WAF,React
Sucuri/Cloudproxy,404,1,26510,Sucuri,React
Sucuri/Cloudproxy,403,1,22294,Sucuri,Laravel
AWS,200,1,5811,AWS_WAF,Express
Sucuri/Cloudproxy,200,1,45161,Sucuri,Express
cloudflare-nginx,403,1,34274,Cloudflare,Express
Apache/2.4.41,302,0,14021,None,Unknown
Incapsula,301,1,31131,Imperva,React
nginx/1.18.0,404,1,35763,ModSecurity,Unknown
Apache/2.4.41 (Ubuntu),403,1,47864,ModSecurity,Node.js
CloudFront,500,1,17737,AWS_WAF,Django
Incapsula,403,1,6573,Imperva,Vue
Sucuri/Cloudproxy,301,1,30053,Sucuri,React
BIG-IP,403,1,27377,F5_BIG_IP,Unknown
AmazonS3,403,1,39018,AWS_WAF,ASP.NET
nginx/1.18.0,403,1,6610,ModSecurity,ASP.NET
Sucuri/Cloudproxy,404,1,5843,Sucuri,Laravel
Incapsula,404,1,48526,Imperva,WordPress
Apache/2.4.41 (Ubuntu),403,1,47767,ModSecurity,Vue
BIG-IP,500,1,35518,F5_BIG_IP,React
Incapsula,302,1,24793,Imperva,React
Incapsula,403,1,34689,Imperva,WordPress
AmazonS3,403,1,21093,AWS_WAF,Spring_Boot
Sucuri/Cloudproxy,404,1,20009,Sucuri,Django
Sucuri/Cloudproxy,403,1,25549,Sucuri,React
Incapsula,403,1,49436,Imperva,WordPress
cloudflare-nginx,403,1,25622,Cloudflare,React
Incapsula,404,1,43795,Imperva,Django
Sucuri/Cloudproxy,403,1,17174,Sucuri,Node.js
Sucuri/Cloudproxy,500,1,8401,Sucuri,Spring_Boot
Sucuri/Cloudproxy,301,1,19756,Sucuri,Laravel
Sucuri/Cloudproxy,301,1,38272,Sucuri,Express
cloudflare-nginx,404,1,2622,Cloudflare,Vue
AWS,500,1,5804,AWS_WAF,Django
cloudflare,403,1,35979,Cloudflare,Unknown
Sucuri/Cloudproxy,403,1,48079,Sucuri,Laravel
Incapsula,403,1,28984,Imperva,Laravel
Sucuri/Cloudproxy,500,1,19360,Sucuri,Django
AmazonS3,500,1,18161,AWS_WAF,Vue
Incapsula,200,1,47299,Imperva,WordPress
CloudFront,302,1,34442,AWS_WAF,Express
CloudFront,403,1,16401,AWS_WAF,Django
Microsoft-IIS/10.0,404,1,46269,None,Vue
cloudflare-nginx,302,1,7681,Cloudflare,Spring_Boot
BigIP,200,1,23628,F5_BIG_IP,Django
BigIP,403,1,20884,F5_BIG_IP,Laravel
cloudflare-nginx,200,1,20231,Cloudflare,Spring_Boot
AWS,404,1,22868,AWS_WAF,ASP.NET
Incapsula,403,1,44149,Imperva,Spring_Boot
BigIP,404,1,26877,F5_BIG_IP,ASP.NET
Sucuri/Cloudproxy,500,1,29422,Sucuri,Django
BIG-IP,200,1,9766,F5_BIG_IP,WordPress
nginx/1.18.0,500,0,44036,None,Laravel
Sucuri/Cloudproxy,500,1,37152,Sucuri,Spring_Boot
Incapsula,403,1,47921,Imperva,Vue
cloudflare,302,1,24290,Cloudflare,Express
Incapsula,301,1,36692,Imperva,WordPress
Sucuri/Cloudproxy,500,1,23666,Sucuri,Vue
cloudflare-nginx,403,1,17065,Cloudflare,Spring_Boot
Incapsula,301,1,12677,Imperva,ASP.NET
BIG-IP,302,1,47838,F5_BIG_IP,Laravel
cloudflare,403,1,46579,Cloudflare,Unknown
cloudflare,301,1,36670,Cloudflare,Express
Apache/2.4.41,404,1,8261,None,React
Incapsula,404,1,7993,Imperva,WordPress
Microsoft-IIS/10.0,500,0,41258,None,Laravel
cloudflare,301,1,27159,Cloudflare,Laravel
nginx/1.18.0,404,1,2415,ModSecurity,Django
Incapsula,404,1,44606,Imperva,WordPress
Apache/2.4.41 (Ubuntu),500,1,9913,ModSecurity,Django
Microsoft-IIS/10.0,302,0,38509,None,React
nginx/1.18.0,200,1,10867,ModSecurity,Laravel
Incapsula,403,1,39375,Imperva,Express
CloudFront,200,1,37044,AWS_WAF,Django
BigIP,500,1,32736,F5_BIG_IP,Vue
Apache/2.4.41 (Ubuntu),403,1,40172,ModSecurity,ASP.NET
nginx/1.18.0,200,1,36797,ModSecurity,WordPress
AWS,500,1,21288,AWS_WAF,Node.js
nginx/1.18.0,403,1,24091,ModSecurity,ASP.NET
Sucuri/Cloudproxy,403,1,40640,Sucuri,Vue
BigIP,200,1,47661,F5_BIG_IP,Node.js
Apache/2.4.41 (Ubuntu),403,1,17313,ModSecurity,Unknown
BIG-IP,403,1,24090,F5_BIG_IP,WordPress
nginx/1.18.0,403,1,17457,ModSecurity,React
cloudflare-nginx,404,1,34113,Cloudflare,WordPress
nginx/1.18.0,500,0,49676,None,ASP.NET
AmazonS3,500,1,10216,AWS_WAF,Express
CloudFront,403,1,33180,AWS_WAF,Unknown
BigIP,301,1,39114,F5_BIG_IP,React
LiteSpeed,200,0,35027,None,ASP.NET
Apache/2.4.41 (Ubuntu),403,1,21204,ModSecurity,WordPress
AWS,301,1,14049,AWS_WAF,ASP.NET
BIG-IP,403,1,36153,F5_BIG_IP,Node.js
LiteSpeed,200,0,2770,None,Laravel
nginx/1.18.0,500,1,47892,ModSecurity,ASP.NET
Apache/2.4.41,302,1,267,None,Express
Incapsula,404,1,23400,Imperva,Vue
AmazonS3,404,1,41834,AWS_WAF,ASP.NET
nginx/1.18.0,500,1,18386,ModSecurity,WordPress
cloudflare,403,1,41700,Cloudflare,Node.js
nginx/1.18.0,200,1,29207,ModSecurity,Django
nginx/1.18.0,403,1,46909,ModSecurity,Spring_Boot
Microsoft-IIS/10.0,301,0,47473,None,React
AWS,500,1,21647,AWS_WAF,Vue
Incapsula,404,1,11354,Imperva,ASP.NET
Apache/2.4.41 (Ubuntu),403,1,31027,ModSecurity,Laravel
nginx/1.18.0,500,1,24017,ModSecurity,Spring_Boot
Sucuri/Cloudproxy,302,1,5901,Sucuri,WordPress
Sucuri/Cloudproxy,403,1,23356,Sucuri,React
LiteSpeed,302,1,18561,None,Express
Sucuri/Cloudproxy,403,1,47227,Sucuri,Vue
Sucuri/Cloudproxy,200,1,40782,Sucuri,Unknown
nginx/1.18.0,200,1,35044,ModSecurity,Express
Sucuri/Cloudproxy,302,1,15812,Sucuri,Vue
Apache/2.4.41 (Ubuntu),403,1,6419,ModSecurity,Django
BIG-IP,500,1,19914,F5_BIG_IP,ASP.NET
Incapsula,404,1,33859,Imperva,React
BIG-IP,500,1,36036,F5_BIG_IP,Node.js
BIG-IP,403,1,47362,F5_BIG_IP,WordPress
Sucuri/Cloudproxy,301,1,4225,Sucuri,Node.js
cloudflare-nginx,301,1,43781,Cloudflare,Laravel
nginx/1.18.0,403,1,7981,ModSecurity,WordPress
cloudflare,302,1,10851,Cloudflare,Spring_Boot
cloudflare-nginx,403,1,30910,Cloudflare,React
Apache/2.4.41 (Ubuntu),301,1,18350,ModSecurity,React
CloudFront,301,1,14871,AWS_WAF,Spring_Boot
LiteSpeed,500,0,33125,None,React
cloudflare,302,1,7592,Cloudflare,Vue
Sucuri/Cloudproxy,302,1,3874,Sucuri,Node.js
Apache/2.4.41 (Ubuntu),403,1,7740,ModSecurity,WordPress
AmazonS3,301,1,4470,AWS_WAF,WordPress
cloudflare,301,1,45688,Cloudflare,WordPress
BigIP,403,1,48253,F5_BIG_IP,Spring_Boot
nginx/1.18.0,301,1,46888,ModSecurity,Unknown
cloudflare-nginx,500,1,35467,Cloudflare,React
Apache/2.4.41 (Ubuntu),403,1,29360,ModSecurity,Django
Incapsula,302,1,4836,Imperva,WordPress
cloudflare-nginx,404,1,18808,Cloudflare,Laravel
nginx/1.18.0,200,1,31582,ModSecurity,WordPress
Sucuri/Cloudproxy,500,1,28488,Sucuri,React
cloudflare-nginx,403,1,3367,Cloudflare,Django
Sucuri/Cloudproxy,500,1,31188,Sucuri,Express
cloudflare-nginx,403,1,33775,Cloudflare,Spring_Boot
BigIP,200,1,38379,F5_BIG_IP,Node.js
BigIP,500,1,13222,F5_BIG_IP,Vue
cloudflare,403,1,38506,Cloudflare,Django
Incapsula,403,1,41310,Imperva,WordPress
cloudflare-nginx,301,1,17897,Cloudflare,React
Incapsula,403,1,49418,Imperva,ASP.NET
BigIP,403,1,22141,F5_BIG_IP,Node.js
Incapsula,200,1,7727,Imperva,Spring_Boot
cloudflare,301,1,798,Cloudflare,Spring_Boot
BigIP,403,1,18954,F5_BIG_IP,WordPress
CloudFront,403,1,39890,AWS_WAF,Node.js
cloudflare-nginx,301,1,42584,Cloudflare,Spring_Boot
CloudFront,403,1,20357,AWS_WAF,ASP.NET
nginx/1.18.0,404,1,25312,ModSecurity,Laravel
Incapsula,403,1,40018,Imperva,Unknown
LiteSpeed,302,0,1064,None,ASP.NET
BIG-IP,500,1,17467,F5_BIG_IP,WordPress
nginx/1.18.0,404,1,7190,ModSecurity,Laravel
Sucuri/Cloudproxy,500,1,10201,Sucuri,Express
Incapsula,403,1,23817,Imperva,React
Incapsula,403,1,18071,Imperva,Express
BIG-IP,403,1,8949,F5_BIG_IP,Vue
AmazonS3,403,1,49450,AWS_WAF,Unknown
Sucuri/Cloudproxy,403,1,42879,Sucuri,Spring_Boot
CloudFront,404,1,37110,AWS_WAF,Laravel
BIG-IP,302,1,26938,F5_BIG_IP,Django
Sucuri/Cloudproxy,301,1,3987,Sucuri,ASP.NET
nginx/1.18.0,403,1,17378,ModSecurity,Laravel
Apache/2.4.41 (Ubuntu),403,1,20339,ModSecurity,React
Apache/2.4.41 (Ubuntu),500,1,9141,ModSecurity,React
nginx/1.18.0,301,1,5476,ModSecurity,Vue
Incapsula,403,1,2666,Imperva,Django
BIG-IP,500,1,34508,F5_BIG_IP,WordPress
Apache/2.4.41,200,0,9343,None,Unknown
Sucuri/Cloudproxy,404,1,44032,Sucuri,Laravel
Microsoft-IIS/10.0,500,0,44437,None,Django
AWS,403,1,18992,AWS_WAF,Node.js
AWS,403,1,47491,AWS_WAF,Node.js
Microsoft-IIS/10.0,200,0,36527,None,React
Incapsula,404,1,31092,Imperva,Express
cloudflare-nginx,302,1,8742,Cloudflare,Express
nginx/1.18.0,403,1,8613,ModSecurity,React
Sucuri/Cloudproxy,403,1,45462,Sucuri,Spring_Boot
cloudflare,404,1,44027,Cloudflare,Spring_Boot
Sucuri/Cloudproxy,500,1,30533,Sucuri,Unknown
Apache/2.4.41 (Ubuntu),301,1,725,ModSecurity,Express
cloudflare-nginx,301,1,13729,Cloudflare,Express
nginx/1.18.0,302,1,9358,ModSecurity,Node.js
nginx/1.18.0,404,1,23919,None,ASP.NET
Incapsula,403,1,1117,Imperva,Vue
Incapsula,301,1,8459,Imperva,WordPress
Incapsula,403,1,28989,Imperva,Spring_Boot
cloudflare,403,1,8990,Cloudflare,Express
Incapsula,500,1,32233,Imperva,Vue
BigIP,500,1,2059,F5_BIG_IP,React
nginx/1.18.0,200,1,41454,ModSecurity,ASP.NET
Incapsula,500,1,33911,Imperva,Vue
Incapsula,403,1,18965,Imperva,Unknown
nginx/1.18.0,301,1,44072,ModSecurity,Vue
Incapsula,301,1,38910,Imperva,Unknown
Incapsula,403,1,36444,Imperva,Unknown
Microsoft-IIS/10.0,200,0,18603,None,Node.js
AWS,403,1,16611,AWS_WAF,Node.js
nginx/1.18.0,403,1,28503,ModSecurity,Unknown
Microsoft-IIS/10.0,500,0,19512,None,Laravel
cloudflare,500,1,15980,Cloudflare,Express
cloudflare,301,1,25252,Cloudflare,Express
Incapsula,302,1,12127,Imperva,Laravel
nginx/1.18.0,403,1,31927,ModSecurity,Unknown
Sucuri/Cloudproxy,302,1,5122,Sucuri,Express
Incapsula,403,1,26399,Imperva,Spring_Boot
Microsoft-IIS/10.0,404,1,23026,None,ASP.NET
BigIP,200,1,19280,F5_BIG_IP,Vue
Sucuri/Cloudproxy,301,1,45840,Sucuri,WordPress
BIG-IP,403,1,23383,F5_BIG_IP,ASP.NET
Microsoft-IIS/10.0,302,0,44790,None,Spring_Boot
Sucuri/Cloudproxy,403,1,5495,Sucuri,WordPress
nginx/1.18.0,301,1,16345,None,Vue
LiteSpeed,302,0,22083,None,WordPress
AWS,500,1,8976,AWS_WAF,Laravel
Incapsula,403,1,43081,Imperva,Spring_Boot
CloudFront,200,1,36167,AWS_WAF,Vue
BIG-IP,500,1,43025,F5_BIG_IP,Spring_Boot
Sucuri/Cloudproxy,302,1,26877,Sucuri,Django
AmazonS3,301,1,32264,AWS_WAF,Unknown
Incapsula,200,1,37964,Imperva,Unknown
nginx/1.18.0,301,1,36863,ModSecurity,React
cloudflare,200,1,4396,Cloudflare,Unknown
Sucuri/Cloudproxy,500,1,28092,Sucuri,Express
Incapsula,404,1,48963,Imperva,React
Incapsula,302,1,47736,Imperva,Laravel
cloudflare,200,1,14689,Cloudflare,Unknown
BIG-IP,301,1,40094,F5_BIG_IP,Laravel
AmazonS3,403,1,26809,AWS_WAF,Vue
BigIP,200,1,15243,F5_BIG_IP,Spring_Boot
nginx/1.18.0,403,1,49166,ModSecurity,React
BigIP,302,1,33495,F5_BIG_IP,ASP.NET
Sucuri/Cloudproxy,500,1,12455,Sucuri,Laravel
Microsoft-IIS/10.0,500,0,17985,None,Laravel
Apache/2.4.41 (Ubuntu),200,1,5989,ModSecurity,Laravel
Apache/2.4.41 (Ubuntu),404,1,19871,ModSecurity,ASP.NET
Apache/2.4.41 (Ubuntu),200,1,15844,ModSecurity,Unknown
Incapsula,403,1,24464,Imperva,Vue
BigIP,403,1,9991,F5_BIG_IP,React
Microsoft-IIS/10.0,500,0,13615,None,Express
AWS,403,1,14691,AWS_WAF,Node.js
Sucuri/Cloudproxy,200,1,34391,Sucuri,Django
CloudFront,403,1,335,AWS_WAF,Django
Incapsula,301,1,31757,Imperva,Spring_Boot
cloudflare,302,1,44775,Cloudflare,WordPress
BigIP,200,1,39958,F5_BIG_IP,Express
Incapsula,404,1,41669,Imperva,Unknown
LiteSpeed,301,1,47746,None,Node.js
Incapsula,403,1,35469,Imperva,Laravel
Sucuri/Cloudproxy,403,1,12421,Sucuri,Express
AmazonS3,301,1,40586,AWS_WAF,WordPress
cloudflare-nginx,301,1,23311,Cloudflare,Django
AWS,301,1,4367,AWS_WAF,ASP.NET
Apache/2.4.41 (Ubuntu),404,1,19728,ModSecurity,Laravel
cloudflare-nginx,404,1,5251,Cloudflare,Laravel
Apache/2.4.41,404,0,12277,None,WordPress
Apache/2.4.41 (Ubuntu),403,1,35171,ModSecurity,Node.js
Sucuri/Cloudproxy,404,1,35681,Sucuri,Django
CloudFront,403,1,24227,AWS_WAF,React
Microsoft-IIS/10.0,302,1,891,None,Express
nginx/1.18.0,200,1,14899,ModSecurity,Vue
BIG-IP,301,1,46115,F5_BIG_IP,WordPress
Incapsula,302,1,47488,Imperva,Laravel
nginx/1.18.0,500,0,10359,None,Laravel
CloudFront,200,1,38204,AWS_WAF,React
nginx/1.18.0,302,0,14443,None,Django
nginx/1.18.0,500,0,49566,None,WordPress
BigIP,200,1,35218,F5_BIG_IP,Node.js
CloudFront,500,1,31326,AWS_WAF,Django
AmazonS3,403,1,27465,AWS_WAF,React
CloudFront,302,1,30770,AWS_WAF,ASP.NET
Sucuri/Cloudproxy,403,1,29866,Sucuri,Django
CloudFront,500,1,42014,AWS_WAF,Unknown
Incapsula,500,1,7293,Imperva,WordPress
nginx/1.18.0,500,1,27041,ModSecurity,Laravel
BigIP,302,1,43287,F5_BIG_IP,React
nginx/1.18.0,200,1,45190,ModSecurity,Unknown
nginx/1.18.0,500,0,18964,None,Unknown
Sucuri/Cloudproxy,403,1,39307,Sucuri,ASP.NET
cloudflare,302,1,41315,Cloudflare,Vue
cloudflare,404,1,25417,Cloudflare,Spring_Boot
AWS,403,1,7759,AWS_WAF,ASP.NET
nginx/1.18.0,302,1,44955,ModSecurity,Unknown
CloudFront,500,1,27236,AWS_WAF,WordPress
cloudflare,403,1,26646,Cloudflare,Unknown
Apache/2.4.41 (Ubuntu),500,1,1956,ModSecurity,Laravel
BIG-IP,403,1,12124,F5_BIG_IP,WordPress
Incapsula,403,1,7624,Imperva,React
AmazonS3,200,1,11060,AWS_WAF,Vue
Incapsula,301,1,18127,Imperva,Vue
Apache/2.4.41 (Ubuntu),404,1,15767,ModSecurity,WordPress
cloudflare-nginx,302,1,19177,Cloudflare,Express
Apache/2.4.41,301,0,35260,None,Django
Apache/2.4.41,301,0,36903,None,Unknown
cloudflare-nginx,200,1,20025,Cloudflare,Unknown
cloudflare-nginx,301,1,25929,Cloudflare,Django
cloudflare,403,1,47059,Cloudflare,Express
BIG-IP,404,1,13294,F5_BIG_IP,Unknown
LiteSpeed,302,1,8297,None,Express
nginx/1.18.0,404,0,15606,None,ASP.NET
nginx/1.18.0,404,0,1757,None,Express
cloudflare-nginx,500,1,26226,Cloudflare,Laravel
nginx/1.18.0,404,0,21544,None,Unknown
cloudflare,500,1,12147,Cloudflare,Django
cloudflare,403,1,1660,Cloudflare,ASP.NET
BIG-IP,403,1,39022,F5_BIG_IP,Unknown
Sucuri/Cloudproxy,302,1,41018,Sucuri,Unknown
LiteSpeed,500,0,36225,None,Vue
Microsoft-IIS/10.0,500,1,19584,None,Vue
Sucuri/Cloudproxy,302,1,35421,Sucuri,ASP.NET
Sucuri/Cloudproxy,403,1,4486,Sucuri,Spring_Boot
cloudflare,403,1,27006,Cloudflare,Node.js
Microsoft-IIS/10.0,301,0,42911,None,Vue
Incapsula,403,1,41319,Imperva,Laravel
BIG-IP,404,1,43497,F5_BIG_IP,ASP.NET
BIG-IP,500,1,41112,F5_BIG_IP,WordPress
Sucuri/Cloudproxy,302,1,18437,Sucuri,WordPress
Apache/2.4.41 (Ubuntu),500,1,5120,ModSecurity,Spring_Boot
nginx/1.18.0,500,0,3205,None,Spring_Boot
AmazonS3,302,1,11072,AWS_WAF,ASP.NET
cloudflare,302,1,34079,Cloudflare,Spring_Boot
Incapsula,403,1,2963,Imperva,React
nginx/1.18.0,403,1,39631,ModSecurity,Node.js
BIG-IP,403,1,10849,F5_BIG_IP,ASP.NET
AmazonS3,200,1,35009,AWS_WAF,Django
Incapsula,302,1,45180,Imperva,Spring_Boot
BigIP,302,1,20137,F5_BIG_IP,React
Apache/2.4.41 (Ubuntu),200,1,45827,ModSecurity,WordPress
Incapsula,302,1,49565,Imperva,Unknown
Incapsula,200,1,36435,Imperva,React
cloudflare,403,1,48038,Cloudflare,Unknown
BIG-IP,200,1,34276,F5_BIG_IP,Unknown
Apache/2.4.41 (Ubuntu),403,1,32541,ModSecurity,Spring_Boot
CloudFront,403,1,17010,AWS_WAF,React
Sucuri/Cloudproxy,500,1,44143,Sucuri,WordPress
cloudflare-nginx,301,1,15974,Cloudflare,React
Incapsula,200,1,2308,Imperva,React
AWS,200,1,12832,AWS_WAF,Spring_Boot
Apache/2.4.41 (Ubuntu),403,1,38319,ModSecurity,ASP.NET
BigIP,403,1,38404,F5_BIG_IP,Laravel
Incapsula,403,1,6770,Imperva,Vue
Microsoft-IIS/10.0,200,0,38869,None,Express
Apache/2.4.41 (Ubuntu),302,1,27404,ModSecurity,Spring_Boot
LiteSpeed,500,0,41868,None,Node.js
Incapsula,403,1,7027,Imperva,Vue
cloudflare-nginx,200,1,20207,Cloudflare,Spring_Boot
CloudFront,403,1,23322,AWS_WAF,Laravel
nginx/1.18.0,301,0,24106,None,Laravel
AWS,403,1,38003,AWS_WAF,WordPress
Sucuri/Cloudproxy,301,1,29679,Sucuri,Node.js
Apache/2.4.41 (Ubuntu),200,1,46325,ModSecurity,Node.js
cloudflare,500,1,33142,Cloudflare,Spring_Boot
Apache/2.4.41,404,0,6755,None,WordPress
Sucuri/Cloudproxy,403,1,19048,Sucuri,WordPress
cloudflare,404,1,7422,Cloudflare,Node.js
Apache/2.4.41 (Ubuntu),403,1,25699,ModSecurity,Express
nginx/1.18.0,302,1,7417,ModSecurity,React
nginx/1.18.0,302,0,45065,None,Node.js
Apache/2.4.41 (Ubuntu),403,1,27858,ModSecurity,Spring_Boot
nginx/1.18.0,403,1,28396,ModSecurity,Express
Incapsula,403,1,48642,Imperva,React
BIG-IP,301,1,31998,F5_BIG_IP,React
Sucuri/Cloudproxy,200,1,37339,Sucuri,Spring_Boot
Microsoft-IIS/10.0,302,0,40810,None,Laravel
nginx/1.18.0,200,1,23450,ModSecurity,Vue
BigIP,301,1,21915,F5_BIG_IP,React
BIG-IP,403,1,46620,F5_BIG_IP,Laravel
nginx/1.18.0,500,1,40164,ModSecurity,React
CloudFront,404,1,12804,AWS_WAF,ASP.NET
cloudflare,403,1,41162,Cloudflare,WordPress
cloudflare-nginx,404,1,7651,Cloudflare,WordPress
BIG-IP,404,1,3080,F5_BIG_IP,Express
Incapsula,403,1,20520,Imperva,Vue
Incapsula,500,1,14137,Imperva,React
AWS,403,1,12326,AWS_WAF,Laravel
AmazonS3,403,1,32685,AWS_WAF,Vue
Incapsula,404,1,7369,Imperva,Node.js
cloudflare-nginx,403,1,27393,Cloudflare,Express
Incapsula,404,1,47831,Imperva,Express
Incapsula,404,1,8821,Imperva,WordPress
cloudflare-nginx,403,1,12490,Cloudflare,Express
LiteSpeed,200,0,13446,None,Laravel
Incapsula,404,1,17166,Imperva,Node.js
BigIP,301,1,28558,F5_BIG_IP,Unknown
cloudflare-nginx,301,1,30086,Cloudflare,ASP.NET
BIG-IP,403,1,30870,F5_BIG_IP,Django
Incapsula,200,1,3865,Imperva,Laravel
cloudflare,200,1,455,Cloudflare,ASP.NET
Incapsula,403,1,20607,Imperva,Node.js
Sucuri/Cloudproxy,302,1,2281,Sucuri,Node.js
CloudFront,403,1,45559,AWS_WAF,Node.js
BigIP,403,1,25822,F5_BIG_IP,Node.js
Sucuri/Cloudproxy,403,1,30140,Sucuri,React
Incapsula,403,1,6367,Imperva,React
Sucuri/Cloudproxy,500,1,35505,Sucuri,Django
Microsoft-IIS/10.0,200,0,43153,None,React
Incapsula,404,1,26309,Imperva,React
Apache/2.4.41,302,1,46026,None,Laravel
Sucuri/Cloudproxy,301,1,15409,Sucuri,Django
Incapsula,403,1,46224,Imperva,Vue
AWS,403,1,44526,AWS_WAF,ASP.NET
cloudflare-nginx,403,1,29069,Cloudflare,Unknown
Sucuri/Cloudproxy,302,1,21948,Sucuri,React
Incapsula,301,1,23248,Imperva,Django
Microsoft-IIS/10.0,200,0,22510,None,ASP.NET
Incapsula,403,1,34425,Imperva,Laravel
Incapsula,403,1,39311,Imperva,React
BigIP,403,1,14514,F5_BIG_IP,Node.js
BigIP,404,1,22218,F5_BIG_IP,Django
BIG-IP,301,1,17008,F5_BIG_IP,Django
Incapsula,403,1,15738,Imperva,ASP.NET
nginx/1.18.0,500,1,38259,ModSecurity,ASP.NET
cloudflare,200,1,39380,Cloudflare,Vue
Apache/2.4.41,200,0,31261,None,WordPress
Sucuri/Cloudproxy,301,1,46081,Sucuri,ASP.NET
Sucuri/Cloudproxy,200,1,23580,Sucuri,WordPress
Sucuri/Cloudproxy,301,1,32864,Sucuri,ASP.NET
cloudflare-nginx,403,1,14828,Cloudflare,Django
Incapsula,403,1,25351,Imperva,Laravel
Sucuri/Cloudproxy,403,1,9102,Sucuri,WordPress
AWS,302,1,19560,AWS_WAF,WordPress
Sucuri/Cloudproxy,403,1,20299,Sucuri,React
Sucuri/Cloudproxy,403,1,418,Sucuri,Vue
Apache/2.4.41 (Ubuntu),403,1,24000,ModSecurity,Express
Apache/2.4.41 (Ubuntu),403,1,2948,ModSecurity,ASP.NET
cloudflare-nginx,302,1,1809,Cloudflare,Unknown
Apache/2.4.41 (Ubuntu),404,1,6839,ModSecurity,Node.js
Sucuri/Cloudproxy,500,1,1766,Sucuri,Spring_Boot
Apache/2.4.41 (Ubuntu),301,1,36416,ModSecurity,Laravel
Apache/2.4.41 (Ubuntu),200,1,42940,ModSecurity,React
Sucuri/Cloudproxy,500,1,1254,Sucuri,Express
Incapsula,500,1,13860,Imperva,Spring_Boot
Sucuri/Cloudproxy,403,1,9894,Sucuri,ASP.NET
BIG-IP,302,1,21658,F5_BIG_IP,Spring_Boot
cloudflare,301,1,22132,Cloudflare,Express
Sucuri/Cloudproxy,500,1,6647,Sucuri,Laravel
cloudflare-nginx,404,1,9218,Cloudflare,Django
BigIP,403,1,22441,F5_BIG_IP,Unknown
Incapsula,500,1,28674,Imperva,Unknown
nginx/1.18.0,301,0,37951,None,Django
cloudflare,301,1,13984,Cloudflare,Laravel
Incapsula,403,1,11349,Imperva,Unknown
cloudflare,403,1,29114,Cloudflare,Unknown
BigIP,302,1,13805,F5_BIG_IP,Spring_Boot
Incapsula,403,1,45418,Imperva,Spring_Boot
Incapsula,500,1,6343,Imperva,Vue
Incapsula,200,1,46018,Imperva,Vue
AWS,403,1,45903,AWS_WAF,Spring_Boot
cloudflare-nginx,404,1,44962,Cloudflare,React
nginx/1.18.0,301,0,13222,None,React
cloudflare-nginx,200,1,32497,Cloudflare,Spring_Boot
cloudflare,403,1,40821,Cloudflare,Laravel
Sucuri/Cloudproxy,302,1,16515,Sucuri,Node.js
BIG-IP,500,1,2583,F5_BIG_IP,Spring_Boot
Incapsula,403,1,37176,Imperva,Unknown
BIG-IP,500,1,9706,F5_BIG_IP,Express
Incapsula,302,1,7035,Imperva,Django
Incapsula,403,1,27403,Imperva,Vue
AmazonS3,302,1,24195,AWS_WAF,WordPress
Sucuri/Cloudproxy,403,1,32398,Sucuri,Vue
Apache/2.4.41 (Ubuntu),301,1,10632,ModSecurity,Laravel
LiteSpeed,302,1,12859,None,ASP.NET
Sucuri/Cloudproxy,200,1,45658,Sucuri,Django
Sucuri/Cloudproxy,403,1,47302,Sucuri,Express
Incapsula,403,1,48336,Imperva,Express
Incapsula,404,1,21595,Imperva,WordPress
Incapsula,403,1,21068,Imperva,ASP.NET
nginx/1.18.0,403,1,30879,ModSecurity,Unknown
Apache/2.4.41,301,1,47192,None,Unknown
Apache/2.4.41,200,0,8087,None,Django
cloudflare,403,1,33727,Cloudflare,Laravel
Sucuri/Cloudproxy,301,1,35145,Sucuri,ASP.NET
Apache/2.4.41,500,0,11153,None,Laravel
Sucuri/Cloudproxy,403,1,10864,Sucuri,Unknown
Apache/2.4.41,500,0,9519,None,ASP.NET
Microsoft-IIS/10.0,200,0,49755,None,Vue
AWS,403,1,17408,AWS_WAF,Express
AmazonS3,301,1,18246,AWS_WAF,Spring_Boot
cloudflare-nginx,302,1,47021,Cloudflare,Unknown
LiteSpeed,302,0,45262,None,Vue
nginx/1.18.0,403,1,44965,ModSecurity,Unknown
Incapsula,404,1,1690,Imperva,Django
cloudflare,500,1,28657,Cloudflare,WordPress
cloudflare,403,1,33804,Cloudflare,Vue
cloudflare,403,1,4184,Cloudflare,ASP.NET
BigIP,301,1,30531,F5_BIG_IP,Django
BigIP,404,1,10589,F5_BIG_IP,Express
nginx/1.18.0,302,1,44868,None,Vue
Apache/2.4.41 (Ubuntu),500,1,12828,ModSecurity,ASP.NET
cloudflare-nginx,403,1,10572,Cloudflare,Django
BIG-IP,403,1,30429,F5_BIG_IP,Django
CloudFront,403,1,27557,AWS_WAF,ASP.NET
cloudflare,500,1,22401,Cloudflare,Express
AmazonS3,403,1,35044,AWS_WAF,ASP.NET
Apache/2.4.41,302,1,5358,None,React
cloudflare,500,1,12377,Cloudflare,WordPress
cloudflare,200,1,28916,Cloudflare,Laravel
nginx/1.18.0,404,1,25906,ModSecurity,Unknown
nginx/1.18.0,302,1,28271,ModSecurity,ASP.NET
Incapsula,302,1,42852,Imperva,Unknown
Sucuri/Cloudproxy,302,1,37739,Sucuri,WordPress
Microsoft-IIS/10.0,301,0,42857,None,Spring_Boot
BIG-IP,500,1,44202,F5_BIG_IP,ASP.NET
Sucuri/Cloudproxy,200,1,37302,Sucuri,Laravel
Apache/2.4.41,301,0,8834,None,Node.js
Sucuri/Cloudproxy,403,1,8536,Sucuri,Spring_Boot
CloudFront,301,1,43023,AWS_WAF,Vue
Incapsula,302,1,28396,Imperva,Unknown
BIG-IP,403,1,33381,F5_BIG_IP,Express
CloudFront,500,1,37726,AWS_WAF,Laravel
CloudFront,500,1,4562,AWS_WAF,ASP.NET
cloudflare-nginx,403,1,31818,Cloudflare,Node.js
Incapsula,301,1,201,Imperva,Laravel
Incapsula,403,1,3159,Imperva,Laravel
Apache/2.4.41,200,0,25111,None,Vue
cloudflare-nginx,500,1,26195,Cloudflare,Django
AmazonS3,404,1,15947,AWS_WAF,Node.js
AWS,403,1,31244,AWS_WAF,React
Sucuri/Cloudproxy,403,1,8561,Sucuri,Django
AWS,200,1,40107,AWS_WAF,Laravel
AWS,302,1,24870,AWS_WAF,ASP.NET
CloudFront,200,1,47696,AWS_WAF,Laravel
AmazonS3,200,1,1763,AWS_WAF,ASP.NET
CloudFront,403,1,14706,AWS_WAF,WordPress
BIG-IP,301,1,45483,F5_BIG_IP,Vue
nginx/1.18.0,200,1,316,ModSecurity,Vue
BIG-IP,302,1,40041,F5_BIG_IP,WordPress
Apache/2.4.41,404,0,34772,None,Spring_Boot
nginx/1.18.0,200,0,36589,None,Laravel
Apache/2.4.41 (Ubuntu),302,1,9889,ModSecurity,ASP.NET
CloudFront,500,1,41783,AWS_WAF,WordPress
AWS,500,1,44357,AWS_WAF,Node.js
Incapsula,403,1,2202,Imperva,Spring_Boot
Incapsula,301,1,44756,Imperva,ASP.NET
BIG-IP,403,1,27781,F5_BIG_IP,ASP.NET
Incapsula,404,1,27731,Imperva,Laravel
nginx/1.18.0,200,1,25023,ModSecurity,Unknown
BigIP,404,1,3168,F5_BIG_IP,Laravel
BigIP,200,1,12989,F5_BIG_IP,WordPress
AWS,403,1,22490,AWS_WAF,Unknown
LiteSpeed,500,0,32253,None,React
nginx/1.18.0,301,1,6867,ModSecurity,Spring_Boot
nginx/1.18.0,403,1,32035,ModSecurity,Django
Incapsula,301,1,26885,Imperva,Django
BIG-IP,301,1,40931,F5_BIG_IP,Node.js
Incapsula,403,1,8089,Imperva,Django
Apache/2.4.41 (Ubuntu),403,1,10343,ModSecurity,ASP.NET
Incapsula,500,1,31325,Imperva,Node.js
Sucuri/Cloudproxy,404,1,11895,Sucuri,Vue
Microsoft-IIS/10.0,200,0,33931,None,Vue
Incapsula,403,1,27580,Imperva,Spring_Boot
Incapsula,500,1,22039,Imperva,Laravel
BIG-IP,403,1,43804,F5_BIG_IP,Django
Microsoft-IIS/10.0,404,0,42380,None,Express
Incapsula,500,1,16917,Imperva,Express
nginx/1.18.0,404,1,6026,ModSecurity,Spring_Boot
Sucuri/Cloudproxy,302,1,36759,Sucuri,Unknown
Microsoft-IIS/10.0,302,0,39809,None,Node.js
CloudFront,403,1,6654,AWS_WAF,React
cloudflare,301,1,22645,Cloudflare,Express
Sucuri/Cloudproxy,301,1,46260,Sucuri,Express
CloudFront,404,1,35950,AWS_WAF,ASP.NET
cloudflare,500,1,3706,Cloudflare,Unknown
Incapsula,302,1,27733,Imperva,Node.js
BigIP,200,1,1373,F5_BIG_IP,Laravel
nginx/1.18.0,200,0,28388,None,Vue
nginx/1.18.0,500,0,30003,None,Laravel
nginx/1.18.0,404,0,14343,None,Express
Incapsula,302,1,1252,Imperva,ASP.NET
nginx/1.18.0,302,0,18734,None,ASP.NET
BigIP,500,1,31612,F5_BIG_IP,Node.js
Incapsula,301,1,11260,Imperva,Django
BIG-IP,500,1,4421,F5_BIG_IP,Express
BIG-IP,404,1,14638,F5_BIG_IP,Django
Apache/2.4.41,500,0,43902,None,React
BigIP,302,1,13114,F5_BIG_IP,Unknown
nginx/1.18.0,500,1,31515,ModSecurity,Node.js
Incapsula,302,1,36053,Imperva,Node.js
AmazonS3,500,1,8211,AWS_WAF,Laravel
cloudflare,403,1,27763,Cloudflare,Laravel
Sucuri/Cloudproxy,500,1,16484,Sucuri,ASP.NET
Apache/2.4.41,500,0,43392,None,Express
cloudflare-nginx,302,1,48187,Cloudflare,Unknown
Sucuri/Cloudproxy,200,1,3297,Sucuri,React
CloudFront,200,1,32489,AWS_WAF,Spring_Boot
nginx/1.18.0,500,1,31059,ModSecurity,Express
cloudflare-nginx,200,1,49204,Cloudflare,Vue
BigIP,403,1,8919,F5_BIG_IP,React
Apache/2.4.41 (Ubuntu),403,1,20849,ModSecurity,Unknown
BIG-IP,403,1,28309,F5_BIG_IP,Node.js
Apache/2.4.41 (Ubuntu),200,1,4250,ModSecurity,WordPress
nginx/1.18.0,301,1,4111,None,WordPress
Incapsula,500,1,25843,Imperva,Unknown
nginx/1.18.0,301,0,28218,None,React
nginx/1.18.0,200,1,4794,ModSecurity,ASP.NET
cloudflare,403,1,2854,Cloudflare,Express
BigIP,403,1,966,F5_BIG_IP,WordPress
AmazonS3,403,1,3619,AWS_WAF,Unknown
nginx/1.18.0,403,1,18184,ModSecurity,Django
Sucuri/Cloudproxy,200,1,46937,Sucuri,Express
AWS,403,1,14505,AWS_WAF,Unknown
Apache/2.4.41 (Ubuntu),403,1,44367,ModSecurity,Spring_Boot
cloudflare,403,1,40954,Cloudflare,Node.js
Sucuri/Cloudproxy,200,1,40791,Sucuri,Node.js
Apache/2.4.41 (Ubuntu),403,1,38457,ModSecurity,Node.js
nginx/1.18.0,200,1,26291,None,Django
cloudflare,403,1,30196,Cloudflare,ASP.NET
cloudflare-nginx,403,1,35737,Cloudflare,ASP.NET
cloudflare-nginx,500,1,8106,Cloudflare,Django
BigIP,403,1,19556,F5_BIG_IP,Node.js
Sucuri/Cloudproxy,500,1,14356,Sucuri,Express
nginx/1.18.0,301,0,39962,None,Django
Microsoft-IIS/10.0,200,1,24595,None,Laravel
Sucuri/Cloudproxy,500,1,32723,Sucuri,Spring_Boot
LiteSpeed,302,0,36315,None,ASP.NET
nginx/1.18.0,404,0,3486,None,Unknown
Apache/2.4.41,302,1,32788,None,Spring_Boot
BIG-IP,200,1,15693,F5_BIG_IP,Laravel
BIG-IP,403,1,37791,F5_BIG_IP,Unknown
AmazonS3,403,1,29185,AWS_WAF,Spring_Boot
BIG-IP,404,1,35123,F5_BIG_IP,Spring_Boot
nginx/1.18.0,403,1,18170,ModSecurity,Spring_Boot
cloudflare,301,1,47834,Cloudflare,Node.js
cloudflare-nginx,200,1,1757,Cloudflare,Laravel
Apache/2.4.41 (Ubuntu),403,1,14078,ModSecurity,WordPress
AmazonS3,404,1,5318,AWS_WAF,ASP.NET
BigIP,404,1,15071,F5_BIG_IP,Laravel
cloudflare-nginx,302,1,1920,Cloudflare,Node.js
cloudflare-nginx,500,1,30208,Cloudflare,Django
nginx/1.18.0,404,0,43498,None,Django
Incapsula,403,1,3250,Imperva,Express
BigIP,403,1,30907,F5_BIG_IP,Express
Apache/2.4.41 (Ubuntu),404,1,48806,ModSecurity,Unknown
Incapsula,200,1,31561,Imperva,Django
BIG-IP,302,1,24386,F5_BIG_IP,ASP.NET
Incapsula,500,1,40248,Imperva,Node.js
AmazonS3,403,1,6642,AWS_WAF,React
Incapsula,403,1,16714,Imperva,Express
Sucuri/Cloudproxy,403,1,41374,Sucuri,ASP.NET
cloudflare-nginx,301,1,39815,Cloudflare,WordPress
Apache/2.4.41 (Ubuntu),403,1,41790,ModSecurity,Django
CloudFront,403,1,34476,AWS_WAF,Unknown
BIG-IP,403,1,49680,F5_BIG_IP,Laravel
cloudflare,302,1,44278,Cloudflare,WordPress
Apache/2.4.41 (Ubuntu),403,1,20914,ModSecurity,Laravel
Incapsula,301,1,12982,Imperva,Express
Apache/2.4.41,404,0,23765,None,Vue
nginx/1.18.0,302,1,32909,None,Vue
Incapsula,404,1,40972,Imperva,Laravel
cloudflare,500,1,39289,Cloudflare,Express
BIG-IP,500,1,16110,F5_BIG_IP,Django
Incapsula,500,1,24709,Imperva,React
Apache/2.4.41 (Ubuntu),200,1,29447,ModSecurity,WordPress
Apache/2.4.41 (Ubuntu),302,1,25238,ModSecurity,Node.js
cloudflare,302,1,31825,Cloudflare,Laravel
Sucuri/Cloudproxy,403,1,35635,Sucuri,ASP.NET
Incapsula,200,1,2684,Imperva,Express
Microsoft-IIS/10.0,200,0,3621,None,Spring_Boot
Sucuri/Cloudproxy,403,1,46390,Sucuri,Unknown
cloudflare,200,1,21336,Cloudflare,Unknown
Sucuri/Cloudproxy,404,1,12638,Sucuri,React
nginx/1.18.0,301,0,101,None,Express
LiteSpeed,200,1,17620,None,WordPress
BigIP,301,1,14037,F5_BIG_IP,Laravel
Sucuri/Cloudproxy,403,1,13457,Sucuri,Unknown
Sucuri/Cloudproxy,200,1,36778,Sucuri,Laravel
BIG-IP,403,1,5594,F5_BIG_IP,ASP.NET
BIG-IP,403,1,43408,F5_BIG_IP,React
Sucuri/Cloudproxy,403,1,33297,Sucuri,Django
Incapsula,301,1,3374,Imperva,Vue
Apache/2.4.41 (Ubuntu),403,1,9200,ModSecurity,React
Sucuri/Cloudproxy,302,1,31053,Sucuri,WordPress
Apache/2.4.41 (Ubuntu),403,1,22413,ModSecurity,React
Microsoft-IIS/10.0,200,0,6360,None,Laravel
Incapsula,403,1,22242,Imperva,ASP.NET
Incapsula,403,1,7915,Imperva,Unknown
BigIP,500,1,7846,F5_BIG_IP,Spring_Boot
BigIP,404,1,19113,F5_BIG_IP,React
Sucuri/Cloudproxy,500,1,36240,Sucuri,React
AWS,403,1,31541,AWS_WAF,Express
AWS,404,1,23324,AWS_WAF,Laravel
cloudflare,301,1,5516,Cloudflare,Vue
BigIP,403,1,3400,F5_BIG_IP,React
cloudflare-nginx,403,1,5059,Cloudflare,Unknown
cloudflare-nginx,404,1,2715,Cloudflare,Spring_Boot
BIG-IP,404,1,27349,F5_BIG_IP,Laravel
Incapsula,404,1,14103,Imperva,Vue
BIG-IP,404,1,17868,F5_BIG_IP,React
Incapsula,403,1,5797,Imperva,React
cloudflare-nginx,302,1,43733,Cloudflare,Express
AWS,200,1,47331,AWS_WAF,Express
Sucuri/Cloudproxy,301,1,13317,Sucuri,Spring_Boot
Incapsula,404,1,16251,Imperva,Django
nginx/1.18.0,403,1,23097,ModSecurity,Django
Incapsula,403,1,35960,Imperva,Django
nginx/1.18.0,302,1,42497,ModSecurity,WordPress
Sucuri/Cloudproxy,403,1,34596,Sucuri,Spring_Boot
BigIP,301,1,21058,F5_BIG_IP,Unknown
Microsoft-IIS/10.0,500,1,19018,None,Vue
BIG-IP,500,1,36139,F5_BIG_IP,Vue
LiteSpeed,200,0,39284,None,ASP.NET
nginx/1.18.0,500,1,9048,ModSecurity,ASP.NET
cloudflare,403,1,31724,Cloudflare,Express
BigIP,403,1,26677,F5_BIG_IP,ASP.NET
cloudflare,403,1,7103,Cloudflare,Laravel
AmazonS3,403,1,4026,AWS_WAF,React
CloudFront,403,1,4585,AWS_WAF,Django
nginx/1.18.0,403,1,4497,ModSecurity,ASP.NET
cloudflare,403,1,20531,Cloudflare,Laravel
cloudflare-nginx,301,1,37090,Cloudflare,Unknown
cloudflare,403,1,47447,Cloudflare,WordPress
CloudFront,404,1,34616,AWS_WAF,Vue
Sucuri/Cloudproxy,302,1,39931,Sucuri,WordPress
Apache/2.4.41 (Ubuntu),403,1,14131,ModSecurity,Django
Incapsula,403,1,18033,Imperva,Laravel
cloudflare-nginx,200,1,41749,Cloudflare,Django
Sucuri/Cloudproxy,404,1,5396,Sucuri,ASP.NET
BigIP,200,1,22835,F5_BIG_IP,Express
Incapsula,200,1,44468,Imperva,React
Incapsula,404,1,26618,Imperva,Unknown
Sucuri/Cloudproxy,301,1,39182,Sucuri,Node.js
Apache/2.4.41 (Ubuntu),302,1,33058,ModSecurity,ASP.NET
BigIP,500,1,43400,F5_BIG_IP,WordPress
AmazonS3,403,1,3249,AWS_WAF,WordPress
Incapsula,403,1,26925,Imperva,Express
cloudflare,404,1,20404,Cloudflare,WordPress
Sucuri/Cloudproxy,200,1,43706,Sucuri,WordPress
cloudflare,301,1,40859,Cloudflare,Node.js
Sucuri/Cloudproxy,403,1,9761,Sucuri,ASP.NET
nginx/1.18.0,500,1,14740,ModSecurity,React
nginx/1.18.0,301,1,33811,ModSecurity,Spring_Boot
BigIP,301,1,49662,F5_BIG_IP,ASP.NET
cloudflare,500,1,22914,Cloudflare,React
BigIP,404,1,49627,F5_BIG_IP,Spring_Boot
Apache/2.4.41 (Ubuntu),403,1,13084,ModSecurity,ASP.NET
Incapsula,301,1,49092,Imperva,Express
AWS,403,1,20683,AWS_WAF,React
nginx/1.18.0,200,0,9910,None,Laravel
Sucuri/Cloudproxy,403,1,32981,Sucuri,Spring_Boot
BIG-IP,403,1,17852,F5_BIG_IP,Node.js
Sucuri/Cloudproxy,403,1,48301,Sucuri,ASP.NET
LiteSpeed,500,0,36897,None,Node.js
cloudflare-nginx,403,1,23502,Cloudflare,Laravel
BigIP,403,1,39250,F5_BIG_IP,Laravel
Incapsula,200,1,1298,Imperva,Vue
BigIP,403,1,42973,F5_BIG_IP,WordPress
Microsoft-IIS/10.0,500,0,23729,None,React
Incapsula,200,1,10103,Imperva,React
AWS,301,1,10359,AWS_WAF,React
AmazonS3,404,1,18304,AWS_WAF,Node.js
CloudFront,301,1,22442,AWS_WAF,ASP.NET
nginx/1.18.0,302,1,1427,None,ASP.NET
cloudflare,403,1,46009,Cloudflare,Spring_Boot
Incapsula,403,1,37711,Imperva,React
Sucuri/Cloudproxy,403,1,7531,Sucuri,React
Apache/2.4.41 (Ubuntu),403,1,38571,ModSecurity,Unknown
Sucuri/Cloudproxy,302,1,45826,Sucuri,React
Sucuri/Cloudproxy,301,1,2864,Sucuri,React
Incapsula,403,1,29163,Imperva,Laravel
nginx/1.18.0,403,1,35497,ModSecurity,Spring_Boot
AmazonS3,403,1,45011,AWS_WAF,ASP.NET
AWS,302,1,17521,AWS_WAF,Django
Apache/2.4.41 (Ubuntu),403,1,44905,ModSecurity,Laravel
Sucuri/Cloudproxy,404,1,17118,Sucuri,React
Incapsula,404,1,16240,Imperva,Django
CloudFront,403,1,10841,AWS_WAF,Vue
Sucuri/Cloudproxy,403,1,29430,Sucuri,Unknown
cloudflare-nginx,403,1,29081,Cloudflare,Express
BIG-IP,500,1,1729,F5_BIG_IP,ASP.NET
CloudFront,403,1,6574,AWS_WAF,Laravel
AWS,403,1,44301,AWS_WAF,Express
BigIP,403,1,40265,F5_BIG_IP,Node.js
cloudflare-nginx,403,1,8221,Cloudflare,Unknown
Sucuri/Cloudproxy,302,1,44762,Sucuri,Express
Sucuri/Cloudproxy,302,1,49666,Sucuri,WordPress
Microsoft-IIS/10.0,301,0,9389,None,Spring_Boot
nginx/1.18.0,403,1,24933,ModSecurity,Django
CloudFront,403,1,19878,AWS_WAF,Spring_Boot
Sucuri/Cloudproxy,200,1,3647,Sucuri,ASP.NET
nginx/1.18.0,403,1,7253,ModSecurity,WordPress
BIG-IP,404,1,40041,F5_BIG_IP,React
Apache/2.4.41 (Ubuntu),403,1,37053,ModSecurity,React
BIG-IP,403,1,34275,F5_BIG_IP,Spring_Boot
BIG-IP,403,1,28416,F5_BIG_IP,Spring_Boot
CloudFront,403,1,41003,AWS_WAF,Django
Sucuri/Cloudproxy,403,1,11424,Sucuri,Laravel
BigIP,403,1,21148,F5_BIG_IP,WordPress
nginx/1.18.0,404,1,40366,ModSecurity,React
Sucuri/Cloudproxy,302,1,17829,Sucuri,React
Apache/2.4.41 (Ubuntu),500,1,18907,ModSecurity,ASP.NET
AWS,500,1,20589,AWS_WAF,Express
Sucuri/Cloudproxy,500,1,4269,Sucuri,Node.js
Sucuri/Cloudproxy,301,1,17936,Sucuri,Laravel
Microsoft-IIS/10.0,301,0,3333,None,Laravel
nginx/1.18.0,500,1,20702,ModSecurity,ASP.NET
nginx/1.18.0,302,0,6677,None,Django
Apache/2.4.41 (Ubuntu),301,1,11450,ModSecurity,Express
cloudflare,404,1,16240,Cloudflare,WordPress
cloudflare,403,1,36622,Cloudflare,Express
AWS,404,1,12007,AWS_WAF,Unknown
LiteSpeed,200,1,42107,None,Node.js
Sucuri/Cloudproxy,302,1,11625,Sucuri,Django
nginx/1.18.0,403,1,36459,ModSecurity,Spring_Boot
Incapsula,301,1,213,Imperva,Unknown
cloudflare,404,1,5364,Cloudflare,Laravel
nginx/1.18.0,301,1,44406,None,Spring_Boot
BIG-IP,403,1,9615,F5_BIG_IP,Django
Apache/2.4.41 (Ubuntu),403,1,37191,ModSecurity,Node.js
AWS,200,1,14141,AWS_WAF,Express
CloudFront,403,1,25787,AWS_WAF,Laravel
cloudflare-nginx,301,1,790,Cloudflare,Laravel
BIG-IP,301,1,17640,F5_BIG_IP,Vue
Sucuri/Cloudproxy,404,1,35778,Sucuri,Express
Incapsula,403,1,8054,Imperva,React
Apache/2.4.41,500,1,40076,None,Django
nginx/1.18.0,403,1,12760,ModSecurity,WordPress
CloudFront,301,1,5954,AWS_WAF,Spring_Boot
Sucuri/Cloudproxy,302,1,28210,Sucuri,Node.js
CloudFront,301,1,20106,AWS_WAF,ASP.NET
cloudflare-nginx,404,1,29557,Cloudflare,Spring_Boot
AWS,302,1,3731,AWS_WAF,ASP.NET
nginx/1.18.0,403,1,7002,ModSecurity,Django
Microsoft-IIS/10.0,302,0,21827,None,ASP.NET
Incapsula,302,1,39109,Imperva,Node.js
Incapsula,403,1,12408,Imperva,Django
cloudflare-nginx,403,1,43230,Cloudflare,ASP.NET
Sucuri/Cloudproxy,404,1,8878,Sucuri,Django
Sucuri/Cloudproxy,404,1,4291,Sucuri,Laravel
Microsoft-IIS/10.0,404,1,8401,None,WordPress
BIG-IP,404,1,31284,F5_BIG_IP,Django
cloudflare-nginx,200,1,46491,Cloudflare,Django
AWS,403,1,43268,AWS_WAF,Laravel
cloudflare,200,1,49518,Cloudflare,ASP.NET
cloudflare,302,1,7195,Cloudflare,Laravel
Incapsula,302,1,7474,Imperva,Node.js
Sucuri/Cloudproxy,403,1,2910,Sucuri,Django
Incapsula,500,1,33596,Imperva,WordPress
cloudflare-nginx,500,1,22419,Cloudflare,Node.js
Apache/2.4.41,301,0,38579,None,Laravel
cloudflare,302,1,149,Cloudflare,Spring_Boot
LiteSpeed,302,1,38878,None,React
CloudFront,403,1,43403,AWS_WAF,WordPress
CloudFront,404,1,34028,AWS_WAF,WordPress
Apache/2.4.41,404,0,25764,None,Laravel
Incapsula,403,1,41567,Imperva,Laravel
nginx/1.18.0,403,1,7994,ModSecurity,Laravel
Incapsula,200,1,22217,Imperva,Spring_Boot
cloudflare,403,1,31855,Cloudflare,Unknown
Apache/2.4.41,200,0,24370,None,Django
BIG-IP,403,1,27910,F5_BIG_IP,ASP.NET
Incapsula,500,1,35492,Imperva,Django
LiteSpeed,500,0,18629,None,Node.js
BIG-IP,403,1,5804,F5_BIG_IP,Spring_Boot
Apache/2.4.41 (Ubuntu),403,1,1061,ModSecurity,WordPress
Sucuri/Cloudproxy,403,1,19996,Sucuri,Django
AmazonS3,403,1,15632,AWS_WAF,React
BIG-IP,302,1,4402,F5_BIG_IP,React
BIG-IP,403,1,35879,F5_BIG_IP,Laravel
AWS,200,1,44288,AWS_WAF,Express
LiteSpeed,404,0,32792,None,Laravel
Sucuri/Cloudproxy,403,1,23381,Sucuri,Vue
AWS,500,1,14726,AWS_WAF,Node.js
CloudFront,404,1,6944,AWS_WAF,Vue
Sucuri/Cloudproxy,403,1,45637,Sucuri,Unknown
BigIP,301,1,37881,F5_BIG_IP,Unknown
Sucuri/Cloudproxy,302,1,31935,Sucuri,Laravel
cloudflare,403,1,4797,Cloudflare,Django
Sucuri/Cloudproxy,403,1,43790,Sucuri,Unknown
CloudFront,403,1,7069,AWS_WAF,Node.js
Apache/2.4.41,200,0,26669,None,ASP.NET
Microsoft-IIS/10.0,302,0,17662,None,Laravel
BigIP,403,1,16711,F5_BIG_IP,Django
cloudflare,404,1,20304,Cloudflare,Laravel
Sucuri/Cloudproxy,403,1,7559,Sucuri,React
cloudflare-nginx,404,1,48047,Cloudflare,Unknown
BIG-IP,404,1,5549,F5_BIG_IP,ASP.NET
Incapsula,500,1,47222,Imperva,Node.js
Sucuri/Cloudproxy,301,1,608,Sucuri,Laravel
cloudflare,302,1,34256,Cloudflare,React
BigIP,404,1,41303,F5_BIG_IP,React
Apache/2.4.41 (Ubuntu),403,1,33693,ModSecurity,Express
AmazonS3,403,1,29642,AWS_WAF,WordPress
cloudflare,403,1,12530,Cloudflare,Express
Sucuri/Cloudproxy,403,1,22864,Sucuri,Unknown
Sucuri/Cloudproxy,301,1,48071,Sucuri,Unknown
Apache/2.4.41 (Ubuntu),404,1,27783,ModSecurity,ASP.NET
Apache/2.4.41 (Ubuntu),500,1,39246,ModSecurity,Django
Incapsula,403,1,8564,Imperva,Vue
BigIP,404,1,42869,F5_BIG_IP,React
CloudFront,403,1,32595,AWS_WAF,React
Microsoft-IIS/10.0,302,0,3626,None,Unknown
BigIP,403,1,23029,F5_BIG_IP,Spring_Boot
Incapsula,200,1,9411,Imperva,Node.js
Microsoft-IIS/10.0,301,0,13257,None,ASP.NET
cloudflare,200,1,14389,Cloudflare,Spring_Boot
cloudflare,500,1,49371,Cloudflare,Laravel
cloudflare-nginx,302,1,29438,Cloudflare,React
cloudflare-nginx,403,1,25825,Cloudflare,WordPress
AmazonS3,403,1,39185,AWS_WAF,Express
cloudflare,404,1,7622,Cloudflare,Node.js
Sucuri/Cloudproxy,403,1,21941,Sucuri,Spring_Boot
AmazonS3,403,1,42793,AWS_WAF,Vue
Incapsula,404,1,39594,Imperva,Spring_Boot
Incapsula,403,1,8303,Imperva,Vue
Incapsula,302,1,32720,Imperva,React
LiteSpeed,500,0,23905,None,Laravel
BIG-IP,302,1,14650,F5_BIG_IP,Unknown
AWS,302,1,29564,AWS_WAF,Vue
BigIP,301,1,42257,F5_BIG_IP,Express
Sucuri/Cloudproxy,200,1,25262,Sucuri,ASP.NET
BIG-IP,403,1,23732,F5_BIG_IP,React
cloudflare-nginx,404,1,12273,Cloudflare,Spring_Boot
Incapsula,500,1,15598,Imperva,Express
Microsoft-IIS/10.0,200,1,27203,None,React
LiteSpeed,404,0,6828,None,ASP.NET
BIG-IP,403,1,37822,F5_BIG_IP,ASP.NET
CloudFront,302,1,29805,AWS_WAF,Django
BigIP,403,1,17358,F5_BIG_IP,Unknown
Incapsula,302,1,4872,Imperva,Unknown
Microsoft-IIS/10.0,302,0,5273,None,Vue
CloudFront,301,1,20458,AWS_WAF,Vue
Incapsula,500,1,6399,Imperva,Spring_Boot
cloudflare,200,1,31297,Cloudflare,Node.js
Incapsula,403,1,14626,Imperva,Vue
LiteSpeed,301,0,37917,None,Spring_Boot
nginx/1.18.0,302,1,25140,ModSecurity,React
Sucuri/Cloudproxy,200,1,18890,Sucuri,Unknown
BigIP,302,1,16719,F5_BIG_IP,Laravel
nginx/1.18.0,404,0,6127,None,Django
LiteSpeed,301,1,4869,None,Django
CloudFront,301,1,46936,AWS_WAF,Unknown
BIG-IP,404,1,3779,F5_BIG_IP,Laravel
Sucuri/Cloudproxy,403,1,6316,Sucuri,WordPress
Incapsula,403,1,33826,Imperva,Django
cloudflare-nginx,403,1,34251,Cloudflare,ASP.NET
LiteSpeed,500,0,19984,None,Django
Incapsula,301,1,14407,Imperva,ASP.NET
cloudflare,403,1,36530,Cloudflare,Django
BIG-IP,404,1,13314,F5_BIG_IP,Express
Apache/2.4.41 (Ubuntu),500,1,29412,ModSecurity,Spring_Boot
Microsoft-IIS/10.0,200,0,46412,None,Django
AmazonS3,403,1,19878,AWS_WAF,ASP.NET
cloudflare-nginx,302,1,47451,Cloudflare,Express
AmazonS3,403,1,9776,AWS_WAF,Node.js
cloudflare,403,1,16959,Cloudflare,React
AmazonS3,404,1,7583,AWS_WAF,Vue
BigIP,301,1,16076,F5_BIG_IP,Django
Apache/2.4.41 (Ubuntu),403,1,34162,ModSecurity,WordPress
cloudflare,404,1,12504,Cloudflare,React
Microsoft-IIS/10.0,404,0,46873,None,React
AmazonS3,403,1,23788,AWS_WAF,Node.js
Incapsula,403,1,14279,Imperva,Express
Incapsula,403,1,38318,Imperva,Spring_Boot
Sucuri/Cloudproxy,404,1,12046,Sucuri,WordPress
Apache/2.4.41 (Ubuntu),200,1,6503,ModSecurity,Vue
BigIP,403,1,39169,F5_BIG_IP,Laravel
Sucuri/Cloudproxy,302,1,17011,Sucuri,Vue
cloudflare-nginx,302,1,28212,Cloudflare,Vue
cloudflare-nginx,403,1,31485,Cloudflare,Spring_Boot
nginx/1.18.0,301,1,11276,ModSecurity,Laravel
LiteSpeed,200,0,38244,None,React
LiteSpeed,301,0,30764,None,Node.js
cloudflare,301,1,21202,Cloudflare,React
Incapsula,403,1,5455,Imperva,Vue
Apache/2.4.41,404,1,3284,None,Vue
BIG-IP,301,1,38486,F5_BIG_IP,ASP.NET
Sucuri/Cloudproxy,403,1,15885,Sucuri,Node.js
Sucuri/Cloudproxy,200,1,42769,Sucuri,Unknown
Sucuri/Cloudproxy,404,1,25467,Sucuri,Express
nginx/1.18.0,500,1,28798,ModSecurity,ASP.NET
cloudflare-nginx,403,1,630,Cloudflare,Spring_Boot
Incapsula,403,1,35104,Imperva,Vue
nginx/1.18.0,302,1,49492,ModSecurity,Spring_Boot
nginx/1.18.0,200,0,9693,None,Vue
BigIP,403,1,8274,F5_BIG_IP,Unknown
Incapsula,500,1,45291,Imperva,React
nginx/1.18.0,302,0,15409,None,React
nginx/1.18.0,404,1,9580,ModSecurity,Express
BigIP,403,1,28492,F5_BIG_IP,Vue
cloudflare,403,1,9122,Cloudflare,Express
cloudflare-nginx,500,1,35408,Cloudflare,Unknown
AmazonS3,200,1,40770,AWS_WAF,Node.js
Apache/2.4.41,302,0,17758,None,Django
cloudflare,200,1,10304,Cloudflare,React
Incapsula,500,1,21313,Imperva,Vue
Sucuri/Cloudproxy,403,1,37025,Sucuri,ASP.NET
BIG-IP,301,1,38070,F5_BIG_IP,Unknown
Incapsula,403,1,40698,Imperva,React
LiteSpeed,302,1,39589,None,ASP.NET
BigIP,403,1,40382,F5_BIG_IP,Laravel
cloudflare-nginx,302,1,27276,Cloudflare,Unknown
Sucuri/Cloudproxy,403,1,19691,Sucuri,React
nginx/1.18.0,403,1,6675,ModSecurity,Unknown
Incapsula,403,1,21423,Imperva,ASP.NET
cloudflare,500,1,29127,Cloudflare,Unknown
CloudFront,404,1,30426,AWS_WAF,ASP.NET
Incapsula,403,1,34450,Imperva,Node.js
BigIP,404,1,10284,F5_BIG_IP,Laravel
nginx/1.18.0,200,1,2750,None,WordPress
AWS,403,1,11316,AWS_WAF,WordPress
BigIP,200,1,36693,F5_BIG_IP,WordPress
BIG-IP,404,1,11307,F5_BIG_IP,WordPress
BigIP,200,1,7943,F5_BIG_IP,ASP.NET
Incapsula,302,1,12784,Imperva,Node.js
Incapsula,302,1,11067,Imperva,Django
Incapsula,403,1,14635,Imperva,Express
Sucuri/Cloudproxy,301,1,19733,Sucuri,Vue
LiteSpeed,302,1,7568,None,Spring_Boot
nginx/1.18.0,500,0,48949,None,Spring_Boot
CloudFront,403,1,47790,AWS_WAF,Django
cloudflare,200,1,11070,Cloudflare,WordPress
Incapsula,302,1,24318,Imperva,WordPress
Microsoft-IIS/10.0,301,0,12759,None,Spring_Boot
BigIP,404,1,10028,F5_BIG_IP,Unknown
AmazonS3,200,1,6167,AWS_WAF,Node.js
Incapsula,403,1,19291,Imperva,Unknown
Sucuri/Cloudproxy,403,1,18510,Sucuri,Node.js
Incapsula,403,1,26947,Imperva,Laravel
cloudflare,500,1,47097,Cloudflare,React
AmazonS3,404,1,23494,AWS_WAF,Laravel
nginx/1.18.0,301,0,13372,None,ASP.NET
CloudFront,403,1,30866,AWS_WAF,React
Microsoft-IIS/10.0,301,0,36446,None,React
cloudflare,500,1,24525,Cloudflare,React
Incapsula,403,1,34647,Imperva,Laravel
nginx/1.18.0,403,1,41418,ModSecurity,React
Incapsula,403,1,4847,Imperva,Node.js
LiteSpeed,500,0,21081,None,Node.js
Apache/2.4.41,200,0,6751,None,Spring_Boot
Apache/2.4.41 (Ubuntu),403,1,34810,ModSecurity,Vue
Sucuri/Cloudproxy,200,1,39111,Sucuri,Spring_Boot
BIG-IP,301,1,13113,F5_BIG_IP,React
cloudflare-nginx,403,1,15521,Cloudflare,Spring_Boot
Sucuri/Cloudproxy,403,1,40471,Sucuri,ASP.NET
cloudflare-nginx,200,1,25538,Cloudflare,Node.js
BigIP,301,1,3637,F5_BIG_IP,Node.js
nginx/1.18.0,200,1,16824,None,ASP.NET
BigIP,500,1,40132,F5_BIG_IP,Laravel
Apache/2.4.41 (Ubuntu),200,1,20645,ModSecurity,WordPress
Incapsula,200,1,28278,Imperva,Node.js
nginx/1.18.0,403,1,23203,ModSecurity,WordPress
Microsoft-IIS/10.0,200,0,6926,None,Node.js
CloudFront,404,1,22553,AWS_WAF,React
Apache/2.4.41 (Ubuntu),403,1,35236,ModSecurity,Node.js
Apache/2.4.41 (Ubuntu),403,1,38358,ModSecurity,Node.js
Incapsula,403,1,35172,Imperva,Vue
Apache/2.4.41 (Ubuntu),302,1,39412,ModSecurity,Unknown
Microsoft-IIS/10.0,500,0,7527,None,Laravel
AWS,403,1,20695,AWS_WAF,Unknown
Microsoft-IIS/10.0,302,0,30014,None,Django
BIG-IP,404,1,29470,F5_BIG_IP,WordPress
Incapsula,500,1,15131,Imperva,React
Sucuri/Cloudproxy,403,1,14255,Sucuri,Node.js
Incapsula,403,1,49681,Imperva,Unknown
cloudflare,404,1,27672,Cloudflare,Unknown
Apache/2.4.41 (Ubuntu),403,1,19833,ModSecurity,Django
AWS,403,1,38735,AWS_WAF,Express
cloudflare-nginx,403,1,13010,Cloudflare,Laravel
Sucuri/Cloudproxy,302,1,25860,Sucuri,Laravel
Apache/2.4.41 (Ubuntu),301,1,14964,ModSecurity,Laravel
CloudFront,403,1,31347,AWS_WAF,ASP.NET
cloudflare-nginx,404,1,25606,Cloudflare,ASP.NET
CloudFront,302,1,39977,AWS_WAF,Node.js
BIG-IP,403,1,14318,F5_BIG_IP,Django
nginx/1.18.0,403,1,32488,ModSecurity,Laravel
cloudflare,404,1,29297,Cloudflare,Vue
Incapsula,302,1,47539,Imperva,Spring_Boot
cloudflare-nginx,403,1,12935,Cloudflare,Django
Incapsula,500,1,13558,Imperva,Unknown
AWS,302,1,40550,AWS_WAF,Unknown
cloudflare-nginx,403,1,45016,Cloudflare,Django
Sucuri/Cloudproxy,301,1,19216,Sucuri,React
CloudFront,200,1,46098,AWS_WAF,Node.js
Sucuri/Cloudproxy,301,1,49541,Sucuri,WordPress
cloudflare-nginx,302,1,13112,Cloudflare,Node.js
nginx/1.18.0,200,1,33755,ModSecurity,Express
cloudflare,403,1,36344,Cloudflare,Spring_Boot
Sucuri/Cloudproxy,403,1,41473,Sucuri,WordPress
nginx/1.18.0,301,1,20174,ModSecurity,Unknown
Incapsula,403,1,870,Imperva,React
BigIP,500,1,31960,F5_BIG_IP,Django
Incapsula,403,1,35108,Imperva,ASP.NET
cloudflare,403,1,9369,Cloudflare,Spring_Boot
nginx/1.18.0,302,1,13166,ModSecurity,Vue
BigIP,500,1,23317,F5_BIG_IP,Spring_Boot
Sucuri/Cloudproxy,403,1,16706,Sucuri,Node.js
Incapsula,301,1,17107,Imperva,React
Incapsula,200,1,49563,Imperva,Express
Sucuri/Cloudproxy,301,1,27918,Sucuri,Spring_Boot
cloudflare-nginx,404,1,29408,Cloudflare,Django
cloudflare,403,1,40952,Cloudflare,Express
AmazonS3,302,1,48044,AWS_WAF,Vue
Sucuri/Cloudproxy,500,1,45413,Sucuri,Vue
Sucuri/Cloudproxy,200,1,10613,Sucuri,ASP.NET
LiteSpeed,302,1,29458,None,ASP.NET
cloudflare,302,1,6811,Cloudflare,Spring_Boot
Sucuri/Cloudproxy,403,1,18853,Sucuri,Unknown
nginx/1.18.0,302,1,1514,ModSecurity,ASP.NET
Incapsula,403,1,33846,Imperva,WordPress
Incapsula,404,1,28044,Imperva,Spring_Boot
AmazonS3,404,1,45484,AWS_WAF,Django
Sucuri/Cloudproxy,403,1,45755,Sucuri,Express
Apache/2.4.41 (Ubuntu),403,1,27873,ModSecurity,Vue
cloudflare-nginx,403,1,42150,Cloudflare,Vue
nginx/1.18.0,404,0,24496,None,WordPress
Apache/2.4.41 (Ubuntu),403,1,7966,ModSecurity,Spring_Boot
Apache/2.4.41 (Ubuntu),403,1,35376,ModSecurity,Unknown
CloudFront,404,1,6332,AWS_WAF,Django
BIG-IP,302,1,24540,F5_BIG_IP,Unknown
CloudFront,403,1,16256,AWS_WAF,Unknown
AWS,403,1,47706,AWS_WAF,React
BIG-IP,500,1,12616,F5_BIG_IP,Spring_Boot
Incapsula,403,1,32297,Imperva,Express
BigIP,200,1,48223,F5_BIG_IP,ASP.NET
nginx/1.18.0,302,1,40442,ModSecurity,Vue
Microsoft-IIS/10.0,302,1,4989,None,Spring_Boot
LiteSpeed,404,0,4537,None,Vue
AmazonS3,302,1,44637,AWS_WAF,React
Incapsula,302,1,36389,Imperva,Express
AWS,301,1,27159,AWS_WAF,Vue
BigIP,301,1,33047,F5_BIG_IP,Node.js
Apache/2.4.41,200,0,19060,None,Django
Sucuri/Cloudproxy,403,1,29773,Sucuri,React
BIG-IP,500,1,46403,F5_BIG_IP,WordPress
cloudflare-nginx,302,1,16501,Cloudflare,Spring_Boot
cloudflare-nginx,404,1,13950,Cloudflare,Node.js
AmazonS3,403,1,30301,AWS_WAF,Spring_Boot
BIG-IP,404,1,20201,F5_BIG_IP,ASP.NET
cloudflare,403,1,38066,Cloudflare,ASP.NET
Apache/2.4.41,302,0,41634,None,Express
Sucuri/Cloudproxy,301,1,10998,Sucuri,React
BigIP,500,1,19355,F5_BIG_IP,WordPress
AmazonS3,403,1,17650,AWS_WAF,ASP.NET
AmazonS3,403,1,16780,AWS_WAF,Vue
Incapsula,403,1,21906,Imperva,Spring_Boot
Incapsula,301,1,15030,Imperva,Django
BigIP,403,1,1067,F5_BIG_IP,Spring_Boot
Sucuri/Cloudproxy,200,1,21532,Sucuri,Express
Incapsula,403,1,25117,Imperva,Unknown
Incapsula,302,1,19308,Imperva,Vue
Microsoft-IIS/10.0,500,0,37541,None,Node.js
LiteSpeed,301,0,16501,None,ASP.NET
nginx/1.18.0,403,1,46652,ModSecurity,ASP.NET
nginx/1.18.0,403,1,32435,ModSecurity,Node.js
BigIP,403,1,30460,F5_BIG_IP,Unknown
BIG-IP,500,1,37540,F5_BIG_IP,WordPress
cloudflare-nginx,403,1,7500,Cloudflare,Vue
BIG-IP,403,1,16715,F5_BIG_IP,WordPress
cloudflare,403,1,18020,Cloudflare,ASP.NET
AmazonS3,302,1,20316,AWS_WAF,React
Microsoft-IIS/10.0,500,0,39494,None,Django
Apache/2.4.41 (Ubuntu),403,1,39258,ModSecurity,Django
cloudflare,403,1,27718,Cloudflare,Node.js
Sucuri/Cloudproxy,403,1,46312,Sucuri,ASP.NET
AmazonS3,403,1,4254,AWS_WAF,Spring_Boot
Sucuri/Cloudproxy,302,1,40232,Sucuri,WordPress
Incapsula,200,1,10646,Imperva,Spring_Boot
Apache/2.4.41,301,0,26670,None,Node.js
BIG-IP,500,1,34775,F5_BIG_IP,Vue
cloudflare,200,1,27377,Cloudflare,ASP.NET
Incapsula,403,1,9701,Imperva,Unknown
Microsoft-IIS/10.0,404,0,34744,None,WordPress
Incapsula,404,1,48239,Imperva,Laravel
Sucuri/Cloudproxy,302,1,11833,Sucuri,Django
cloudflare,500,1,7631,Cloudflare,Django
Sucuri/Cloudproxy,403,1,48574,Sucuri,Spring_Boot
Apache/2.4.41 (Ubuntu),404,1,41088,ModSecurity,Node.js
CloudFront,500,1,4612,AWS_WAF,Vue
cloudflare-nginx,403,1,28479,Cloudflare,WordPress
BIG-IP,403,1,20135,F5_BIG_IP,Unknown
Incapsula,403,1,25769,Imperva,Express
Apache/2.4.41 (Ubuntu),302,1,49014,ModSecurity,Express
CloudFront,200,1,28260,AWS_WAF,Express
cloudflare-nginx,403,1,36265,Cloudflare,Node.js
LiteSpeed,404,0,43376,None,Node.js
cloudflare-nginx,403,1,49569,Cloudflare,Express
LiteSpeed,302,0,44302,None,Vue
nginx/1.18.0,404,1,12744,ModSecurity,Spring_Boot
BigIP,301,1,386,F5_BIG_IP,Vue
Apache/2.4.41 (Ubuntu),500,1,9473,ModSecurity,ASP.NET
BIG-IP,403,1,49318,F5_BIG_IP,ASP.NET
nginx/1.18.0,403,1,20839,ModSecurity,Unknown
cloudflare,404,1,12639,Cloudflare,Node.js
Sucuri/Cloudproxy,301,1,8271,Sucuri,Django
Incapsula,403,1,11036,Imperva,Vue
Incapsula,404,1,21292,Imperva,ASP.NET
Incapsula,403,1,34657,Imperva,Laravel
Sucuri/Cloudproxy,403,1,13993,Sucuri,Laravel
LiteSpeed,200,0,20945,None,Vue
Sucuri/Cloudproxy,404,1,24426,Sucuri,Unknown
cloudflare,200,1,38649,Cloudflare,Spring_Boot
cloudflare-nginx,403,1,6053,Cloudflare,Unknown
nginx/1.18.0,403,1,34691,ModSecurity,Express
CloudFront,403,1,37136,AWS_WAF,React
BigIP,403,1,30905,F5_BIG_IP,Express
AmazonS3,404,1,28320,AWS_WAF,Django
Incapsula,404,1,32513,Imperva,React
BIG-IP,403,1,17440,F5_BIG_IP,Unknown
LiteSpeed,302,0,23880,None,WordPress
Incapsula,403,1,36998,Imperva,WordPress
Incapsula,200,1,2531,Imperva,Laravel
cloudflare-nginx,500,1,28222,Cloudflare,Spring_Boot
Sucuri/Cloudproxy,301,1,36795,Sucuri,ASP.NET
Sucuri/Cloudproxy,403,1,6023,Sucuri,Laravel
Apache/2.4.41 (Ubuntu),403,1,29613,ModSecurity,Express
Sucuri/Cloudproxy,403,1,33593,Sucuri,Laravel
nginx/1.18.0,500,0,28676,None,React
cloudflare-nginx,301,1,16479,Cloudflare,ASP.NET
Sucuri/Cloudproxy,403,1,24928,Sucuri,Vue
Incapsula,403,1,26932,Imperva,ASP.NET
AWS,200,1,40698,AWS_WAF,Django
BIG-IP,500,1,31862,F5_BIG_IP,Vue
CloudFront,403,1,13027,AWS_WAF,Unknown
Apache/2.4.41 (Ubuntu),404,1,45177,ModSecurity,Django
nginx/1.18.0,200,1,39205,ModSecurity,React
Sucuri/Cloudproxy,500,1,2726,Sucuri,Express
Microsoft-IIS/10.0,200,0,5171,None,Express
CloudFront,404,1,27886,AWS_WAF,ASP.NET
Apache/2.4.41 (Ubuntu),403,1,44781,ModSecurity,ASP.NET
Sucuri/Cloudproxy,403,1,39532,Sucuri,React
Sucuri/Cloudproxy,403,1,31772,Sucuri,React
BIG-IP,403,1,27872,F5_BIG_IP,Spring_Boot
Apache/2.4.41 (Ubuntu),500,1,35473,ModSecurity,Laravel
Incapsula,301,1,25560,Imperva,Vue
AWS,302,1,14242,AWS_WAF,WordPress
AmazonS3,301,1,2354,AWS_WAF,React
Sucuri/Cloudproxy,500,1,37398,Sucuri,ASP.NET
AWS,403,1,32197,AWS_WAF,ASP.NET
cloudflare,301,1,29716,Cloudflare,ASP.NET
cloudflare-nginx,200,1,46907,Cloudflare,Node.js
CloudFront,200,1,9525,AWS_WAF,Unknown
Incapsula,403,1,47785,Imperva,Node.js
cloudflare,500,1,16390,Cloudflare,React
BIG-IP,403,1,37615,F5_BIG_IP,Node.js
Sucuri/Cloudproxy,200,1,29781,Sucuri,Node.js
CloudFront,302,1,15040,AWS_WAF,Unknown
Incapsula,403,1,48912,Imperva,Laravel
AmazonS3,403,1,28345,AWS_WAF,Express
Microsoft-IIS/10.0,404,0,18456,None,Spring_Boot
BigIP,302,1,42970,F5_BIG_IP,Laravel
cloudflare,500,1,33621,Cloudflare,Vue
CloudFront,302,1,11908,AWS_WAF,Express
BIG-IP,301,1,5430,F5_BIG_IP,React
Apache/2.4.41 (Ubuntu),200,1,41389,ModSecurity,Django
Apache/2.4.41,500,0,35874,None,Express
Incapsula,403,1,32781,Imperva,Vue
AmazonS3,404,1,43243,AWS_WAF,Express
Incapsula,403,1,39576,Imperva,Django
AmazonS3,301,1,14988,AWS_WAF,Unknown
BigIP,403,1,31672,F5_BIG_IP,Vue
Incapsula,403,1,11462,Imperva,Unknown
Incapsula,500,1,669,Imperva,Vue
cloudflare,403,1,42973,Cloudflare,Spring_Boot
Incapsula,302,1,4905,Imperva,WordPress
Sucuri/Cloudproxy,200,1,12567,Sucuri,React
cloudflare,403,1,40939,Cloudflare,Vue
cloudflare-nginx,403,1,10889,Cloudflare,Node.js
Incapsula,500,1,5522,Imperva,Unknown
Apache/2.4.41 (Ubuntu),403,1,26950,ModSecurity,WordPress
AWS,403,1,30924,AWS_WAF,React
BigIP,301,1,34137,F5_BIG_IP,React
Incapsula,302,1,4353,Imperva,Laravel
cloudflare,403,1,23623,Cloudflare,Django
CloudFront,404,1,28111,AWS_WAF,Node.js
Sucuri/Cloudproxy,403,1,26790,Sucuri,Vue
Incapsula,403,1,3898,Imperva,Vue
BIG-IP,301,1,32351,F5_BIG_IP,Vue
Apache/2.4.41 (Ubuntu),302,1,10877,ModSecurity,Django
nginx/1.18.0,302,0,14337,None,React
Incapsula,302,1,46572,Imperva,Express
Incapsula,403,1,33900,Imperva,WordPress
Apache/2.4.41 (Ubuntu),200,1,10909,ModSecurity,ASP.NET
nginx/1.18.0,200,1,24723,ModSecurity,Spring_Boot
nginx/1.18.0,403,1,2681,ModSecurity,Node.js
Incapsula,302,1,38922,Imperva,Vue
AWS,403,1,40455,AWS_WAF,Vue
nginx/1.18.0,302,1,13553,ModSecurity,Vue
Incapsula,403,1,9205,Imperva,Vue
Apache/2.4.41 (Ubuntu),403,1,2271,ModSecurity,React
AmazonS3,403,1,22665,AWS_WAF,Express
Sucuri/Cloudproxy,301,1,48747,Sucuri,Node.js
Incapsula,404,1,392,Imperva,Laravel
Incapsula,404,1,32403,Imperva,Spring_Boot
Sucuri/Cloudproxy,302,1,17898,Sucuri,Spring_Boot
BIG-IP,500,1,11001,F5_BIG_IP,Node.js
Apache/2.4.41 (Ubuntu),403,1,34313,ModSecurity,Express
CloudFront,403,1,5656,AWS_WAF,Spring_Boot
Sucuri/Cloudproxy,200,1,41887,Sucuri,WordPress
cloudflare-nginx,403,1,327,Cloudflare,ASP.NET
AmazonS3,302,1,20768,AWS_WAF,Node.js
cloudflare-nginx,500,1,3425,Cloudflare,Django
BigIP,500,1,16927,F5_BIG_IP,Laravel
nginx/1.18.0,200,1,12904,ModSecurity,Django
Incapsula,301,1,12585,Imperva,Vue
BigIP,302,1,26327,F5_BIG_IP,React
BigIP,403,1,3521,F5_BIG_IP,Laravel
Incapsula,403,1,30262,Imperva,Spring_Boot
AWS,403,1,33316,AWS_WAF,Django
nginx/1.18.0,403,1,19234,ModSecurity,Spring_Boot
BigIP,403,1,2414,F5_BIG_IP,Unknown
cloudflare-nginx,500,1,27493,Cloudflare,Django
Microsoft-IIS/10.0,404,0,26929,None,Django
nginx/1.18.0,500,1,3296,None,Node.js
cloudflare-nginx,403,1,385,Cloudflare,Spring_Boot
Apache/2.4.41,301,0,18301,None,Laravel
Apache/2.4.41 (Ubuntu),403,1,16396,ModSecurity,ASP.NET
cloudflare-nginx,200,1,22416,Cloudflare,React
nginx/1.18.0,403,1,13535,ModSecurity,WordPress
AmazonS3,301,1,44292,AWS_WAF,Laravel
BIG-IP,500,1,36792,F5_BIG_IP,Spring_Boot
BigIP,301,1,2636,F5_BIG_IP,React
Sucuri/Cloudproxy,403,1,3263,Sucuri,ASP.NET
AWS,403,1,24598,AWS_WAF,Unknown
nginx/1.18.0,403,1,41369,ModSecurity,WordPress
cloudflare,500,1,46456,Cloudflare,ASP.NET
nginx/1.18.0,403,1,238,ModSecurity,React
cloudflare-nginx,403,1,9826,Cloudflare,Express
Sucuri/Cloudproxy,404,1,42210,Sucuri,ASP.NET
Apache/2.4.41 (Ubuntu),301,1,45232,ModSecurity,Laravel
LiteSpeed,301,1,9961,None,Spring_Boot
BigIP,200,1,41795,F5_BIG_IP,Node.js
Incapsula,403,1,41778,Imperva,Spring_Boot
nginx/1.18.0,403,1,26522,ModSecurity,Node.js
cloudflare-nginx,200,1,23585,Cloudflare,Spring_Boot
Sucuri/Cloudproxy,404,1,29195,Sucuri,Spring_Boot
Sucuri/Cloudproxy,200,1,39913,Sucuri,WordPress
nginx/1.18.0,500,1,44603,ModSecurity,Express
BigIP,200,1,36674,F5_BIG_IP,Django
nginx/1.18.0,403,1,18234,ModSecurity,ASP.NET
BigIP,500,1,31003,F5_BIG_IP,Express
BIG-IP,403,1,36571,F5_BIG_IP,WordPress
Apache/2.4.41,302,0,18634,None,Laravel
Incapsula,403,1,18751,Imperva,Unknown
Apache/2.4.41,200,1,13438,None,Express
cloudflare,404,1,35616,Cloudflare,Unknown
Apache/2.4.41 (Ubuntu),200,1,13054,ModSecurity,Node.js
cloudflare,403,1,4413,Cloudflare,ASP.NET
Incapsula,500,1,14814,Imperva,Express
Sucuri/Cloudproxy,301,1,117,Sucuri,Laravel
AmazonS3,302,1,37241,AWS_WAF,Spring_Boot
LiteSpeed,500,0,36850,None,Node.js
nginx/1.18.0,301,1,28894,ModSecurity,Vue
Incapsula,200,1,37871,Imperva,ASP.NET
Sucuri/Cloudproxy,403,1,45644,Sucuri,Django
Incapsula,403,1,2057,Imperva,WordPress
Incapsula,403,1,30864,Imperva,Laravel
BIG-IP,403,1,34288,F5_BIG_IP,Unknown
Incapsula,301,1,14567,Imperva,React
cloudflare-nginx,200,1,44434,Cloudflare,WordPress
Incapsula,403,1,24683,Imperva,Express
cloudflare,404,1,11025,Cloudflare,Node.js
nginx/1.18.0,404,1,49146,ModSecurity,ASP.NET
BIG-IP,302,1,12614,F5_BIG_IP,Django
Incapsula,403,1,22925,Imperva,Laravel
BIG-IP,500,1,16338,F5_BIG_IP,Vue
cloudflare,403,1,35615,Cloudflare,ASP.NET
Incapsula,200,1,22780,Imperva,Spring_Boot
Incapsula,301,1,47514,Imperva,WordPress
cloudflare-nginx,403,1,34683,Cloudflare,Spring_Boot
Sucuri/Cloudproxy,403,1,10889,Sucuri,React
Sucuri/Cloudproxy,302,1,47749,Sucuri,Spring_Boot
nginx/1.18.0,301,1,30597,None,ASP.NET
Sucuri/Cloudproxy,301,1,17459,Sucuri,Spring_Boot
nginx/1.18.0,403,1,32236,ModSecurity,React
nginx/1.18.0,200,1,28046,ModSecurity,Vue
Sucuri/Cloudproxy,404,1,5152,Sucuri,Django
Incapsula,404,1,38389,Imperva,Unknown
AmazonS3,302,1,46366,AWS_WAF,Spring_Boot
AmazonS3,404,1,23471,AWS_WAF,WordPress
nginx/1.18.0,500,1,7198,ModSecurity,Laravel
AWS,302,1,38623,AWS_WAF,Express
cloudflare,301,1,45871,Cloudflare,React
Sucuri/Cloudproxy,403,1,547,Sucuri,ASP.NET
cloudflare,403,1,39217,Cloudflare,Spring_Boot
BigIP,500,1,725,F5_BIG_IP,Django
Incapsula,403,1,2869,Imperva,Laravel
Sucuri/Cloudproxy,403,1,30361,Sucuri,Spring_Boot
nginx/1.18.0,301,1,36239,ModSecurity,React
Incapsula,200,1,34378,Imperva,React
Incapsula,404,1,24479,Imperva,Unknown
BigIP,200,1,2588,F5_BIG_IP,Django
cloudflare,403,1,11063,Cloudflare,Django
BigIP,500,1,23993,F5_BIG_IP,Spring_Boot
Sucuri/Cloudproxy,302,1,20754,Sucuri,Unknown
AmazonS3,500,1,17625,AWS_WAF,Laravel
Incapsula,301,1,10740,Imperva,ASP.NET
AWS,403,1,16248,AWS_WAF,Spring_Boot
cloudflare,500,1,4104,Cloudflare,Node.js
AmazonS3,301,1,30524,AWS_WAF,Django
Apache/2.4.41 (Ubuntu),403,1,13623,ModSecurity,Vue
AWS,403,1,20140,AWS_WAF,Unknown
Sucuri/Cloudproxy,302,1,35014,Sucuri,Unknown
cloudflare,500,1,35066,Cloudflare,Laravel
nginx/1.18.0,200,0,48780,None,React
nginx/1.18.0,403,1,3916,ModSecurity,WordPress
AWS,404,1,31224,AWS_WAF,WordPress
Microsoft-IIS/10.0,200,0,17601,None,Node.js
AWS,302,1,34986,AWS_WAF,React
CloudFront,302,1,9244,AWS_WAF,Spring_Boot
CloudFront,301,1,43182,AWS_WAF,ASP.NET
Apache/2.4.41 (Ubuntu),302,1,28938,ModSecurity,Vue
Incapsula,403,1,29694,Imperva,ASP.NET
AmazonS3,302,1,30851,AWS_WAF,React
Incapsula,404,1,39913,Imperva,WordPress
Incapsula,302,1,8000,Imperva,React
BigIP,500,1,28735,F5_BIG_IP,Node.js
Microsoft-IIS/10.0,500,0,36472,None,Django
nginx/1.18.0,403,1,32939,ModSecurity,ASP.NET
Sucuri/Cloudproxy,403,1,451,Sucuri,ASP.NET
Sucuri/Cloudproxy,403,1,3862,Sucuri,Laravel
BigIP,403,1,4617,F5_BIG_IP,Django
Incapsula,500,1,41173,Imperva,Laravel
BIG-IP,302,1,39632,F5_BIG_IP,Express
cloudflare,302,1,49674,Cloudflare,Node.js
nginx/1.18.0,200,1,48290,ModSecurity,React
Incapsula,403,1,28040,Imperva,Laravel
cloudflare-nginx,403,1,46852,Cloudflare,Django
nginx/1.18.0,301,1,21921,ModSecurity,WordPress
nginx/1.18.0,200,1,15480,ModSecurity,WordPress
Apache/2.4.41 (Ubuntu),404,1,37222,ModSecurity,Laravel
nginx/1.18.0,301,1,44592,None,Express
Sucuri/Cloudproxy,403,1,42283,Sucuri,Vue
BIG-IP,403,1,33308,F5_BIG_IP,Vue
AWS,403,1,27093,AWS_WAF,Spring_Boot
cloudflare-nginx,403,1,4722,Cloudflare,WordPress
CloudFront,302,1,6217,AWS_WAF,ASP.NET
Apache/2.4.41 (Ubuntu),403,1,12535,ModSecurity,Vue
Incapsula,403,1,14314,Imperva,WordPress
Incapsula,403,1,29669,Imperva,Django
BigIP,200,1,1329,F5_BIG_IP,Laravel
BigIP,301,1,18871,F5_BIG_IP,WordPress
Apache/2.4.41 (Ubuntu),404,1,38010,ModSecurity,Express
Microsoft-IIS/10.0,200,0,29178,None,Laravel
Apache/2.4.41 (Ubuntu),200,1,10752,ModSecurity,Laravel
BIG-IP,200,1,20478,F5_BIG_IP,Vue
Microsoft-IIS/10.0,500,0,46819,None,React
BIG-IP,500,1,46389,F5_BIG_IP,Unknown
AWS,403,1,20177,AWS_WAF,ASP.NET
Apache/2.4.41 (Ubuntu),200,1,6008,ModSecurity,Django
nginx/1.18.0,200,1,48463,None,Laravel
BigIP,403,1,41231,F5_BIG_IP,ASP.NET
LiteSpeed,200,0,36989,None,Unknown
Sucuri/Cloudproxy,403,1,11709,Sucuri,Spring_Boot
Incapsula,302,1,28243,Imperva,Express
CloudFront,403,1,12925,AWS_WAF,React
BigIP,403,1,37404,F5_BIG_IP,WordPress
nginx/1.18.0,301,1,21789,ModSecurity,Vue
nginx/1.18.0,403,1,36051,ModSecurity,Laravel
AmazonS3,500,1,34692,AWS_WAF,Spring_Boot
BigIP,403,1,38096,F5_BIG_IP,Vue
Incapsula,200,1,43530,Imperva,Node.js
nginx/1.18.0,301,1,12587,ModSecurity,ASP.NET
cloudflare,404,1,20869,Cloudflare,Django
Microsoft-IIS/10.0,404,0,8416,None,ASP.NET
cloudflare,301,1,24342,Cloudflare,Laravel
Incapsula,403,1,14863,Imperva,Unknown
AWS,301,1,22980,AWS_WAF,Express
nginx/1.18.0,301,0,39505,None,Laravel
Incapsula,403,1,33186,Imperva,Express
Apache/2.4.41 (Ubuntu),404,1,33374,ModSecurity,Express
nginx/1.18.0,500,0,42823,None,ASP.NET
Sucuri/Cloudproxy,302,1,3060,Sucuri,Laravel
BigIP,403,1,47628,F5_BIG_IP,Spring_Boot
AWS,302,1,32134,AWS_WAF,Laravel
cloudflare-nginx,403,1,16255,Cloudflare,React
Apache/2.4.41 (Ubuntu),302,1,14036,ModSecurity,Spring_Boot
BigIP,403,1,7227,F5_BIG_IP,WordPress
Sucuri/Cloudproxy,403,1,22097,Sucuri,Vue
CloudFront,500,1,40519,AWS_WAF,Vue
LiteSpeed,200,1,22659,None,React
LiteSpeed,302,1,14303,None,React
AWS,404,1,42001,AWS_WAF,Node.js
Apache/2.4.41 (Ubuntu),404,1,27201,ModSecurity,Vue
Sucuri/Cloudproxy,403,1,12939,Sucuri,ASP.NET
AmazonS3,403,1,5266,AWS_WAF,WordPress
Incapsula,404,1,25611,Imperva,React
Incapsula,404,1,6886,Imperva,Express
Sucuri/Cloudproxy,404,1,12697,Sucuri,Node.js
cloudflare-nginx,403,1,6499,Cloudflare,ASP.NET
cloudflare-nginx,200,1,41076,Cloudflare,Spring_Boot
nginx/1.18.0,404,1,4072,None,Unknown
Sucuri/Cloudproxy,403,1,49386,Sucuri,Express
BIG-IP,403,1,42510,F5_BIG_IP,React
AWS,403,1,48252,AWS_WAF,WordPress
AWS,404,1,12350,AWS_WAF,Express
CloudFront,403,1,42242,AWS_WAF,Django
nginx/1.18.0,200,1,31734,ModSecurity,Node.js
Sucuri/Cloudproxy,403,1,22620,Sucuri,Unknown
BigIP,500,1,6755,F5_BIG_IP,Node.js
nginx/1.18.0,403,1,24375,ModSecurity,Vue
BigIP,200,1,47028,F5_BIG_IP,Django
Apache/2.4.41 (Ubuntu),403,1,42666,ModSecurity,React
cloudflare,301,1,11462,Cloudflare,Spring_Boot
AWS,403,1,10824,AWS_WAF,Laravel
nginx/1.18.0,404,1,346,ModSecurity,Unknown
BigIP,301,1,37179,F5_BIG_IP,Express
cloudflare-nginx,403,1,30465,Cloudflare,Unknown
BigIP,403,1,1841,F5_BIG_IP,Node.js
AmazonS3,403,1,8785,AWS_WAF,Django
cloudflare,403,1,40892,Cloudflare,ASP.NET
BigIP,403,1,19668,F5_BIG_IP,Spring_Boot
cloudflare,200,1,18720,Cloudflare,Express
BIG-IP,500,1,47208,F5_BIG_IP,Laravel
nginx/1.18.0,301,0,16671,None,ASP.NET
Incapsula,302,1,36427,Imperva,Spring_Boot
AWS,403,1,46805,AWS_WAF,Django
Incapsula,200,1,42086,Imperva,Spring_Boot
cloudflare,500,1,269,Cloudflare,React
cloudflare,302,1,4895,Cloudflare,ASP.NET
LiteSpeed,404,1,5959,None,WordPress
Incapsula,302,1,42992,Imperva,React
Sucuri/Cloudproxy,403,1,23000,Sucuri,Spring_Boot
Incapsula,301,1,9304,Imperva,ASP.NET
cloudflare,403,1,30300,Cloudflare,Vue
BigIP,301,1,30785,F5_BIG_IP,Node.js
Microsoft-IIS/10.0,404,0,39914,None,React
Incapsula,403,1,14849,Imperva,WordPress
AWS,302,1,28944,AWS_WAF,Express
BIG-IP,301,1,8533,F5_BIG_IP,Unknown
BIG-IP,301,1,29947,F5_BIG_IP,React
Apache/2.4.41 (Ubuntu),403,1,8110,ModSecurity,React
Apache/2.4.41,302,0,36499,None,Vue
Apache/2.4.41 (Ubuntu),404,1,8216,ModSecurity,Vue
Incapsula,404,1,14045,Imperva,Django
Apache/2.4.41 (Ubuntu),404,1,2705,ModSecurity,WordPress
Sucuri/Cloudproxy,301,1,22837,Sucuri,Django
cloudflare-nginx,200,1,35961,Cloudflare,Laravel
cloudflare-nginx,403,1,49740,Cloudflare,React
nginx/1.18.0,403,1,30981,ModSecurity,Node.js
nginx/1.18.0,500,1,34428,ModSecurity,React
Sucuri/Cloudproxy,403,1,3542,Sucuri,Django
Incapsula,403,1,38240,Imperva,Spring_Boot
BIG-IP,500,1,21798,F5_BIG_IP,React
Incapsula,500,1,46050,Imperva,Node.js
AmazonS3,403,1,48385,AWS_WAF,Vue
LiteSpeed,200,0,34504,None,Vue
nginx/1.18.0,500,1,43834,ModSecurity,Express
Sucuri/Cloudproxy,200,1,36039,Sucuri,Node.js
Sucuri/Cloudproxy,301,1,33906,Sucuri,Node.js
Incapsula,200,1,26510,Imperva,ASP.NET
BIG-IP,403,1,31423,F5_BIG_IP,Spring_Boot
BigIP,500,1,21758,F5_BIG_IP,Django
Microsoft-IIS/10.0,302,0,38387,None,Vue
Sucuri/Cloudproxy,404,1,13968,Sucuri,ASP.NET
Microsoft-IIS/10.0,301,0,22488,None,Unknown
Sucuri/Cloudproxy,302,1,20340,Sucuri,Django
LiteSpeed,302,0,32491,None,Vue
Apache/2.4.41 (Ubuntu),403,1,31723,ModSecurity,Unknown
cloudflare-nginx,301,1,12565,Cloudflare,Django
nginx/1.18.0,302,1,32616,ModSecurity,Vue
CloudFront,403,1,39503,AWS_WAF,ASP.NET
AWS,403,1,38221,AWS_WAF,WordPress
BIG-IP,403,1,6728,F5_BIG_IP,WordPress
AmazonS3,403,1,4966,AWS_WAF,Django
cloudflare-nginx,403,1,39674,Cloudflare,Django
BigIP,403,1,9489,F5_BIG_IP,Django
AWS,500,1,36355,AWS_WAF,Spring_Boot
BIG-IP,403,1,6239,F5_BIG_IP,Spring_Boot
Apache/2.4.41 (Ubuntu),200,1,43966,ModSecurity,WordPress
Sucuri/Cloudproxy,403,1,1944,Sucuri,Vue
BigIP,403,1,14859,F5_BIG_IP,Spring_Boot
BigIP,404,1,44712,F5_BIG_IP,Node.js
Incapsula,403,1,33232,Imperva,React
CloudFront,403,1,49432,AWS_WAF,Node.js
Incapsula,302,1,10355,Imperva,ASP.NET
BIG-IP,403,1,29529,F5_BIG_IP,Laravel
CloudFront,403,1,18534,AWS_WAF,ASP.NET
BIG-IP,500,1,9344,F5_BIG_IP,Django
Apache/2.4.41 (Ubuntu),500,1,41431,ModSecurity,Express
cloudflare,403,1,22899,Cloudflare,Unknown
AmazonS3,301,1,38348,AWS_WAF,Laravel
cloudflare,404,1,27974,Cloudflare,Vue
Sucuri/Cloudproxy,404,1,8259,Sucuri,ASP.NET
BIG-IP,403,1,5351,F5_BIG_IP,ASP.NET
LiteSpeed,301,0,6578,None,Vue
Sucuri/Cloudproxy,500,1,46274,Sucuri,Unknown
cloudflare,403,1,17146,Cloudflare,WordPress
Incapsula,403,1,19241,Imperva,React
nginx/1.18.0,500,1,10959,ModSecurity,ASP.NET
BIG-IP,301,1,14073,F5_BIG_IP,Vue
Incapsula,403,1,14466,Imperva,Node.js
Apache/2.4.41,500,0,21749,None,Spring_Boot
Apache/2.4.41 (Ubuntu),403,1,8312,ModSecurity,WordPress
cloudflare-nginx,302,1,11570,Cloudflare,Laravel
nginx/1.18.0,500,1,18103,ModSecurity,React
cloudflare,403,1,19987,Cloudflare,WordPress
AmazonS3,404,1,42237,AWS_WAF,ASP.NET
Incapsula,301,1,31405,Imperva,ASP.NET
BigIP,302,1,34622,F5_BIG_IP,Vue
Microsoft-IIS/10.0,500,1,31565,None,Spring_Boot
Incapsula,403,1,29997,Imperva,ASP.NET
cloudflare,200,1,31202,Cloudflare,React
Apache/2.4.41,500,0,4720,None,WordPress
nginx/1.18.0,404,1,29592,ModSecurity,Unknown
Sucuri/Cloudproxy,403,1,3842,Sucuri,Vue
Incapsula,500,1,43207,Imperva,Django
Microsoft-IIS/10.0,500,1,22832,None,Laravel
Microsoft-IIS/10.0,500,1,22794,None,React
AmazonS3,403,1,28208,AWS_WAF,WordPress
Incapsula,404,1,28044,Imperva,Node.js
CloudFront,200,1,49880,AWS_WAF,WordPress
Sucuri/Cloudproxy,403,1,20228,Sucuri,Vue
Incapsula,500,1,43404,Imperva,Express
Sucuri/Cloudproxy,403,1,45348,Sucuri,Laravel
Incapsula,403,1,8877,Imperva,Laravel
Apache/2.4.41 (Ubuntu),500,1,16668,ModSecurity,Spring_Boot
Incapsula,404,1,34266,Imperva,Spring_Boot
cloudflare-nginx,403,1,32789,Cloudflare,Node.js
AmazonS3,403,1,46277,AWS_WAF,Django
BIG-IP,403,1,14131,F5_BIG_IP,ASP.NET
nginx/1.18.0,404,1,33082,ModSecurity,Node.js
nginx/1.18.0,302,1,26875,ModSecurity,Vue
AmazonS3,403,1,27089,AWS_WAF,Vue
cloudflare-nginx,404,1,28380,Cloudflare,Vue
LiteSpeed,302,0,45792,None,Laravel
Sucuri/Cloudproxy,403,1,11701,Sucuri,Node.js
Apache/2.4.41,404,1,9132,None,ASP.NET
AmazonS3,404,1,38026,AWS_WAF,Express
BIG-IP,500,1,2694,F5_BIG_IP,Laravel
nginx/1.18.0,500,1,37242,ModSecurity,Laravel
Sucuri/Cloudproxy,403,1,10118,Sucuri,Vue
Sucuri/Cloudproxy,403,1,3931,Sucuri,Spring_Boot
Incapsula,200,1,30184,Imperva,Spring_Boot
Microsoft-IIS/10.0,302,1,25035,None,WordPress
cloudflare-nginx,500,1,34990,Cloudflare,Unknown
AmazonS3,302,1,16588,AWS_WAF,Django
Incapsula,302,1,3699,Imperva,Express
nginx/1.18.0,404,0,49999,None,Express
Incapsula,404,1,38488,Imperva,Express
Sucuri/Cloudproxy,403,1,17472,Sucuri,Vue
Sucuri/Cloudproxy,500,1,2585,Sucuri,Express
nginx/1.18.0,200,1,21691,ModSecurity,Django
AmazonS3,403,1,37874,AWS_WAF,Django
AWS,301,1,28347,AWS_WAF,Laravel
LiteSpeed,200,1,21101,None,React
BIG-IP,404,1,38464,F5_BIG_IP,Spring_Boot
Incapsula,403,1,41844,Imperva,ASP.NET
Sucuri/Cloudproxy,301,1,42432,Sucuri,React
nginx/1.18.0,404,0,6979,None,Spring_Boot
Incapsula,403,1,9969,Imperva,Django
cloudflare,403,1,8316,Cloudflare,Node.js
Sucuri/Cloudproxy,403,1,30780,Sucuri,Express
Sucuri/Cloudproxy,403,1,45544,Sucuri,Vue
LiteSpeed,302,0,46329,None,Laravel
cloudflare,403,1,36683,Cloudflare,Django
nginx/1.18.0,500,0,3197,None,ASP.NET
BIG-IP,403,1,28326,F5_BIG_IP,ASP.NET
AmazonS3,200,1,21774,AWS_WAF,Unknown
LiteSpeed,200,0,10594,None,Node.js
cloudflare-nginx,403,1,12270,Cloudflare,WordPress
nginx/1.18.0,302,1,4127,ModSecurity,Django
CloudFront,403,1,12364,AWS_WAF,Express
Incapsula,302,1,24754,Imperva,Express
nginx/1.18.0,302,0,3146,None,Spring_Boot
BigIP,301,1,41824,F5_BIG_IP,Vue
Incapsula,200,1,7957,Imperva,Node.js
AWS,200,1,1244,AWS_WAF,Laravel
BigIP,403,1,11175,F5_BIG_IP,React
Microsoft-IIS/10.0,200,0,30223,None,Vue
BIG-IP,200,1,34606,F5_BIG_IP,Node.js
Apache/2.4.41,301,0,49664,None,WordPress
cloudflare,404,1,31156,Cloudflare,React
Sucuri/Cloudproxy,200,1,48193,Sucuri,Django
Incapsula,403,1,39368,Imperva,ASP.NET
BIG-IP,403,1,29370,F5_BIG_IP,Unknown
BigIP,302,1,42025,F5_BIG_IP,Unknown
Incapsula,404,1,18671,Imperva,Node.js
nginx/1.18.0,200,1,12479,None,Vue
Sucuri/Cloudproxy,403,1,30591,Sucuri,Django
nginx/1.18.0,404,1,9893,None,Spring_Boot
Microsoft-IIS/10.0,404,0,7918,None,ASP.NET
BIG-IP,403,1,8471,F5_BIG_IP,React
cloudflare,403,1,47632,Cloudflare,Django
nginx/1.18.0,403,1,23722,ModSecurity,Laravel
BIG-IP,404,1,35961,F5_BIG_IP,WordPress
Incapsula,404,1,21739,Imperva,Laravel
CloudFront,403,1,46258,AWS_WAF,Django
Microsoft-IIS/10.0,404,0,18155,None,Spring_Boot
Incapsula,403,1,20069,Imperva,Spring_Boot
cloudflare-nginx,200,1,19928,Cloudflare,Spring_Boot
nginx/1.18.0,302,1,9611,None,ASP.NET
BigIP,403,1,44900,F5_BIG_IP,Unknown
BIG-IP,200,1,17211,F5_BIG_IP,Vue
Apache/2.4.41 (Ubuntu),500,1,20740,ModSecurity,React
Apache/2.4.41,500,1,15472,None,Vue
BIG-IP,404,1,38905,F5_BIG_IP,Django
Microsoft-IIS/10.0,200,0,21155,None,ASP.NET
cloudflare,200,1,32178,Cloudflare,Django
Sucuri/Cloudproxy,302,1,33535,Sucuri,Vue
cloudflare-nginx,302,1,35127,Cloudflare,Express
LiteSpeed,500,0,41318,None,Laravel
Incapsula,500,1,23101,Imperva,Unknown
Apache/2.4.41,200,1,21841,None,React
Incapsula,200,1,41025,Imperva,Spring_Boot
cloudflare-nginx,403,1,13612,Cloudflare,ASP.NET
nginx/1.18.0,500,1,18477,ModSecurity,Vue
Sucuri/Cloudproxy,500,1,3749,Sucuri,Node.js
Incapsula,403,1,20184,Imperva,ASP.NET
Sucuri/Cloudproxy,404,1,41086,Sucuri,Spring_Boot
Apache/2.4.41 (Ubuntu),301,1,33876,ModSecurity,Vue
AWS,302,1,18136,AWS_WAF,React
Incapsula,500,1,25458,Imperva,Unknown
Apache/2.4.41 (Ubuntu),403,1,13299,ModSecurity,Unknown
BIG-IP,403,1,28059,F5_BIG_IP,Spring_Boot
Incapsula,301,1,9379,Imperva,React
BIG-IP,500,1,23354,F5_BIG_IP,Unknown
Sucuri/Cloudproxy,403,1,9281,Sucuri,Spring_Boot
Apache/2.4.41,404,1,28300,None,ASP.NET
Microsoft-IIS/10.0,302,0,7585,None,WordPress
LiteSpeed,500,0,40417,None,Express
Microsoft-IIS/10.0,200,0,10866,None,Spring_Boot
BigIP,403,1,18843,F5_BIG_IP,Express
Incapsula,301,1,11654,Imperva,Node.js
cloudflare,404,1,18437,Cloudflare,Django
Incapsula,301,1,27950,Imperva,Spring_Boot
Incapsula,403,1,9144,Imperva,ASP.NET
Microsoft-IIS/10.0,404,1,37728,None,React
Incapsula,200,1,28809,Imperva,Vue
Sucuri/Cloudproxy,403,1,48726,Sucuri,Unknown
nginx/1.18.0,500,0,13234,None,Laravel
BigIP,403,1,8536,F5_BIG_IP,Vue
BIG-IP,403,1,19374,F5_BIG_IP,WordPress
Incapsula,500,1,4150,Imperva,React
Sucuri/Cloudproxy,403,1,13077,Sucuri,Node.js
Sucuri/Cloudproxy,200,1,44499,Sucuri,React
cloudflare,302,1,5765,Cloudflare,Django
BigIP,403,1,229,F5_BIG_IP,WordPress
Sucuri/Cloudproxy,302,1,47627,Sucuri,WordPress
cloudflare-nginx,404,1,35483,Cloudflare,Django
BIG-IP,403,1,43994,F5_BIG_IP,Vue
Microsoft-IIS/10.0,302,0,19442,None,Django
Sucuri/Cloudproxy,403,1,42084,Sucuri,Express
Apache/2.4.41 (Ubuntu),403,1,27568,ModSecurity,ASP.NET
cloudflare-nginx,500,1,12557,Cloudflare,Vue
Sucuri/Cloudproxy,403,1,4079,Sucuri,Express
cloudflare,302,1,49327,Cloudflare,ASP.NET
Apache/2.4.41,200,0,37161,None,WordPress
Apache/2.4.41,404,0,26700,None,Express
BIG-IP,403,1,16507,F5_BIG_IP,Django
cloudflare,302,1,3800,Cloudflare,Node.js
Sucuri/Cloudproxy,500,1,25499,Sucuri,Node.js
Apache/2.4.41 (Ubuntu),200,1,23860,ModSecurity,Unknown
CloudFront,301,1,39223,AWS_WAF,Spring_Boot
CloudFront,403,1,23274,AWS_WAF,React
Sucuri/Cloudproxy,301,1,25399,Sucuri,Express
nginx/1.18.0,500,0,43523,None,Vue
BIG-IP,404,1,33672,F5_BIG_IP,Express
Incapsula,301,1,32902,Imperva,Laravel
Incapsula,403,1,32382,Imperva,Node.js
BigIP,403,1,40088,F5_BIG_IP,Express
Incapsula,302,1,32499,Imperva,Laravel
Incapsula,301,1,5921,Imperva,Express
cloudflare-nginx,200,1,10476,Cloudflare,Vue
Sucuri/Cloudproxy,302,1,9213,Sucuri,WordPress
Apache/2.4.41,302,0,39223,None,React
Incapsula,403,1,23396,Imperva,WordPress
Microsoft-IIS/10.0,200,1,42676,None,ASP.NET
Sucuri/Cloudproxy,403,1,31463,Sucuri,Unknown
BigIP,301,1,16880,F5_BIG_IP,Node.js
BIG-IP,302,1,24218,F5_BIG_IP,Express
nginx/1.18.0,301,1,19550,None,Django
Incapsula,404,1,10919,Imperva,React
Incapsula,500,1,32819,Imperva,React
Incapsula,404,1,5386,Imperva,ASP.NET
Sucuri/Cloudproxy,301,1,25634,Sucuri,WordPress
BigIP,403,1,7419,F5_BIG_IP,Spring_Boot
Apache/2.4.41 (Ubuntu),403,1,45854,ModSecurity,Unknown
Apache/2.4.41,500,1,41645,None,Vue
Sucuri/Cloudproxy,302,1,48398,Sucuri,Vue
cloudflare,302,1,5759,Cloudflare,Django
cloudflare,403,1,25201,Cloudflare,Laravel
cloudflare-nginx,302,1,37042,Cloudflare,ASP.NET
cloudflare-nginx,403,1,13397,Cloudflare,Vue
AWS,403,1,48251,AWS_WAF,Laravel
cloudflare,403,1,35177,Cloudflare,Unknown
BigIP,403,1,1603,F5_BIG_IP,Django
CloudFront,302,1,31383,AWS_WAF,Vue
AmazonS3,403,1,45540,AWS_WAF,WordPress
cloudflare,302,1,555,Cloudflare,Unknown
cloudflare,403,1,30966,Cloudflare,Laravel
Sucuri/Cloudproxy,200,1,37311,Sucuri,Node.js
Microsoft-IIS/10.0,301,0,12363,None,WordPress
cloudflare-nginx,500,1,6474,Cloudflare,Laravel
BIG-IP,403,1,40654,F5_BIG_IP,WordPress
cloudflare,404,1,35333,Cloudflare,Vue
BigIP,404,1,49481,F5_BIG_IP,Express
AmazonS3,403,1,43822,AWS_WAF,Node.js
AmazonS3,500,1,45209,AWS_WAF,Laravel
cloudflare-nginx,403,1,24501,Cloudflare,ASP.NET
CloudFront,302,1,11498,AWS_WAF,ASP.NET
Apache/2.4.41 (Ubuntu),302,1,29742,ModSecurity,Vue
cloudflare-nginx,301,1,34858,Cloudflare,Unknown
BigIP,302,1,42184,F5_BIG_IP,Spring_Boot
LiteSpeed,404,0,10871,None,Vue
CloudFront,403,1,1085,AWS_WAF,React
Sucuri/Cloudproxy,404,1,248,Sucuri,Express
Sucuri/Cloudproxy,301,1,4906,Sucuri,Vue
LiteSpeed,302,1,3652,None,Vue
LiteSpeed,500,0,27655,None,Node.js
Apache/2.4.41,302,1,17826,None,Node.js
LiteSpeed,301,0,1066,None,Vue
Sucuri/Cloudproxy,403,1,1323,Sucuri,Laravel
cloudflare,403,1,27933,Cloudflare,Django
AmazonS3,302,1,38195,AWS_WAF,Unknown
Microsoft-IIS/10.0,200,0,31431,None,ASP.NET
Incapsula,403,1,47499,Imperva,Django
Sucuri/Cloudproxy,403,1,26921,Sucuri,Vue
cloudflare,301,1,1805,Cloudflare,Express
BigIP,301,1,49879,F5_BIG_IP,React
Sucuri/Cloudproxy,403,1,35862,Sucuri,Vue
LiteSpeed,200,0,25217,None,Unknown
Sucuri/Cloudproxy,500,1,1507,Sucuri,Laravel
Microsoft-IIS/10.0,500,0,19843,None,Spring_Boot
LiteSpeed,301,0,49509,None,Express
Apache/2.4.41 (Ubuntu),403,1,13275,ModSecurity,Vue
Sucuri/Cloudproxy,302,1,26172,Sucuri,Express
CloudFront,403,1,1461,AWS_WAF,Spring_Boot
AWS,302,1,46885,AWS_WAF,ASP.NET
Incapsula,404,1,964,Imperva,Laravel
nginx/1.18.0,403,1,42768,ModSecurity,Django
Sucuri/Cloudproxy,200,1,40963,Sucuri,React
BIG-IP,404,1,1335,F5_BIG_IP,Spring_Boot
LiteSpeed,404,1,37763,None,Express
nginx/1.18.0,302,0,18433,None,React
LiteSpeed,302,0,34808,None,React
cloudflare-nginx,500,1,26416,Cloudflare,WordPress
Incapsula,403,1,47290,Imperva,ASP.NET
cloudflare,500,1,37476,Cloudflare,ASP.NET
Apache/2.4.41 (Ubuntu),404,1,28351,ModSecurity,ASP.NET
Incapsula,403,1,17834,Imperva,Vue
cloudflare-nginx,404,1,10436,Cloudflare,React
LiteSpeed,302,1,28213,None,Django
cloudflare-nginx,301,1,757,Cloudflare,Laravel
Incapsula,403,1,41047,Imperva,Vue
Incapsula,301,1,40107,Imperva,React
Sucuri/Cloudproxy,301,1,42414,Sucuri,WordPress
nginx/1.18.0,500,0,44955,None,Express
Apache/2.4.41,301,1,27832,None,React
Incapsula,403,1,18242,Imperva,React
cloudflare,404,1,1732,Cloudflare,Unknown
Apache/2.4.41 (Ubuntu),200,1,42050,ModSecurity,Spring_Boot
nginx/1.18.0,302,1,7933,ModSecurity,React
Apache/2.4.41,500,0,46639,None,Laravel
AWS,403,1,28600,AWS_WAF,Laravel
Sucuri/Cloudproxy,403,1,29737,Sucuri,React
Incapsula,403,1,48544,Imperva,Vue
Sucuri/Cloudproxy,302,1,49384,Sucuri,ASP.NET
cloudflare,500,1,25598,Cloudflare,ASP.NET
cloudflare-nginx,301,1,27863,Cloudflare,Express
Incapsula,403,1,8342,Imperva,Django
Incapsula,404,1,20187,Imperva,WordPress
nginx/1.18.0,301,1,23844,ModSecurity,Laravel
nginx/1.18.0,500,1,26164,None,Node.js
Microsoft-IIS/10.0,301,1,31837,None,Express
cloudflare-nginx,200,1,46700,Cloudflare,Spring_Boot
Sucuri/Cloudproxy,403,1,30119,Sucuri,Spring_Boot
LiteSpeed,500,1,21465,None,Node.js
BIG-IP,301,1,20488,F5_BIG_IP,Laravel
nginx/1.18.0,500,1,2949,None,Unknown
CloudFront,404,1,11876,AWS_WAF,Node.js
cloudflare-nginx,403,1,34275,Cloudflare,Node.js
Incapsula,301,1,31692,Imperva,Express
cloudflare,200,1,38212,Cloudflare,Spring_Boot
BigIP,302,1,35959,F5_BIG_IP,Express
Sucuri/Cloudproxy,302,1,23648,Sucuri,Laravel
BigIP,500,1,47033,F5_BIG_IP,Django
BIG-IP,302,1,36246,F5_BIG_IP,WordPress
Sucuri/Cloudproxy,403,1,37846,Sucuri,Django
Sucuri/Cloudproxy,500,1,28417,Sucuri,Express
BIG-IP,302,1,13542,F5_BIG_IP,ASP.NET
cloudflare-nginx,403,1,14455,Cloudflare,Express
Apache/2.4.41 (Ubuntu),403,1,2197,ModSecurity,Vue
CloudFront,403,1,761,AWS_WAF,Unknown
Incapsula,200,1,43141,Imperva,Node.js
nginx/1.18.0,403,1,42385,ModSecurity,Django
LiteSpeed,200,0,49230,None,Django
Apache/2.4.41 (Ubuntu),403,1,8555,ModSecurity,Laravel
nginx/1.18.0,200,1,41986,ModSecurity,Laravel
nginx/1.18.0,403,1,25804,ModSecurity,Django
Incapsula,403,1,35360,Imperva,Express
cloudflare,403,1,28471,Cloudflare,Laravel
Apache/2.4.41 (Ubuntu),500,1,41339,ModSecurity,WordPress
Sucuri/Cloudproxy,403,1,19363,Sucuri,React
CloudFront,301,1,10691,AWS_WAF,Unknown
Sucuri/Cloudproxy,200,1,48652,Sucuri,Vue
Sucuri/Cloudproxy,403,1,12548,Sucuri,Unknown
cloudflare,403,1,21642,Cloudflare,ASP.NET
Sucuri/Cloudproxy,302,1,18245,Sucuri,Vue
Microsoft-IIS/10.0,302,0,1685,None,Unknown
CloudFront,403,1,17659,AWS_WAF,Unknown
LiteSpeed,404,1,35430,None,Laravel
nginx/1.18.0,404,1,47411,ModSecurity,React
Incapsula,404,1,46632,Imperva,Django
Incapsula,500,1,9792,Imperva,Vue
AmazonS3,500,1,12359,AWS_WAF,Django
BIG-IP,302,1,273,F5_BIG_IP,Laravel
Apache/2.4.41 (Ubuntu),403,1,3846,ModSecurity,Unknown
Incapsula,404,1,23396,Imperva,Express
Microsoft-IIS/10.0,404,0,19717,None,Laravel
Sucuri/Cloudproxy,500,1,5761,Sucuri,Laravel
Apache/2.4.41 (Ubuntu),301,1,40481,ModSecurity,React
cloudflare-nginx,403,1,34075,Cloudflare,Laravel
CloudFront,200,1,16347,AWS_WAF,ASP.NET
nginx/1.18.0,403,1,36670,ModSecurity,Spring_Boot
Apache/2.4.41,500,1,48926,None,React
Apache/2.4.41 (Ubuntu),403,1,43078,ModSecurity,Laravel
Apache/2.4.41 (Ubuntu),404,1,4298,ModSecurity,React
Incapsula,302,1,44810,Imperva,Express
cloudflare-nginx,403,1,24521,Cloudflare,Spring_Boot
Incapsula,301,1,20235,Imperva,Laravel
Microsoft-IIS/10.0,404,0,45518,None,Laravel
Incapsula,403,1,15039,Imperva,WordPress
Apache/2.4.41 (Ubuntu),301,1,32476,ModSecurity,WordPress
cloudflare,301,1,45186,Cloudflare,React
Apache/2.4.41,302,1,8337,None,Unknown
Microsoft-IIS/10.0,301,0,40164,None,Django
Microsoft-IIS/10.0,301,1,36222,None,Spring_Boot
Sucuri/Cloudproxy,301,1,39437,Sucuri,Spring_Boot
Sucuri/Cloudproxy,200,1,11145,Sucuri,Vue
Incapsula,403,1,48622,Imperva,Vue
Incapsula,403,1,33195,Imperva,ASP.NET
Sucuri/Cloudproxy,403,1,19009,Sucuri,Vue
Sucuri/Cloudproxy,403,1,34817,Sucuri,Django
Incapsula,301,1,49596,Imperva,Express
BIG-IP,403,1,4419,F5_BIG_IP,Node.js
Sucuri/Cloudproxy,500,1,34992,Sucuri,React
Apache/2.4.41 (Ubuntu),301,1,45679,ModSecurity,Laravel
BigIP,301,1,42331,F5_BIG_IP,ASP.NET
BigIP,301,1,25830,F5_BIG_IP,Express
BigIP,403,1,38518,F5_BIG_IP,ASP.NET
Sucuri/Cloudproxy,404,1,7673,Sucuri,Spring_Boot
AWS,302,1,30663,AWS_WAF,Node.js
cloudflare,301,1,27655,Cloudflare,Laravel
cloudflare,301,1,30356,Cloudflare,Vue
Sucuri/Cloudproxy,404,1,16739,Sucuri,Unknown
cloudflare,200,1,9560,Cloudflare,Unknown
Apache/2.4.41,200,0,9111,None,WordPress
AmazonS3,403,1,25557,AWS_WAF,Unknown
nginx/1.18.0,301,0,25375,None,ASP.NET
AmazonS3,500,1,45311,AWS_WAF,WordPress
cloudflare,403,1,37670,Cloudflare,Vue
Sucuri/Cloudproxy,403,1,37588,Sucuri,Unknown
AWS,403,1,40857,AWS_WAF,Unknown
BIG-IP,403,1,4920,F5_BIG_IP,Unknown
Sucuri/Cloudproxy,302,1,26897,Sucuri,ASP.NET
BigIP,500,1,24511,F5_BIG_IP,Laravel
LiteSpeed,302,0,4615,None,Node.js
Sucuri/Cloudproxy,302,1,6901,Sucuri,Vue
Sucuri/Cloudproxy,403,1,23193,Sucuri,Spring_Boot
AmazonS3,302,1,38616,AWS_WAF,React
Microsoft-IIS/10.0,200,0,41896,None,Laravel
Sucuri/Cloudproxy,403,1,45227,Sucuri,Django
nginx/1.18.0,403,1,49293,ModSecurity,ASP.NET
AmazonS3,200,1,23604,AWS_WAF,Laravel
CloudFront,403,1,43177,AWS_WAF,ASP.NET
Incapsula,403,1,19156,Imperva,Spring_Boot
BigIP,301,1,6248,F5_BIG_IP,Django
cloudflare,403,1,44842,Cloudflare,React
Incapsula,403,1,9106,Imperva,ASP.NET
Sucuri/Cloudproxy,403,1,20382,Sucuri,Node.js
Sucuri/Cloudproxy,302,1,48754,Sucuri,Unknown
cloudflare-nginx,302,1,42650,Cloudflare,Spring_Boot
BigIP,200,1,21493,F5_BIG_IP,WordPress
Apache/2.4.41,302,0,9642,None,Node.js
AWS,404,1,41009,AWS_WAF,Laravel
LiteSpeed,301,0,17588,None,Unknown
Microsoft-IIS/10.0,200,1,49752,None,WordPress
AWS,302,1,38320,AWS_WAF,Laravel
Apache/2.4.41 (Ubuntu),500,1,13800,ModSecurity,Spring_Boot
Incapsula,403,1,28576,Imperva,React
Incapsula,500,1,9282,Imperva,Laravel
nginx/1.18.0,404,1,41558,ModSecurity,React
nginx/1.18.0,200,1,11939,ModSecurity,Unknown
Incapsula,301,1,35886,Imperva,React
Incapsula,500,1,23556,Imperva,Vue
BIG-IP,404,1,41751,F5_BIG_IP,Express
AmazonS3,403,1,20487,AWS_WAF,Node.js
Sucuri/Cloudproxy,403,1,39864,Sucuri,Unknown
Sucuri/Cloudproxy,403,1,31044,Sucuri,React
nginx/1.18.0,403,1,24517,ModSecurity,ASP.NET
BIG-IP,403,1,30016,F5_BIG_IP,Unknown
AmazonS3,403,1,34600,AWS_WAF,Vue
nginx/1.18.0,404,1,29958,ModSecurity,Spring_Boot
Sucuri/Cloudproxy,403,1,17482,Sucuri,Node.js
Apache/2.4.41 (Ubuntu),403,1,20402,ModSecurity,React
Incapsula,302,1,10392,Imperva,Laravel
Apache/2.4.41 (Ubuntu),301,1,20372,ModSecurity,Spring_Boot
Apache/2.4.41 (Ubuntu),403,1,43684,ModSecurity,Node.js
AmazonS3,302,1,3776,AWS_WAF,Spring_Boot
Incapsula,403,1,16238,Imperva,Spring_Boot
cloudflare-nginx,403,1,10575,Cloudflare,Spring_Boot
Incapsula,500,1,37718,Imperva,WordPress
nginx/1.18.0,500,1,24417,ModSecurity,Unknown
Apache/2.4.41,200,0,43910,None,ASP.NET
LiteSpeed,200,0,6712,None,Node.js
Sucuri/Cloudproxy,403,1,14122,Sucuri,Django
Apache/2.4.41 (Ubuntu),403,1,43317,ModSecurity,Unknown
Incapsula,500,1,47609,Imperva,Laravel
AmazonS3,301,1,15634,AWS_WAF,Spring_Boot
BigIP,200,1,14337,F5_BIG_IP,Unknown
cloudflare-nginx,200,1,34402,Cloudflare,Spring_Boot
cloudflare-nginx,404,1,34881,Cloudflare,Unknown
Sucuri/Cloudproxy,301,1,5741,Sucuri,Vue
cloudflare,404,1,24671,Cloudflare,Laravel
BIG-IP,301,1,33656,F5_BIG_IP,React
AmazonS3,500,1,12200,AWS_WAF,WordPress
BIG-IP,200,1,42450,F5_BIG_IP,React
BigIP,500,1,18176,F5_BIG_IP,Laravel
Sucuri/Cloudproxy,403,1,2404,Sucuri,Spring_Boot
Apache/2.4.41 (Ubuntu),301,1,30844,ModSecurity,Node.js
AmazonS3,404,1,4213,AWS_WAF,Express
LiteSpeed,200,1,43121,None,ASP.NET
cloudflare,301,1,29046,Cloudflare,Express
AmazonS3,500,1,39348,AWS_WAF,Node.js
Microsoft-IIS/10.0,301,0,6119,None,React
BIG-IP,500,1,13490,F5_BIG_IP,Express
Apache/2.4.41 (Ubuntu),403,1,27762,ModSecurity,Vue
Apache/2.4.41,200,0,12041,None,Express
BIG-IP,301,1,22221,F5_BIG_IP,Vue
LiteSpeed,301,1,8865,None,Unknown
Sucuri/Cloudproxy,200,1,16599,Sucuri,Django
CloudFront,200,1,31919,AWS_WAF,Vue
BigIP,403,1,24378,F5_BIG_IP,WordPress
Sucuri/Cloudproxy,500,1,39902,Sucuri,Laravel
AmazonS3,500,1,36655,AWS_WAF,WordPress
CloudFront,403,1,6231,AWS_WAF,React
BIG-IP,403,1,27569,F5_BIG_IP,Vue
AWS,200,1,30278,AWS_WAF,ASP.NET
Apache/2.4.41,404,0,24829,None,Express
Incapsula,403,1,40670,Imperva,Unknown
AmazonS3,403,1,14561,AWS_WAF,ASP.NET
BIG-IP,403,1,27177,F5_BIG_IP,WordPress
Sucuri/Cloudproxy,403,1,29376,Sucuri,React
Apache/2.4.41,301,0,37628,None,Django
Incapsula,403,1,13553,Imperva,WordPress
BIG-IP,403,1,12322,F5_BIG_IP,Unknown
BigIP,301,1,24865,F5_BIG_IP,Node.js
nginx/1.18.0,404,1,13670,ModSecurity,Node.js
cloudflare-nginx,500,1,18750,Cloudflare,React
BigIP,500,1,42445,F5_BIG_IP,Vue
AmazonS3,403,1,1225,AWS_WAF,Express
AWS,302,1,3410,AWS_WAF,React
BigIP,404,1,15089,F5_BIG_IP,Node.js
Incapsula,200,1,40036,Imperva,Node.js
Apache/2.4.41 (Ubuntu),301,1,10072,ModSecurity,Laravel
nginx/1.18.0,403,1,11346,ModSecurity,React
cloudflare-nginx,200,1,47450,Cloudflare,WordPress
nginx/1.18.0,301,0,6162,None,Spring_Boot
BigIP,301,1,24752,F5_BIG_IP,Django
Apache/2.4.41,301,0,39047,None,Express
CloudFront,302,1,24850,AWS_WAF,WordPress
Sucuri/Cloudproxy,403,1,38403,Sucuri,ASP.NET
CloudFront,301,1,35525,AWS_WAF,React
Sucuri/Cloudproxy,200,1,15635,Sucuri,Node.js
Sucuri/Cloudproxy,301,1,49295,Sucuri,Django
cloudflare,404,1,12005,Cloudflare,Vue
AWS,404,1,20258,AWS_WAF,WordPress
BigIP,404,1,47775,F5_BIG_IP,Django
Sucuri/Cloudproxy,500,1,17044,Sucuri,Vue
CloudFront,301,1,27875,AWS_WAF,Spring_Boot
cloudflare,302,1,12843,Cloudflare,Vue
Microsoft-IIS/10.0,301,0,8619,None,Unknown
nginx/1.18.0,302,0,28930,None,ASP.NET
Incapsula,403,1,26296,Imperva,Express
nginx/1.18.0,302,1,1523,ModSecurity,Node.js
CloudFront,301,1,18995,AWS_WAF,Node.js
Apache/2.4.41 (Ubuntu),500,1,12170,ModSecurity,Node.js
Sucuri/Cloudproxy,200,1,44956,Sucuri,Django
Apache/2.4.41 (Ubuntu),301,1,24011,ModSecurity,WordPress
AmazonS3,200,1,9132,AWS_WAF,Spring_Boot
cloudflare-nginx,302,1,23982,Cloudflare,Node.js
CloudFront,404,1,20749,AWS_WAF,WordPress
nginx/1.18.0,500,1,22889,None,React
Apache/2.4.41 (Ubuntu),403,1,9572,ModSecurity,ASP.NET
Apache/2.4.41 (Ubuntu),200,1,47769,ModSecurity,Vue
cloudflare,301,1,30120,Cloudflare,WordPress
AmazonS3,404,1,5389,AWS_WAF,ASP.NET
AWS,200,1,14548,AWS_WAF,Node.js
Incapsula,404,1,26260,Imperva,WordPress
cloudflare,403,1,30737,Cloudflare,Express
AWS,403,1,40242,AWS_WAF,Django
Apache/2.4.41,404,0,34281,None,WordPress
Apache/2.4.41 (Ubuntu),403,1,19068,ModSecurity,Spring_Boot
Apache/2.4.41 (Ubuntu),301,1,14965,ModSecurity,WordPress
BIG-IP,301,1,1349,F5_BIG_IP,ASP.NET
Apache/2.4.41 (Ubuntu),404,1,8355,ModSecurity,React
AWS,403,1,37383,AWS_WAF,Node.js
nginx/1.18.0,302,1,18119,ModSecurity,React
BigIP,200,1,35280,F5_BIG_IP,Spring_Boot
BIG-IP,403,1,8238,F5_BIG_IP,Spring_Boot
Sucuri/Cloudproxy,404,1,16688,Sucuri,React
Sucuri/Cloudproxy,404,1,11479,Sucuri,Vue
nginx/1.18.0,500,1,39322,ModSecurity,Django
nginx/1.18.0,404,0,49834,None,Laravel
nginx/1.18.0,403,1,42089,ModSecurity,Unknown
LiteSpeed,404,0,41301,None,WordPress
Sucuri/Cloudproxy,500,1,36342,Sucuri,Node.js
BigIP,403,1,25019,F5_BIG_IP,React
Microsoft-IIS/10.0,200,0,7516,None,Node.js
Sucuri/Cloudproxy,404,1,13597,Sucuri,Spring_Boot
BIG-IP,403,1,17729,F5_BIG_IP,Spring_Boot
AmazonS3,403,1,49743,AWS_WAF,React
Apache/2.4.41 (Ubuntu),403,1,31965,ModSecurity,Laravel
Incapsula,500,1,17307,Imperva,ASP.NET
Sucuri/Cloudproxy,403,1,24299,Sucuri,Vue
LiteSpeed,302,0,47564,None,Vue
Apache/2.4.41,302,0,18815,None,ASP.NET
Incapsula,500,1,16864,Imperva,Spring_Boot
Apache/2.4.41,302,0,20389,None,ASP.NET
Apache/2.4.41,500,0,41627,None,Spring_Boot
cloudflare,302,1,43022,Cloudflare,WordPress
nginx/1.18.0,200,1,40178,ModSecurity,Node.js
BIG-IP,404,1,11686,F5_BIG_IP,React
AmazonS3,404,1,43945,AWS_WAF,Express
AWS,403,1,22713,AWS_WAF,Vue
nginx/1.18.0,500,1,23374,ModSecurity,Django
BIG-IP,200,1,34205,F5_BIG_IP,Express
Sucuri/Cloudproxy,403,1,3732,Sucuri,Vue
Sucuri/Cloudproxy,403,1,38161,Sucuri,React
cloudflare-nginx,200,1,9461,Cloudflare,Laravel
BIG-IP,301,1,40263,F5_BIG_IP,Vue
cloudflare-nginx,403,1,8759,Cloudflare,Unknown
nginx/1.18.0,302,1,33335,None,React
nginx/1.18.0,200,1,18695,ModSecurity,ASP.NET
Incapsula,404,1,39130,Imperva,ASP.NET
AWS,302,1,49276,AWS_WAF,Unknown
LiteSpeed,200,0,40333,None,Django
Sucuri/Cloudproxy,404,1,19806,Sucuri,ASP.NET
BigIP,403,1,39641,F5_BIG_IP,Express
Incapsula,404,1,48380,Imperva,Laravel
Sucuri/Cloudproxy,403,1,7968,Sucuri,React
BigIP,403,1,18811,F5_BIG_IP,React
Incapsula,500,1,26767,Imperva,Unknown
cloudflare-nginx,301,1,43700,Cloudflare,Laravel
AWS,302,1,1485,AWS_WAF,Django
cloudflare,403,1,34654,Cloudflare,ASP.NET
CloudFront,404,1,24325,AWS_WAF,Vue
AmazonS3,200,1,32816,AWS_WAF,Laravel
AWS,200,1,3841,AWS_WAF,ASP.NET
AmazonS3,403,1,22900,AWS_WAF,Django
BigIP,500,1,14781,F5_BIG_IP,Express
cloudflare,403,1,44310,Cloudflare,WordPress
nginx/1.18.0,403,1,46323,ModSecurity,Unknown
Sucuri/Cloudproxy,403,1,19710,Sucuri,Laravel
BIG-IP,403,1,27272,F5_BIG_IP,Vue
AWS,301,1,49427,AWS_WAF,ASP.NET
Sucuri/Cloudproxy,500,1,14699,Sucuri,Spring_Boot
Sucuri/Cloudproxy,404,1,764,Sucuri,Vue
cloudflare,404,1,35491,Cloudflare,Laravel
cloudflare-nginx,403,1,24652,Cloudflare,ASP.NET
AmazonS3,403,1,1397,AWS_WAF,Vue
cloudflare-nginx,403,1,21915,Cloudflare,Laravel
AmazonS3,404,1,42805,AWS_WAF,React
nginx/1.18.0,403,1,37598,ModSecurity,Unknown
Apache/2.4.41,404,0,35374,None,Express
CloudFront,200,1,34363,AWS_WAF,Unknown
AmazonS3,302,1,21709,AWS_WAF,Spring_Boot
Apache/2.4.41 (Ubuntu),403,1,7233,ModSecurity,Node.js
AWS,404,1,4424,AWS_WAF,ASP.NET
nginx/1.18.0,200,0,17542,None,Unknown
BigIP,500,1,33182,F5_BIG_IP,React
Sucuri/Cloudproxy,200,1,29548,Sucuri,React
CloudFront,403,1,26147,AWS_WAF,Laravel
AmazonS3,302,1,34918,AWS_WAF,Node.js
BigIP,301,1,657,F5_BIG_IP,Laravel
Sucuri/Cloudproxy,500,1,42961,Sucuri,ASP.NET
nginx/1.18.0,403,1,3286,ModSecurity,Unknown
AmazonS3,500,1,25805,AWS_WAF,Spring_Boot
Apache/2.4.41,302,0,1288,None,Spring_Boot
cloudflare-nginx,302,1,47225,Cloudflare,Django
nginx/1.18.0,404,0,30717,None,Node.js
nginx/1.18.0,403,1,6463,ModSecurity,Express
Apache/2.4.41 (Ubuntu),403,1,25314,ModSecurity,WordPress
BIG-IP,403,1,8609,F5_BIG_IP,ASP.NET
Microsoft-IIS/10.0,500,0,42671,None,Laravel
CloudFront,301,1,7756,AWS_WAF,WordPress
Apache/2.4.41 (Ubuntu),302,1,45315,ModSecurity,Node.js
nginx/1.18.0,403,1,33418,ModSecurity,Unknown
Sucuri/Cloudproxy,403,1,5416,Sucuri,Django
Sucuri/Cloudproxy,403,1,15579,Sucuri,React
cloudflare-nginx,403,1,4358,Cloudflare,Unknown
Apache/2.4.41,301,1,2334,None,ASP.NET
cloudflare-nginx,302,1,11555,Cloudflare,ASP.NET
nginx/1.18.0,200,1,31716,ModSecurity,Vue
BigIP,200,1,27294,F5_BIG_IP,Node.js
BigIP,200,1,7831,F5_BIG_IP,Node.js
Microsoft-IIS/10.0,200,1,42678,None,Express
Microsoft-IIS/10.0,302,0,9929,None,WordPress
LiteSpeed,302,0,47839,None,Unknown
Incapsula,200,1,35034,Imperva,Vue
nginx/1.18.0,403,1,45930,ModSecurity,Laravel
nginx/1.18.0,500,1,49192,ModSecurity,Laravel
cloudflare-nginx,403,1,39387,Cloudflare,Express
BIG-IP,500,1,34793,F5_BIG_IP,Express
AWS,403,1,29291,AWS_WAF,ASP.NET
Apache/2.4.41 (Ubuntu),500,1,4837,ModSecurity,React
AWS,200,1,6967,AWS_WAF,React
Sucuri/Cloudproxy,403,1,36001,Sucuri,Vue
BigIP,200,1,19305,F5_BIG_IP,Express
Incapsula,403,1,8913,Imperva,ASP.NET
LiteSpeed,301,1,11076,None,Unknown
Apache/2.4.41 (Ubuntu),404,1,18547,ModSecurity,React
Sucuri/Cloudproxy,403,1,11977,Sucuri,Django
BIG-IP,403,1,36185,F5_BIG_IP,React
Sucuri/Cloudproxy,500,1,8534,Sucuri,Laravel
CloudFront,403,1,32541,AWS_WAF,Spring_Boot
AWS,403,1,12473,AWS_WAF,Laravel
CloudFront,500,1,46713,AWS_WAF,Express
BIG-IP,200,1,26877,F5_BIG_IP,Vue
AmazonS3,302,1,17109,AWS_WAF,Vue
cloudflare-nginx,403,1,27572,Cloudflare,ASP.NET
Apache/2.4.41 (Ubuntu),403,1,27254,ModSecurity,Vue
nginx/1.18.0,301,1,48962,ModSecurity,Vue
BigIP,403,1,28956,F5_BIG_IP,React
Incapsula,403,1,48032,Imperva,ASP.NET
cloudflare-nginx,403,1,3618,Cloudflare,React
Incapsula,404,1,10613,Imperva,Node.js
Incapsula,500,1,1330,Imperva,ASP.NET
BIG-IP,301,1,34445,F5_BIG_IP,React
Apache/2.4.41,404,0,6323,None,Spring_Boot
nginx/1.18.0,302,0,12793,None,ASP.NET
nginx/1.18.0,404,1,31482,ModSecurity,Express
nginx/1.18.0,302,0,24772,None,Laravel
BIG-IP,301,1,41053,F5_BIG_IP,React
AWS,302,1,28882,AWS_WAF,Express
AmazonS3,302,1,42697,AWS_WAF,Spring_Boot
CloudFront,302,1,20304,AWS_WAF,WordPress
BIG-IP,404,1,47873,F5_BIG_IP,React
cloudflare-nginx,403,1,38012,Cloudflare,WordPress
Sucuri/Cloudproxy,302,1,45835,Sucuri,Unknown
LiteSpeed,404,0,11151,None,Express
BigIP,200,1,37022,F5_BIG_IP,Spring_Boot
CloudFront,200,1,12470,AWS_WAF,WordPress
cloudflare-nginx,500,1,34402,Cloudflare,WordPress
Apache/2.4.41 (Ubuntu),301,1,9113,ModSecurity,React
BigIP,200,1,36910,F5_BIG_IP,Django
BIG-IP,302,1,40725,F5_BIG_IP,Spring_Boot
Incapsula,403,1,31085,Imperva,Vue
Sucuri/Cloudproxy,403,1,42464,Sucuri,Vue
LiteSpeed,500,0,11313,None,Unknown
AWS,302,1,39995,AWS_WAF,Unknown
Sucuri/Cloudproxy,403,1,17516,Sucuri,React
nginx/1.18.0,404,0,20599,None,Unknown
Incapsula,500,1,29455,Imperva,Laravel
Sucuri/Cloudproxy,404,1,41527,Sucuri,ASP.NET
Sucuri/Cloudproxy,500,1,35389,Sucuri,Express
BIG-IP,200,1,43309,F5_BIG_IP,React
nginx/1.18.0,500,1,38212,ModSecurity,Vue
Sucuri/Cloudproxy,301,1,32020,Sucuri,Django
nginx/1.18.0,404,0,30136,None,Laravel
cloudflare-nginx,403,1,8380,Cloudflare,React
Incapsula,403,1,31521,Imperva,WordPress
Sucuri/Cloudproxy,301,1,18604,Sucuri,Unknown
Sucuri/Cloudproxy,403,1,12816,Sucuri,WordPress
Incapsula,403,1,41779,Imperva,Unknown
Incapsula,302,1,29236,Imperva,Spring_Boot
nginx/1.18.0,403,1,42042,ModSecurity,Node.js
BigIP,500,1,26218,F5_BIG_IP,Laravel
cloudflare-nginx,403,1,14683,Cloudflare,ASP.NET
BIG-IP,403,1,9548,F5_BIG_IP,Laravel
Apache/2.4.41,301,0,28988,None,ASP.NET
cloudflare,403,1,33853,Cloudflare,Node.js
BIG-IP,403,1,46954,F5_BIG_IP,ASP.NET
CloudFront,403,1,11490,AWS_WAF,WordPress
Incapsula,404,1,48852,Imperva,Express
AWS,301,1,1746,AWS_WAF,Express
Microsoft-IIS/10.0,500,0,24787,None,Laravel
AWS,500,1,12405,AWS_WAF,Express
cloudflare-nginx,200,1,33306,Cloudflare,Laravel
cloudflare,301,1,43364,Cloudflare,Node.js
Apache/2.4.41 (Ubuntu),301,1,16356,ModSecurity,Node.js
AWS,200,1,44715,AWS_WAF,Django
CloudFront,200,1,34814,AWS_WAF,Laravel
BigIP,200,1,15310,F5_BIG_IP,Laravel
Apache/2.4.41 (Ubuntu),500,1,44538,ModSecurity,WordPress
nginx/1.18.0,403,1,10047,ModSecurity,Vue
cloudflare-nginx,500,1,17216,Cloudflare,Vue
CloudFront,302,1,5599,AWS_WAF,Express
cloudflare,403,1,40723,Cloudflare,Spring_Boot
AmazonS3,200,1,36885,AWS_WAF,Node.js
CloudFront,301,1,44259,AWS_WAF,React
Apache/2.4.41 (Ubuntu),200,1,1484,ModSecurity,Laravel
BIG-IP,403,1,39793,F5_BIG_IP,Unknown
BigIP,404,1,44631,F5_BIG_IP,Spring_Boot
Sucuri/Cloudproxy,301,1,22861,Sucuri,Laravel
BigIP,301,1,44157,F5_BIG_IP,Vue
Sucuri/Cloudproxy,200,1,2216,Sucuri,React
AWS,403,1,6090,AWS_WAF,Unknown
BIG-IP,302,1,37332,F5_BIG_IP,Spring_Boot
cloudflare-nginx,403,1,41008,Cloudflare,ASP.NET
Sucuri/Cloudproxy,403,1,26644,Sucuri,Spring_Boot
Apache/2.4.41,301,0,1451,None,Express
Incapsula,200,1,8957,Imperva,Vue
cloudflare,403,1,43195,Cloudflare,Laravel
Incapsula,200,1,49007,Imperva,ASP.NET
BIG-IP,500,1,32775,F5_BIG_IP,Spring_Boot
Sucuri/Cloudproxy,200,1,49683,Sucuri,ASP.NET
cloudflare,403,1,37150,Cloudflare,Spring_Boot
BigIP,200,1,38095,F5_BIG_IP,WordPress
Apache/2.4.41 (Ubuntu),403,1,38532,ModSecurity,Django
Microsoft-IIS/10.0,200,1,34468,None,Vue
Incapsula,403,1,39102,Imperva,Express
cloudflare,302,1,34904,Cloudflare,Express
Microsoft-IIS/10.0,500,1,46369,None,Vue
Sucuri/Cloudproxy,403,1,28470,Sucuri,Node.js
BigIP,200,1,44074,F5_BIG_IP,Vue
Sucuri/Cloudproxy,200,1,14675,Sucuri,WordPress
LiteSpeed,200,0,728,None,Django
AWS,403,1,15005,AWS_WAF,React
Apache/2.4.41 (Ubuntu),301,1,15760,ModSecurity,Vue
BigIP,403,1,25739,F5_BIG_IP,React
AWS,403,1,15617,AWS_WAF,React
Apache/2.4.41 (Ubuntu),200,1,3104,ModSecurity,WordPress
BIG-IP,200,1,49873,F5_BIG_IP,Django
Incapsula,200,1,43768,Imperva,Node.js
BigIP,403,1,29881,F5_BIG_IP,Laravel
CloudFront,403,1,26540,AWS_WAF,Vue
BigIP,301,1,3537,F5_BIG_IP,React
AWS,301,1,26161,AWS_WAF,React
nginx/1.18.0,301,1,7129,None,WordPress
Sucuri/Cloudproxy,301,1,27576,Sucuri,React
BIG-IP,302,1,11451,F5_BIG_IP,ASP.NET
cloudflare,200,1,37096,Cloudflare,WordPress
Sucuri/Cloudproxy,500,1,35438,Sucuri,Laravel
BigIP,500,1,23446,F5_BIG_IP,ASP.NET
nginx/1.18.0,200,0,22099,None,Vue
CloudFront,500,1,41367,AWS_WAF,Django
Sucuri/Cloudproxy,403,1,49911,Sucuri,Laravel
Sucuri/Cloudproxy,403,1,119,Sucuri,React
BIG-IP,500,1,19941,F5_BIG_IP,Unknown
nginx/1.18.0,200,0,23687,None,Unknown
AWS,403,1,34305,AWS_WAF,Node.js
cloudflare,403,1,28843,Cloudflare,ASP.NET
cloudflare-nginx,500,1,39415,Cloudflare,ASP.NET
Incapsula,403,1,14617,Imperva,Unknown
Incapsula,403,1,28306,Imperva,Vue
CloudFront,302,1,12616,AWS_WAF,Node.js
Sucuri/Cloudproxy,403,1,5220,Sucuri,WordPress
Apache/2.4.41,200,0,34399,None,Laravel
cloudflare,403,1,19129,Cloudflare,ASP.NET
LiteSpeed,301,1,22620,None,Vue
LiteSpeed,404,0,13667,None,Spring_Boot
Incapsula,403,1,25214,Imperva,Spring_Boot
Sucuri/Cloudproxy,403,1,7449,Sucuri,Express
cloudflare-nginx,200,1,10066,Cloudflare,ASP.NET
nginx/1.18.0,500,1,25563,None,Express
cloudflare,302,1,39332,Cloudflare,Express
Apache/2.4.41,302,0,36016,None,Node.js
Apache/2.4.41,200,1,46732,None,WordPress
Apache/2.4.41 (Ubuntu),403,1,44323,ModSecurity,Unknown
cloudflare,403,1,46271,Cloudflare,Vue
cloudflare,200,1,4721,Cloudflare,WordPress
CloudFront,500,1,13209,AWS_WAF,Vue
CloudFront,404,1,26129,AWS_WAF,Express
Incapsula,301,1,47042,Imperva,Node.js
Incapsula,200,1,17373,Imperva,React
Incapsula,302,1,41733,Imperva,Vue
nginx/1.18.0,403,1,6735,ModSecurity,Vue
cloudflare-nginx,302,1,26409,Cloudflare,Vue
Sucuri/Cloudproxy,301,1,6346,Sucuri,Vue
cloudflare-nginx,301,1,6634,Cloudflare,Spring_Boot
AWS,200,1,1469,AWS_WAF,Laravel
Incapsula,404,1,12253,Imperva,WordPress
AWS,301,1,34492,AWS_WAF,Django
Sucuri/Cloudproxy,302,1,27726,Sucuri,WordPress
Sucuri/Cloudproxy,404,1,14304,Sucuri,Express
AWS,403,1,21903,AWS_WAF,ASP.NET
cloudflare-nginx,302,1,3196,Cloudflare,Vue
Apache/2.4.41 (Ubuntu),403,1,37283,ModSecurity,Unknown
Microsoft-IIS/10.0,301,0,15077,None,Django
nginx/1.18.0,302,0,18056,None,React
cloudflare,404,1,6604,Cloudflare,Laravel
BigIP,302,1,16193,F5_BIG_IP,Django
Sucuri/Cloudproxy,404,1,49603,Sucuri,WordPress
Apache/2.4.41 (Ubuntu),404,1,29180,ModSecurity,Vue
Incapsula,301,1,10499,Imperva,Django
AWS,301,1,19314,AWS_WAF,Spring_Boot
BIG-IP,301,1,35938,F5_BIG_IP,Django
BigIP,403,1,23535,F5_BIG_IP,WordPress
Microsoft-IIS/10.0,302,1,49838,None,Vue
Microsoft-IIS/10.0,302,0,3183,None,ASP.NET
Sucuri/Cloudproxy,404,1,5877,Sucuri,Unknown
Incapsula,403,1,42903,Imperva,Vue
Incapsula,403,1,6222,Imperva,ASP.NET
Incapsula,500,1,43019,Imperva,Laravel
nginx/1.18.0,302,0,7066,None,React
AWS,200,1,4481,AWS_WAF,WordPress
LiteSpeed,301,0,33540,None,Django
BigIP,200,1,26066,F5_BIG_IP,Django
BigIP,301,1,34068,F5_BIG_IP,Spring_Boot
cloudflare,404,1,2382,Cloudflare,ASP.NET
Apache/2.4.41,301,0,1249,None,Node.js
Incapsula,403,1,12039,Imperva,WordPress
Incapsula,403,1,47874,Imperva,WordPress
Sucuri/Cloudproxy,301,1,6910,Sucuri,Laravel
BIG-IP,302,1,15669,F5_BIG_IP,Spring_Boot
cloudflare-nginx,403,1,33788,Cloudflare,WordPress
LiteSpeed,200,0,35152,None,Spring_Boot
BigIP,200,1,26608,F5_BIG_IP,WordPress
BigIP,301,1,22049,F5_BIG_IP,Laravel
cloudflare-nginx,200,1,16731,Cloudflare,Node.js
BIG-IP,301,1,31290,F5_BIG_IP,ASP.NET
Apache/2.4.41,302,0,9487,None,WordPress
Apache/2.4.41 (Ubuntu),302,1,47227,ModSecurity,Django
Incapsula,403,1,42447,Imperva,Spring_Boot
AmazonS3,301,1,41100,AWS_WAF,Spring_Boot
Microsoft-IIS/10.0,500,0,38333,None,Node.js
nginx/1.18.0,500,1,6742,ModSecurity,ASP.NET
cloudflare-nginx,403,1,18976,Cloudflare,Node.js
cloudflare-nginx,302,1,1389,Cloudflare,Unknown
Sucuri/Cloudproxy,500,1,30678,Sucuri,Django
Incapsula,403,1,33662,Imperva,Spring_Boot
cloudflare-nginx,403,1,38352,Cloudflare,Unknown
Sucuri/Cloudproxy,403,1,44018,Sucuri,Laravel
nginx/1.18.0,403,1,18704,ModSecurity,Express
CloudFront,500,1,24700,AWS_WAF,Spring_Boot
AWS,302,1,2859,AWS_WAF,Unknown
cloudflare-nginx,404,1,10612,Cloudflare,Django
Apache/2.4.41,404,0,28730,None,Vue
Incapsula,301,1,49366,Imperva,WordPress
Microsoft-IIS/10.0,302,0,46285,None,Laravel
BigIP,302,1,13987,F5_BIG_IP,Django
CloudFront,200,1,20700,AWS_WAF,ASP.NET
AWS,403,1,28310,AWS_WAF,Laravel
CloudFront,301,1,23879,AWS_WAF,Unknown
LiteSpeed,500,1,25038,None,Vue
Apache/2.4.41,500,1,9146,None,Express
Incapsula,403,1,35315,Imperva,React
Incapsula,302,1,12498,Imperva,ASP.NET
cloudflare,404,1,17461,Cloudflare,WordPress
Incapsula,403,1,48352,Imperva,ASP.NET
AWS,403,1,29190,AWS_WAF,Node.js
Apache/2.4.41,200,0,5609,None,Vue
nginx/1.18.0,403,1,8593,ModSecurity,Node.js
Incapsula,500,1,8759,Imperva,Express
LiteSpeed,404,1,16280,None,React
cloudflare,404,1,13250,Cloudflare,Unknown
BIG-IP,404,1,19209,F5_BIG_IP,Express
Apache/2.4.41 (Ubuntu),302,1,10226,ModSecurity,Vue
Incapsula,403,1,30810,Imperva,WordPress
BigIP,403,1,16198,F5_BIG_IP,WordPress
Incapsula,403,1,165,Imperva,Django
Sucuri/Cloudproxy,500,1,43517,Sucuri,ASP.NET
BigIP,403,1,21704,F5_BIG_IP,Django
nginx/1.18.0,302,1,4232,ModSecurity,Vue
BigIP,404,1,46604,F5_BIG_IP,React
nginx/1.18.0,301,1,24298,ModSecurity,Django
Apache/2.4.41 (Ubuntu),302,1,36476,ModSecurity,Node.js
BigIP,200,1,32600,F5_BIG_IP,Django
cloudflare-nginx,403,1,37917,Cloudflare,Unknown
Sucuri/Cloudproxy,301,1,7381,Sucuri,Spring_Boot
AWS,403,1,36568,AWS_WAF,Express
CloudFront,301,1,12788,AWS_WAF,Spring_Boot
Apache/2.4.41,302,0,2755,None,Express
Sucuri/Cloudproxy,403,1,26728,Sucuri,React
Apache/2.4.41 (Ubuntu),302,1,11625,ModSecurity,Unknown
AmazonS3,404,1,16035,AWS_WAF,Vue
CloudFront,302,1,2239,AWS_WAF,Spring_Boot
Sucuri/Cloudproxy,403,1,32791,Sucuri,Spring_Boot
CloudFront,500,1,27946,AWS_WAF,Vue
Sucuri/Cloudproxy,403,1,26678,Sucuri,Node.js
cloudflare,403,1,17666,Cloudflare,Vue
cloudflare,404,1,45441,Cloudflare,Vue
CloudFront,302,1,48804,AWS_WAF,Laravel
nginx/1.18.0,403,1,43997,ModSecurity,ASP.NET
Apache/2.4.41,404,1,30741,None,React
Sucuri/Cloudproxy,302,1,35082,Sucuri,ASP.NET
Apache/2.4.41 (Ubuntu),302,1,11637,ModSecurity,Vue
Apache/2.4.41 (Ubuntu),403,1,1342,ModSecurity,Vue
cloudflare,301,1,12460,Cloudflare,Django
BigIP,403,1,41791,F5_BIG_IP,Node.js
BIG-IP,403,1,12482,F5_BIG_IP,ASP.NET
cloudflare-nginx,404,1,36720,Cloudflare,React
Incapsula,302,1,47340,Imperva,Node.js
nginx/1.18.0,404,1,29279,ModSecurity,React
Microsoft-IIS/10.0,302,0,2474,None,Spring_Boot
cloudflare-nginx,302,1,12545,Cloudflare,React
Sucuri/Cloudproxy,403,1,48192,Sucuri,Unknown
BigIP,403,1,1034,F5_BIG_IP,Express
Microsoft-IIS/10.0,404,0,3253,None,ASP.NET
nginx/1.18.0,403,1,34847,ModSecurity,Vue
AmazonS3,302,1,13817,AWS_WAF,ASP.NET
Sucuri/Cloudproxy,404,1,24512,Sucuri,Vue
Incapsula,404,1,38781,Imperva,Laravel
Sucuri/Cloudproxy,403,1,37995,Sucuri,ASP.NET
cloudflare,403,1,46051,Cloudflare,Django
cloudflare,301,1,46029,Cloudflare,React
Incapsula,302,1,25806,Imperva,Laravel
cloudflare,200,1,41552,Cloudflare,React
cloudflare-nginx,500,1,34440,Cloudflare,Django
Sucuri/Cloudproxy,301,1,16525,Sucuri,React
Incapsula,404,1,7101,Imperva,Vue
Incapsula,404,1,26506,Imperva,WordPress
cloudflare,302,1,39504,Cloudflare,ASP.NET
Apache/2.4.41 (Ubuntu),403,1,5336,ModSecurity,WordPress
CloudFront,403,1,39463,AWS_WAF,Vue
Incapsula,403,1,5114,Imperva,WordPress
BigIP,404,1,32191,F5_BIG_IP,ASP.NET
Sucuri/Cloudproxy,301,1,708,Sucuri,Laravel
BigIP,403,1,33423,F5_BIG_IP,React
nginx/1.18.0,403,1,28335,ModSecurity,Express
AWS,301,1,2435,AWS_WAF,ASP.NET
Incapsula,301,1,32768,Imperva,Django
cloudflare-nginx,301,1,32210,Cloudflare,Django
Incapsula,200,1,25104,Imperva,Vue
CloudFront,302,1,34789,AWS_WAF,Express
cloudflare,301,1,33160,Cloudflare,ASP.NET
Sucuri/Cloudproxy,301,1,2044,Sucuri,Django
Sucuri/Cloudproxy,403,1,41226,Sucuri,Vue
Incapsula,403,1,32042,Imperva,React
Incapsula,500,1,40312,Imperva,Spring_Boot
AmazonS3,404,1,47054,AWS_WAF,Spring_Boot
Sucuri/Cloudproxy,301,1,15418,Sucuri,ASP.NET
nginx/1.18.0,403,1,17747,ModSecurity,WordPress
AmazonS3,403,1,3783,AWS_WAF,Vue
nginx/1.18.0,301,1,36675,ModSecurity,Node.js
BigIP,403,1,39861,F5_BIG_IP,Spring_Boot
nginx/1.18.0,500,1,47201,ModSecurity,Spring_Boot
cloudflare,404,1,27139,Cloudflare,Express
AWS,403,1,16232,AWS_WAF,Express
cloudflare-nginx,404,1,2044,Cloudflare,Spring_Boot
BIG-IP,403,1,9865,F5_BIG_IP,React
AmazonS3,500,1,37902,AWS_WAF,WordPress
AWS,403,1,40915,AWS_WAF,Laravel
AWS,403,1,8366,AWS_WAF,WordPress
nginx/1.18.0,200,1,34118,ModSecurity,Node.js
nginx/1.18.0,301,1,35071,None,Express
Apache/2.4.41 (Ubuntu),200,1,30073,ModSecurity,Unknown
AmazonS3,500,1,21687,AWS_WAF,Unknown
Sucuri/Cloudproxy,500,1,14599,Sucuri,Express
AmazonS3,404,1,4840,AWS_WAF,Spring_Boot
BigIP,403,1,26552,F5_BIG_IP,ASP.NET
cloudflare-nginx,404,1,22255,Cloudflare,Node.js
Sucuri/Cloudproxy,403,1,40985,Sucuri,Django
BigIP,404,1,19466,F5_BIG_IP,Laravel
Microsoft-IIS/10.0,404,0,9406,None,Unknown
Apache/2.4.41 (Ubuntu),200,1,48728,ModSecurity,ASP.NET
BigIP,403,1,43428,F5_BIG_IP,Node.js
cloudflare,500,1,1682,Cloudflare,WordPress
cloudflare-nginx,403,1,45043,Cloudflare,Express
BIG-IP,301,1,34230,F5_BIG_IP,Vue
Incapsula,404,1,27489,Imperva,Spring_Boot
Apache/2.4.41 (Ubuntu),404,1,9389,ModSecurity,Vue
Sucuri/Cloudproxy,403,1,3354,Sucuri,Spring_Boot
nginx/1.18.0,301,0,34098,None,Spring_Boot
Apache/2.4.41 (Ubuntu),403,1,11356,ModSecurity,React
cloudflare,403,1,1641,Cloudflare,Django
Incapsula,301,1,27413,Imperva,Vue
AmazonS3,302,1,18354,AWS_WAF,Vue
cloudflare,500,1,13234,Cloudflare,Laravel
Sucuri/Cloudproxy,301,1,46609,Sucuri,Express
Sucuri/Cloudproxy,302,1,14154,Sucuri,Vue
Incapsula,404,1,27448,Imperva,Spring_Boot
Sucuri/Cloudproxy,403,1,41877,Sucuri,ASP.NET
Sucuri/Cloudproxy,404,1,35318,Sucuri,React
Incapsula,500,1,10334,Imperva,WordPress
Incapsula,403,1,18336,Imperva,React
cloudflare-nginx,500,1,24944,Cloudflare,WordPress
LiteSpeed,301,1,34792,None,Django
Incapsula,500,1,29058,Imperva,Vue
Sucuri/Cloudproxy,403,1,7499,Sucuri,Unknown
cloudflare,200,1,7478,Cloudflare,React
Sucuri/Cloudproxy,500,1,33226,Sucuri,Vue
LiteSpeed,301,1,23956,None,Vue
BIG-IP,301,1,25122,F5_BIG_IP,Vue
BigIP,403,1,49684,F5_BIG_IP,Spring_Boot
AmazonS3,302,1,24656,AWS_WAF,WordPress
AWS,404,1,116,AWS_WAF,Spring_Boot
Apache/2.4.41 (Ubuntu),301,1,27873,ModSecurity,Django
Sucuri/Cloudproxy,500,1,46143,Sucuri,WordPress
AmazonS3,301,1,30229,AWS_WAF,Unknown
Incapsula,200,1,9456,Imperva,Unknown
BIG-IP,200,1,12835,F5_BIG_IP,Node.js
nginx/1.18.0,500,0,42751,None,React
nginx/1.18.0,403,1,955,ModSecurity,Spring_Boot
Incapsula,404,1,35910,Imperva,Vue
Incapsula,500,1,4965,Imperva,Node.js
Apache/2.4.41,200,0,10332,None,Unknown
BigIP,403,1,20368,F5_BIG_IP,ASP.NET
cloudflare-nginx,403,1,36094,Cloudflare,Express
Apache/2.4.41 (Ubuntu),500,1,4188,ModSecurity,Django
cloudflare,403,1,36315,Cloudflare,Vue
AmazonS3,404,1,30197,AWS_WAF,Laravel
BigIP,500,1,36515,F5_BIG_IP,Express
Apache/2.4.41,301,0,9319,None,Spring_Boot
Incapsula,200,1,39474,Imperva,React
Sucuri/Cloudproxy,403,1,29456,Sucuri,Unknown
LiteSpeed,301,0,48301,None,Spring_Boot
cloudflare-nginx,500,1,9760,Cloudflare,React
cloudflare,404,1,42824,Cloudflare,Django
BigIP,403,1,40014,F5_BIG_IP,WordPress
Sucuri/Cloudproxy,200,1,46362,Sucuri,Unknown
BIG-IP,403,1,49133,F5_BIG_IP,ASP.NET
nginx/1.18.0,301,0,17307,None,Laravel
Incapsula,302,1,8912,Imperva,Express
Microsoft-IIS/10.0,200,0,38727,None,Spring_Boot
AmazonS3,403,1,16670,AWS_WAF,Django
cloudflare,403,1,15187,Cloudflare,Express
nginx/1.18.0,403,1,21150,ModSecurity,WordPress
nginx/1.18.0,301,1,14254,ModSecurity,Express
Incapsula,200,1,24884,Imperva,Express
cloudflare,500,1,40842,Cloudflare,ASP.NET
Sucuri/Cloudproxy,500,1,39750,Sucuri,Spring_Boot
Incapsula,403,1,32673,Imperva,Express
CloudFront,403,1,26874,AWS_WAF,WordPress
Apache/2.4.41 (Ubuntu),301,1,2633,ModSecurity,Node.js
BIG-IP,200,1,24727,F5_BIG_IP,Django
nginx/1.18.0,403,1,32021,ModSecurity,Vue
Incapsula,403,1,40814,Imperva,Vue
BigIP,403,1,38667,F5_BIG_IP,Laravel
cloudflare-nginx,302,1,36665,Cloudflare,Spring_Boot
Microsoft-IIS/10.0,404,1,16076,None,WordPress
Sucuri/Cloudproxy,404,1,30344,Sucuri,Express
Apache/2.4.41 (Ubuntu),200,1,15325,ModSecurity,ASP.NET
cloudflare,301,1,45999,Cloudflare,WordPress
cloudflare-nginx,403,1,11791,Cloudflare,Node.js
cloudflare-nginx,301,1,7178,Cloudflare,React
AmazonS3,403,1,14475,AWS_WAF,WordPress
nginx/1.18.0,403,1,19143,ModSecurity,Vue
nginx/1.18.0,301,0,33692,None,Django
Sucuri/Cloudproxy,302,1,36253,Sucuri,Django
Apache/2.4.41 (Ubuntu),403,1,46760,ModSecurity,Django
cloudflare,403,1,40757,Cloudflare,React
cloudflare,500,1,39190,Cloudflare,ASP.NET
BigIP,302,1,2581,F5_BIG_IP,React
CloudFront,404,1,6430,AWS_WAF,Express
Sucuri/Cloudproxy,200,1,46063,Sucuri,Spring_Boot
Incapsula,403,1,26840,Imperva,Vue
Sucuri/Cloudproxy,301,1,6847,Sucuri,React
CloudFront,301,1,17879,AWS_WAF,React
AWS,403,1,40907,AWS_WAF,Django
Apache/2.4.41,500,0,13811,None,Unknown
cloudflare-nginx,403,1,49379,Cloudflare,Spring_Boot
cloudflare,403,1,46980,Cloudflare,Express
nginx/1.18.0,403,1,29360,ModSecurity,Laravel
BIG-IP,403,1,42012,F5_BIG_IP,Django
Apache/2.4.41,200,0,27931,None,Laravel
nginx/1.18.0,403,1,33460,ModSecurity,Node.js
cloudflare-nginx,403,1,4948,Cloudflare,React
AWS,403,1,10319,AWS_WAF,Unknown
Sucuri/Cloudproxy,403,1,39529,Sucuri,WordPress
AmazonS3,404,1,34801,AWS_WAF,Spring_Boot
BIG-IP,200,1,4131,F5_BIG_IP,Vue
Incapsula,403,1,45890,Imperva,ASP.NET
Apache/2.4.41,500,0,46934,None,Laravel
Incapsula,403,1,17999,Imperva,Django
AWS,302,1,32259,AWS_WAF,Unknown
Microsoft-IIS/10.0,500,0,2108,None,Node.js
AmazonS3,404,1,43300,AWS_WAF,WordPress
BIG-IP,403,1,776,F5_BIG_IP,Unknown
CloudFront,404,1,31153,AWS_WAF,Unknown
nginx/1.18.0,301,0,35176,None,Node.js
BIG-IP,302,1,24441,F5_BIG_IP,Django
Incapsula,403,1,2652,Imperva,Express
Microsoft-IIS/10.0,404,0,7106,None,Laravel
Apache/2.4.41,200,1,48114,None,React
Sucuri/Cloudproxy,302,1,26718,Sucuri,Node.js
cloudflare,302,1,48313,Cloudflare,Express
CloudFront,404,1,13801,AWS_WAF,Vue
BIG-IP,403,1,27105,F5_BIG_IP,Unknown
Incapsula,500,1,2717,Imperva,ASP.NET
Incapsula,200,1,26246,Imperva,React
Incapsula,500,1,21872,Imperva,ASP.NET
BIG-IP,403,1,33274,F5_BIG_IP,Django
Sucuri/Cloudproxy,403,1,19979,Sucuri,Vue
Apache/2.4.41,200,0,33930,None,Spring_Boot
nginx/1.18.0,301,1,23800,ModSecurity,Spring_Boot
nginx/1.18.0,404,0,12663,None,Vue
Incapsula,403,1,14983,Imperva,Node.js
Apache/2.4.41 (Ubuntu),403,1,405,ModSecurity,Vue
cloudflare,302,1,18279,Cloudflare,Django
Apache/2.4.41 (Ubuntu),403,1,433,ModSecurity,Vue
nginx/1.18.0,200,0,39022,None,Vue
Incapsula,403,1,31416,Imperva,WordPress
Microsoft-IIS/10.0,500,1,4136,None,Laravel
CloudFront,403,1,23169,AWS_WAF,Unknown
Microsoft-IIS/10.0,500,0,48487,None,Spring_Boot
nginx/1.18.0,200,1,38642,None,Vue
AWS,404,1,41356,AWS_WAF,React
Microsoft-IIS/10.0,404,0,49259,None,Node.js
cloudflare,500,1,48609,Cloudflare,WordPress
CloudFront,500,1,47861,AWS_WAF,Laravel
cloudflare-nginx,302,1,1376,Cloudflare,Vue
Incapsula,301,1,31849,Imperva,Unknown
cloudflare,500,1,47696,Cloudflare,Laravel
CloudFront,403,1,19599,AWS_WAF,Laravel
Incapsula,302,1,47223,Imperva,React
BIG-IP,301,1,11383,F5_BIG_IP,Vue
Incapsula,403,1,31344,Imperva,WordPress
Sucuri/Cloudproxy,500,1,1318,Sucuri,Unknown
AWS,200,1,27350,AWS_WAF,React
CloudFront,500,1,47957,AWS_WAF,Vue
Sucuri/Cloudproxy,301,1,11593,Sucuri,Laravel
BIG-IP,404,1,27730,F5_BIG_IP,Unknown
nginx/1.18.0,301,1,42692,ModSecurity,ASP.NET
BIG-IP,403,1,28925,F5_BIG_IP,Django
nginx/1.18.0,403,1,22129,ModSecurity,Express
LiteSpeed,200,0,49493,None,React
nginx/1.18.0,500,1,33316,None,React
Apache/2.4.41 (Ubuntu),403,1,15106,ModSecurity,Node.js
Microsoft-IIS/10.0,200,0,38200,None,Node.js
BigIP,403,1,7078,F5_BIG_IP,WordPress
Incapsula,301,1,17053,Imperva,Unknown
LiteSpeed,200,1,6985,None,Express
AmazonS3,403,1,25128,AWS_WAF,Unknown
BIG-IP,301,1,3311,F5_BIG_IP,Node.js
AmazonS3,500,1,4608,AWS_WAF,React
Apache/2.4.41 (Ubuntu),403,1,29975,ModSecurity,Node.js
Incapsula,200,1,21329,Imperva,Vue
Incapsula,302,1,47692,Imperva,ASP.NET
cloudflare-nginx,403,1,7833,Cloudflare,WordPress
Sucuri/Cloudproxy,403,1,45426,Sucuri,Node.js
cloudflare-nginx,301,1,25867,Cloudflare,Spring_Boot
Sucuri/Cloudproxy,403,1,31480,Sucuri,Node.js
Microsoft-IIS/10.0,301,0,27730,None,Django
AmazonS3,500,1,7465,AWS_WAF,Unknown
Apache/2.4.41 (Ubuntu),403,1,29439,ModSecurity,Unknown
cloudflare,200,1,19573,Cloudflare,React
BIG-IP,301,1,17221,F5_BIG_IP,Express
Incapsula,403,1,5988,Imperva,ASP.NET
CloudFront,301,1,35470,AWS_WAF,WordPress
AmazonS3,500,1,14554,AWS_WAF,Vue
Apache/2.4.41 (Ubuntu),301,1,33333,ModSecurity,Django
Microsoft-IIS/10.0,301,0,16889,None,Node.js
AWS,404,1,18883,AWS_WAF,Laravel
Apache/2.4.41 (Ubuntu),403,1,35325,ModSecurity,Django
BigIP,403,1,46294,F5_BIG_IP,Node.js
nginx/1.18.0,403,1,16756,ModSecurity,React
CloudFront,301,1,47804,AWS_WAF,Laravel
AmazonS3,404,1,26850,AWS_WAF,Node.js
CloudFront,302,1,47941,AWS_WAF,React
cloudflare-nginx,500,1,7277,Cloudflare,Spring_Boot
Incapsula,200,1,44305,Imperva,Express
nginx/1.18.0,200,1,28470,ModSecurity,React
Apache/2.4.41 (Ubuntu),301,1,45055,ModSecurity,Unknown
Sucuri/Cloudproxy,500,1,41164,Sucuri,Vue
cloudflare,302,1,3051,Cloudflare,Vue
Apache/2.4.41,200,0,30532,None,Django
BigIP,301,1,37631,F5_BIG_IP,Vue
Apache/2.4.41 (Ubuntu),404,1,26834,ModSecurity,Vue
CloudFront,200,1,3121,AWS_WAF,Django
Apache/2.4.41 (Ubuntu),301,1,45365,ModSecurity,Django
AmazonS3,200,1,45000,AWS_WAF,React
Sucuri/Cloudproxy,301,1,47342,Sucuri,Unknown
AWS,403,1,16370,AWS_WAF,Django
BigIP,302,1,23812,F5_BIG_IP,WordPress
Apache/2.4.41,500,0,29463,None,WordPress
CloudFront,403,1,24674,AWS_WAF,Laravel
Incapsula,302,1,20536,Imperva,Laravel
Incapsula,404,1,27088,Imperva,ASP.NET
AmazonS3,404,1,862,AWS_WAF,Node.js
Apache/2.4.41,500,0,21359,None,ASP.NET
nginx/1.18.0,403,1,22727,ModSecurity,Django
Incapsula,403,1,4442,Imperva,Express
Apache/2.4.41,302,0,41223,None,ASP.NET
Sucuri/Cloudproxy,404,1,15139,Sucuri,Django
BigIP,404,1,23766,F5_BIG_IP,Django
Incapsula,403,1,25117,Imperva,ASP.NET
Incapsula,200,1,34291,Imperva,Vue
LiteSpeed,200,0,39116,None,Unknown
Microsoft-IIS/10.0,404,1,5623,None,Spring_Boot
nginx/1.18.0,200,0,5191,None,Vue
BIG-IP,404,1,47068,F5_BIG_IP,Spring_Boot
Incapsula,403,1,43650,Imperva,Laravel
Incapsula,403,1,19510,Imperva,WordPress
AmazonS3,403,1,18093,AWS_WAF,WordPress
Microsoft-IIS/10.0,200,0,26113,None,React
AWS,200,1,21566,AWS_WAF,Vue
Incapsula,301,1,19533,Imperva,ASP.NET
Incapsula,302,1,19208,Imperva,Node.js
Incapsula,200,1,11990,Imperva,Node.js
BigIP,301,1,15893,F5_BIG_IP,Django
BIG-IP,200,1,27018,F5_BIG_IP,WordPress
nginx/1.18.0,403,1,45808,ModSecurity,ASP.NET
nginx/1.18.0,200,1,31434,ModSecurity,Express
Apache/2.4.41,500,0,36813,None,Django
AWS,301,1,34400,AWS_WAF,ASP.NET
nginx/1.18.0,403,1,1610,ModSecurity,React
Sucuri/Cloudproxy,403,1,45080,Sucuri,Node.js
AWS,403,1,45621,AWS_WAF,WordPress
nginx/1.18.0,200,1,34575,None,Spring_Boot
LiteSpeed,200,1,27719,None,Laravel
BigIP,404,1,7551,F5_BIG_IP,Spring_Boot
BigIP,403,1,7307,F5_BIG_IP,Laravel
Incapsula,403,1,30567,Imperva,Spring_Boot
AWS,404,1,28361,AWS_WAF,Vue
nginx/1.18.0,302,1,41454,ModSecurity,React
cloudflare-nginx,302,1,25571,Cloudflare,Spring_Boot
Microsoft-IIS/10.0,301,0,11645,None,Node.js
BigIP,403,1,47101,F5_BIG_IP,Spring_Boot
Sucuri/Cloudproxy,302,1,33728,Sucuri,Django
CloudFront,200,1,48902,AWS_WAF,Laravel
nginx/1.18.0,403,1,22797,ModSecurity,Unknown
Microsoft-IIS/10.0,500,0,22109,None,Vue
Microsoft-IIS/10.0,302,0,13056,None,Vue
AWS,200,1,40725,AWS_WAF,Vue
Apache/2.4.41 (Ubuntu),403,1,24438,ModSecurity,Laravel
Apache/2.4.41 (Ubuntu),403,1,43966,ModSecurity,Node.js
cloudflare-nginx,403,1,11329,Cloudflare,Spring_Boot
CloudFront,302,1,47080,AWS_WAF,Unknown
cloudflare,403,1,5370,Cloudflare,Laravel
Microsoft-IIS/10.0,302,0,41904,None,Django
BIG-IP,403,1,23497,F5_BIG_IP,React
BigIP,200,1,20189,F5_BIG_IP,Django
AWS,403,1,5159,AWS_WAF,Django
AmazonS3,200,1,36537,AWS_WAF,React
Sucuri/Cloudproxy,200,1,18639,Sucuri,React
Apache/2.4.41,302,0,36740,None,Spring_Boot
BigIP,200,1,1198,F5_BIG_IP,Express
cloudflare,500,1,31033,Cloudflare,Node.js
Microsoft-IIS/10.0,302,1,22115,None,Node.js
Microsoft-IIS/10.0,404,1,47300,None,Laravel
BIG-IP,403,1,220,F5_BIG_IP,Laravel
Incapsula,404,1,10985,Imperva,Spring_Boot
Sucuri/Cloudproxy,403,1,16955,Sucuri,Spring_Boot
Incapsula,403,1,18608,Imperva,Express
Incapsula,200,1,15450,Imperva,Vue
BigIP,500,1,7816,F5_BIG_IP,Node.js
cloudflare-nginx,403,1,20855,Cloudflare,Node.js
BigIP,403,1,35705,F5_BIG_IP,Node.js
cloudflare,500,1,34949,Cloudflare,WordPress
AmazonS3,403,1,28593,AWS_WAF,Django
Apache/2.4.41 (Ubuntu),404,1,15748,ModSecurity,Laravel
Apache/2.4.41 (Ubuntu),301,1,3219,ModSecurity,Unknown
Sucuri/Cloudproxy,301,1,2125,Sucuri,Laravel
AmazonS3,500,1,3333,AWS_WAF,Node.js
Apache/2.4.41,302,0,28302,None,Node.js
Incapsula,403,1,5150,Imperva,Django
cloudflare,404,1,39305,Cloudflare,Node.js
Sucuri/Cloudproxy,403,1,26248,Sucuri,Vue
cloudflare,403,1,16993,Cloudflare,WordPress
Sucuri/Cloudproxy,403,1,1048,Sucuri,ASP.NET
Incapsula,200,1,39651,Imperva,Node.js
LiteSpeed,200,1,42248,None,Unknown
Sucuri/Cloudproxy,403,1,28876,Sucuri,Laravel
BigIP,500,1,19048,F5_BIG_IP,ASP.NET
Sucuri/Cloudproxy,403,1,7710,Sucuri,Express
Microsoft-IIS/10.0,301,0,4973,None,Node.js
CloudFront,200,1,15473,AWS_WAF,Laravel
Microsoft-IIS/10.0,500,1,28710,None,Django
BigIP,301,1,1914,F5_BIG_IP,Laravel
CloudFront,403,1,46265,AWS_WAF,Laravel
AWS,403,1,13277,AWS_WAF,ASP.NET
Sucuri/Cloudproxy,404,1,31382,Sucuri,Express
Apache/2.4.41,500,1,22104,None,React
AWS,500,1,32133,AWS_WAF,React
Sucuri/Cloudproxy,403,1,35255,Sucuri,React
AmazonS3,404,1,26919,AWS_WAF,React
Sucuri/Cloudproxy,403,1,13693,Sucuri,Express
AmazonS3,403,1,15543,AWS_WAF,Vue
BIG-IP,500,1,35800,F5_BIG_IP,WordPress
Apache/2.4.41 (Ubuntu),403,1,30486,ModSecurity,Node.js
BIG-IP,403,1,40889,F5_BIG_IP,Spring_Boot
Microsoft-IIS/10.0,302,1,311,None,Unknown
Incapsula,302,1,18933,Imperva,Django
BIG-IP,404,1,28365,F5_BIG_IP,React
nginx/1.18.0,403,1,45008,ModSecurity,Express
Sucuri/Cloudproxy,200,1,39518,Sucuri,Spring_Boot
cloudflare,403,1,44730,Cloudflare,Spring_Boot
Incapsula,500,1,11139,Imperva,Unknown
cloudflare-nginx,302,1,10370,Cloudflare,WordPress
Sucuri/Cloudproxy,403,1,15567,Sucuri,Django
Apache/2.4.41,500,0,5122,None,Express
BIG-IP,403,1,8436,F5_BIG_IP,Laravel
cloudflare,403,1,182,Cloudflare,Express
Sucuri/Cloudproxy,403,1,30509,Sucuri,Express
AWS,404,1,4379,AWS_WAF,Vue
AmazonS3,301,1,37467,AWS_WAF,Laravel
AWS,403,1,45501,AWS_WAF,Vue
Sucuri/Cloudproxy,403,1,9682,Sucuri,Django
cloudflare,302,1,27121,Cloudflare,Vue
nginx/1.18.0,403,1,1368,ModSecurity,WordPress
Sucuri/Cloudproxy,500,1,41014,Sucuri,WordPress
Microsoft-IIS/10.0,200,1,24317,None,Spring_Boot
LiteSpeed,301,0,31799,None,Django
AWS,500,1,43731,AWS_WAF,Spring_Boot
nginx/1.18.0,404,1,17906,ModSecurity,Spring_Boot
Apache/2.4.41,500,1,30637,None,Laravel
Microsoft-IIS/10.0,404,0,29015,None,WordPress
Sucuri/Cloudproxy,302,1,42344,Sucuri,Django
BigIP,200,1,6942,F5_BIG_IP,Express
Incapsula,500,1,36891,Imperva,Express
nginx/1.18.0,500,0,42052,None,Unknown
nginx/1.18.0,403,1,48452,ModSecurity,Node.js
AmazonS3,200,1,25349,AWS_WAF,React
AWS,302,1,40513,AWS_WAF,Laravel
BIG-IP,301,1,43224,F5_BIG_IP,ASP.NET
cloudflare-nginx,403,1,43327,Cloudflare,Laravel
Incapsula,404,1,750,Imperva,Unknown
Sucuri/Cloudproxy,302,1,37675,Sucuri,Node.js
nginx/1.18.0,200,1,28683,ModSecurity,Node.js
LiteSpeed,500,1,27786,None,Unknown
AmazonS3,302,1,16179,AWS_WAF,WordPress
cloudflare,403,1,14071,Cloudflare,ASP.NET
Incapsula,403,1,38583,Imperva,Node.js
Apache/2.4.41 (Ubuntu),500,1,34283,ModSecurity,ASP.NET
Incapsula,200,1,19398,Imperva,React
Microsoft-IIS/10.0,500,0,19912,None,Spring_Boot
Sucuri/Cloudproxy,403,1,14616,Sucuri,Express
Incapsula,301,1,39364,Imperva,Spring_Boot
BigIP,500,1,11297,F5_BIG_IP,Django
nginx/1.18.0,302,1,42027,ModSecurity,Node.js
AmazonS3,302,1,17759,AWS_WAF,WordPress
AmazonS3,403,1,14695,AWS_WAF,ASP.NET
cloudflare-nginx,500,1,19071,Cloudflare,React
AWS,403,1,25068,AWS_WAF,Express
Microsoft-IIS/10.0,301,1,17995,None,Unknown
LiteSpeed,404,1,30579,None,ASP.NET
CloudFront,403,1,28915,AWS_WAF,Express
cloudflare,200,1,46252,Cloudflare,Laravel
Incapsula,302,1,34336,Imperva,Node.js
Sucuri/Cloudproxy,403,1,26913,Sucuri,Laravel
nginx/1.18.0,404,1,44256,ModSecurity,Django
CloudFront,403,1,5190,AWS_WAF,Node.js
BIG-IP,403,1,24952,F5_BIG_IP,WordPress
cloudflare-nginx,403,1,11411,Cloudflare,React
CloudFront,200,1,43728,AWS_WAF,React
cloudflare,403,1,10916,Cloudflare,Unknown
nginx/1.18.0,301,1,19609,None,Unknown
Apache/2.4.41,302,0,3342,None,React
nginx/1.18.0,200,1,16324,ModSecurity,Vue
BigIP,200,1,38801,F5_BIG_IP,Django
Apache/2.4.41 (Ubuntu),500,1,35272,ModSecurity,React
cloudflare-nginx,404,1,15674,Cloudflare,Django
cloudflare,500,1,11430,Cloudflare,React
Incapsula,500,1,9185,Imperva,Node.js
Sucuri/Cloudproxy,403,1,48904,Sucuri,Unknown
Incapsula,403,1,2185,Imperva,Vue
Incapsula,500,1,35695,Imperva,Unknown
CloudFront,403,1,38326,AWS_WAF,ASP.NET
Incapsula,403,1,28497,Imperva,Unknown
BIG-IP,403,1,40087,F5_BIG_IP,WordPress
cloudflare-nginx,403,1,26042,Cloudflare,React
Sucuri/Cloudproxy,302,1,42871,Sucuri,Laravel
nginx/1.18.0,200,1,2942,None,React
CloudFront,403,1,45072,AWS_WAF,Express
CloudFront,404,1,20199,AWS_WAF,Laravel
Sucuri/Cloudproxy,403,1,22170,Sucuri,Unknown
nginx/1.18.0,403,1,37368,ModSecurity,Vue
BIG-IP,403,1,240,F5_BIG_IP,WordPress
nginx/1.18.0,302,1,5512,ModSecurity,Express
CloudFront,403,1,32330,AWS_WAF,WordPress
Apache/2.4.41,302,0,28076,None,Spring_Boot
cloudflare,404,1,6790,Cloudflare,ASP.NET
Incapsula,403,1,8293,Imperva,Express
Microsoft-IIS/10.0,200,0,27817,None,Spring_Boot
cloudflare,500,1,16268,Cloudflare,Unknown
nginx/1.18.0,200,1,2826,None,Django
Apache/2.4.41 (Ubuntu),404,1,49576,ModSecurity,React
nginx/1.18.0,404,1,39258,None,Node.js
cloudflare,403,1,17187,Cloudflare,Express
BigIP,200,1,44561,F5_BIG_IP,ASP.NET
AmazonS3,302,1,17692,AWS_WAF,Unknown
BigIP,404,1,42891,F5_BIG_IP,ASP.NET
nginx/1.18.0,200,0,47833,None,React
nginx/1.18.0,301,0,5342,None,ASP.NET
LiteSpeed,404,0,7714,None,Django
cloudflare-nginx,403,1,30261,Cloudflare,ASP.NET
nginx/1.18.0,404,1,18522,ModSecurity,React
Incapsula,302,1,4873,Imperva,Express
nginx/1.18.0,404,1,33548,ModSecurity,ASP.NET
LiteSpeed,302,0,47219,None,ASP.NET
Apache/2.4.41 (Ubuntu),403,1,13789,ModSecurity,Unknown
Incapsula,403,1,20433,Imperva,Express
Incapsula,403,1,22510,Imperva,React
BIG-IP,301,1,46558,F5_BIG_IP,Express
Sucuri/Cloudproxy,403,1,13074,Sucuri,Django
Apache/2.4.41 (Ubuntu),403,1,23124,ModSecurity,WordPress
nginx/1.18.0,301,0,1824,None,Express
Incapsula,403,1,30274,Imperva,Unknown
BIG-IP,200,1,27676,F5_BIG_IP,WordPress
CloudFront,500,1,13586,AWS_WAF,Unknown
Sucuri/Cloudproxy,500,1,25559,Sucuri,Node.js
cloudflare-nginx,404,1,30700,Cloudflare,Django
AWS,404,1,40644,AWS_WAF,ASP.NET
nginx/1.18.0,302,0,40863,None,Express
Incapsula,403,1,20060,Imperva,Vue
cloudflare-nginx,302,1,9051,Cloudflare,ASP.NET
Microsoft-IIS/10.0,200,0,16679,None,Express
Sucuri/Cloudproxy,403,1,49928,Sucuri,Vue
BigIP,200,1,12227,F5_BIG_IP,Spring_Boot
Incapsula,403,1,14502,Imperva,Unknown
Sucuri/Cloudproxy,403,1,8705,Sucuri,React
Incapsula,500,1,35134,Imperva,Unknown
nginx/1.18.0,302,0,7410,None,ASP.NET
nginx/1.18.0,200,1,44939,ModSecurity,Node.js
Apache/2.4.41 (Ubuntu),301,1,40929,ModSecurity,React
cloudflare-nginx,200,1,236,Cloudflare,Unknown
CloudFront,500,1,1219,AWS_WAF,WordPress
nginx/1.18.0,301,0,8671,None,Vue
CloudFront,500,1,39852,AWS_WAF,Django
cloudflare-nginx,403,1,22851,Cloudflare,Node.js
CloudFront,403,1,46804,AWS_WAF,ASP.NET
cloudflare,403,1,14463,Cloudflare,Django
BIG-IP,403,1,42042,F5_BIG_IP,Vue
Apache/2.4.41 (Ubuntu),302,1,8585,ModSecurity,WordPress
LiteSpeed,404,0,41493,None,ASP.NET
Sucuri/Cloudproxy,404,1,24894,Sucuri,Spring_Boot
nginx/1.18.0,403,1,21928,ModSecurity,ASP.NET
BigIP,200,1,13719,F5_BIG_IP,Spring_Boot
Sucuri/Cloudproxy,500,1,6131,Sucuri,Node.js
Apache/2.4.41 (Ubuntu),500,1,30562,ModSecurity,React
cloudflare-nginx,403,1,36721,Cloudflare,ASP.NET
cloudflare,500,1,6088,Cloudflare,WordPress
Microsoft-IIS/10.0,500,1,4551,None,Express
Sucuri/Cloudproxy,200,1,24796,Sucuri,ASP.NET
nginx/1.18.0,301,1,32088,ModSecurity,Django
Sucuri/Cloudproxy,403,1,14507,Sucuri,Node.js
Apache/2.4.41 (Ubuntu),200,1,41466,ModSecurity,Spring_Boot
Incapsula,403,1,8678,Imperva,Express
nginx/1.18.0,302,1,2621,ModSecurity,ASP.NET
BIG-IP,200,1,41263,F5_BIG_IP,Django
Sucuri/Cloudproxy,302,1,11013,Sucuri,WordPress
cloudflare,403,1,9177,Cloudflare,Spring_Boot
Incapsula,200,1,3678,Imperva,Node.js
BigIP,500,1,11114,F5_BIG_IP,React
Apache/2.4.41 (Ubuntu),200,1,23346,ModSecurity,Vue
Sucuri/Cloudproxy,404,1,34902,Sucuri,WordPress
BIG-IP,404,1,39896,F5_BIG_IP,React
Apache/2.4.41 (Ubuntu),301,1,42482,ModSecurity,Laravel
AWS,500,1,2168,AWS_WAF,ASP.NET
cloudflare-nginx,302,1,47411,Cloudflare,React
BIG-IP,500,1,44385,F5_BIG_IP,Node.js
BIG-IP,301,1,37059,F5_BIG_IP,React
BIG-IP,403,1,13985,F5_BIG_IP,Laravel
Incapsula,403,1,46061,Imperva,Unknown
Apache/2.4.41 (Ubuntu),403,1,14095,ModSecurity,WordPress
LiteSpeed,301,0,17076,None,Vue
Sucuri/Cloudproxy,403,1,48354,Sucuri,Unknown
BigIP,403,1,8974,F5_BIG_IP,Django
BIG-IP,302,1,31699,F5_BIG_IP,Express
cloudflare,200,1,5504,Cloudflare,Unknown
BigIP,403,1,48125,F5_BIG_IP,Laravel
cloudflare,403,1,5377,Cloudflare,Laravel
Sucuri/Cloudproxy,500,1,22897,Sucuri,Spring_Boot
nginx/1.18.0,200,0,40314,None,WordPress
Microsoft-IIS/10.0,301,0,20230,None,Laravel
Apache/2.4.41,302,0,25354,None,WordPress
BIG-IP,500,1,31334,F5_BIG_IP,Node.js
nginx/1.18.0,403,1,3153,ModSecurity,ASP.NET
Incapsula,404,1,41927,Imperva,Django
nginx/1.18.0,301,1,8937,ModSecurity,Spring_Boot
AWS,301,1,37053,AWS_WAF,Spring_Boot
BigIP,500,1,20707,F5_BIG_IP,Express
Sucuri/Cloudproxy,500,1,6132,Sucuri,Unknown
Apache/2.4.41 (Ubuntu),301,1,20661,ModSecurity,Vue
Apache/2.4.41,404,1,21031,None,Unknown
Sucuri/Cloudproxy,500,1,44220,Sucuri,Django
Apache/2.4.41,301,1,18482,None,Node.js
Sucuri/Cloudproxy,403,1,44535,Sucuri,Vue
cloudflare,404,1,13894,Cloudflare,WordPress
LiteSpeed,500,0,35165,None,Express
nginx/1.18.0,200,0,9105,None,React
BIG-IP,403,1,28427,F5_BIG_IP,Laravel
Sucuri/Cloudproxy,500,1,2184,Sucuri,Vue
CloudFront,301,1,3715,AWS_WAF,Vue
Incapsula,403,1,13523,Imperva,Spring_Boot
cloudflare-nginx,200,1,2096,Cloudflare,Node.js
Apache/2.4.41,302,1,31544,None,Node.js
Sucuri/Cloudproxy,404,1,25695,Sucuri,React
BIG-IP,404,1,25116,F5_BIG_IP,Unknown
Apache/2.4.41,500,0,24257,None,Express
Incapsula,403,1,16146,Imperva,Vue
BigIP,500,1,37626,F5_BIG_IP,React
Microsoft-IIS/10.0,404,0,43607,None,Vue
Microsoft-IIS/10.0,301,0,30134,None,WordPress
Apache/2.4.41 (Ubuntu),301,1,10834,ModSecurity,Laravel
BIG-IP,404,1,47271,F5_BIG_IP,Node.js
BIG-IP,403,1,20007,F5_BIG_IP,Laravel
cloudflare,200,1,19249,Cloudflare,Django
CloudFront,403,1,41941,AWS_WAF,ASP.NET
Incapsula,403,1,7476,Imperva,Node.js
cloudflare,200,1,5371,Cloudflare,Express
Sucuri/Cloudproxy,302,1,21890,Sucuri,Spring_Boot
Apache/2.4.41,404,0,42060,None,React
Apache/2.4.41 (Ubuntu),403,1,37783,ModSecurity,WordPress
Sucuri/Cloudproxy,403,1,42900,Sucuri,WordPress
Sucuri/Cloudproxy,302,1,45065,Sucuri,Unknown
nginx/1.18.0,302,1,27118,ModSecurity,Django
AmazonS3,403,1,1614,AWS_WAF,Laravel
nginx/1.18.0,302,1,10527,None,Node.js
Sucuri/Cloudproxy,403,1,33255,Sucuri,Laravel
AmazonS3,403,1,5910,AWS_WAF,WordPress
BIG-IP,301,1,4593,F5_BIG_IP,Express
Apache/2.4.41 (Ubuntu),403,1,30209,ModSecurity,Node.js
Apache/2.4.41 (Ubuntu),200,1,39746,ModSecurity,WordPress
Sucuri/Cloudproxy,403,1,12912,Sucuri,Node.js
AmazonS3,200,1,4585,AWS_WAF,Vue
nginx/1.18.0,403,1,9372,ModSecurity,ASP.NET
AWS,403,1,11726,AWS_WAF,Node.js
Apache/2.4.41 (Ubuntu),403,1,39112,ModSecurity,Vue
Apache/2.4.41 (Ubuntu),200,1,21270,ModSecurity,Spring_Boot
Apache/2.4.41 (Ubuntu),403,1,3902,ModSecurity,WordPress
nginx/1.18.0,302,1,44995,ModSecurity,WordPress
Apache/2.4.41 (Ubuntu),404,1,40579,ModSecurity,Unknown
Sucuri/Cloudproxy,302,1,228,Sucuri,React
Apache/2.4.41,500,0,14168,None,Django
BIG-IP,200,1,14064,F5_BIG_IP,ASP.NET
Incapsula,500,1,4873,Imperva,React
Sucuri/Cloudproxy,403,1,28648,Sucuri,React
BigIP,403,1,20905,F5_BIG_IP,Express
Apache/2.4.41 (Ubuntu),403,1,28870,ModSecurity,Express
Sucuri/Cloudproxy,403,1,5697,Sucuri,Spring_Boot
Apache/2.4.41 (Ubuntu),302,1,47356,ModSecurity,Express
Incapsula,403,1,3902,Imperva,Laravel
Sucuri/Cloudproxy,500,1,9356,Sucuri,Express
nginx/1.18.0,404,0,20202,None,React
Microsoft-IIS/10.0,200,0,10621,None,React
Microsoft-IIS/10.0,301,0,18019,None,Unknown
nginx/1.18.0,404,0,15714,None,Spring_Boot
Sucuri/Cloudproxy,500,1,37788,Sucuri,Node.js
cloudflare-nginx,404,1,24024,Cloudflare,Vue
Sucuri/Cloudproxy,403,1,33506,Sucuri,Vue
Incapsula,403,1,45331,Imperva,Node.js
BigIP,301,1,36418,F5_BIG_IP,Laravel
BIG-IP,301,1,3378,F5_BIG_IP,Vue
Incapsula,500,1,41452,Imperva,Unknown
Sucuri/Cloudproxy,403,1,40434,Sucuri,React
LiteSpeed,500,0,20470,None,Django
Sucuri/Cloudproxy,403,1,40298,Sucuri,Unknown
nginx/1.18.0,301,1,48070,None,React
Sucuri/Cloudproxy,200,1,12465,Sucuri,Django
cloudflare-nginx,302,1,13543,Cloudflare,Unknown
Sucuri/Cloudproxy,404,1,43316,Sucuri,Laravel
BigIP,404,1,24820,F5_BIG_IP,Unknown
BigIP,403,1,26548,F5_BIG_IP,Django
Microsoft-IIS/10.0,302,0,16019,None,ASP.NET
nginx/1.18.0,404,0,38811,None,WordPress
Sucuri/Cloudproxy,403,1,11631,Sucuri,Vue
Apache/2.4.41 (Ubuntu),500,1,49680,ModSecurity,ASP.NET
Incapsula,403,1,26891,Imperva,Unknown
nginx/1.18.0,200,1,36127,None,Vue
nginx/1.18.0,404,1,47556,ModSecurity,WordPress
Incapsula,403,1,47986,Imperva,Node.js
BIG-IP,302,1,25623,F5_BIG_IP,Spring_Boot
CloudFront,403,1,41810,AWS_WAF,Node.js
nginx/1.18.0,200,1,24092,ModSecurity,Spring_Boot
BigIP,404,1,772,F5_BIG_IP,Node.js
Incapsula,500,1,6898,Imperva,WordPress
nginx/1.18.0,403,1,18383,ModSecurity,ASP.NET
BIG-IP,404,1,41886,F5_BIG_IP,Django
cloudflare-nginx,403,1,17214,Cloudflare,React
AWS,301,1,30796,AWS_WAF,Vue
nginx/1.18.0,404,0,6189,None,React
AmazonS3,403,1,48346,AWS_WAF,ASP.NET
Incapsula,302,1,39846,Imperva,Vue
CloudFront,302,1,45819,AWS_WAF,WordPress
Sucuri/Cloudproxy,200,1,18220,Sucuri,Express
Incapsula,403,1,14052,Imperva,Laravel
Sucuri/Cloudproxy,302,1,6308,Sucuri,Vue
CloudFront,302,1,24362,AWS_WAF,ASP.NET
AmazonS3,404,1,19767,AWS_WAF,Spring_Boot
Sucuri/Cloudproxy,403,1,29518,Sucuri,Node.js
BigIP,403,1,30855,F5_BIG_IP,Spring_Boot
CloudFront,500,1,32044,AWS_WAF,Spring_Boot
BIG-IP,500,1,45323,F5_BIG_IP,Express
Sucuri/Cloudproxy,403,1,41058,Sucuri,WordPress
Sucuri/Cloudproxy,500,1,38550,Sucuri,Vue
Sucuri/Cloudproxy,302,1,42070,Sucuri,React
Incapsula,403,1,45054,Imperva,Laravel
Sucuri/Cloudproxy,403,1,17908,Sucuri,Spring_Boot
cloudflare,403,1,42520,Cloudflare,Vue
nginx/1.18.0,404,0,36424,None,React
BIG-IP,403,1,23779,F5_BIG_IP,Vue
Microsoft-IIS/10.0,500,0,49799,None,Express
AmazonS3,302,1,17410,AWS_WAF,Unknown
cloudflare,302,1,41596,Cloudflare,WordPress
Apache/2.4.41 (Ubuntu),403,1,13333,ModSecurity,ASP.NET
Incapsula,200,1,41345,Imperva,Vue
Sucuri/Cloudproxy,301,1,4929,Sucuri,WordPress
BIG-IP,200,1,38302,F5_BIG_IP,Laravel
Incapsula,500,1,2982,Imperva,Express
BIG-IP,403,1,39986,F5_BIG_IP,Unknown
cloudflare,302,1,11211,Cloudflare,Node.js
cloudflare-nginx,302,1,28464,Cloudflare,Node.js
Microsoft-IIS/10.0,404,0,44606,None,Vue
cloudflare-nginx,404,1,28768,Cloudflare,Vue
cloudflare,200,1,40356,Cloudflare,React
Incapsula,403,1,36899,Imperva,WordPress
cloudflare-nginx,404,1,35795,Cloudflare,Django
BigIP,403,1,5084,F5_BIG_IP,React
BigIP,302,1,28206,F5_BIG_IP,Unknown
Microsoft-IIS/10.0,302,0,34673,None,Express
AmazonS3,403,1,41501,AWS_WAF,Node.js
nginx/1.18.0,200,1,21262,ModSecurity,Spring_Boot
CloudFront,403,1,7602,AWS_WAF,WordPress
BigIP,302,1,45092,F5_BIG_IP,Express
cloudflare,200,1,33790,Cloudflare,React
BIG-IP,200,1,36681,F5_BIG_IP,Spring_Boot
cloudflare,301,1,29455,Cloudflare,ASP.NET
Sucuri/Cloudproxy,403,1,49703,Sucuri,Express
Incapsula,302,1,28340,Imperva,Node.js
BigIP,403,1,34356,F5_BIG_IP,Express
BIG-IP,403,1,41263,F5_BIG_IP,Unknown
CloudFront,403,1,3701,AWS_WAF,ASP.NET
CloudFront,301,1,28209,AWS_WAF,ASP.NET
Incapsula,200,1,29513,Imperva,React
BigIP,403,1,4417,F5_BIG_IP,Express
cloudflare-nginx,403,1,28306,Cloudflare,Vue
Apache/2.4.41 (Ubuntu),500,1,18258,ModSecurity,Node.js
nginx/1.18.0,301,0,19906,None,Node.js
cloudflare,404,1,35236,Cloudflare,ASP.NET
Incapsula,200,1,20064,Imperva,Laravel
nginx/1.18.0,301,1,14844,ModSecurity,Node.js
nginx/1.18.0,302,1,22911,None,Unknown
BIG-IP,500,1,25397,F5_BIG_IP,WordPress
Incapsula,403,1,10049,Imperva,Unknown
Incapsula,200,1,22363,Imperva,Node.js
nginx/1.18.0,301,1,47870,ModSecurity,Vue
AWS,301,1,46897,AWS_WAF,Spring_Boot
Incapsula,403,1,30561,Imperva,Vue
nginx/1.18.0,403,1,48094,ModSecurity,React
AmazonS3,404,1,7354,AWS_WAF,Spring_Boot
BigIP,403,1,13464,F5_BIG_IP,Laravel
Microsoft-IIS/10.0,200,1,46217,None,Vue
nginx/1.18.0,302,0,47467,None,Vue
Apache/2.4.41,200,0,38344,None,Vue
BigIP,403,1,35674,F5_BIG_IP,Laravel
AWS,500,1,19895,AWS_WAF,WordPress
AWS,403,1,41868,AWS_WAF,Vue
nginx/1.18.0,200,0,16799,None,WordPress
Incapsula,403,1,35489,Imperva,Node.js
CloudFront,301,1,2161,AWS_WAF,Express
BIG-IP,403,1,17817,F5_BIG_IP,Node.js
nginx/1.18.0,404,0,42937,None,Laravel
LiteSpeed,500,0,38805,None,React
cloudflare,403,1,12985,Cloudflare,Spring_Boot
Microsoft-IIS/10.0,200,0,47866,None,Unknown
nginx/1.18.0,404,0,11612,None,Django
Incapsula,403,1,16066,Imperva,ASP.NET
Incapsula,301,1,18503,Imperva,Express
Sucuri/Cloudproxy,403,1,36538,Sucuri,Express
Incapsula,500,1,14793,Imperva,Unknown
Apache/2.4.41,500,1,13645,None,Laravel
Sucuri/Cloudproxy,500,1,35995,Sucuri,Spring_Boot
BigIP,403,1,19558,F5_BIG_IP,Laravel
Incapsula,403,1,116,Imperva,Express
Sucuri/Cloudproxy,200,1,14565,Sucuri,Django
AWS,403,1,16115,AWS_WAF,Vue
Sucuri/Cloudproxy,403,1,29684,Sucuri,Node.js
BIG-IP,403,1,30616,F5_BIG_IP,Express
Incapsula,301,1,9553,Imperva,Vue
CloudFront,500,1,16505,AWS_WAF,Laravel
Incapsula,403,1,48135,Imperva,Django
Incapsula,200,1,36397,Imperva,Django
AmazonS3,302,1,11240,AWS_WAF,WordPress
BigIP,403,1,24791,F5_BIG_IP,Node.js
AmazonS3,301,1,39220,AWS_WAF,React
nginx/1.18.0,200,0,22613,None,ASP.NET
Incapsula,302,1,48196,Imperva,WordPress
Apache/2.4.41 (Ubuntu),500,1,14645,ModSecurity,Vue
nginx/1.18.0,302,1,31029,ModSecurity,Vue
AWS,404,1,27409,AWS_WAF,Vue
BIG-IP,200,1,5212,F5_BIG_IP,React
CloudFront,403,1,8028,AWS_WAF,Laravel
BigIP,404,1,3177,F5_BIG_IP,Django
nginx/1.18.0,404,1,259,None,WordPress
Apache/2.4.41 (Ubuntu),500,1,35751,ModSecurity,Express
nginx/1.18.0,500,0,25269,None,WordPress
Sucuri/Cloudproxy,403,1,25676,Sucuri,Node.js
nginx/1.18.0,500,0,45054,None,ASP.NET
AmazonS3,403,1,38641,AWS_WAF,ASP.NET
Apache/2.4.41 (Ubuntu),403,1,7136,ModSecurity,Django
CloudFront,200,1,40133,AWS_WAF,Vue
Microsoft-IIS/10.0,500,1,13668,None,ASP.NET
BigIP,301,1,47349,F5_BIG_IP,Django
CloudFront,403,1,2270,AWS_WAF,WordPress
AWS,403,1,16067,AWS_WAF,Django
Sucuri/Cloudproxy,500,1,21523,Sucuri,Spring_Boot
BigIP,403,1,21448,F5_BIG_IP,ASP.NET
Sucuri/Cloudproxy,500,1,7418,Sucuri,Unknown
Incapsula,302,1,3131,Imperva,Unknown
Sucuri/Cloudproxy,302,1,14557,Sucuri,Node.js
Incapsula,403,1,46189,Imperva,Vue
Microsoft-IIS/10.0,500,0,37786,None,ASP.NET
LiteSpeed,302,0,35117,None,Express
BIG-IP,403,1,8431,F5_BIG_IP,Django
Incapsula,302,1,24086,Imperva,ASP.NET
Incapsula,404,1,17415,Imperva,Django
Apache/2.4.41,404,0,22569,None,Spring_Boot
AWS,302,1,12539,AWS_WAF,Laravel
Incapsula,500,1,38412,Imperva,Spring_Boot
nginx/1.18.0,500,1,1268,ModSecurity,Laravel
Apache/2.4.41,500,0,35127,None,ASP.NET
AmazonS3,403,1,42868,AWS_WAF,Spring_Boot
Incapsula,403,1,46748,Imperva,ASP.NET
BIG-IP,403,1,14249,F5_BIG_IP,Express
nginx/1.18.0,302,1,11435,ModSecurity,Express
nginx/1.18.0,500,0,10878,None,Unknown
nginx/1.18.0,403,1,42023,ModSecurity,Spring_Boot
Incapsula,404,1,49428,Imperva,Laravel
Sucuri/Cloudproxy,404,1,47139,Sucuri,Django
Incapsula,200,1,24063,Imperva,Django
cloudflare,403,1,21257,Cloudflare,Laravel
cloudflare,500,1,19926,Cloudflare,Spring_Boot
Sucuri/Cloudproxy,500,1,42512,Sucuri,Django
cloudflare,403,1,37932,Cloudflare,Spring_Boot
AmazonS3,403,1,48440,AWS_WAF,ASP.NET
AWS,403,1,12455,AWS_WAF,Vue
CloudFront,200,1,965,AWS_WAF,WordPress
nginx/1.18.0,500,0,23769,None,React
Apache/2.4.41,301,1,33238,None,Unknown
Sucuri/Cloudproxy,403,1,13818,Sucuri,Django
Sucuri/Cloudproxy,403,1,9957,Sucuri,Express
Sucuri/Cloudproxy,301,1,17085,Sucuri,React
Incapsula,404,1,23721,Imperva,Unknown
CloudFront,403,1,44074,AWS_WAF,Django
Sucuri/Cloudproxy,302,1,37994,Sucuri,Express
LiteSpeed,404,1,31422,None,Vue
cloudflare,403,1,48609,Cloudflare,Spring_Boot
cloudflare,301,1,19880,Cloudflare,ASP.NET
cloudflare-nginx,301,1,6282,Cloudflare,Django
Incapsula,403,1,4261,Imperva,Vue
BIG-IP,403,1,14224,F5_BIG_IP,Spring_Boot
cloudflare,302,1,22005,Cloudflare,Spring_Boot
BIG-IP,403,1,34053,F5_BIG_IP,Laravel
Sucuri/Cloudproxy,200,1,1009,Sucuri,ASP.NET
nginx/1.18.0,500,1,37556,ModSecurity,Express
cloudflare-nginx,404,1,42806,Cloudflare,Django
nginx/1.18.0,403,1,17282,ModSecurity,Unknown
Incapsula,301,1,49363,Imperva,Express
Sucuri/Cloudproxy,500,1,10174,Sucuri,Express
cloudflare,301,1,14340,Cloudflare,React
cloudflare-nginx,301,1,31846,Cloudflare,WordPress
Incapsula,403,1,26225,Imperva,WordPress
Microsoft-IIS/10.0,500,1,33589,None,Django
Sucuri/Cloudproxy,200,1,17101,Sucuri,Laravel
AWS,403,1,12805,AWS_WAF,Laravel
nginx/1.18.0,302,1,14972,ModSecurity,Laravel
Incapsula,403,1,44275,Imperva,Express
Sucuri/Cloudproxy,301,1,23202,Sucuri,Spring_Boot
BIG-IP,301,1,24461,F5_BIG_IP,Node.js
nginx/1.18.0,301,1,2661,ModSecurity,Spring_Boot
Sucuri/Cloudproxy,302,1,886,Sucuri,Unknown
Apache/2.4.41,404,0,45627,None,ASP.NET
Incapsula,403,1,45417,Imperva,WordPress
Microsoft-IIS/10.0,404,1,23733,None,Spring_Boot
Incapsula,403,1,22620,Imperva,Unknown
AWS,200,1,20046,AWS_WAF,Node.js
cloudflare,500,1,9268,Cloudflare,ASP.NET
CloudFront,200,1,42578,AWS_WAF,Spring_Boot
Incapsula,302,1,9217,Imperva,Laravel
Sucuri/Cloudproxy,403,1,22477,Sucuri,WordPress
AWS,403,1,3537,AWS_WAF,Spring_Boot
BIG-IP,403,1,15666,F5_BIG_IP,React
Apache/2.4.41,301,0,967,None,Vue
Incapsula,403,1,11984,Imperva,WordPress
nginx/1.18.0,302,1,18591,ModSecurity,WordPress
nginx/1.18.0,200,1,37548,ModSecurity,Vue
AWS,403,1,16735,AWS_WAF,Django
AmazonS3,404,1,48027,AWS_WAF,Unknown
Incapsula,301,1,21693,Imperva,Vue
BigIP,403,1,5000,F5_BIG_IP,Express
Incapsula,500,1,36416,Imperva,Express
CloudFront,403,1,46282,AWS_WAF,Laravel
BIG-IP,404,1,9596,F5_BIG_IP,Express
cloudflare,404,1,13797,Cloudflare,Spring_Boot
AWS,403,1,38733,AWS_WAF,Vue
cloudflare,403,1,44863,Cloudflare,Laravel
Apache/2.4.41 (Ubuntu),301,1,44556,ModSecurity,Laravel
LiteSpeed,404,0,42589,None,Node.js
cloudflare,403,1,18622,Cloudflare,Vue
Apache/2.4.41,404,0,6437,None,Spring_Boot
Microsoft-IIS/10.0,200,0,31008,None,ASP.NET
LiteSpeed,301,0,15427,None,Vue
LiteSpeed,404,0,17866,None,Laravel
Sucuri/Cloudproxy,404,1,40647,Sucuri,Spring_Boot
BIG-IP,403,1,41943,F5_BIG_IP,Node.js
AWS,403,1,6016,AWS_WAF,Django
cloudflare,403,1,17037,Cloudflare,ASP.NET
Apache/2.4.41,404,0,49308,None,React
cloudflare,200,1,12752,Cloudflare,Vue
cloudflare,403,1,49289,Cloudflare,ASP.NET
Incapsula,403,1,35832,Imperva,Unknown
Sucuri/Cloudproxy,200,1,36881,Sucuri,Spring_Boot
Incapsula,301,1,16672,Imperva,Node.js
Incapsula,500,1,48303,Imperva,Laravel
BigIP,200,1,22409,F5_BIG_IP,Spring_Boot
nginx/1.18.0,404,0,35351,None,Spring_Boot
nginx/1.18.0,403,1,8497,ModSecurity,Node.js
Apache/2.4.41,302,0,38370,None,Express
BIG-IP,403,1,29916,F5_BIG_IP,Express
Incapsula,404,1,20102,Imperva,Express
Incapsula,403,1,2104,Imperva,Django
Microsoft-IIS/10.0,200,0,26627,None,ASP.NET
cloudflare,403,1,23620,Cloudflare,WordPress
BigIP,403,1,27753,F5_BIG_IP,Vue
Incapsula,403,1,33376,Imperva,Django
Sucuri/Cloudproxy,200,1,31742,Sucuri,Spring_Boot
Sucuri/Cloudproxy,500,1,46952,Sucuri,Vue
Incapsula,403,1,33968,Imperva,Spring_Boot
LiteSpeed,302,0,41543,None,Django
Sucuri/Cloudproxy,403,1,550,Sucuri,Laravel
BIG-IP,302,1,18315,F5_BIG_IP,Unknown
Apache/2.4.41 (Ubuntu),301,1,43442,ModSecurity,WordPress
nginx/1.18.0,403,1,2863,ModSecurity,React
cloudflare-nginx,301,1,38507,Cloudflare,Node.js
Incapsula,200,1,38685,Imperva,WordPress
Sucuri/Cloudproxy,200,1,45886,Sucuri,Laravel
AWS,403,1,30170,AWS_WAF,Spring_Boot
BigIP,500,1,23761,F5_BIG_IP,Unknown
AWS,200,1,49833,AWS_WAF,Django
Incapsula,301,1,13362,Imperva,Spring_Boot
Incapsula,403,1,8151,Imperva,Spring_Boot
Apache/2.4.41,200,0,14420,None,Express
Apache/2.4.41 (Ubuntu),403,1,18773,ModSecurity,Spring_Boot
Sucuri/Cloudproxy,404,1,15380,Sucuri,Laravel
AmazonS3,302,1,12863,AWS_WAF,React
Sucuri/Cloudproxy,301,1,30362,Sucuri,Express
cloudflare-nginx,200,1,3305,Cloudflare,Spring_Boot
Sucuri/Cloudproxy,200,1,42700,Sucuri,Django
cloudflare,403,1,6302,Cloudflare,Unknown
Sucuri/Cloudproxy,403,1,14502,Sucuri,Express
nginx/1.18.0,403,1,46202,ModSecurity,Vue
AmazonS3,200,1,22426,AWS_WAF,ASP.NET
nginx/1.18.0,403,1,35262,ModSecurity,WordPress
Microsoft-IIS/10.0,302,0,1721,None,Unknown
Incapsula,404,1,5198,Imperva,React
BigIP,403,1,43993,F5_BIG_IP,Vue
Sucuri/Cloudproxy,403,1,46757,Sucuri,Spring_Boot
cloudflare-nginx,302,1,23708,Cloudflare,Express
Incapsula,403,1,43748,Imperva,Spring_Boot
nginx/1.18.0,403,1,27526,ModSecurity,Laravel
nginx/1.18.0,404,1,42633,ModSecurity,Django
Sucuri/Cloudproxy,403,1,46725,Sucuri,Node.js
Incapsula,403,1,4807,Imperva,WordPress
cloudflare,403,1,3087,Cloudflare,React
LiteSpeed,500,0,44646,None,Django
Incapsula,301,1,33787,Imperva,ASP.NET
CloudFront,200,1,3953,AWS_WAF,Node.js
nginx/1.18.0,200,1,20892,ModSecurity,Django
AmazonS3,403,1,43562,AWS_WAF,Laravel
Incapsula,403,1,10450,Imperva,Node.js
cloudflare,403,1,11023,Cloudflare,Spring_Boot
cloudflare,500,1,35794,Cloudflare,Laravel
nginx/1.18.0,500,1,44824,ModSecurity,ASP.NET
nginx/1.18.0,403,1,24344,ModSecurity,Spring_Boot
Incapsula,403,1,30450,Imperva,Laravel
BigIP,403,1,39067,F5_BIG_IP,Express
Apache/2.4.41 (Ubuntu),500,1,39707,ModSecurity,React
nginx/1.18.0,302,1,33856,ModSecurity,Unknown
LiteSpeed,404,0,45726,None,WordPress
Apache/2.4.41,404,0,39788,None,Node.js
CloudFront,403,1,28451,AWS_WAF,Unknown
nginx/1.18.0,403,1,42504,ModSecurity,Vue
Sucuri/Cloudproxy,403,1,38468,Sucuri,Spring_Boot
Apache/2.4.41 (Ubuntu),301,1,10815,ModSecurity,Express
AmazonS3,403,1,11236,AWS_WAF,Django
nginx/1.18.0,500,1,33016,ModSecurity,ASP.NET
Incapsula,500,1,5821,Imperva,Express
BigIP,500,1,40037,F5_BIG_IP,Laravel
cloudflare,200,1,32057,Cloudflare,React
nginx/1.18.0,404,1,35717,ModSecurity,React
nginx/1.18.0,302,1,38193,None,Laravel
LiteSpeed,404,0,11730,None,Laravel
Sucuri/Cloudproxy,404,1,27523,Sucuri,Node.js
Sucuri/Cloudproxy,403,1,783,Sucuri,Express
nginx/1.18.0,404,1,26827,ModSecurity,ASP.NET
cloudflare-nginx,403,1,9692,Cloudflare,Node.js
Microsoft-IIS/10.0,301,0,8135,None,ASP.NET
BIG-IP,403,1,20811,F5_BIG_IP,Django
LiteSpeed,302,0,32841,None,Laravel
AWS,200,1,32763,AWS_WAF,Express
BIG-IP,302,1,21099,F5_BIG_IP,Vue
Sucuri/Cloudproxy,403,1,47153,Sucuri,Node.js
Sucuri/Cloudproxy,404,1,24049,Sucuri,WordPress
cloudflare,301,1,43835,Cloudflare,Vue
LiteSpeed,500,0,39147,None,Laravel
Sucuri/Cloudproxy,200,1,31882,Sucuri,Node.js
AWS,200,1,23272,AWS_WAF,Unknown
Sucuri/Cloudproxy,403,1,2666,Sucuri,WordPress
nginx/1.18.0,301,1,1261,ModSecurity,ASP.NET
CloudFront,500,1,29841,AWS_WAF,Django
cloudflare,403,1,3431,Cloudflare,Express
CloudFront,500,1,44984,AWS_WAF,WordPress
cloudflare-nginx,200,1,30235,Cloudflare,Django
Sucuri/Cloudproxy,403,1,28112,Sucuri,React
Incapsula,403,1,9733,Imperva,Vue
Apache/2.4.41,301,0,5241,None,Unknown
cloudflare-nginx,404,1,11565,Cloudflare,Unknown
cloudflare-nginx,403,1,893,Cloudflare,React
Sucuri/Cloudproxy,403,1,26671,Sucuri,ASP.NET
CloudFront,301,1,12859,AWS_WAF,WordPress
AmazonS3,403,1,15537,AWS_WAF,React
Sucuri/Cloudproxy,403,1,29380,Sucuri,ASP.NET
Incapsula,200,1,27119,Imperva,Express
nginx/1.18.0,403,1,17065,ModSecurity,Vue
cloudflare-nginx,500,1,42412,Cloudflare,Unknown
Incapsula,403,1,7105,Imperva,ASP.NET
Apache/2.4.41,200,1,49561,None,Django
nginx/1.18.0,301,1,32545,ModSecurity,Unknown
BigIP,404,1,47950,F5_BIG_IP,Vue
Incapsula,403,1,19204,Imperva,WordPress
Sucuri/Cloudproxy,302,1,23186,Sucuri,Unknown
Microsoft-IIS/10.0,301,0,17950,None,Vue
CloudFront,403,1,41539,AWS_WAF,Express
cloudflare,200,1,29529,Cloudflare,WordPress
Sucuri/Cloudproxy,302,1,9143,Sucuri,Express
AWS,404,1,25338,AWS_WAF,Unknown
Incapsula,403,1,20781,Imperva,Unknown
Incapsula,200,1,1192,Imperva,Django
LiteSpeed,301,1,7255,None,WordPress
Sucuri/Cloudproxy,200,1,38036,Sucuri,Laravel
cloudflare-nginx,403,1,21820,Cloudflare,Django
AmazonS3,500,1,11400,AWS_WAF,Vue
cloudflare,500,1,26561,Cloudflare,Django
cloudflare-nginx,404,1,41419,Cloudflare,WordPress
Sucuri/Cloudproxy,200,1,26117,Sucuri,React
Apache/2.4.41,302,0,46266,None,WordPress
cloudflare,403,1,2015,Cloudflare,Unknown
cloudflare,404,1,17446,Cloudflare,React
cloudflare-nginx,301,1,8128,Cloudflare,Spring_Boot
BigIP,301,1,7287,F5_BIG_IP,React
AWS,301,1,31342,AWS_WAF,Django
cloudflare,301,1,31788,Cloudflare,React
Apache/2.4.41 (Ubuntu),403,1,33122,ModSecurity,Vue
cloudflare,500,1,3334,Cloudflare,Laravel
cloudflare-nginx,301,1,47840,Cloudflare,Vue
BigIP,302,1,28917,F5_BIG_IP,WordPress
BigIP,404,1,14818,F5_BIG_IP,WordPress
nginx/1.18.0,404,0,39112,None,ASP.NET
Sucuri/Cloudproxy,403,1,18516,Sucuri,Express
LiteSpeed,500,0,429,None,Vue
Sucuri/Cloudproxy,301,1,8042,Sucuri,WordPress
AmazonS3,403,1,44790,AWS_WAF,Spring_Boot
BIG-IP,403,1,46373,F5_BIG_IP,Django
Sucuri/Cloudproxy,301,1,4912,Sucuri,Node.js
BigIP,301,1,22077,F5_BIG_IP,ASP.NET
cloudflare,500,1,12470,Cloudflare,Spring_Boot
Sucuri/Cloudproxy,403,1,44284,Sucuri,Django
AmazonS3,403,1,13201,AWS_WAF,Spring_Boot
cloudflare-nginx,403,1,14918,Cloudflare,ASP.NET
Incapsula,404,1,17050,Imperva,Laravel
LiteSpeed,301,1,9560,None,React
LiteSpeed,500,1,15063,None,Express
nginx/1.18.0,403,1,45092,ModSecurity,WordPress
Sucuri/Cloudproxy,403,1,4861,Sucuri,Django
Sucuri/Cloudproxy,302,1,12759,Sucuri,Node.js
Apache/2.4.41 (Ubuntu),301,1,44920,ModSecurity,Vue
CloudFront,302,1,19644,AWS_WAF,Unknown
Incapsula,404,1,12991,Imperva,WordPress
Incapsula,200,1,20376,Imperva,ASP.NET
Apache/2.4.41,302,1,24623,None,Laravel
Sucuri/Cloudproxy,403,1,47101,Sucuri,Vue
Incapsula,200,1,8356,Imperva,Express
Sucuri/Cloudproxy,301,1,275,Sucuri,Express
Apache/2.4.41,404,0,38569,None,Vue
Incapsula,200,1,44686,Imperva,Vue
Incapsula,404,1,34546,Imperva,Express
Sucuri/Cloudproxy,302,1,16546,Sucuri,Spring_Boot
BIG-IP,404,1,33380,F5_BIG_IP,Vue
Sucuri/Cloudproxy,403,1,48109,Sucuri,Spring_Boot
Incapsula,404,1,41547,Imperva,Vue
cloudflare-nginx,404,1,1859,Cloudflare,Spring_Boot
BigIP,403,1,27134,F5_BIG_IP,Node.js
Incapsula,403,1,48071,Imperva,Node.js
Incapsula,403,1,13439,Imperva,Vue
Apache/2.4.41,302,0,43541,None,Node.js
Apache/2.4.41 (Ubuntu),301,1,17006,ModSecurity,Spring_Boot
Apache/2.4.41,200,0,18149,None,Vue
nginx/1.18.0,302,1,7041,ModSecurity,WordPress
nginx/1.18.0,301,1,22719,None,Vue
AmazonS3,403,1,10925,AWS_WAF,Unknown
Sucuri/Cloudproxy,500,1,2898,Sucuri,Django
Apache/2.4.41 (Ubuntu),301,1,9228,ModSecurity,WordPress
Incapsula,302,1,18455,Imperva,Node.js
Incapsula,404,1,44081,Imperva,Spring_Boot
nginx/1.18.0,403,1,22781,ModSecurity,React
Apache/2.4.41,404,0,4680,None,Spring_Boot
Microsoft-IIS/10.0,200,1,49467,None,Vue
Apache/2.4.41 (Ubuntu),404,1,46869,ModSecurity,React
cloudflare-nginx,403,1,15256,Cloudflare,Express
BigIP,403,1,14888,F5_BIG_IP,Express
Apache/2.4.41 (Ubuntu),403,1,26866,ModSecurity,Spring_Boot
Apache/2.4.41 (Ubuntu),302,1,17931,ModSecurity,ASP.NET
nginx/1.18.0,403,1,717,ModSecurity,Django
Apache/2.4.41 (Ubuntu),200,1,11519,ModSecurity,ASP.NET
CloudFront,301,1,39900,AWS_WAF,React
BIG-IP,403,1,47872,F5_BIG_IP,Django
Microsoft-IIS/10.0,404,1,25525,None,Express
cloudflare-nginx,302,1,19602,Cloudflare,React
cloudflare,403,1,9750,Cloudflare,Vue
BigIP,403,1,3371,F5_BIG_IP,Django
Apache/2.4.41,302,0,45125,None,Spring_Boot
cloudflare,301,1,31188,Cloudflare,Unknown
Incapsula,404,1,20497,Imperva,Unknown
LiteSpeed,302,1,13364,None,React
cloudflare-nginx,403,1,23694,Cloudflare,Vue
BIG-IP,403,1,49983,F5_BIG_IP,Django
AWS,200,1,34888,AWS_WAF,Unknown
nginx/1.18.0,403,1,33916,ModSecurity,Node.js
AWS,403,1,40422,AWS_WAF,Node.js
CloudFront,302,1,39787,AWS_WAF,Vue
BigIP,200,1,1791,F5_BIG_IP,Node.js
Sucuri/Cloudproxy,403,1,10935,Sucuri,Unknown
Sucuri/Cloudproxy,200,1,21417,Sucuri,Spring_Boot
LiteSpeed,200,0,37525,None,Vue
Apache/2.4.41 (Ubuntu),200,1,35182,ModSecurity,ASP.NET
Apache/2.4.41 (Ubuntu),404,1,25350,ModSecurity,Unknown
LiteSpeed,302,0,4501,None,Vue
AmazonS3,403,1,19776,AWS_WAF,ASP.NET
Incapsula,404,1,7776,Imperva,ASP.NET
Incapsula,403,1,17541,Imperva,React
cloudflare-nginx,403,1,35394,Cloudflare,Django
Sucuri/Cloudproxy,404,1,31327,Sucuri,Spring_Boot
CloudFront,200,1,35409,AWS_WAF,Unknown
BIG-IP,403,1,34944,F5_BIG_IP,Laravel
cloudflare-nginx,403,1,28122,Cloudflare,React
LiteSpeed,302,1,24119,None,Express
Apache/2.4.41 (Ubuntu),403,1,10171,ModSecurity,Express
Sucuri/Cloudproxy,500,1,41209,Sucuri,Django
BIG-IP,302,1,7428,F5_BIG_IP,Vue
cloudflare,403,1,1117,Cloudflare,Vue
AmazonS3,404,1,49855,AWS_WAF,Django
Sucuri/Cloudproxy,403,1,5504,Sucuri,React
Sucuri/Cloudproxy,404,1,26965,Sucuri,Express
cloudflare,403,1,17965,Cloudflare,Spring_Boot
Sucuri/Cloudproxy,403,1,28108,Sucuri,React
cloudflare-nginx,301,1,37644,Cloudflare,Express
cloudflare-nginx,403,1,27100,Cloudflare,Spring_Boot
Sucuri/Cloudproxy,403,1,20329,Sucuri,Vue
Apache/2.4.41 (Ubuntu),302,1,45429,ModSecurity,Express
BigIP,200,1,46229,F5_BIG_IP,React
BigIP,500,1,10833,F5_BIG_IP,Node.js
Incapsula,404,1,15357,Imperva,Unknown
cloudflare,403,1,24887,Cloudflare,React
Incapsula,403,1,48556,Imperva,Express
nginx/1.18.0,403,1,36473,ModSecurity,Express
AmazonS3,500,1,4641,AWS_WAF,Node.js
LiteSpeed,301,0,21805,None,React
AWS,404,1,39661,AWS_WAF,Node.js
Sucuri/Cloudproxy,302,1,37814,Sucuri,Node.js
Apache/2.4.41 (Ubuntu),500,1,158,ModSecurity,Vue
cloudflare,301,1,33099,Cloudflare,Node.js
Sucuri/Cloudproxy,500,1,36759,Sucuri,Laravel
Incapsula,500,1,18044,Imperva,Spring_Boot
CloudFront,500,1,21028,AWS_WAF,Spring_Boot
BigIP,404,1,34545,F5_BIG_IP,Spring_Boot
nginx/1.18.0,500,1,48181,ModSecurity,ASP.NET
cloudflare,500,1,48355,Cloudflare,ASP.NET
cloudflare-nginx,500,1,4621,Cloudflare,Unknown
Apache/2.4.41,301,1,27063,None,React
AWS,302,1,31819,AWS_WAF,Laravel
Apache/2.4.41,500,1,15343,None,Express
Incapsula,301,1,38738,Imperva,Unknown
BigIP,403,1,2311,F5_BIG_IP,Vue
Sucuri/Cloudproxy,403,1,44066,Sucuri,Node.js
Incapsula,302,1,30001,Imperva,Spring_Boot
Apache/2.4.41 (Ubuntu),403,1,49018,ModSecurity,Django
cloudflare-nginx,500,1,38091,Cloudflare,WordPress
Sucuri/Cloudproxy,403,1,18162,Sucuri,Unknown
CloudFront,403,1,27287,AWS_WAF,Django
Sucuri/Cloudproxy,302,1,15003,Sucuri,Express
AmazonS3,301,1,43367,AWS_WAF,Node.js
CloudFront,200,1,27586,AWS_WAF,Express
cloudflare,200,1,27977,Cloudflare,Laravel
Sucuri/Cloudproxy,403,1,18680,Sucuri,WordPress
AWS,302,1,6939,AWS_WAF,Spring_Boot
nginx/1.18.0,403,1,29209,ModSecurity,Unknown
LiteSpeed,301,0,32509,None,Node.js
cloudflare,200,1,22158,Cloudflare,Spring_Boot
AWS,403,1,17016,AWS_WAF,Laravel
BIG-IP,302,1,14322,F5_BIG_IP,Unknown
Incapsula,403,1,19558,Imperva,Vue
nginx/1.18.0,403,1,28837,ModSecurity,Django
BIG-IP,403,1,1666,F5_BIG_IP,React
BIG-IP,403,1,49567,F5_BIG_IP,Node.js
Apache/2.4.41 (Ubuntu),500,1,12669,ModSecurity,Spring_Boot
Sucuri/Cloudproxy,403,1,6161,Sucuri,Express
BigIP,301,1,38042,F5_BIG_IP,Node.js
cloudflare-nginx,403,1,30654,Cloudflare,React
cloudflare-nginx,200,1,38639,Cloudflare,WordPress
BIG-IP,500,1,37725,F5_BIG_IP,Node.js
Sucuri/Cloudproxy,403,1,27609,Sucuri,Django
Incapsula,500,1,41599,Imperva,ASP.NET
Incapsula,301,1,49670,Imperva,Laravel
Sucuri/Cloudproxy,403,1,8239,Sucuri,Django
Sucuri/Cloudproxy,403,1,47389,Sucuri,React
cloudflare-nginx,404,1,19336,Cloudflare,ASP.NET
BIG-IP,403,1,16858,F5_BIG_IP,Unknown
Incapsula,200,1,6947,Imperva,Laravel
cloudflare,403,1,47455,Cloudflare,Node.js
AWS,403,1,45455,AWS_WAF,Node.js
BigIP,301,1,36236,F5_BIG_IP,ASP.NET
nginx/1.18.0,302,1,35237,ModSecurity,Spring_Boot
Incapsula,302,1,6045,Imperva,Spring_Boot
Apache/2.4.41 (Ubuntu),403,1,9039,ModSecurity,Vue
BIG-IP,403,1,24115,F5_BIG_IP,WordPress
Sucuri/Cloudproxy,403,1,33328,Sucuri,Spring_Boot
BIG-IP,301,1,32183,F5_BIG_IP,Express
Sucuri/Cloudproxy,301,1,15596,Sucuri,Node.js
AWS,403,1,30629,AWS_WAF,ASP.NET
Apache/2.4.41 (Ubuntu),403,1,41875,ModSecurity,Unknown
BIG-IP,404,1,45835,F5_BIG_IP,Unknown
LiteSpeed,500,0,46454,None,Express
cloudflare,302,1,17646,Cloudflare,Laravel
CloudFront,404,1,16923,AWS_WAF,Vue
Apache/2.4.41,404,0,6497,None,Spring_Boot
cloudflare,403,1,29339,Cloudflare,Node.js
Microsoft-IIS/10.0,302,0,31599,None,React
AWS,200,1,25530,AWS_WAF,Django
Incapsula,403,1,15859,Imperva,React
cloudflare,200,1,14871,Cloudflare,Express
cloudflare,500,1,1044,Cloudflare,WordPress
cloudflare-nginx,500,1,4974,Cloudflare,Django
Sucuri/Cloudproxy,302,1,21733,Sucuri,Laravel
nginx/1.18.0,404,0,15561,None,Django
nginx/1.18.0,403,1,32972,ModSecurity,React
AWS,404,1,35190,AWS_WAF,WordPress
Sucuri/Cloudproxy,200,1,15819,Sucuri,ASP.NET
cloudflare,404,1,15650,Cloudflare,Unknown
AmazonS3,500,1,30896,AWS_WAF,Unknown
Incapsula,500,1,994,Imperva,Laravel
Incapsula,301,1,2362,Imperva,Spring_Boot
Incapsula,302,1,11133,Imperva,Node.js
Apache/2.4.41,302,1,12595,None,Django
Incapsula,403,1,10293,Imperva,WordPress
nginx/1.18.0,500,1,12886,None,React
Incapsula,200,1,46483,Imperva,ASP.NET
Apache/2.4.41,302,1,1875,None,Spring_Boot
nginx/1.18.0,403,1,7053,ModSecurity,Vue
BigIP,404,1,4286,F5_BIG_IP,WordPress
Incapsula,200,1,43131,Imperva,WordPress
Apache/2.4.41 (Ubuntu),500,1,46748,ModSecurity,Spring_Boot
Sucuri/Cloudproxy,302,1,22851,Sucuri,Node.js
Apache/2.4.41 (Ubuntu),403,1,6601,ModSecurity,Express
Apache/2.4.41,302,1,11660,None,Spring_Boot
Apache/2.4.41 (Ubuntu),403,1,34500,ModSecurity,ASP.NET
AmazonS3,302,1,45530,AWS_WAF,Django
nginx/1.18.0,404,1,27607,ModSecurity,Node.js
AWS,404,1,49110,AWS_WAF,Spring_Boot
Incapsula,403,1,43354,Imperva,Spring_Boot
Apache/2.4.41 (Ubuntu),403,1,17112,ModSecurity,Vue
BIG-IP,403,1,15323,F5_BIG_IP,React
Microsoft-IIS/10.0,302,0,48563,None,Unknown
AmazonS3,403,1,6336,AWS_WAF,Django
CloudFront,403,1,34715,AWS_WAF,Spring_Boot
cloudflare,403,1,23712,Cloudflare,Laravel
LiteSpeed,500,0,41670,None,Vue
cloudflare,403,1,28062,Cloudflare,Laravel
BigIP,403,1,45258,F5_BIG_IP,Vue
cloudflare,403,1,12942,Cloudflare,Node.js
Apache/2.4.41,500,0,21226,None,Unknown
AmazonS3,403,1,38285,AWS_WAF,Spring_Boot
BIG-IP,302,1,48948,F5_BIG_IP,Node.js
Sucuri/Cloudproxy,500,1,45712,Sucuri,Express
BigIP,200,1,34455,F5_BIG_IP,Express
cloudflare,403,1,21381,Cloudflare,Express
nginx/1.18.0,403,1,31397,ModSecurity,Express
nginx/1.18.0,404,1,38765,ModSecurity,Express
nginx/1.18.0,200,1,29486,ModSecurity,ASP.NET
cloudflare-nginx,403,1,4544,Cloudflare,React
Apache/2.4.41 (Ubuntu),403,1,15465,ModSecurity,Express
nginx/1.18.0,404,1,21232,None,Express
Incapsula,500,1,48725,Imperva,Express
BigIP,404,1,32925,F5_BIG_IP,Unknown
BIG-IP,404,1,21872,F5_BIG_IP,Laravel
AmazonS3,301,1,20074,AWS_WAF,Laravel
Apache/2.4.41 (Ubuntu),200,1,40531,ModSecurity,Node.js
Apache/2.4.41 (Ubuntu),302,1,42386,ModSecurity,ASP.NET
nginx/1.18.0,403,1,19378,ModSecurity,Vue
cloudflare,500,1,28051,Cloudflare,WordPress
Sucuri/Cloudproxy,403,1,44525,Sucuri,WordPress
Microsoft-IIS/10.0,302,1,18471,None,React
AmazonS3,500,1,20956,AWS_WAF,Node.js
cloudflare-nginx,403,1,24278,Cloudflare,Spring_Boot
BigIP,500,1,41159,F5_BIG_IP,Express
AWS,301,1,38167,AWS_WAF,Express
nginx/1.18.0,404,0,41051,None,React
cloudflare,403,1,24829,Cloudflare,Laravel
nginx/1.18.0,302,1,35140,ModSecurity,Node.js
Incapsula,302,1,6920,Imperva,Vue
Sucuri/Cloudproxy,500,1,26046,Sucuri,Laravel
Microsoft-IIS/10.0,404,0,3859,None,Express
cloudflare-nginx,403,1,17331,Cloudflare,React
CloudFront,200,1,7039,AWS_WAF,Unknown
cloudflare-nginx,200,1,9726,Cloudflare,Express
Apache/2.4.41,302,0,2895,None,Spring_Boot
AmazonS3,403,1,26907,AWS_WAF,Laravel
cloudflare,403,1,16261,Cloudflare,Unknown
Incapsula,301,1,39671,Imperva,Django
BIG-IP,403,1,17042,F5_BIG_IP,Node.js
BIG-IP,403,1,9930,F5_BIG_IP,Vue
nginx/1.18.0,403,1,19855,ModSecurity,Laravel
Apache/2.4.41 (Ubuntu),403,1,27938,ModSecurity,Vue
nginx/1.18.0,301,1,38633,None,WordPress
cloudflare,404,1,41790,Cloudflare,ASP.NET
Apache/2.4.41 (Ubuntu),301,1,29887,ModSecurity,Unknown
Apache/2.4.41,200,1,355,None,ASP.NET
BigIP,403,1,21917,F5_BIG_IP,ASP.NET
Apache/2.4.41,301,0,41832,None,Unknown
AWS,302,1,45132,AWS_WAF,Express
AmazonS3,302,1,49949,AWS_WAF,ASP.NET
CloudFront,404,1,38379,AWS_WAF,ASP.NET
Incapsula,302,1,39722,Imperva,ASP.NET
Sucuri/Cloudproxy,301,1,11519,Sucuri,Vue
LiteSpeed,301,1,9499,None,WordPress
Incapsula,200,1,29192,Imperva,Spring_Boot
Apache/2.4.41 (Ubuntu),302,1,48412,ModSecurity,React
cloudflare-nginx,403,1,27234,Cloudflare,Node.js
Incapsula,403,1,14075,Imperva,Laravel
nginx/1.18.0,404,1,36217,None,Django
Sucuri/Cloudproxy,404,1,31708,Sucuri,Vue
Apache/2.4.41,301,1,49396,None,React
Sucuri/Cloudproxy,403,1,11771,Sucuri,Express
Incapsula,403,1,25283,Imperva,Spring_Boot
cloudflare,404,1,36237,Cloudflare,Express
nginx/1.18.0,200,1,7936,ModSecurity,Unknown
BIG-IP,403,1,18939,F5_BIG_IP,Unknown
nginx/1.18.0,200,0,41395,None,ASP.NET
Apache/2.4.41 (Ubuntu),301,1,24871,ModSecurity,ASP.NET
nginx/1.18.0,200,0,21401,None,ASP.NET
Apache/2.4.41 (Ubuntu),403,1,43071,ModSecurity,Laravel
cloudflare-nginx,200,1,6291,Cloudflare,Express
LiteSpeed,302,0,3115,None,Spring_Boot
CloudFront,403,1,25269,AWS_WAF,Django
Incapsula,404,1,30903,Imperva,WordPress
cloudflare,302,1,3305,Cloudflare,Vue
CloudFront,301,1,31561,AWS_WAF,Node.js
Microsoft-IIS/10.0,500,0,39622,None,Vue
Apache/2.4.41 (Ubuntu),403,1,34895,ModSecurity,Express
Incapsula,403,1,34435,Imperva,React
cloudflare,403,1,10116,Cloudflare,Laravel
Apache/2.4.41,301,1,10713,None,React
nginx/1.18.0,500,1,8656,ModSecurity,Laravel
Incapsula,500,1,3935,Imperva,ASP.NET
BIG-IP,200,1,25246,F5_BIG_IP,Spring_Boot
cloudflare-nginx,404,1,36504,Cloudflare,Express
AWS,403,1,16471,AWS_WAF,ASP.NET
Incapsula,500,1,42497,Imperva,Express
nginx/1.18.0,301,1,8443,ModSecurity,Spring_Boot
AmazonS3,500,1,25464,AWS_WAF,Laravel
cloudflare,500,1,47069,Cloudflare,Spring_Boot
BIG-IP,200,1,5022,F5_BIG_IP,Django
Sucuri/Cloudproxy,404,1,12034,Sucuri,Vue
BIG-IP,301,1,38270,F5_BIG_IP,Unknown
cloudflare-nginx,302,1,8045,Cloudflare,ASP.NET
BigIP,200,1,11774,F5_BIG_IP,WordPress
Incapsula,403,1,34142,Imperva,Laravel
Microsoft-IIS/10.0,301,0,16064,None,Spring_Boot
cloudflare,200,1,11903,Cloudflare,WordPress
cloudflare,403,1,36013,Cloudflare,React
CloudFront,301,1,5968,AWS_WAF,Vue
Incapsula,200,1,34709,Imperva,React
cloudflare,403,1,23673,Cloudflare,React
Sucuri/Cloudproxy,500,1,32785,Sucuri,WordPress
BigIP,403,1,36523,F5_BIG_IP,React
AmazonS3,403,1,12061,AWS_WAF,ASP.NET
LiteSpeed,200,1,11972,None,Unknown
AmazonS3,403,1,27699,AWS_WAF,ASP.NET
Sucuri/Cloudproxy,403,1,48580,Sucuri,Unknown
Incapsula,404,1,28069,Imperva,ASP.NET
cloudflare,302,1,14898,Cloudflare,Django
Microsoft-IIS/10.0,301,1,30777,None,Express
Sucuri/Cloudproxy,403,1,34667,Sucuri,React
BigIP,500,1,27723,F5_BIG_IP,ASP.NET
BigIP,404,1,49669,F5_BIG_IP,Node.js
Apache/2.4.41,302,0,4644,None,Node.js
nginx/1.18.0,500,1,40324,ModSecurity,Spring_Boot
nginx/1.18.0,404,1,19445,ModSecurity,Vue
AWS,403,1,4559,AWS_WAF,Express
nginx/1.18.0,302,1,38219,None,Django
cloudflare,500,1,42582,Cloudflare,React
nginx/1.18.0,500,1,41375,ModSecurity,ASP.NET
BigIP,302,1,19042,F5_BIG_IP,React
BigIP,404,1,6581,F5_BIG_IP,Django
BIG-IP,403,1,6504,F5_BIG_IP,Express
nginx/1.18.0,404,1,5488,ModSecurity,WordPress
BIG-IP,500,1,35258,F5_BIG_IP,ASP.NET
nginx/1.18.0,404,0,34130,None,Django
nginx/1.18.0,403,1,42946,ModSecurity,Unknown
cloudflare-nginx,403,1,29570,Cloudflare,Spring_Boot
BIG-IP,403,1,14087,F5_BIG_IP,ASP.NET
BIG-IP,404,1,9391,F5_BIG_IP,Node.js
cloudflare,403,1,38535,Cloudflare,React
Incapsula,404,1,23619,Imperva,Vue
BigIP,403,1,6429,F5_BIG_IP,Unknown
cloudflare,403,1,24948,Cloudflare,Express
Apache/2.4.41 (Ubuntu),403,1,47413,ModSecurity,Express
Sucuri/Cloudproxy,301,1,25799,Sucuri,Express
AWS,200,1,38573,AWS_WAF,Unknown
cloudflare-nginx,403,1,17951,Cloudflare,Laravel
cloudflare-nginx,302,1,21416,Cloudflare,Node.js
BIG-IP,403,1,40186,F5_BIG_IP,React
Apache/2.4.41 (Ubuntu),301,1,27655,ModSecurity,Express
Sucuri/Cloudproxy,500,1,1816,Sucuri,Spring_Boot
Sucuri/Cloudproxy,301,1,31889,Sucuri,ASP.NET
Apache/2.4.41,200,1,39075,None,WordPress
Incapsula,301,1,29062,Imperva,ASP.NET
AmazonS3,302,1,43945,AWS_WAF,React
BIG-IP,301,1,19811,F5_BIG_IP,React
BIG-IP,404,1,3505,F5_BIG_IP,WordPress
cloudflare,403,1,20931,Cloudflare,Node.js
cloudflare,301,1,49002,Cloudflare,Unknown
Apache/2.4.41,302,0,45483,None,Laravel
BigIP,403,1,43057,F5_BIG_IP,Vue
cloudflare,302,1,7183,Cloudflare,Vue
nginx/1.18.0,200,0,25124,None,Express
Incapsula,403,1,44506,Imperva,Vue
AWS,403,1,23822,AWS_WAF,Node.js
Incapsula,403,1,47827,Imperva,WordPress
AWS,403,1,29733,AWS_WAF,Unknown
BIG-IP,403,1,9956,F5_BIG_IP,Node.js
Apache/2.4.41 (Ubuntu),403,1,25948,ModSecurity,Vue
BIG-IP,500,1,4240,F5_BIG_IP,Spring_Boot
LiteSpeed,500,0,49634,None,Node.js
BigIP,500,1,11291,F5_BIG_IP,Django
nginx/1.18.0,500,1,40534,ModSecurity,ASP.NET
Sucuri/Cloudproxy,500,1,40958,Sucuri,Vue
nginx/1.18.0,301,0,20835,None,Django
Incapsula,500,1,48335,Imperva,Vue
cloudflare-nginx,500,1,2887,Cloudflare,Vue
Apache/2.4.41 (Ubuntu),403,1,11879,ModSecurity,Express
BigIP,500,1,32628,F5_BIG_IP,ASP.NET
BigIP,200,1,34767,F5_BIG_IP,ASP.NET
CloudFront,403,1,40741,AWS_WAF,Express
LiteSpeed,404,0,17519,None,Vue
cloudflare,404,1,38555,Cloudflare,Express
Incapsula,500,1,23621,Imperva,Django
BigIP,500,1,15585,F5_BIG_IP,Node.js
BigIP,403,1,22136,F5_BIG_IP,Spring_Boot
LiteSpeed,500,0,48908,None,Express
Sucuri/Cloudproxy,500,1,46556,Sucuri,Django
AWS,500,1,15790,AWS_WAF,ASP.NET
LiteSpeed,500,0,7397,None,Spring_Boot
Apache/2.4.41 (Ubuntu),301,1,47270,ModSecurity,React
Sucuri/Cloudproxy,403,1,48304,Sucuri,Laravel
Incapsula,200,1,34331,Imperva,React
BIG-IP,500,1,17784,F5_BIG_IP,WordPress
Sucuri/Cloudproxy,403,1,8420,Sucuri,Node.js
Sucuri/Cloudproxy,302,1,7635,Sucuri,Django
BIG-IP,500,1,11703,F5_BIG_IP,Express
CloudFront,403,1,31410,AWS_WAF,WordPress
AmazonS3,403,1,40161,AWS_WAF,React
BigIP,500,1,11757,F5_BIG_IP,Spring_Boot
Sucuri/Cloudproxy,403,1,40017,Sucuri,ASP.NET
nginx/1.18.0,404,1,12593,ModSecurity,Express
nginx/1.18.0,301,0,39544,None,Spring_Boot
LiteSpeed,200,0,3614,None,Laravel
AWS,403,1,18619,AWS_WAF,Unknown
Microsoft-IIS/10.0,301,0,47141,None,Unknown
Apache/2.4.41 (Ubuntu),403,1,29373,ModSecurity,ASP.NET
cloudflare,403,1,13637,Cloudflare,ASP.NET
BigIP,500,1,21650,F5_BIG_IP,React
CloudFront,301,1,31445,AWS_WAF,Spring_Boot
cloudflare-nginx,301,1,30459,Cloudflare,Unknown
AWS,403,1,38733,AWS_WAF,Express
Sucuri/Cloudproxy,403,1,6713,Sucuri,ASP.NET
BigIP,302,1,15377,F5_BIG_IP,Spring_Boot
CloudFront,302,1,31760,AWS_WAF,ASP.NET
nginx/1.18.0,200,1,10577,ModSecurity,Unknown
Sucuri/Cloudproxy,403,1,47052,Sucuri,Vue
BigIP,403,1,33647,F5_BIG_IP,Unknown
AmazonS3,500,1,4106,AWS_WAF,Unknown
BIG-IP,403,1,7402,F5_BIG_IP,Spring_Boot
Incapsula,403,1,5370,Imperva,WordPress
CloudFront,500,1,30618,AWS_WAF,Vue
Incapsula,500,1,49612,Imperva,Node.js
Sucuri/Cloudproxy,403,1,10348,Sucuri,Django
Incapsula,403,1,25962,Imperva,ASP.NET
LiteSpeed,301,0,34362,None,Express
AWS,301,1,396,AWS_WAF,WordPress
LiteSpeed,404,0,17595,None,ASP.NET
Sucuri/Cloudproxy,403,1,11148,Sucuri,Spring_Boot
BigIP,403,1,6162,F5_BIG_IP,Django
nginx/1.18.0,200,1,2063,ModSecurity,ASP.NET
Incapsula,302,1,38105,Imperva,WordPress
Incapsula,301,1,4984,Imperva,Node.js
LiteSpeed,302,0,13752,None,ASP.NET
Incapsula,403,1,246,Imperva,WordPress
AmazonS3,500,1,10533,AWS_WAF,Express
Microsoft-IIS/10.0,404,0,20247,None,WordPress
Sucuri/Cloudproxy,200,1,31714,Sucuri,Express
AWS,404,1,39014,AWS_WAF,Spring_Boot
Incapsula,302,1,31518,Imperva,Laravel
cloudflare,302,1,42595,Cloudflare,Express
AWS,301,1,25978,AWS_WAF,Node.js
BigIP,403,1,6920,F5_BIG_IP,Laravel
Apache/2.4.41 (Ubuntu),302,1,14085,ModSecurity,Django
Incapsula,403,1,22674,Imperva,ASP.NET
Sucuri/Cloudproxy,403,1,19046,Sucuri,Unknown
Apache/2.4.41,301,1,2854,None,Node.js
Incapsula,500,1,22921,Imperva,ASP.NET
nginx/1.18.0,404,1,48066,ModSecurity,Node.js
Incapsula,500,1,6164,Imperva,Node.js
Sucuri/Cloudproxy,403,1,34063,Sucuri,WordPress
BIG-IP,404,1,15292,F5_BIG_IP,Laravel
Sucuri/Cloudproxy,404,1,15624,Sucuri,Spring_Boot
Apache/2.4.41,404,1,42345,None,Unknown
AWS,200,1,21771,AWS_WAF,Django
Apache/2.4.41 (Ubuntu),404,1,16732,ModSecurity,Node.js
Incapsula,403,1,2699,Imperva,Spring_Boot
cloudflare-nginx,403,1,20648,Cloudflare,WordPress
Incapsula,403,1,40111,Imperva,Node.js
Incapsula,403,1,8994,Imperva,Django
BigIP,200,1,44797,F5_BIG_IP,Unknown
Incapsula,500,1,46427,Imperva,Django
Incapsula,404,1,29285,Imperva,Unknown
cloudflare,403,1,34028,Cloudflare,Node.js
nginx/1.18.0,302,1,45138,ModSecurity,Express
Apache/2.4.41,200,0,49183,None,ASP.NET
cloudflare-nginx,200,1,48035,Cloudflare,React
BIG-IP,302,1,30457,F5_BIG_IP,Unknown
cloudflare-nginx,403,1,34573,Cloudflare,Vue
CloudFront,403,1,49018,AWS_WAF,Spring_Boot
nginx/1.18.0,301,1,4870,None,Spring_Boot
Sucuri/Cloudproxy,200,1,16561,Sucuri,Vue
Incapsula,404,1,5276,Imperva,React
cloudflare-nginx,404,1,12363,Cloudflare,ASP.NET
BigIP,302,1,25378,F5_BIG_IP,Vue
BigIP,301,1,48884,F5_BIG_IP,React
nginx/1.18.0,302,1,42236,ModSecurity,Django
nginx/1.18.0,500,0,13135,None,Express
AWS,301,1,35893,AWS_WAF,Unknown
nginx/1.18.0,301,1,17651,ModSecurity,WordPress
BIG-IP,200,1,21196,F5_BIG_IP,ASP.NET
Incapsula,200,1,10034,Imperva,ASP.NET
Incapsula,403,1,26473,Imperva,Node.js
Apache/2.4.41 (Ubuntu),200,1,27630,ModSecurity,Node.js
Sucuri/Cloudproxy,403,1,48447,Sucuri,Laravel
BigIP,200,1,14568,F5_BIG_IP,Express
Incapsula,404,1,17115,Imperva,WordPress
Incapsula,403,1,49516,Imperva,Vue
AWS,500,1,43456,AWS_WAF,Node.js
Sucuri/Cloudproxy,302,1,30397,Sucuri,React
BigIP,301,1,226,F5_BIG_IP,Vue
Apache/2.4.41 (Ubuntu),403,1,23236,ModSecurity,WordPress
Apache/2.4.41 (Ubuntu),302,1,4720,ModSecurity,ASP.NET
cloudflare-nginx,301,1,42088,Cloudflare,Node.js
AmazonS3,301,1,29424,AWS_WAF,Vue
Apache/2.4.41 (Ubuntu),403,1,34444,ModSecurity,WordPress
Incapsula,200,1,32431,Imperva,Vue
cloudflare,200,1,47081,Cloudflare,Laravel
BIG-IP,200,1,46930,F5_BIG_IP,Unknown
AmazonS3,403,1,34712,AWS_WAF,Spring_Boot
Apache/2.4.41 (Ubuntu),403,1,47082,ModSecurity,ASP.NET
AmazonS3,403,1,159,AWS_WAF,Spring_Boot
Sucuri/Cloudproxy,500,1,12671,Sucuri,Django
AmazonS3,403,1,22621,AWS_WAF,WordPress
cloudflare,403,1,3953,Cloudflare,Node.js
Sucuri/Cloudproxy,200,1,9481,Sucuri,Laravel
nginx/1.18.0,500,1,28708,None,Unknown
BigIP,302,1,8347,F5_BIG_IP,Django
Incapsula,403,1,12299,Imperva,Django
Sucuri/Cloudproxy,500,1,3748,Sucuri,Express
BigIP,403,1,46178,F5_BIG_IP,Node.js
Apache/2.4.41 (Ubuntu),403,1,15773,ModSecurity,Django
cloudflare-nginx,200,1,8363,Cloudflare,React
nginx/1.18.0,302,1,29820,ModSecurity,Express
AmazonS3,301,1,16973,AWS_WAF,React
Incapsula,301,1,19307,Imperva,WordPress
cloudflare-nginx,403,1,3145,Cloudflare,Laravel
cloudflare-nginx,500,1,8062,Cloudflare,Unknown
nginx/1.18.0,302,1,18763,ModSecurity,Django
BIG-IP,301,1,47613,F5_BIG_IP,React
nginx/1.18.0,403,1,39172,ModSecurity,Django
BIG-IP,500,1,35612,F5_BIG_IP,Vue
Sucuri/Cloudproxy,200,1,20619,Sucuri,Django
AWS,403,1,29625,AWS_WAF,Unknown
Incapsula,301,1,38266,Imperva,Django
Sucuri/Cloudproxy,404,1,47550,Sucuri,Vue
cloudflare,403,1,13238,Cloudflare,Vue
Incapsula,500,1,2545,Imperva,Spring_Boot
cloudflare-nginx,403,1,49759,Cloudflare,Django
BIG-IP,302,1,40221,F5_BIG_IP,Laravel
CloudFront,301,1,43901,AWS_WAF,React
nginx/1.18.0,500,1,47278,ModSecurity,Node.js
cloudflare-nginx,200,1,14721,Cloudflare,Express
BIG-IP,200,1,19142,F5_BIG_IP,Laravel
BIG-IP,200,1,2769,F5_BIG_IP,ASP.NET
Apache/2.4.41 (Ubuntu),403,1,21455,ModSecurity,ASP.NET
AWS,200,1,31222,AWS_WAF,Spring_Boot
BigIP,403,1,11267,F5_BIG_IP,WordPress
Incapsula,200,1,38963,Imperva,React
Microsoft-IIS/10.0,200,0,30034,None,WordPress
LiteSpeed,302,0,28972,None,Django
BigIP,301,1,3900,F5_BIG_IP,Express
Incapsula,500,1,3508,Imperva,Node.js
Incapsula,500,1,22812,Imperva,Spring_Boot
nginx/1.18.0,200,1,13987,ModSecurity,React
AmazonS3,200,1,27783,AWS_WAF,Unknown
Sucuri/Cloudproxy,403,1,30181,Sucuri,Vue
CloudFront,301,1,30898,AWS_WAF,Spring_Boot
cloudflare,302,1,28074,Cloudflare,ASP.NET
Incapsula,404,1,38445,Imperva,Express
Incapsula,302,1,28368,Imperva,Spring_Boot
Sucuri/Cloudproxy,403,1,27950,Sucuri,React
BigIP,500,1,30567,F5_BIG_IP,Laravel
CloudFront,301,1,23338,AWS_WAF,Node.js
Apache/2.4.41,200,1,4898,None,Unknown
nginx/1.18.0,404,0,24871,None,ASP.NET
Sucuri/Cloudproxy,403,1,43339,Sucuri,Django
CloudFront,302,1,32108,AWS_WAF,Laravel
Apache/2.4.41,302,0,17333,None,Spring_Boot
Incapsula,404,1,31582,Imperva,Vue
AmazonS3,301,1,34869,AWS_WAF,Node.js
Apache/2.4.41,500,0,12462,None,React
cloudflare-nginx,403,1,38704,Cloudflare,React
BIG-IP,200,1,37761,F5_BIG_IP,Unknown
Sucuri/Cloudproxy,200,1,39114,Sucuri,Unknown
Incapsula,403,1,6962,Imperva,WordPress
Sucuri/Cloudproxy,404,1,25557,Sucuri,Node.js
nginx/1.18.0,403,1,36333,ModSecurity,Laravel
Incapsula,301,1,19633,Imperva,Express
Incapsula,403,1,17617,Imperva,WordPress
nginx/1.18.0,403,1,4364,ModSecurity,Express
Apache/2.4.41 (Ubuntu),403,1,3984,ModSecurity,React
cloudflare-nginx,200,1,43066,Cloudflare,Vue
Incapsula,403,1,6953,Imperva,Django
Apache/2.4.41,404,0,1328,None,Express
Incapsula,403,1,33635,Imperva,ASP.NET
Sucuri/Cloudproxy,301,1,45922,Sucuri,Unknown
nginx/1.18.0,200,1,37237,ModSecurity,Spring_Boot
AmazonS3,301,1,3370,AWS_WAF,Node.js
nginx/1.18.0,403,1,7807,ModSecurity,Laravel
AWS,200,1,22251,AWS_WAF,Django
Microsoft-IIS/10.0,302,0,5997,None,Django
LiteSpeed,302,0,1578,None,Express
CloudFront,403,1,836,AWS_WAF,React
Sucuri/Cloudproxy,301,1,16492,Sucuri,ASP.NET
Incapsula,403,1,27236,Imperva,Vue
BigIP,500,1,19348,F5_BIG_IP,WordPress
Microsoft-IIS/10.0,200,0,39408,None,ASP.NET
Incapsula,200,1,4018,Imperva,Unknown
BIG-IP,403,1,23308,F5_BIG_IP,WordPress
Incapsula,301,1,26873,Imperva,React
nginx/1.18.0,500,0,44162,None,WordPress
BigIP,301,1,12401,F5_BIG_IP,Vue
BigIP,403,1,5766,F5_BIG_IP,WordPress
Apache/2.4.41 (Ubuntu),301,1,45698,ModSecurity,Node.js
Microsoft-IIS/10.0,302,0,25741,None,Unknown
Microsoft-IIS/10.0,500,1,7616,None,Express
Apache/2.4.41 (Ubuntu),200,1,9384,ModSecurity,Express
cloudflare-nginx,500,1,18801,Cloudflare,Express
BigIP,403,1,11176,F5_BIG_IP,Spring_Boot
Incapsula,403,1,8976,Imperva,ASP.NET
Sucuri/Cloudproxy,301,1,40087,Sucuri,Express
cloudflare-nginx,403,1,33338,Cloudflare,Laravel
Apache/2.4.41 (Ubuntu),403,1,35403,ModSecurity,Express
AWS,200,1,48920,AWS_WAF,Vue
Incapsula,302,1,475,Imperva,Django
Apache/2.4.41 (Ubuntu),500,1,43752,ModSecurity,Laravel
CloudFront,403,1,42630,AWS_WAF,Unknown
Microsoft-IIS/10.0,302,0,14586,None,Express
Microsoft-IIS/10.0,302,0,15120,None,Spring_Boot
AWS,200,1,22282,AWS_WAF,React
Incapsula,403,1,7649,Imperva,Django
BigIP,403,1,8055,F5_BIG_IP,Node.js
LiteSpeed,404,1,22207,None,Django
Incapsula,403,1,47730,Imperva,WordPress
BIG-IP,200,1,1919,F5_BIG_IP,Express
AmazonS3,404,1,39812,AWS_WAF,Unknown
AmazonS3,403,1,28330,AWS_WAF,ASP.NET
Apache/2.4.41,404,1,28192,None,Node.js
Apache/2.4.41 (Ubuntu),403,1,23778,ModSecurity,Node.js
Sucuri/Cloudproxy,403,1,12159,Sucuri,Unknown
AWS,403,1,34907,AWS_WAF,Vue
nginx/1.18.0,200,1,3906,ModSecurity,Django
BigIP,500,1,5348,F5_BIG_IP,Django
Incapsula,500,1,4166,Imperva,React
BIG-IP,403,1,48936,F5_BIG_IP,Django
Apache/2.4.41,301,0,23494,None,ASP.NET
AWS,500,1,13387,AWS_WAF,WordPress
CloudFront,403,1,18105,AWS_WAF,Express
Apache/2.4.41,302,0,17314,None,Django
AWS,403,1,24153,AWS_WAF,ASP.NET
Incapsula,404,1,27234,Imperva,Express
BIG-IP,403,1,6535,F5_BIG_IP,Spring_Boot
nginx/1.18.0,302,1,4889,ModSecurity,Laravel
AmazonS3,403,1,4548,AWS_WAF,WordPress
Incapsula,302,1,20024,Imperva,Vue
BigIP,403,1,42911,F5_BIG_IP,ASP.NET
Apache/2.4.41 (Ubuntu),301,1,41354,ModSecurity,Vue
cloudflare,302,1,40418,Cloudflare,Vue
Incapsula,302,1,42613,Imperva,Unknown
Sucuri/Cloudproxy,403,1,3855,Sucuri,Django
AmazonS3,302,1,29794,AWS_WAF,Unknown
cloudflare-nginx,302,1,37850,Cloudflare,Django
Incapsula,404,1,10588,Imperva,React
Microsoft-IIS/10.0,302,0,28232,None,Node.js
AmazonS3,403,1,32487,AWS_WAF,WordPress
BigIP,404,1,46159,F5_BIG_IP,Node.js
cloudflare,500,1,27950,Cloudflare,Laravel
BIG-IP,200,1,33988,F5_BIG_IP,WordPress
BigIP,403,1,8410,F5_BIG_IP,Node.js
BigIP,301,1,30679,F5_BIG_IP,Vue
nginx/1.18.0,403,1,46960,ModSecurity,ASP.NET
Incapsula,403,1,5513,Imperva,WordPress
Incapsula,302,1,38230,Imperva,Laravel
Apache/2.4.41 (Ubuntu),403,1,20882,ModSecurity,Spring_Boot
cloudflare,404,1,29808,Cloudflare,Laravel
AWS,404,1,1695,AWS_WAF,Laravel
Microsoft-IIS/10.0,404,1,1480,None,React
Sucuri/Cloudproxy,403,1,7838,Sucuri,Express
LiteSpeed,200,0,42521,None,Django
Incapsula,200,1,33300,Imperva,Django
nginx/1.18.0,404,1,1155,ModSecurity,Unknown
CloudFront,200,1,5059,AWS_WAF,Spring_Boot
BIG-IP,403,1,8034,F5_BIG_IP,React
Sucuri/Cloudproxy,403,1,43698,Sucuri,Spring_Boot
cloudflare,404,1,14525,Cloudflare,ASP.NET
BigIP,302,1,16426,F5_BIG_IP,Vue
AWS,200,1,33136,AWS_WAF,Express
Apache/2.4.41 (Ubuntu),200,1,8459,ModSecurity,Node.js
AmazonS3,500,1,48752,AWS_WAF,Laravel
nginx/1.18.0,200,1,22304,None,React
Incapsula,404,1,30238,Imperva,Vue
Sucuri/Cloudproxy,500,1,8234,Sucuri,Express
BIG-IP,500,1,37421,F5_BIG_IP,Django
Apache/2.4.41 (Ubuntu),500,1,47985,ModSecurity,Django
Incapsula,403,1,45675,Imperva,Vue
Incapsula,301,1,1431,Imperva,WordPress
Incapsula,403,1,856,Imperva,React
Sucuri/Cloudproxy,403,1,13774,Sucuri,Express
BigIP,500,1,2431,F5_BIG_IP,Unknown
Microsoft-IIS/10.0,302,0,39102,None,Spring_Boot
BigIP,403,1,9200,F5_BIG_IP,Express
AWS,403,1,34973,AWS_WAF,Django
Apache/2.4.41,200,0,30110,None,Express
cloudflare-nginx,404,1,45247,Cloudflare,ASP.NET
nginx/1.18.0,404,1,10319,ModSecurity,Vue
AmazonS3,500,1,24061,AWS_WAF,Express
cloudflare-nginx,301,1,21902,Cloudflare,Express
cloudflare-nginx,500,1,45941,Cloudflare,Laravel
Microsoft-IIS/10.0,302,0,34972,None,Express
Apache/2.4.41 (Ubuntu),500,1,46944,ModSecurity,Unknown
Apache/2.4.41,200,0,40250,None,Laravel
BigIP,404,1,40056,F5_BIG_IP,Django
cloudflare-nginx,403,1,15578,Cloudflare,Vue
Microsoft-IIS/10.0,302,1,35293,None,Unknown
AWS,404,1,6369,AWS_WAF,Node.js
CloudFront,500,1,48383,AWS_WAF,Django
Sucuri/Cloudproxy,500,1,1683,Sucuri,React
Sucuri/Cloudproxy,200,1,36127,Sucuri,Spring_Boot
AWS,200,1,9941,AWS_WAF,Laravel
Apache/2.4.41,404,1,46510,None,React
AmazonS3,403,1,34813,AWS_WAF,Unknown
Apache/2.4.41 (Ubuntu),301,1,23238,ModSecurity,Node.js
Sucuri/Cloudproxy,403,1,42636,Sucuri,Django
Sucuri/Cloudproxy,403,1,40022,Sucuri,Unknown
Sucuri/Cloudproxy,403,1,46032,Sucuri,Express
Sucuri/Cloudproxy,403,1,28236,Sucuri,Vue
BigIP,301,1,12875,F5_BIG_IP,Laravel
AmazonS3,403,1,29389,AWS_WAF,Laravel
Apache/2.4.41,200,0,30745,None,Unknown
AWS,403,1,5538,AWS_WAF,Unknown
cloudflare-nginx,200,1,40779,Cloudflare,Vue
BigIP,200,1,42773,F5_BIG_IP,Node.js
nginx/1.18.0,302,1,21351,ModSecurity,WordPress
LiteSpeed,500,0,35207,None,Vue
AWS,403,1,38291,AWS_WAF,Django
CloudFront,403,1,45299,AWS_WAF,WordPress
Microsoft-IIS/10.0,500,0,25412,None,Express
Apache/2.4.41 (Ubuntu),403,1,36740,ModSecurity,Vue
Incapsula,301,1,9410,Imperva,Vue
Apache/2.4.41,500,0,32537,None,Vue
LiteSpeed,500,1,26084,None,React
Incapsula,301,1,2347,Imperva,WordPress
cloudflare,403,1,18639,Cloudflare,React
nginx/1.18.0,403,1,21151,ModSecurity,WordPress
BIG-IP,403,1,36914,F5_BIG_IP,ASP.NET
Sucuri/Cloudproxy,403,1,3736,Sucuri,Spring_Boot
cloudflare-nginx,403,1,32211,Cloudflare,ASP.NET
cloudflare-nginx,403,1,47367,Cloudflare,Spring_Boot
cloudflare-nginx,403,1,31609,Cloudflare,Node.js
nginx/1.18.0,404,0,41598,None,Spring_Boot
Microsoft-IIS/10.0,200,0,20962,None,Spring_Boot
BigIP,404,1,27178,F5_BIG_IP,React
Sucuri/Cloudproxy,403,1,47138,Sucuri,ASP.NET
Sucuri/Cloudproxy,301,1,47041,Sucuri,Node.js
AmazonS3,500,1,17827,AWS_WAF,Unknown
cloudflare-nginx,403,1,3809,Cloudflare,Spring_Boot
Sucuri/Cloudproxy,403,1,21178,Sucuri,Vue
BIG-IP,404,1,45991,F5_BIG_IP,Laravel
BIG-IP,200,1,21065,F5_BIG_IP,React
LiteSpeed,301,0,37258,None,Laravel
BigIP,403,1,14122,F5_BIG_IP,WordPress
Sucuri/Cloudproxy,500,1,41468,Sucuri,Express
cloudflare,200,1,3446,Cloudflare,Laravel
Incapsula,403,1,39531,Imperva,Vue
Sucuri/Cloudproxy,403,1,11829,Sucuri,Spring_Boot
nginx/1.18.0,403,1,6843,ModSecurity,WordPress
CloudFront,403,1,49448,AWS_WAF,Node.js
nginx/1.18.0,301,0,8562,None,Django
Sucuri/Cloudproxy,200,1,15026,Sucuri,Node.js
Incapsula,200,1,40231,Imperva,Express
cloudflare-nginx,302,1,1901,Cloudflare,Vue
LiteSpeed,500,0,1390,None,ASP.NET
cloudflare-nginx,403,1,47423,Cloudflare,WordPress
Sucuri/Cloudproxy,403,1,4379,Sucuri,Node.js
Sucuri/Cloudproxy,301,1,26887,Sucuri,Node.js
BigIP,403,1,42172,F5_BIG_IP,Node.js
AWS,403,1,22239,AWS_WAF,Django
CloudFront,302,1,4828,AWS_WAF,React
CloudFront,500,1,37278,AWS_WAF,Node.js
Incapsula,403,1,18663,Imperva,Spring_Boot
cloudflare,403,1,27451,Cloudflare,WordPress
Microsoft-IIS/10.0,302,0,18719,None,React
nginx/1.18.0,500,1,31230,ModSecurity,React
nginx/1.18.0,200,1,11143,None,React
Sucuri/Cloudproxy,301,1,33350,Sucuri,WordPress
Sucuri/Cloudproxy,301,1,42834,Sucuri,Express
Apache/2.4.41 (Ubuntu),200,1,14561,ModSecurity,WordPress
AmazonS3,403,1,41968,AWS_WAF,Laravel
LiteSpeed,404,1,9386,None,Spring_Boot
nginx/1.18.0,404,0,6379,None,Vue
Sucuri/Cloudproxy,301,1,609,Sucuri,Spring_Boot
LiteSpeed,200,0,21010,None,Unknown
Sucuri/Cloudproxy,403,1,21762,Sucuri,ASP.NET
Sucuri/Cloudproxy,403,1,13756,Sucuri,Vue
cloudflare,500,1,1339,Cloudflare,Node.js
BigIP,403,1,25546,F5_BIG_IP,Django
Apache/2.4.41 (Ubuntu),403,1,1999,ModSecurity,Vue
Sucuri/Cloudproxy,301,1,47543,Sucuri,Vue
Incapsula,403,1,19647,Imperva,WordPress
Incapsula,403,1,47816,Imperva,WordPress
Apache/2.4.41 (Ubuntu),200,1,46366,ModSecurity,Unknown
Apache/2.4.41 (Ubuntu),403,1,18075,ModSecurity,Unknown
Incapsula,403,1,41670,Imperva,Laravel
BIG-IP,403,1,30308,F5_BIG_IP,Laravel
Sucuri/Cloudproxy,403,1,33867,Sucuri,Vue
Apache/2.4.41,302,0,18669,None,Spring_Boot
Sucuri/Cloudproxy,200,1,12632,Sucuri,ASP.NET
cloudflare-nginx,403,1,21513,Cloudflare,ASP.NET
BigIP,302,1,26413,F5_BIG_IP,WordPress
Sucuri/Cloudproxy,301,1,25442,Sucuri,Node.js
cloudflare-nginx,403,1,21225,Cloudflare,Unknown
LiteSpeed,500,1,38571,None,React
cloudflare,403,1,24247,Cloudflare,Unknown
Sucuri/Cloudproxy,403,1,5680,Sucuri,React
BigIP,403,1,2112,F5_BIG_IP,Node.js
nginx/1.18.0,403,1,35294,ModSecurity,Unknown
cloudflare-nginx,302,1,11410,Cloudflare,Unknown
Incapsula,403,1,40921,Imperva,Django
cloudflare,500,1,7357,Cloudflare,ASP.NET
Incapsula,403,1,43884,Imperva,Node.js
AmazonS3,403,1,13197,AWS_WAF,WordPress
Incapsula,500,1,5202,Imperva,Spring_Boot
cloudflare-nginx,200,1,38556,Cloudflare,Vue
AWS,403,1,38338,AWS_WAF,Express
Microsoft-IIS/10.0,200,0,7585,None,ASP.NET
Apache/2.4.41 (Ubuntu),301,1,45210,ModSecurity,Express
cloudflare-nginx,403,1,41110,Cloudflare,Django
BIG-IP,403,1,14071,F5_BIG_IP,Unknown
nginx/1.18.0,403,1,24276,ModSecurity,WordPress
BIG-IP,403,1,35264,F5_BIG_IP,Node.js
cloudflare-nginx,500,1,47151,Cloudflare,Node.js
Incapsula,302,1,44484,Imperva,Laravel
nginx/1.18.0,403,1,19661,ModSecurity,Unknown
AmazonS3,403,1,27660,AWS_WAF,Vue
Incapsula,302,1,1815,Imperva,Node.js
Incapsula,403,1,18260,Imperva,WordPress
AmazonS3,302,1,34008,AWS_WAF,Spring_Boot
nginx/1.18.0,404,0,37511,None,Node.js
Sucuri/Cloudproxy,301,1,18011,Sucuri,React
Sucuri/Cloudproxy,403,1,15522,Sucuri,Django
CloudFront,301,1,25804,AWS_WAF,Vue
LiteSpeed,404,0,40434,None,ASP.NET
nginx/1.18.0,403,1,31900,ModSecurity,Express
cloudflare-nginx,403,1,25300,Cloudflare,WordPress
Incapsula,404,1,467,Imperva,WordPress
BIG-IP,404,1,1075,F5_BIG_IP,Node.js
Sucuri/Cloudproxy,404,1,48806,Sucuri,Django
Sucuri/Cloudproxy,301,1,26769,Sucuri,Node.js
Incapsula,403,1,38968,Imperva,WordPress
Sucuri/Cloudproxy,403,1,34688,Sucuri,Express
BigIP,403,1,39759,F5_BIG_IP,Laravel
Incapsula,302,1,13672,Imperva,Django
AmazonS3,301,1,20825,AWS_WAF,Unknown
BigIP,403,1,48337,F5_BIG_IP,ASP.NET
cloudflare,403,1,37785,Cloudflare,Django
LiteSpeed,500,0,6101,None,ASP.NET
Apache/2.4.41,404,1,41929,None,Unknown
Apache/2.4.41,302,0,49240,None,ASP.NET
Microsoft-IIS/10.0,404,0,1344,None,Django
cloudflare,500,1,3264,Cloudflare,Express
AmazonS3,404,1,20029,AWS_WAF,Unknown
nginx/1.18.0,403,1,2632,ModSecurity,Vue
AmazonS3,301,1,33910,AWS_WAF,Express
CloudFront,302,1,49370,AWS_WAF,WordPress
nginx/1.18.0,302,1,31699,ModSecurity,Node.js
cloudflare-nginx,403,1,13918,Cloudflare,ASP.NET
cloudflare,404,1,22926,Cloudflare,Vue
AWS,403,1,31685,AWS_WAF,Django
Sucuri/Cloudproxy,403,1,10506,Sucuri,Node.js
cloudflare-nginx,403,1,16574,Cloudflare,Laravel
cloudflare,302,1,34354,Cloudflare,ASP.NET
Apache/2.4.41,301,0,12945,None,Vue
cloudflare-nginx,403,1,14860,Cloudflare,Node.js
Incapsula,302,1,28387,Imperva,Express
AmazonS3,403,1,37677,AWS_WAF,Vue
Incapsula,500,1,22620,Imperva,Django
nginx/1.18.0,200,1,48484,ModSecurity,WordPress
cloudflare,404,1,10881,Cloudflare,React
cloudflare-nginx,500,1,28700,Cloudflare,Node.js
Incapsula,301,1,20419,Imperva,Vue
Sucuri/Cloudproxy,301,1,23778,Sucuri,Laravel
nginx/1.18.0,200,0,15795,None,Unknown
nginx/1.18.0,404,0,23224,None,Vue
Incapsula,403,1,27998,Imperva,Unknown
AWS,302,1,40794,AWS_WAF,Unknown
Sucuri/Cloudproxy,404,1,49422,Sucuri,ASP.NET
AWS,403,1,24880,AWS_WAF,Spring_Boot
Sucuri/Cloudproxy,403,1,706,Sucuri,Node.js
Sucuri/Cloudproxy,404,1,46390,Sucuri,Django
Apache/2.4.41,404,0,44658,None,React
nginx/1.18.0,301,1,41882,ModSecurity,Vue
Incapsula,500,1,14475,Imperva,Spring_Boot
Sucuri/Cloudproxy,301,1,12555,Sucuri,Django
BigIP,500,1,18251,F5_BIG_IP,Node.js
cloudflare-nginx,301,1,47003,Cloudflare,Django
Microsoft-IIS/10.0,404,1,28469,None,Unknown
cloudflare-nginx,404,1,34980,Cloudflare,ASP.NET
nginx/1.18.0,200,1,48127,None,Django
cloudflare,500,1,3403,Cloudflare,React
CloudFront,404,1,11870,AWS_WAF,Spring_Boot
Sucuri/Cloudproxy,200,1,42729,Sucuri,React
BigIP,301,1,36680,F5_BIG_IP,Unknown
Sucuri/Cloudproxy,500,1,34734,Sucuri,Vue
cloudflare,200,1,12139,Cloudflare,Django
LiteSpeed,200,0,7339,None,React
BIG-IP,500,1,34080,F5_BIG_IP,Django
CloudFront,301,1,5633,AWS_WAF,Laravel
Incapsula,403,1,42595,Imperva,Laravel
Sucuri/Cloudproxy,500,1,16392,Sucuri,Express
BIG-IP,302,1,12310,F5_BIG_IP,Vue
LiteSpeed,404,0,5617,None,ASP.NET
Apache/2.4.41 (Ubuntu),500,1,39236,ModSecurity,Node.js
cloudflare,404,1,33045,Cloudflare,React
Incapsula,403,1,43342,Imperva,React
Sucuri/Cloudproxy,404,1,17616,Sucuri,React
Sucuri/Cloudproxy,302,1,18227,Sucuri,Node.js
BigIP,404,1,11537,F5_BIG_IP,React
cloudflare-nginx,403,1,37778,Cloudflare,Node.js
cloudflare,302,1,2112,Cloudflare,Node.js
AmazonS3,403,1,15013,AWS_WAF,ASP.NET
LiteSpeed,200,0,49071,None,Vue
Incapsula,500,1,46765,Imperva,Spring_Boot
Sucuri/Cloudproxy,403,1,22317,Sucuri,Django
Apache/2.4.41,301,0,28591,None,React
CloudFront,301,1,32489,AWS_WAF,Spring_Boot
nginx/1.18.0,200,1,15487,ModSecurity,Vue
Apache/2.4.41 (Ubuntu),403,1,27895,ModSecurity,Node.js
nginx/1.18.0,403,1,37776,ModSecurity,React
Incapsula,500,1,8563,Imperva,Spring_Boot
LiteSpeed,200,0,44719,None,Laravel
Sucuri/Cloudproxy,403,1,30726,Sucuri,Vue
cloudflare,500,1,5781,Cloudflare,React
Incapsula,302,1,517,Imperva,Unknown
BIG-IP,200,1,38468,F5_BIG_IP,WordPress
BIG-IP,500,1,41629,F5_BIG_IP,ASP.NET
AmazonS3,500,1,41647,AWS_WAF,WordPress
Incapsula,403,1,17663,Imperva,Unknown
Sucuri/Cloudproxy,500,1,9879,Sucuri,Node.js
nginx/1.18.0,301,1,13725,None,ASP.NET
cloudflare,403,1,39740,Cloudflare,React
BigIP,302,1,49088,F5_BIG_IP,React
AmazonS3,200,1,33702,AWS_WAF,React
BIG-IP,500,1,27938,F5_BIG_IP,WordPress
Sucuri/Cloudproxy,301,1,25852,Sucuri,Unknown
Microsoft-IIS/10.0,500,0,46158,None,Unknown
Incapsula,403,1,285,Imperva,Node.js
BigIP,301,1,44085,F5_BIG_IP,Vue
Incapsula,403,1,39498,Imperva,Django
CloudFront,403,1,42280,AWS_WAF,WordPress
AWS,403,1,43145,AWS_WAF,ASP.NET
BigIP,500,1,4854,F5_BIG_IP,WordPress
Apache/2.4.41 (Ubuntu),200,1,8911,ModSecurity,React
Incapsula,404,1,34772,Imperva,ASP.NET
Incapsula,403,1,10487,Imperva,Django
nginx/1.18.0,404,0,25097,None,WordPress
Sucuri/Cloudproxy,403,1,310,Sucuri,Express
cloudflare-nginx,403,1,33092,Cloudflare,Vue
LiteSpeed,302,1,40867,None,Spring_Boot
Sucuri/Cloudproxy,302,1,36299,Sucuri,Laravel
Sucuri/Cloudproxy,403,1,24476,Sucuri,WordPress
BIG-IP,403,1,43590,F5_BIG_IP,Node.js
cloudflare-nginx,200,1,46984,Cloudflare,React
Sucuri/Cloudproxy,200,1,10078,Sucuri,Node.js
Incapsula,403,1,36267,Imperva,Laravel
nginx/1.18.0,500,1,307,ModSecurity,Django
Apache/2.4.41,200,0,47705,None,Express
cloudflare-nginx,403,1,47696,Cloudflare,Vue
Microsoft-IIS/10.0,302,1,9158,None,Express
BigIP,403,1,16870,F5_BIG_IP,WordPress
nginx/1.18.0,403,1,38427,ModSecurity,Node.js
cloudflare-nginx,404,1,33995,Cloudflare,WordPress
Sucuri/Cloudproxy,500,1,44638,Sucuri,React
Apache/2.4.41 (Ubuntu),200,1,31130,ModSecurity,Express
CloudFront,301,1,40193,AWS_WAF,Node.js
Sucuri/Cloudproxy,302,1,48937,Sucuri,Node.js
Apache/2.4.41,404,1,47184,None,Laravel
Incapsula,302,1,28271,Imperva,Vue
Microsoft-IIS/10.0,404,1,14618,None,ASP.NET
nginx/1.18.0,301,1,1547,ModSecurity,Node.js
Sucuri/Cloudproxy,404,1,32037,Sucuri,ASP.NET
Microsoft-IIS/10.0,200,0,22119,None,Laravel
AmazonS3,403,1,7494,AWS_WAF,Spring_Boot
nginx/1.18.0,403,1,19931,ModSecurity,React
Incapsula,301,1,48275,Imperva,ASP.NET
cloudflare,200,1,25232,Cloudflare,React
nginx/1.18.0,404,0,48024,None,Spring_Boot
CloudFront,403,1,42972,AWS_WAF,React
BigIP,403,1,22949,F5_BIG_IP,WordPress
nginx/1.18.0,403,1,2478,ModSecurity,Spring_Boot
BIG-IP,403,1,33702,F5_BIG_IP,WordPress
Incapsula,500,1,8593,Imperva,Node.js
LiteSpeed,200,0,5571,None,WordPress
Apache/2.4.41,200,0,24840,None,Laravel
Incapsula,302,1,15608,Imperva,Vue
BigIP,403,1,22751,F5_BIG_IP,Django
Incapsula,403,1,41940,Imperva,Node.js
nginx/1.18.0,301,1,45974,None,Spring_Boot
Apache/2.4.41 (Ubuntu),403,1,49150,ModSecurity,Spring_Boot
CloudFront,403,1,36815,AWS_WAF,Node.js
BIG-IP,403,1,48853,F5_BIG_IP,Django
CloudFront,302,1,7764,AWS_WAF,ASP.NET
LiteSpeed,500,0,11546,None,Node.js
AmazonS3,301,1,47336,AWS_WAF,Vue
Apache/2.4.41,302,0,21526,None,Vue
cloudflare-nginx,404,1,41484,Cloudflare,Spring_Boot
AWS,301,1,22508,AWS_WAF,Node.js
cloudflare,403,1,28574,Cloudflare,Django
BIG-IP,403,1,34710,F5_BIG_IP,Laravel
Sucuri/Cloudproxy,403,1,5367,Sucuri,Django
Apache/2.4.41 (Ubuntu),302,1,35852,ModSecurity,Laravel
nginx/1.18.0,403,1,46372,ModSecurity,Django
Sucuri/Cloudproxy,404,1,32650,Sucuri,Vue
Incapsula,403,1,37675,Imperva,Django
Apache/2.4.41,500,0,21116,None,React
Sucuri/Cloudproxy,404,1,25925,Sucuri,Spring_Boot
cloudflare,302,1,22162,Cloudflare,ASP.NET
Sucuri/Cloudproxy,403,1,4116,Sucuri,Express
AWS,404,1,31441,AWS_WAF,WordPress
Sucuri/Cloudproxy,403,1,36105,Sucuri,Node.js
Incapsula,500,1,13559,Imperva,Express
nginx/1.18.0,500,1,36755,ModSecurity,Node.js
Incapsula,403,1,44939,Imperva,Laravel
BigIP,200,1,11563,F5_BIG_IP,Node.js
cloudflare,404,1,9749,Cloudflare,WordPress
cloudflare-nginx,403,1,45338,Cloudflare,Spring_Boot
nginx/1.18.0,200,0,10950,None,Node.js
BigIP,404,1,31207,F5_BIG_IP,WordPress
AWS,200,1,16880,AWS_WAF,Unknown
Microsoft-IIS/10.0,302,0,1591,None,WordPress
cloudflare-nginx,500,1,32756,Cloudflare,Node.js
Incapsula,403,1,49383,Imperva,Unknown
cloudflare-nginx,404,1,41823,Cloudflare,Express
Apache/2.4.41 (Ubuntu),403,1,24227,ModSecurity,Laravel
nginx/1.18.0,404,1,26961,ModSecurity,Vue
Incapsula,404,1,32808,Imperva,Express
cloudflare,404,1,48145,Cloudflare,Unknown
Sucuri/Cloudproxy,403,1,34410,Sucuri,ASP.NET
cloudflare,403,1,20955,Cloudflare,WordPress
Sucuri/Cloudproxy,403,1,1695,Sucuri,Laravel
Incapsula,403,1,36287,Imperva,Unknown
cloudflare-nginx,403,1,9780,Cloudflare,Spring_Boot
AmazonS3,403,1,49302,AWS_WAF,Spring_Boot
cloudflare,200,1,29971,Cloudflare,WordPress
Sucuri/Cloudproxy,500,1,12271,Sucuri,React
Incapsula,403,1,18360,Imperva,ASP.NET
Apache/2.4.41 (Ubuntu),404,1,10963,ModSecurity,Vue
Apache/2.4.41 (Ubuntu),403,1,29724,ModSecurity,React
Incapsula,403,1,14807,Imperva,Node.js
AWS,200,1,39983,AWS_WAF,ASP.NET
AWS,403,1,33164,AWS_WAF,Express
BIG-IP,200,1,40435,F5_BIG_IP,Laravel
nginx/1.18.0,301,1,38830,ModSecurity,WordPress
Incapsula,500,1,5687,Imperva,Spring_Boot
Apache/2.4.41 (Ubuntu),500,1,2272,ModSecurity,Vue
nginx/1.18.0,200,1,46351,ModSecurity,Spring_Boot
Apache/2.4.41,500,0,15345,None,Unknown
AWS,200,1,47359,AWS_WAF,Node.js
cloudflare,403,1,23087,Cloudflare,Django
Sucuri/Cloudproxy,404,1,25518,Sucuri,Unknown
AWS,301,1,38100,AWS_WAF,Vue
nginx/1.18.0,302,1,3023,ModSecurity,Spring_Boot
LiteSpeed,500,0,14514,None,React
BigIP,403,1,16811,F5_BIG_IP,ASP.NET
nginx/1.18.0,404,1,15989,ModSecurity,WordPress
LiteSpeed,500,1,35903,None,ASP.NET
nginx/1.18.0,200,1,46927,ModSecurity,Express
Sucuri/Cloudproxy,200,1,19310,Sucuri,Laravel
cloudflare-nginx,200,1,19395,Cloudflare,ASP.NET
Sucuri/Cloudproxy,403,1,18738,Sucuri,ASP.NET
Apache/2.4.41,200,0,33509,None,Vue
AWS,404,1,14914,AWS_WAF,Express
Sucuri/Cloudproxy,301,1,45857,Sucuri,ASP.NET
Incapsula,403,1,40902,Imperva,WordPress
BIG-IP,403,1,622,F5_BIG_IP,Vue
Incapsula,403,1,26150,Imperva,ASP.NET
cloudflare-nginx,403,1,29917,Cloudflare,Express
AmazonS3,403,1,37896,AWS_WAF,Vue
Incapsula,403,1,37566,Imperva,React
Incapsula,403,1,25232,Imperva,ASP.NET
Sucuri/Cloudproxy,500,1,24844,Sucuri,Laravel
AWS,404,1,49235,AWS_WAF,React
nginx/1.18.0,403,1,49517,ModSecurity,Unknown
nginx/1.18.0,403,1,1119,ModSecurity,Unknown
Incapsula,403,1,2814,Imperva,React
LiteSpeed,200,0,19791,None,ASP.NET
Incapsula,500,1,39168,Imperva,ASP.NET
BIG-IP,403,1,46551,F5_BIG_IP,WordPress
cloudflare-nginx,500,1,25113,Cloudflare,Django
Microsoft-IIS/10.0,500,1,31007,None,Django
Sucuri/Cloudproxy,403,1,18158,Sucuri,Spring_Boot
Sucuri/Cloudproxy,500,1,42928,Sucuri,Django
AmazonS3,500,1,26087,AWS_WAF,Laravel
nginx/1.18.0,301,0,36096,None,Unknown
Apache/2.4.41,200,0,43705,None,ASP.NET
BIG-IP,302,1,10386,F5_BIG_IP,WordPress
Incapsula,403,1,37501,Imperva,Unknown
CloudFront,500,1,32857,AWS_WAF,Laravel
cloudflare,403,1,23298,Cloudflare,ASP.NET
cloudflare,500,1,34023,Cloudflare,WordPress
nginx/1.18.0,302,1,31268,ModSecurity,React
Incapsula,500,1,26470,Imperva,ASP.NET
Sucuri/Cloudproxy,500,1,39864,Sucuri,Unknown
cloudflare-nginx,403,1,17463,Cloudflare,React
Apache/2.4.41 (Ubuntu),500,1,24559,ModSecurity,Laravel
Sucuri/Cloudproxy,404,1,3781,Sucuri,React
Incapsula,301,1,34488,Imperva,Vue
cloudflare-nginx,301,1,41727,Cloudflare,Vue
Sucuri/Cloudproxy,302,1,2189,Sucuri,Vue
Incapsula,200,1,22572,Imperva,WordPress
Apache/2.4.41 (Ubuntu),500,1,25111,ModSecurity,ASP.NET
Incapsula,301,1,8702,Imperva,Express
AmazonS3,403,1,12823,AWS_WAF,WordPress
CloudFront,404,1,18070,AWS_WAF,Vue
Incapsula,302,1,1988,Imperva,Express
LiteSpeed,404,0,41421,None,Express
Sucuri/Cloudproxy,302,1,6703,Sucuri,Spring_Boot
nginx/1.18.0,200,0,22542,None,Django
cloudflare-nginx,404,1,44858,Cloudflare,ASP.NET
cloudflare,403,1,2594,Cloudflare,Django
nginx/1.18.0,200,1,42409,ModSecurity,Node.js
BigIP,302,1,46066,F5_BIG_IP,Django
cloudflare,200,1,33479,Cloudflare,WordPress
Incapsula,403,1,43152,Imperva,Spring_Boot
Sucuri/Cloudproxy,403,1,37043,Sucuri,React
LiteSpeed,302,1,8124,None,React
Apache/2.4.41 (Ubuntu),403,1,44763,ModSecurity,Laravel
Sucuri/Cloudproxy,302,1,41082,Sucuri,React
Sucuri/Cloudproxy,404,1,33359,Sucuri,Spring_Boot
AmazonS3,404,1,29598,AWS_WAF,Laravel
cloudflare-nginx,404,1,34119,Cloudflare,Node.js
CloudFront,302,1,4559,AWS_WAF,WordPress
Sucuri/Cloudproxy,500,1,3511,Sucuri,React
Incapsula,403,1,44341,Imperva,Unknown
Incapsula,404,1,18713,Imperva,React
cloudflare-nginx,200,1,21576,Cloudflare,Express
Apache/2.4.41 (Ubuntu),403,1,6109,ModSecurity,Spring_Boot
nginx/1.18.0,500,1,13608,ModSecurity,WordPress
Apache/2.4.41,301,0,13257,None,Laravel
CloudFront,403,1,48321,AWS_WAF,Node.js
Sucuri/Cloudproxy,403,1,41099,Sucuri,WordPress
Apache/2.4.41,500,1,3751,None,Express
AWS,302,1,33625,AWS_WAF,Express
Sucuri/Cloudproxy,404,1,15228,Sucuri,React
Apache/2.4.41 (Ubuntu),200,1,43357,ModSecurity,Express
cloudflare-nginx,302,1,11510,Cloudflare,Laravel
Apache/2.4.41 (Ubuntu),403,1,5952,ModSecurity,Laravel
Incapsula,403,1,10060,Imperva,Django
Incapsula,403,1,296,Imperva,Unknown
AWS,403,1,23711,AWS_WAF,Spring_Boot
Apache/2.4.41 (Ubuntu),200,1,41318,ModSecurity,Vue
Incapsula,500,1,25788,Imperva,Spring_Boot
AWS,200,1,4046,AWS_WAF,React
AmazonS3,403,1,41779,AWS_WAF,Express
cloudflare-nginx,404,1,12524,Cloudflare,Spring_Boot
Sucuri/Cloudproxy,200,1,2902,Sucuri,WordPress
nginx/1.18.0,404,0,10542,None,React
Sucuri/Cloudproxy,302,1,20329,Sucuri,ASP.NET
nginx/1.18.0,404,1,7780,ModSecurity,Laravel
cloudflare-nginx,200,1,10728,Cloudflare,Unknown
Apache/2.4.41 (Ubuntu),200,1,17884,ModSecurity,Express
cloudflare-nginx,200,1,11301,Cloudflare,Django
LiteSpeed,500,0,14819,None,WordPress
cloudflare,301,1,34078,Cloudflare,Node.js
BIG-IP,404,1,29703,F5_BIG_IP,Django
CloudFront,200,1,23352,AWS_WAF,WordPress
cloudflare-nginx,500,1,1581,Cloudflare,Laravel
BigIP,500,1,22052,F5_BIG_IP,ASP.NET
BIG-IP,500,1,3124,F5_BIG_IP,Spring_Boot
cloudflare-nginx,403,1,38877,Cloudflare,WordPress
Incapsula,403,1,21378,Imperva,React
Apache/2.4.41 (Ubuntu),404,1,49025,ModSecurity,Spring_Boot
LiteSpeed,404,0,39996,None,Laravel
LiteSpeed,302,0,27686,None,ASP.NET
nginx/1.18.0,404,1,35802,ModSecurity,ASP.NET
Sucuri/Cloudproxy,403,1,9164,Sucuri,WordPress
CloudFront,403,1,43805,AWS_WAF,Node.js
LiteSpeed,404,0,8138,None,WordPress
AWS,500,1,45098,AWS_WAF,Laravel
nginx/1.18.0,403,1,1879,ModSecurity,React
cloudflare,403,1,28328,Cloudflare,Django
Microsoft-IIS/10.0,200,1,612,None,ASP.NET
nginx/1.18.0,302,1,15335,ModSecurity,Unknown
Incapsula,500,1,43493,Imperva,Unknown
Apache/2.4.41,200,0,5445,None,ASP.NET
Apache/2.4.41 (Ubuntu),500,1,34716,ModSecurity,Laravel
cloudflare-nginx,200,1,42505,Cloudflare,WordPress
cloudflare-nginx,302,1,29563,Cloudflare,Vue
BigIP,302,1,39585,F5_BIG_IP,Unknown
Incapsula,403,1,35824,Imperva,Node.js
cloudflare,500,1,46398,Cloudflare,Spring_Boot
nginx/1.18.0,403,1,27005,ModSecurity,Unknown
nginx/1.18.0,200,0,30588,None,Express
Sucuri/Cloudproxy,404,1,40540,Sucuri,Express
Incapsula,500,1,30546,Imperva,ASP.NET
CloudFront,403,1,21539,AWS_WAF,Laravel
BigIP,403,1,20575,F5_BIG_IP,Django
Apache/2.4.41,301,0,2432,None,Django
cloudflare-nginx,403,1,39980,Cloudflare,Laravel
BIG-IP,200,1,2170,F5_BIG_IP,Node.js
Incapsula,404,1,23431,Imperva,React
Apache/2.4.41 (Ubuntu),404,1,48055,ModSecurity,Express
Incapsula,403,1,25589,Imperva,Node.js
CloudFront,403,1,1199,AWS_WAF,Express
AmazonS3,301,1,31085,AWS_WAF,Express
cloudflare-nginx,500,1,24317,Cloudflare,Spring_Boot
nginx/1.18.0,403,1,18687,ModSecurity,React
cloudflare-nginx,404,1,2619,Cloudflare,Node.js
BIG-IP,200,1,29816,F5_BIG_IP,ASP.NET
Sucuri/Cloudproxy,404,1,7248,Sucuri,React
CloudFront,302,1,20930,AWS_WAF,Spring_Boot
Incapsula,200,1,40230,Imperva,ASP.NET
BIG-IP,500,1,26630,F5_BIG_IP,Laravel
Sucuri/Cloudproxy,301,1,39408,Sucuri,Node.js
nginx/1.18.0,403,1,35460,ModSecurity,Node.js
nginx/1.18.0,301,0,39772,None,Vue
BigIP,404,1,34314,F5_BIG_IP,Django
AWS,500,1,22025,AWS_WAF,Laravel
CloudFront,301,1,29250,AWS_WAF,ASP.NET
LiteSpeed,302,0,27401,None,WordPress
cloudflare-nginx,301,1,22338,Cloudflare,Node.js
Incapsula,403,1,43005,Imperva,React
Incapsula,403,1,37660,Imperva,WordPress
CloudFront,403,1,16249,AWS_WAF,Vue
Sucuri/Cloudproxy,403,1,23842,Sucuri,Node.js
cloudflare-nginx,200,1,33935,Cloudflare,React
nginx/1.18.0,403,1,24167,ModSecurity,Vue
Apache/2.4.41 (Ubuntu),500,1,3627,ModSecurity,Vue
Apache/2.4.41 (Ubuntu),403,1,39928,ModSecurity,Express
Apache/2.4.41 (Ubuntu),301,1,27861,ModSecurity,Django
BIG-IP,301,1,38465,F5_BIG_IP,React
nginx/1.18.0,200,1,32540,ModSecurity,Express
cloudflare,500,1,34810,Cloudflare,Spring_Boot
AWS,403,1,14645,AWS_WAF,Vue
AWS,500,1,21629,AWS_WAF,React
Incapsula,302,1,31827,Imperva,Node.js
BigIP,403,1,36494,F5_BIG_IP,Express
Microsoft-IIS/10.0,500,1,28731,None,Django
BigIP,403,1,3089,F5_BIG_IP,React
cloudflare-nginx,404,1,3893,Cloudflare,React
BigIP,403,1,9182,F5_BIG_IP,WordPress
Incapsula,403,1,48414,Imperva,Django
CloudFront,403,1,31848,AWS_WAF,React
nginx/1.18.0,404,1,3221,ModSecurity,Express
CloudFront,500,1,26117,AWS_WAF,Laravel
Apache/2.4.41 (Ubuntu),301,1,6785,ModSecurity,Express
cloudflare-nginx,403,1,25192,Cloudflare,Node.js
Sucuri/Cloudproxy,200,1,30714,Sucuri,Spring_Boot
AmazonS3,302,1,33945,AWS_WAF,Spring_Boot
cloudflare-nginx,200,1,28443,Cloudflare,Laravel
Apache/2.4.41 (Ubuntu),302,1,9087,ModSecurity,React
Apache/2.4.41 (Ubuntu),403,1,49972,ModSecurity,Spring_Boot
BIG-IP,403,1,17111,F5_BIG_IP,Unknown
Apache/2.4.41 (Ubuntu),403,1,34332,ModSecurity,Spring_Boot
BigIP,301,1,33080,F5_BIG_IP,Django
LiteSpeed,404,0,29802,None,Django
CloudFront,500,1,46506,AWS_WAF,React
BigIP,500,1,12256,F5_BIG_IP,Unknown
Incapsula,404,1,15890,Imperva,Node.js
Incapsula,302,1,38789,Imperva,Laravel
Incapsula,404,1,2487,Imperva,Express
cloudflare,500,1,7465,Cloudflare,Unknown
cloudflare-nginx,404,1,49360,Cloudflare,Django
CloudFront,302,1,40337,AWS_WAF,Express
CloudFront,403,1,17215,AWS_WAF,Django
Sucuri/Cloudproxy,403,1,35692,Sucuri,Django
Apache/2.4.41,200,0,25730,None,Vue
nginx/1.18.0,500,1,7499,ModSecurity,Express
Incapsula,403,1,15160,Imperva,Django
Sucuri/Cloudproxy,302,1,20092,Sucuri,Express
Incapsula,403,1,8545,Imperva,React
BIG-IP,301,1,14834,F5_BIG_IP,Node.js
Apache/2.4.41 (Ubuntu),302,1,3323,ModSecurity,Unknown
Sucuri/Cloudproxy,301,1,32923,Sucuri,Unknown
Sucuri/Cloudproxy,403,1,5100,Sucuri,Vue
cloudflare-nginx,404,1,228,Cloudflare,React
Incapsula,301,1,40823,Imperva,WordPress
CloudFront,302,1,22437,AWS_WAF,Laravel
BIG-IP,302,1,24603,F5_BIG_IP,Laravel
nginx/1.18.0,500,1,23966,None,Laravel
CloudFront,403,1,30370,AWS_WAF,Express
Apache/2.4.41,301,0,22902,None,Express
Sucuri/Cloudproxy,200,1,7694,Sucuri,WordPress
BigIP,403,1,31856,F5_BIG_IP,ASP.NET
BIG-IP,200,1,18017,F5_BIG_IP,Express
nginx/1.18.0,200,1,4489,ModSecurity,React
Sucuri/Cloudproxy,403,1,18916,Sucuri,Express
LiteSpeed,302,0,6487,None,React
Incapsula,403,1,36800,Imperva,Vue
cloudflare-nginx,302,1,14353,Cloudflare,Node.js
Sucuri/Cloudproxy,500,1,5518,Sucuri,WordPress
Sucuri/Cloudproxy,500,1,24222,Sucuri,Unknown
AmazonS3,403,1,43743,AWS_WAF,WordPress
cloudflare-nginx,302,1,40935,Cloudflare,Django
Apache/2.4.41 (Ubuntu),200,1,34739,ModSecurity,React
cloudflare,200,1,9074,Cloudflare,Spring_Boot
Sucuri/Cloudproxy,403,1,40114,Sucuri,WordPress
AWS,403,1,6169,AWS_WAF,ASP.NET
cloudflare-nginx,403,1,27000,Cloudflare,Django
nginx/1.18.0,403,1,21858,ModSecurity,Express
Microsoft-IIS/10.0,200,0,8945,None,Node.js
nginx/1.18.0,403,1,39840,ModSecurity,Vue
Apache/2.4.41 (Ubuntu),403,1,27165,ModSecurity,Vue
LiteSpeed,302,0,18531,None,Unknown
cloudflare,301,1,6627,Cloudflare,Spring_Boot
CloudFront,404,1,12078,AWS_WAF,React
BIG-IP,403,1,33513,F5_BIG_IP,WordPress
nginx/1.18.0,500,1,19011,ModSecurity,WordPress
AWS,404,1,22508,AWS_WAF,WordPress
Microsoft-IIS/10.0,301,0,26964,None,ASP.NET
BigIP,403,1,20654,F5_BIG_IP,Unknown
Sucuri/Cloudproxy,404,1,7904,Sucuri,Django
LiteSpeed,500,0,16756,None,Unknown
Incapsula,403,1,36486,Imperva,WordPress
Incapsula,200,1,44388,Imperva,Django
cloudflare,302,1,12273,Cloudflare,Node.js
cloudflare-nginx,403,1,27814,Cloudflare,Node.js
Sucuri/Cloudproxy,301,1,47161,Sucuri,ASP.NET
AmazonS3,500,1,11351,AWS_WAF,Node.js
CloudFront,500,1,1012,AWS_WAF,ASP.NET
Incapsula,500,1,34714,Imperva,Spring_Boot
cloudflare,301,1,15954,Cloudflare,Spring_Boot
cloudflare-nginx,404,1,14135,Cloudflare,Django
BIG-IP,301,1,39829,F5_BIG_IP,Spring_Boot
BIG-IP,301,1,47050,F5_BIG_IP,Unknown
Incapsula,403,1,29871,Imperva,Express
BigIP,500,1,48841,F5_BIG_IP,Unknown
Sucuri/Cloudproxy,403,1,1593,Sucuri,Unknown
BigIP,403,1,5975,F5_BIG_IP,Vue
nginx/1.18.0,301,1,29389,ModSecurity,ASP.NET
nginx/1.18.0,403,1,29560,ModSecurity,Express
Sucuri/Cloudproxy,302,1,41431,Sucuri,Node.js
BigIP,302,1,48295,F5_BIG_IP,Vue
nginx/1.18.0,403,1,6060,ModSecurity,WordPress
cloudflare,302,1,4172,Cloudflare,Vue
nginx/1.18.0,404,1,46785,ModSecurity,React
Incapsula,200,1,43960,Imperva,Django
LiteSpeed,302,1,912,None,Vue
AmazonS3,404,1,26589,AWS_WAF,Django
CloudFront,403,1,9464,AWS_WAF,ASP.NET
LiteSpeed,302,0,31692,None,Laravel
BIG-IP,403,1,37377,F5_BIG_IP,Laravel
AmazonS3,200,1,15544,AWS_WAF,Node.js
cloudflare,200,1,5892,Cloudflare,Unknown
cloudflare-nginx,302,1,21403,Cloudflare,React
CloudFront,403,1,13885,AWS_WAF,Django
AmazonS3,301,1,30271,AWS_WAF,Node.js
cloudflare-nginx,200,1,22200,Cloudflare,Django
CloudFront,200,1,32281,AWS_WAF,Node.js
Apache/2.4.41 (Ubuntu),403,1,26428,ModSecurity,Django
Apache/2.4.41 (Ubuntu),403,1,1983,ModSecurity,WordPress
Incapsula,200,1,39753,Imperva,WordPress
Incapsula,404,1,43106,Imperva,Laravel
Sucuri/Cloudproxy,404,1,26494,Sucuri,Unknown
AmazonS3,404,1,21989,AWS_WAF,Django
AmazonS3,302,1,20992,AWS_WAF,React
Apache/2.4.41,404,0,3680,None,ASP.NET
Apache/2.4.41,200,1,31612,None,WordPress
Sucuri/Cloudproxy,403,1,30842,Sucuri,Vue
AmazonS3,403,1,21624,AWS_WAF,Node.js
CloudFront,403,1,16182,AWS_WAF,React
BigIP,500,1,15699,F5_BIG_IP,Spring_Boot
AWS,403,1,26362,AWS_WAF,Laravel
LiteSpeed,500,0,38872,None,Spring_Boot
nginx/1.18.0,403,1,30281,ModSecurity,React
AmazonS3,301,1,45766,AWS_WAF,Node.js
cloudflare,200,1,44308,Cloudflare,WordPress
BIG-IP,403,1,47297,F5_BIG_IP,Express
BigIP,404,1,18209,F5_BIG_IP,Unknown
Sucuri/Cloudproxy,200,1,18429,Sucuri,ASP.NET
Apache/2.4.41 (Ubuntu),500,1,36428,ModSecurity,Node.js
nginx/1.18.0,302,0,14330,None,Spring_Boot
BigIP,403,1,28536,F5_BIG_IP,React
nginx/1.18.0,403,1,23769,ModSecurity,WordPress
Apache/2.4.41 (Ubuntu),302,1,32446,ModSecurity,Node.js
Sucuri/Cloudproxy,500,1,28225,Sucuri,Django
BIG-IP,301,1,48807,F5_BIG_IP,Spring_Boot
Incapsula,200,1,36543,Imperva,Express
Incapsula,301,1,17291,Imperva,WordPress
AWS,403,1,349,AWS_WAF,Django
BigIP,500,1,10653,F5_BIG_IP,WordPress
Sucuri/Cloudproxy,403,1,20266,Sucuri,React
BigIP,301,1,41802,F5_BIG_IP,ASP.NET
nginx/1.18.0,404,1,15354,ModSecurity,Node.js
Sucuri/Cloudproxy,302,1,2490,Sucuri,WordPress
Incapsula,403,1,10055,Imperva,Unknown
Incapsula,500,1,29828,Imperva,Express
Incapsula,301,1,27768,Imperva,ASP.NET
Incapsula,404,1,31462,Imperva,WordPress
Sucuri/Cloudproxy,500,1,10383,Sucuri,Express
BigIP,403,1,43279,F5_BIG_IP,Node.js
cloudflare-nginx,403,1,23862,Cloudflare,Vue
cloudflare,500,1,48632,Cloudflare,ASP.NET
AmazonS3,403,1,27681,AWS_WAF,ASP.NET
CloudFront,301,1,2415,AWS_WAF,React
BIG-IP,404,1,35515,F5_BIG_IP,Express
Incapsula,403,1,45525,Imperva,Express
Sucuri/Cloudproxy,302,1,21187,Sucuri,Unknown
cloudflare-nginx,500,1,23551,Cloudflare,Spring_Boot
CloudFront,500,1,26210,AWS_WAF,Laravel
Apache/2.4.41,302,0,10224,None,Node.js
nginx/1.18.0,403,1,27366,ModSecurity,Laravel
Microsoft-IIS/10.0,404,0,41621,None,Spring_Boot
AmazonS3,404,1,11721,AWS_WAF,Node.js
nginx/1.18.0,403,1,23972,ModSecurity,ASP.NET
BigIP,302,1,41144,F5_BIG_IP,Unknown
Incapsula,301,1,7849,Imperva,WordPress
BigIP,301,1,42683,F5_BIG_IP,WordPress
BIG-IP,200,1,28259,F5_BIG_IP,Laravel
Incapsula,301,1,20360,Imperva,WordPress
Sucuri/Cloudproxy,302,1,31813,Sucuri,Vue
Sucuri/Cloudproxy,200,1,17149,Sucuri,Unknown
Apache/2.4.41 (Ubuntu),200,1,32759,ModSecurity,Vue
AWS,403,1,33970,AWS_WAF,ASP.NET
Apache/2.4.41 (Ubuntu),500,1,22673,ModSecurity,Spring_Boot
nginx/1.18.0,302,1,29572,None,Express
Apache/2.4.41 (Ubuntu),403,1,40361,ModSecurity,Unknown
Incapsula,403,1,32094,Imperva,Node.js
Apache/2.4.41 (Ubuntu),301,1,13072,ModSecurity,Django
Incapsula,404,1,24176,Imperva,Unknown
Sucuri/Cloudproxy,200,1,37935,Sucuri,Django
Incapsula,404,1,31089,Imperva,Node.js
LiteSpeed,404,0,11633,None,WordPress
BIG-IP,200,1,33697,F5_BIG_IP,Laravel
BigIP,403,1,46138,F5_BIG_IP,Express
CloudFront,302,1,23446,AWS_WAF,React
Incapsula,200,1,33324,Imperva,Express
Apache/2.4.41,302,0,22060,None,Express
AmazonS3,403,1,42344,AWS_WAF,Django
BigIP,301,1,43864,F5_BIG_IP,Unknown
BIG-IP,200,1,43302,F5_BIG_IP,Laravel
CloudFront,403,1,15140,AWS_WAF,Laravel
Incapsula,403,1,16404,Imperva,React
cloudflare-nginx,403,1,37274,Cloudflare,Laravel
cloudflare,403,1,29006,Cloudflare,Unknown
Apache/2.4.41,200,1,9085,None,Vue
BIG-IP,403,1,35346,F5_BIG_IP,Node.js
Sucuri/Cloudproxy,403,1,38314,Sucuri,Django
AmazonS3,403,1,4385,AWS_WAF,ASP.NET
AmazonS3,403,1,19381,AWS_WAF,ASP.NET
Apache/2.4.41 (Ubuntu),500,1,22934,ModSecurity,Node.js
Microsoft-IIS/10.0,302,1,22698,None,Vue
Sucuri/Cloudproxy,302,1,24858,Sucuri,Express
Sucuri/Cloudproxy,302,1,19558,Sucuri,Unknown
BigIP,301,1,41933,F5_BIG_IP,Express
Incapsula,301,1,39852,Imperva,Express
BIG-IP,500,1,48524,F5_BIG_IP,Laravel
Incapsula,403,1,20778,Imperva,Laravel
Sucuri/Cloudproxy,404,1,40734,Sucuri,Express
Sucuri/Cloudproxy,403,1,20599,Sucuri,Vue
AmazonS3,404,1,4799,AWS_WAF,ASP.NET
Microsoft-IIS/10.0,404,1,4236,None,Unknown
nginx/1.18.0,200,1,25993,ModSecurity,React
cloudflare-nginx,403,1,32683,Cloudflare,ASP.NET
cloudflare-nginx,302,1,40515,Cloudflare,ASP.NET
AWS,403,1,27387,AWS_WAF,React
Sucuri/Cloudproxy,403,1,33454,Sucuri,Django
CloudFront,403,1,46247,AWS_WAF,Django
Incapsula,302,1,29598,Imperva,Express
AmazonS3,404,1,24339,AWS_WAF,Node.js
Apache/2.4.41,302,0,28986,None,Django
Incapsula,200,1,430,Imperva,ASP.NET
Sucuri/Cloudproxy,403,1,17059,Sucuri,WordPress
BIG-IP,301,1,26805,F5_BIG_IP,WordPress
AmazonS3,404,1,11530,AWS_WAF,Express
Microsoft-IIS/10.0,404,1,28288,None,Django
Apache/2.4.41 (Ubuntu),403,1,33542,ModSecurity,Laravel
BigIP,403,1,9345,F5_BIG_IP,Node.js
Sucuri/Cloudproxy,500,1,14624,Sucuri,WordPress
Apache/2.4.41 (Ubuntu),301,1,18690,ModSecurity,React
Incapsula,302,1,15709,Imperva,WordPress
CloudFront,302,1,41459,AWS_WAF,React
CloudFront,302,1,48972,AWS_WAF,Unknown
Sucuri/Cloudproxy,403,1,14909,Sucuri,React
nginx/1.18.0,200,1,47356,ModSecurity,Unknown
Sucuri/Cloudproxy,403,1,28681,Sucuri,Express
nginx/1.18.0,200,1,313,ModSecurity,WordPress
CloudFront,403,1,1948,AWS_WAF,WordPress
BIG-IP,200,1,39985,F5_BIG_IP,Spring_Boot
AmazonS3,403,1,10286,AWS_WAF,Node.js
cloudflare,404,1,10815,Cloudflare,Node.js
Apache/2.4.41 (Ubuntu),403,1,22465,ModSecurity,Spring_Boot
Apache/2.4.41 (Ubuntu),404,1,9536,ModSecurity,React
BigIP,301,1,43549,F5_BIG_IP,ASP.NET
nginx/1.18.0,302,1,44405,ModSecurity,React
Sucuri/Cloudproxy,403,1,47695,Sucuri,Spring_Boot
CloudFront,403,1,5086,AWS_WAF,Spring_Boot
BIG-IP,404,1,3494,F5_BIG_IP,Unknown
Microsoft-IIS/10.0,301,0,23969,None,Laravel
cloudflare-nginx,403,1,25011,Cloudflare,Express
BIG-IP,301,1,14599,F5_BIG_IP,WordPress
Apache/2.4.41,200,0,27979,None,Vue
LiteSpeed,302,0,34217,None,ASP.NET
AmazonS3,404,1,12662,AWS_WAF,ASP.NET
Sucuri/Cloudproxy,404,1,26993,Sucuri,Express
Incapsula,302,1,32323,Imperva,Vue
Sucuri/Cloudproxy,301,1,42081,Sucuri,Spring_Boot
BigIP,500,1,16233,F5_BIG_IP,Spring_Boot
AWS,404,1,20021,AWS_WAF,Spring_Boot
Incapsula,403,1,35241,Imperva,Laravel
AWS,403,1,21224,AWS_WAF,Unknown
cloudflare,404,1,26102,Cloudflare,Node.js
Microsoft-IIS/10.0,302,1,13684,None,Vue
LiteSpeed,404,1,351,None,Node.js
CloudFront,404,1,44023,AWS_WAF,Vue
Microsoft-IIS/10.0,200,0,42307,None,Django
Apache/2.4.41 (Ubuntu),302,1,38356,ModSecurity,React
Incapsula,302,1,8010,Imperva,Express
Incapsula,404,1,46984,Imperva,Spring_Boot
Incapsula,403,1,2143,Imperva,WordPress
Sucuri/Cloudproxy,403,1,17460,Sucuri,Laravel
BIG-IP,500,1,6556,F5_BIG_IP,React
AWS,403,1,7731,AWS_WAF,WordPress
BigIP,301,1,17773,F5_BIG_IP,Express
AWS,403,1,25979,AWS_WAF,React
BIG-IP,301,1,22426,F5_BIG_IP,Django
cloudflare,200,1,13189,Cloudflare,Vue
nginx/1.18.0,301,1,45115,ModSecurity,ASP.NET
Incapsula,302,1,19568,Imperva,Spring_Boot
cloudflare,200,1,39272,Cloudflare,Spring_Boot
cloudflare,404,1,271,Cloudflare,Express
BigIP,302,1,4323,F5_BIG_IP,Unknown
cloudflare,302,1,43391,Cloudflare,Vue
cloudflare,500,1,28421,Cloudflare,Express
Microsoft-IIS/10.0,200,0,4832,None,Django
Sucuri/Cloudproxy,404,1,26652,Sucuri,ASP.NET
Apache/2.4.41 (Ubuntu),200,1,29632,ModSecurity,Node.js
nginx/1.18.0,403,1,49040,ModSecurity,Django
BigIP,403,1,7482,F5_BIG_IP,Django
nginx/1.18.0,403,1,10797,ModSecurity,Node.js
AWS,403,1,27673,AWS_WAF,Express
Apache/2.4.41 (Ubuntu),403,1,42517,ModSecurity,Node.js
nginx/1.18.0,500,1,8358,ModSecurity,Django
cloudflare-nginx,403,1,20760,Cloudflare,Django
BigIP,302,1,36472,F5_BIG_IP,ASP.NET
AWS,200,1,25504,AWS_WAF,Unknown
nginx/1.18.0,200,1,7644,None,ASP.NET
Incapsula,403,1,21546,Imperva,Vue
cloudflare,500,1,30614,Cloudflare,WordPress
CloudFront,403,1,44672,AWS_WAF,Vue
Apache/2.4.41,302,0,19240,None,Vue
Sucuri/Cloudproxy,301,1,25286,Sucuri,Vue
LiteSpeed,200,1,2437,None,Express
cloudflare,403,1,21842,Cloudflare,Express
BIG-IP,403,1,2189,F5_BIG_IP,Vue
cloudflare,302,1,34085,Cloudflare,Laravel
CloudFront,200,1,25956,AWS_WAF,WordPress
Incapsula,403,1,3273,Imperva,ASP.NET
nginx/1.18.0,302,1,6315,ModSecurity,WordPress
AmazonS3,302,1,17366,AWS_WAF,Express
Apache/2.4.41,404,0,9813,None,Django
Incapsula,302,1,39246,Imperva,Laravel
Sucuri/Cloudproxy,403,1,1635,Sucuri,Express
BIG-IP,403,1,41113,F5_BIG_IP,React
LiteSpeed,500,0,21477,None,WordPress
cloudflare-nginx,403,1,22324,Cloudflare,Spring_Boot
Apache/2.4.41 (Ubuntu),403,1,7154,ModSecurity,Django
nginx/1.18.0,301,1,12953,ModSecurity,Express
Incapsula,403,1,41551,Imperva,WordPress
BigIP,403,1,39473,F5_BIG_IP,ASP.NET
BIG-IP,403,1,30283,F5_BIG_IP,Spring_Boot
BigIP,403,1,12495,F5_BIG_IP,Express
BigIP,404,1,6740,F5_BIG_IP,Node.js
BigIP,403,1,20288,F5_BIG_IP,Express
cloudflare-nginx,200,1,42352,Cloudflare,Laravel
Apache/2.4.41 (Ubuntu),500,1,18779,ModSecurity,React
cloudflare,302,1,42719,Cloudflare,Vue
Sucuri/Cloudproxy,403,1,23948,Sucuri,Unknown
Apache/2.4.41 (Ubuntu),403,1,47774,ModSecurity,Django
Sucuri/Cloudproxy,403,1,27602,Sucuri,Express
Sucuri/Cloudproxy,404,1,13555,Sucuri,Node.js
LiteSpeed,200,0,34377,None,Unknown
Incapsula,301,1,23142,Imperva,Vue
cloudflare,301,1,7577,Cloudflare,ASP.NET
AmazonS3,403,1,2558,AWS_WAF,React
Apache/2.4.41 (Ubuntu),403,1,41562,ModSecurity,Node.js
BigIP,403,1,27823,F5_BIG_IP,Express
Apache/2.4.41 (Ubuntu),302,1,45863,ModSecurity,Vue
CloudFront,403,1,21435,AWS_WAF,Vue
Sucuri/Cloudproxy,404,1,150,Sucuri,Vue
Apache/2.4.41 (Ubuntu),403,1,21151,ModSecurity,WordPress
Sucuri/Cloudproxy,403,1,45561,Sucuri,React
LiteSpeed,200,0,19488,None,Spring_Boot
AWS,404,1,16269,AWS_WAF,Node.js
Apache/2.4.41,500,0,20861,None,React
BIG-IP,404,1,32748,F5_BIG_IP,Express
Apache/2.4.41,404,0,43444,None,Django
AmazonS3,200,1,17482,AWS_WAF,Node.js
CloudFront,301,1,6851,AWS_WAF,Spring_Boot
cloudflare-nginx,301,1,36229,Cloudflare,ASP.NET
BigIP,500,1,12346,F5_BIG_IP,Unknown
Apache/2.4.41 (Ubuntu),302,1,7650,ModSecurity,Express
BIG-IP,302,1,22783,F5_BIG_IP,Spring_Boot
Sucuri/Cloudproxy,500,1,24643,Sucuri,WordPress
cloudflare,200,1,7278,Cloudflare,Django
cloudflare-nginx,403,1,48669,Cloudflare,Django
nginx/1.18.0,500,1,34668,ModSecurity,Express
BigIP,301,1,21648,F5_BIG_IP,React
Sucuri/Cloudproxy,301,1,18332,Sucuri,Django
cloudflare-nginx,403,1,9152,Cloudflare,Vue
Apache/2.4.41 (Ubuntu),403,1,524,ModSecurity,Spring_Boot
Sucuri/Cloudproxy,301,1,26534,Sucuri,Vue
Apache/2.4.41 (Ubuntu),200,1,41959,ModSecurity,Express
Apache/2.4.41 (Ubuntu),403,1,16287,ModSecurity,ASP.NET
Incapsula,404,1,30033,Imperva,Spring_Boot
Apache/2.4.41,200,1,45530,None,Express
Apache/2.4.41,200,1,5525,None,Spring_Boot
Sucuri/Cloudproxy,301,1,13230,Sucuri,Laravel
BigIP,404,1,33806,F5_BIG_IP,Spring_Boot
AWS,403,1,22781,AWS_WAF,ASP.NET
Incapsula,301,1,18281,Imperva,Spring_Boot
Incapsula,403,1,42749,Imperva,Spring_Boot
cloudflare-nginx,302,1,41841,Cloudflare,Node.js
Sucuri/Cloudproxy,302,1,47393,Sucuri,React
CloudFront,500,1,30840,AWS_WAF,Spring_Boot
cloudflare-nginx,200,1,41667,Cloudflare,Spring_Boot
BIG-IP,302,1,39465,F5_BIG_IP,React
Incapsula,301,1,13323,Imperva,Node.js
Incapsula,403,1,44881,Imperva,Vue
Apache/2.4.41 (Ubuntu),500,1,20919,ModSecurity,Django
nginx/1.18.0,403,1,38452,ModSecurity,Vue
Sucuri/Cloudproxy,404,1,45716,Sucuri,Express
BigIP,404,1,35039,F5_BIG_IP,Spring_Boot
cloudflare,301,1,5514,Cloudflare,Spring_Boot
cloudflare-nginx,403,1,48019,Cloudflare,Node.js
Microsoft-IIS/10.0,302,1,9024,None,Spring_Boot
AmazonS3,404,1,28087,AWS_WAF,Spring_Boot
Incapsula,200,1,34605,Imperva,WordPress
Incapsula,200,1,1490,Imperva,ASP.NET
Sucuri/Cloudproxy,403,1,38161,Sucuri,Django
BigIP,500,1,42990,F5_BIG_IP,Vue
Sucuri/Cloudproxy,404,1,19948,Sucuri,Laravel
Apache/2.4.41,301,0,7431,None,React
Apache/2.4.41 (Ubuntu),403,1,39742,ModSecurity,React
Microsoft-IIS/10.0,200,0,46975,None,WordPress
BIG-IP,302,1,46476,F5_BIG_IP,Vue
BIG-IP,301,1,16929,F5_BIG_IP,Unknown
BigIP,403,1,6533,F5_BIG_IP,Spring_Boot
AWS,301,1,7849,AWS_WAF,WordPress
CloudFront,404,1,33589,AWS_WAF,WordPress
nginx/1.18.0,403,1,5059,ModSecurity,Laravel
Incapsula,403,1,7393,Imperva,Node.js
cloudflare,302,1,14536,Cloudflare,ASP.NET
Incapsula,403,1,11724,Imperva,Vue
AmazonS3,403,1,38037,AWS_WAF,Vue
Apache/2.4.41 (Ubuntu),404,1,2865,ModSecurity,Django
Sucuri/Cloudproxy,200,1,32293,Sucuri,Django
BIG-IP,302,1,7375,F5_BIG_IP,ASP.NET
Incapsula,404,1,40510,Imperva,Vue
Incapsula,404,1,46663,Imperva,Express
BIG-IP,403,1,33322,F5_BIG_IP,Express
cloudflare-nginx,403,1,41028,Cloudflare,Unknown
nginx/1.18.0,403,1,29056,ModSecurity,ASP.NET
BigIP,403,1,36260,F5_BIG_IP,WordPress
Incapsula,403,1,26141,Imperva,Vue
cloudflare,403,1,20740,Cloudflare,Unknown
nginx/1.18.0,403,1,39318,ModSecurity,Django
Incapsula,403,1,41313,Imperva,Express
Sucuri/Cloudproxy,500,1,29133,Sucuri,Spring_Boot
Incapsula,403,1,2939,Imperva,Node.js
BIG-IP,404,1,19634,F5_BIG_IP,Spring_Boot
Incapsula,200,1,19859,Imperva,Node.js
LiteSpeed,404,0,42627,None,React
nginx/1.18.0,404,1,35561,ModSecurity,Unknown
Apache/2.4.41,301,1,10629,None,React
cloudflare-nginx,500,1,18913,Cloudflare,WordPress
Sucuri/Cloudproxy,404,1,38000,Sucuri,Express
Incapsula,403,1,3427,Imperva,Vue
cloudflare,403,1,13687,Cloudflare,Express
CloudFront,301,1,49353,AWS_WAF,ASP.NET
nginx/1.18.0,200,1,17688,ModSecurity,Unknown
Microsoft-IIS/10.0,301,1,13017,None,Django
BIG-IP,404,1,2721,F5_BIG_IP,ASP.NET
Incapsula,200,1,24106,Imperva,WordPress
Apache/2.4.41 (Ubuntu),404,1,27654,ModSecurity,Laravel
nginx/1.18.0,404,1,11708,ModSecurity,React
CloudFront,301,1,888,AWS_WAF,Express
BIG-IP,500,1,14394,F5_BIG_IP,Express
Apache/2.4.41 (Ubuntu),404,1,2464,ModSecurity,Laravel
AmazonS3,403,1,27567,AWS_WAF,Laravel
cloudflare,403,1,19115,Cloudflare,Node.js
cloudflare,404,1,14553,Cloudflare,Node.js
Sucuri/Cloudproxy,500,1,20870,Sucuri,Laravel
Apache/2.4.41 (Ubuntu),403,1,25663,ModSecurity,ASP.NET
Incapsula,200,1,930,Imperva,WordPress
cloudflare-nginx,200,1,49831,Cloudflare,Unknown
cloudflare,403,1,2685,Cloudflare,Express
Sucuri/Cloudproxy,301,1,32775,Sucuri,Node.js
Apache/2.4.41 (Ubuntu),200,1,5135,ModSecurity,Django
nginx/1.18.0,403,1,42858,ModSecurity,Node.js
Sucuri/Cloudproxy,500,1,45592,Sucuri,React
cloudflare-nginx,403,1,40492,Cloudflare,React
Microsoft-IIS/10.0,301,1,31033,None,Spring_Boot
BigIP,301,1,24656,F5_BIG_IP,Express
Apache/2.4.41,302,0,10026,None,Laravel
AmazonS3,301,1,40368,AWS_WAF,Unknown
cloudflare-nginx,403,1,8955,Cloudflare,WordPress
Microsoft-IIS/10.0,404,0,1816,None,React
AWS,403,1,17021,AWS_WAF,ASP.NET
cloudflare-nginx,403,1,29946,Cloudflare,Node.js
cloudflare-nginx,200,1,34478,Cloudflare,Spring_Boot
BigIP,404,1,48373,F5_BIG_IP,Laravel
BIG-IP,403,1,18260,F5_BIG_IP,Vue
Microsoft-IIS/10.0,404,0,22526,None,Unknown
Apache/2.4.41 (Ubuntu),403,1,2497,ModSecurity,Node.js
AmazonS3,301,1,27037,AWS_WAF,React
Apache/2.4.41 (Ubuntu),404,1,26898,ModSecurity,Spring_Boot
Incapsula,301,1,38292,Imperva,Unknown
cloudflare-nginx,302,1,46684,Cloudflare,Spring_Boot
CloudFront,301,1,36020,AWS_WAF,ASP.NET
Apache/2.4.41 (Ubuntu),200,1,6602,ModSecurity,Unknown
Microsoft-IIS/10.0,500,0,41462,None,Laravel
BIG-IP,302,1,44206,F5_BIG_IP,Unknown
BIG-IP,403,1,12532,F5_BIG_IP,Spring_Boot
AWS,403,1,49099,AWS_WAF,Node.js
Apache/2.4.41,500,0,43176,None,React
cloudflare-nginx,403,1,29741,Cloudflare,Node.js
nginx/1.18.0,200,0,4515,None,Unknown
BIG-IP,301,1,46149,F5_BIG_IP,WordPress
Apache/2.4.41 (Ubuntu),302,1,40780,ModSecurity,WordPress
Apache/2.4.41 (Ubuntu),403,1,5337,ModSecurity,ASP.NET
nginx/1.18.0,500,1,23311,ModSecurity,Spring_Boot
Apache/2.4.41 (Ubuntu),500,1,22480,ModSecurity,Vue
cloudflare,404,1,45324,Cloudflare,Django
Microsoft-IIS/10.0,404,1,33616,None,Laravel
AWS,403,1,44522,AWS_WAF,Express
nginx/1.18.0,500,0,17550,None,React
Sucuri/Cloudproxy,403,1,33999,Sucuri,WordPress
cloudflare-nginx,301,1,14953,Cloudflare,Express
Apache/2.4.41 (Ubuntu),200,1,27429,ModSecurity,React
BigIP,403,1,12803,F5_BIG_IP,Unknown
Incapsula,500,1,8094,Imperva,Spring_Boot
Sucuri/Cloudproxy,301,1,33430,Sucuri,Express
Apache/2.4.41 (Ubuntu),302,1,15688,ModSecurity,Unknown
BIG-IP,403,1,47072,F5_BIG_IP,Express
cloudflare,301,1,1283,Cloudflare,Vue
Incapsula,302,1,35126,Imperva,WordPress
Incapsula,404,1,31527,Imperva,Laravel
BigIP,403,1,41911,F5_BIG_IP,Laravel
Sucuri/Cloudproxy,301,1,2656,Sucuri,Express
LiteSpeed,301,0,26131,None,Laravel
Apache/2.4.41 (Ubuntu),302,1,33363,ModSecurity,Unknown
cloudflare,403,1,6828,Cloudflare,Unknown
Sucuri/Cloudproxy,403,1,25576,Sucuri,Vue
cloudflare,404,1,16125,Cloudflare,WordPress
CloudFront,200,1,6350,AWS_WAF,Spring_Boot
BIG-IP,403,1,12821,F5_BIG_IP,React
Apache/2.4.41,302,0,17408,None,Django
AWS,403,1,46113,AWS_WAF,ASP.NET
Microsoft-IIS/10.0,301,0,19932,None,Vue
Sucuri/Cloudproxy,403,1,19087,Sucuri,Unknown
Sucuri/Cloudproxy,301,1,36190,Sucuri,WordPress
cloudflare,500,1,33093,Cloudflare,Unknown
AmazonS3,403,1,25738,AWS_WAF,Spring_Boot
Sucuri/Cloudproxy,200,1,30359,Sucuri,Laravel
Microsoft-IIS/10.0,200,0,27851,None,Unknown
BIG-IP,403,1,3424,F5_BIG_IP,Vue
cloudflare-nginx,403,1,7748,Cloudflare,Node.js
BIG-IP,302,1,49257,F5_BIG_IP,WordPress
nginx/1.18.0,302,1,45747,ModSecurity,React
CloudFront,200,1,2087,AWS_WAF,ASP.NET
Incapsula,404,1,18223,Imperva,Unknown
BigIP,403,1,25224,F5_BIG_IP,Django
Microsoft-IIS/10.0,301,1,11313,None,Laravel
CloudFront,403,1,5193,AWS_WAF,WordPress
Apache/2.4.41 (Ubuntu),404,1,15910,ModSecurity,Laravel
cloudflare,403,1,42555,Cloudflare,Express
BigIP,403,1,21656,F5_BIG_IP,React
Sucuri/Cloudproxy,500,1,25684,Sucuri,Unknown
CloudFront,301,1,7130,AWS_WAF,Django
Sucuri/Cloudproxy,403,1,41333,Sucuri,WordPress
nginx/1.18.0,500,1,41603,None,Django
Sucuri/Cloudproxy,500,1,28591,Sucuri,Spring_Boot
Incapsula,403,1,6502,Imperva,Vue
nginx/1.18.0,404,1,7862,ModSecurity,Django
Apache/2.4.41,302,0,29267,None,Vue
BIG-IP,301,1,7048,F5_BIG_IP,Unknown
AmazonS3,404,1,3061,AWS_WAF,React
Incapsula,302,1,18831,Imperva,Spring_Boot
Apache/2.4.41 (Ubuntu),403,1,42630,ModSecurity,Vue
CloudFront,200,1,7879,AWS_WAF,ASP.NET
BIG-IP,301,1,2992,F5_BIG_IP,Unknown
Apache/2.4.41,301,0,17698,None,Vue
LiteSpeed,301,0,44749,None,Express
BigIP,200,1,43779,F5_BIG_IP,React
AmazonS3,403,1,24213,AWS_WAF,Spring_Boot
Incapsula,404,1,48564,Imperva,Vue
BigIP,500,1,44997,F5_BIG_IP,WordPress
Incapsula,302,1,23684,Imperva,Express
Apache/2.4.41,200,0,49145,None,Django
BIG-IP,200,1,41450,F5_BIG_IP,ASP.NET
Apache/2.4.41,500,0,23041,None,Laravel
Apache/2.4.41 (Ubuntu),403,1,15952,ModSecurity,WordPress
Microsoft-IIS/10.0,200,1,27839,None,Vue
BigIP,404,1,25414,F5_BIG_IP,Django
Incapsula,500,1,3284,Imperva,Unknown
Apache/2.4.41 (Ubuntu),403,1,28895,ModSecurity,Spring_Boot
nginx/1.18.0,301,1,37704,ModSecurity,ASP.NET
Sucuri/Cloudproxy,302,1,35089,Sucuri,Unknown
nginx/1.18.0,200,0,36142,None,Node.js
AmazonS3,500,1,1162,AWS_WAF,Laravel
Apache/2.4.41 (Ubuntu),403,1,25802,ModSecurity,Express
BigIP,301,1,16408,F5_BIG_IP,Unknown
Sucuri/Cloudproxy,302,1,2195,Sucuri,Spring_Boot
BIG-IP,404,1,47173,F5_BIG_IP,Express
BIG-IP,302,1,8531,F5_BIG_IP,Express
nginx/1.18.0,301,1,34032,None,Unknown
cloudflare-nginx,500,1,45866,Cloudflare,React
nginx/1.18.0,200,1,10996,ModSecurity,Unknown
Incapsula,500,1,11618,Imperva,Vue
Sucuri/Cloudproxy,301,1,43707,Sucuri,ASP.NET
Sucuri/Cloudproxy,403,1,34526,Sucuri,ASP.NET
AmazonS3,302,1,39634,AWS_WAF,Vue
Incapsula,404,1,13907,Imperva,Spring_Boot
Microsoft-IIS/10.0,301,1,2149,None,Unknown
BIG-IP,403,1,47438,F5_BIG_IP,Node.js
Apache/2.4.41 (Ubuntu),403,1,33613,ModSecurity,ASP.NET
cloudflare,301,1,27580,Cloudflare,Unknown
Incapsula,403,1,21867,Imperva,Express
CloudFront,404,1,10245,AWS_WAF,ASP.NET
BIG-IP,302,1,19769,F5_BIG_IP,Django
cloudflare-nginx,403,1,12006,Cloudflare,React
Sucuri/Cloudproxy,404,1,44600,Sucuri,Express
LiteSpeed,500,1,33683,None,Django
BIG-IP,403,1,6123,F5_BIG_IP,Laravel
Apache/2.4.41,500,0,22320,None,Unknown
LiteSpeed,200,1,915,None,Django
Microsoft-IIS/10.0,200,0,28789,None,React
Incapsula,301,1,22073,Imperva,Spring_Boot
Incapsula,403,1,22492,Imperva,Django
BIG-IP,403,1,49235,F5_BIG_IP,Express
Incapsula,301,1,39856,Imperva,Laravel
Microsoft-IIS/10.0,200,0,29349,None,Unknown
nginx/1.18.0,302,0,11834,None,Vue
Incapsula,200,1,37952,Imperva,Unknown
Sucuri/Cloudproxy,404,1,31351,Sucuri,Vue
CloudFront,301,1,25169,AWS_WAF,ASP.NET
Microsoft-IIS/10.0,200,1,38385,None,Vue
cloudflare,403,1,35572,Cloudflare,Vue
Apache/2.4.41 (Ubuntu),403,1,9973,ModSecurity,React
CloudFront,200,1,12597,AWS_WAF,React
nginx/1.18.0,200,1,11730,ModSecurity,Django
Sucuri/Cloudproxy,403,1,21141,Sucuri,ASP.NET
BigIP,301,1,5210,F5_BIG_IP,Express
nginx/1.18.0,200,1,13749,ModSecurity,Spring_Boot
nginx/1.18.0,500,1,22270,ModSecurity,WordPress
BIG-IP,404,1,17097,F5_BIG_IP,Node.js
Incapsula,403,1,22700,Imperva,Express
Incapsula,403,1,1981,Imperva,Laravel
BigIP,500,1,41165,F5_BIG_IP,ASP.NET
Apache/2.4.41,302,0,29577,None,Vue
cloudflare-nginx,403,1,44261,Cloudflare,Vue
AmazonS3,403,1,4591,AWS_WAF,Unknown
Microsoft-IIS/10.0,301,0,20363,None,Vue
CloudFront,403,1,33733,AWS_WAF,Vue
cloudflare,404,1,12360,Cloudflare,Laravel
BIG-IP,302,1,33767,F5_BIG_IP,Spring_Boot
CloudFront,403,1,49545,AWS_WAF,WordPress
Incapsula,302,1,9072,Imperva,Spring_Boot
Incapsula,301,1,35988,Imperva,Spring_Boot
cloudflare,403,1,15547,Cloudflare,Node.js
BigIP,403,1,7674,F5_BIG_IP,Unknown
cloudflare-nginx,403,1,17209,Cloudflare,Spring_Boot
Incapsula,500,1,32354,Imperva,Laravel
Sucuri/Cloudproxy,403,1,12239,Sucuri,React
AmazonS3,403,1,49048,AWS_WAF,Node.js
CloudFront,403,1,35586,AWS_WAF,Spring_Boot
Sucuri/Cloudproxy,301,1,48117,Sucuri,Express
Sucuri/Cloudproxy,404,1,28658,Sucuri,Laravel
Apache/2.4.41,302,1,13507,None,Unknown
Apache/2.4.41 (Ubuntu),404,1,16302,ModSecurity,Laravel
BigIP,404,1,40936,F5_BIG_IP,ASP.NET
Sucuri/Cloudproxy,500,1,9111,Sucuri,React
Incapsula,403,1,26636,Imperva,Spring_Boot
BigIP,301,1,44504,F5_BIG_IP,Spring_Boot
Incapsula,403,1,46030,Imperva,WordPress
BIG-IP,302,1,39272,F5_BIG_IP,Django
nginx/1.18.0,404,1,33363,ModSecurity,Unknown
Sucuri/Cloudproxy,403,1,48958,Sucuri,Django
cloudflare-nginx,403,1,43076,Cloudflare,Unknown
Apache/2.4.41 (Ubuntu),500,1,42003,ModSecurity,Django
nginx/1.18.0,403,1,2518,ModSecurity,Unknown
cloudflare-nginx,302,1,43653,Cloudflare,Django
Incapsula,302,1,5741,Imperva,React
nginx/1.18.0,200,1,11253,ModSecurity,Express
cloudflare-nginx,200,1,18737,Cloudflare,React
Apache/2.4.41 (Ubuntu),302,1,28661,ModSecurity,Django
cloudflare-nginx,403,1,49541,Cloudflare,Unknown
Apache/2.4.41 (Ubuntu),200,1,4511,ModSecurity,Node.js
cloudflare,500,1,15607,Cloudflare,Unknown
Incapsula,403,1,24033,Imperva,Vue
cloudflare-nginx,404,1,11847,Cloudflare,Unknown
nginx/1.18.0,500,1,5534,None,Laravel
cloudflare,301,1,40776,Cloudflare,Laravel
LiteSpeed,500,0,7724,None,React
Microsoft-IIS/10.0,200,0,5503,None,ASP.NET
Incapsula,403,1,34956,Imperva,WordPress
cloudflare-nginx,301,1,32980,Cloudflare,ASP.NET
nginx/1.18.0,403,1,36417,ModSecurity,Node.js
AWS,404,1,16888,AWS_WAF,Express
Sucuri/Cloudproxy,403,1,33210,Sucuri,Laravel
AmazonS3,404,1,10657,AWS_WAF,ASP.NET
Incapsula,302,1,11727,Imperva,Vue
Apache/2.4.41 (Ubuntu),404,1,41463,ModSecurity,WordPress
LiteSpeed,302,0,44164,None,ASP.NET
nginx/1.18.0,500,1,5003,None,React
cloudflare-nginx,403,1,26470,Cloudflare,Express
Apache/2.4.41 (Ubuntu),403,1,19975,ModSecurity,Node.js
Sucuri/Cloudproxy,302,1,970,Sucuri,Vue
nginx/1.18.0,301,1,44172,ModSecurity,React
CloudFront,403,1,20796,AWS_WAF,Node.js
BIG-IP,200,1,27254,F5_BIG_IP,Laravel
AWS,302,1,49890,AWS_WAF,Spring_Boot
CloudFront,403,1,25872,AWS_WAF,Vue
AWS,500,1,21104,AWS_WAF,Spring_Boot
nginx/1.18.0,404,1,6395,ModSecurity,Node.js
AmazonS3,403,1,5567,AWS_WAF,WordPress
Incapsula,403,1,14154,Imperva,WordPress
nginx/1.18.0,500,1,25051,ModSecurity,Spring_Boot
Incapsula,301,1,49801,Imperva,WordPress
AWS,403,1,9308,AWS_WAF,WordPress
Apache/2.4.41 (Ubuntu),403,1,39359,ModSecurity,ASP.NET
nginx/1.18.0,500,1,30093,ModSecurity,WordPress
cloudflare-nginx,403,1,42048,Cloudflare,Spring_Boot
LiteSpeed,200,0,6055,None,React
nginx/1.18.0,302,0,16924,None,WordPress
nginx/1.18.0,200,0,33004,None,Unknown
Apache/2.4.41 (Ubuntu),302,1,46648,ModSecurity,Node.js
nginx/1.18.0,404,1,12731,ModSecurity,React
Microsoft-IIS/10.0,200,0,42787,None,Vue
Apache/2.4.41 (Ubuntu),403,1,37469,ModSecurity,React
CloudFront,403,1,27936,AWS_WAF,Node.js
AmazonS3,302,1,35137,AWS_WAF,Vue
BIG-IP,403,1,45954,F5_BIG_IP,ASP.NET
Sucuri/Cloudproxy,403,1,15019,Sucuri,Laravel
Incapsula,403,1,32463,Imperva,Django
AmazonS3,200,1,15715,AWS_WAF,Vue
AWS,403,1,21259,AWS_WAF,Vue
Sucuri/Cloudproxy,500,1,18659,Sucuri,Vue
Incapsula,200,1,24640,Imperva,Laravel
AWS,200,1,44279,AWS_WAF,Express
LiteSpeed,302,0,3246,None,Unknown
Incapsula,404,1,852,Imperva,Django
cloudflare-nginx,403,1,47355,Cloudflare,Node.js
Sucuri/Cloudproxy,403,1,40292,Sucuri,Laravel
Incapsula,301,1,16462,Imperva,Spring_Boot
Incapsula,301,1,7040,Imperva,Django
nginx/1.18.0,404,0,9952,None,Django
Incapsula,404,1,21414,Imperva,Laravel
Incapsula,302,1,40785,Imperva,Django
nginx/1.18.0,403,1,6943,ModSecurity,ASP.NET
Incapsula,301,1,36849,Imperva,React
AWS,302,1,20656,AWS_WAF,Django
CloudFront,403,1,40581,AWS_WAF,Vue
cloudflare-nginx,500,1,47410,Cloudflare,Express
nginx/1.18.0,404,1,19400,ModSecurity,Express
AWS,302,1,47561,AWS_WAF,Django
nginx/1.18.0,500,1,17852,ModSecurity,Unknown
BIG-IP,200,1,48199,F5_BIG_IP,Unknown
AmazonS3,404,1,28903,AWS_WAF,Express
Microsoft-IIS/10.0,200,0,26299,None,WordPress
CloudFront,403,1,4085,AWS_WAF,React
Incapsula,403,1,37485,Imperva,Laravel
Incapsula,500,1,33155,Imperva,Express
CloudFront,403,1,31335,AWS_WAF,React
Incapsula,500,1,1569,Imperva,Spring_Boot
CloudFront,301,1,27762,AWS_WAF,WordPress
BIG-IP,301,1,44865,F5_BIG_IP,React
Incapsula,500,1,19988,Imperva,ASP.NET
Incapsula,403,1,18709,Imperva,Laravel
cloudflare-nginx,403,1,47184,Cloudflare,Spring_Boot
CloudFront,301,1,10026,AWS_WAF,React
cloudflare,403,1,6018,Cloudflare,WordPress
cloudflare-nginx,403,1,15124,Cloudflare,Express
nginx/1.18.0,403,1,32437,ModSecurity,Spring_Boot
Apache/2.4.41 (Ubuntu),403,1,3701,ModSecurity,Laravel
Incapsula,500,1,33641,Imperva,Laravel
Microsoft-IIS/10.0,200,0,10779,None,Django
nginx/1.18.0,200,1,7833,ModSecurity,Node.js
nginx/1.18.0,302,1,36614,ModSecurity,Vue
AWS,404,1,19193,AWS_WAF,Vue
Sucuri/Cloudproxy,404,1,6294,Sucuri,Laravel
Incapsula,403,1,41934,Imperva,Vue
Incapsula,200,1,1199,Imperva,Spring_Boot
AmazonS3,301,1,6796,AWS_WAF,React
CloudFront,500,1,22123,AWS_WAF,WordPress
Sucuri/Cloudproxy,301,1,15643,Sucuri,Laravel
BigIP,403,1,38141,F5_BIG_IP,Spring_Boot
Sucuri/Cloudproxy,302,1,39451,Sucuri,Node.js
cloudflare-nginx,403,1,45506,Cloudflare,ASP.NET
Sucuri/Cloudproxy,403,1,39317,Sucuri,Laravel
AWS,302,1,43074,AWS_WAF,Laravel
AWS,403,1,24369,AWS_WAF,Vue
Incapsula,500,1,46219,Imperva,Node.js
AmazonS3,404,1,2785,AWS_WAF,React
CloudFront,200,1,36648,AWS_WAF,WordPress
CloudFront,301,1,23831,AWS_WAF,Django
AmazonS3,403,1,24575,AWS_WAF,Django
CloudFront,403,1,30870,AWS_WAF,Spring_Boot
Microsoft-IIS/10.0,404,0,41787,None,Spring_Boot
AWS,301,1,12646,AWS_WAF,ASP.NET
Incapsula,404,1,43594,Imperva,Laravel
Microsoft-IIS/10.0,404,1,20957,None,Express
Microsoft-IIS/10.0,301,0,9655,None,Django
Apache/2.4.41 (Ubuntu),403,1,10252,ModSecurity,Unknown
BIG-IP,301,1,10141,F5_BIG_IP,ASP.NET
CloudFront,301,1,33233,AWS_WAF,Express
cloudflare-nginx,302,1,47882,Cloudflare,Express
Microsoft-IIS/10.0,500,0,24051,None,Laravel
BIG-IP,403,1,39513,F5_BIG_IP,React
cloudflare-nginx,500,1,6947,Cloudflare,Vue
Incapsula,403,1,796,Imperva,Vue
CloudFront,403,1,33609,AWS_WAF,WordPress
LiteSpeed,500,1,15617,None,Django
AmazonS3,403,1,12384,AWS_WAF,WordPress
Sucuri/Cloudproxy,302,1,43970,Sucuri,Vue
BIG-IP,302,1,47856,F5_BIG_IP,Node.js
nginx/1.18.0,403,1,19273,ModSecurity,Laravel
Microsoft-IIS/10.0,302,0,998,None,Spring_Boot
Apache/2.4.41,200,0,6130,None,Unknown
Microsoft-IIS/10.0,301,1,33970,None,Express
CloudFront,500,1,20524,AWS_WAF,Spring_Boot
Sucuri/Cloudproxy,301,1,36606,Sucuri,ASP.NET
nginx/1.18.0,500,1,41527,ModSecurity,Laravel
Sucuri/Cloudproxy,500,1,16993,Sucuri,Unknown
cloudflare,403,1,10988,Cloudflare,ASP.NET
Incapsula,403,1,33326,Imperva,Django
Apache/2.4.41 (Ubuntu),200,1,1559,ModSecurity,Spring_Boot
Incapsula,404,1,36950,Imperva,Django
LiteSpeed,301,1,22551,None,Vue
Incapsula,404,1,15053,Imperva,WordPress
nginx/1.18.0,200,0,2385,None,Unknown
nginx/1.18.0,500,1,45360,ModSecurity,Vue
BIG-IP,403,1,35202,F5_BIG_IP,Vue
BIG-IP,301,1,27578,F5_BIG_IP,Vue
Sucuri/Cloudproxy,302,1,14682,Sucuri,Express
BigIP,302,1,33612,F5_BIG_IP,Spring_Boot
Incapsula,302,1,26245,Imperva,Django
Incapsula,200,1,22115,Imperva,Vue
BIG-IP,200,1,40572,F5_BIG_IP,Spring_Boot
BIG-IP,403,1,27726,F5_BIG_IP,Express
Incapsula,403,1,48656,Imperva,Vue
LiteSpeed,404,1,38249,None,WordPress
AmazonS3,200,1,9900,AWS_WAF,React
BIG-IP,403,1,3849,F5_BIG_IP,Unknown
Sucuri/Cloudproxy,301,1,48245,Sucuri,Django
Microsoft-IIS/10.0,302,0,17833,None,React
nginx/1.18.0,403,1,8066,ModSecurity,Django
cloudflare,404,1,20172,Cloudflare,ASP.NET
AmazonS3,403,1,20754,AWS_WAF,Django
Sucuri/Cloudproxy,403,1,5215,Sucuri,ASP.NET
Sucuri/Cloudproxy,301,1,41126,Sucuri,React
cloudflare-nginx,403,1,3963,Cloudflare,WordPress
Apache/2.4.41 (Ubuntu),500,1,2061,ModSecurity,React
AmazonS3,403,1,26625,AWS_WAF,Express
nginx/1.18.0,404,1,15210,ModSecurity,Node.js
BigIP,404,1,9751,F5_BIG_IP,Express
Incapsula,302,1,4381,Imperva,Spring_Boot
BIG-IP,200,1,16117,F5_BIG_IP,Spring_Boot
BigIP,302,1,14755,F5_BIG_IP,ASP.NET
Incapsula,403,1,36915,Imperva,Unknown
Apache/2.4.41,500,0,34927,None,Unknown
cloudflare,500,1,12352,Cloudflare,Express
BigIP,403,1,25833,F5_BIG_IP,React
Apache/2.4.41,404,0,24162,None,Spring_Boot
Apache/2.4.41 (Ubuntu),301,1,4415,ModSecurity,Unknown
Apache/2.4.41 (Ubuntu),404,1,31394,ModSecurity,React
Incapsula,302,1,11635,Imperva,ASP.NET
Sucuri/Cloudproxy,301,1,30576,Sucuri,ASP.NET
cloudflare-nginx,301,1,14426,Cloudflare,Laravel
LiteSpeed,500,1,10522,None,React
cloudflare-nginx,500,1,20143,Cloudflare,ASP.NET
Incapsula,404,1,2759,Imperva,Node.js
Apache/2.4.41 (Ubuntu),500,1,24404,ModSecurity,Django
Apache/2.4.41,500,1,16242,None,React
Sucuri/Cloudproxy,302,1,39903,Sucuri,WordPress
Apache/2.4.41,500,0,20542,None,Laravel
cloudflare-nginx,200,1,44329,Cloudflare,Spring_Boot
Incapsula,403,1,40716,Imperva,Express
cloudflare,302,1,41297,Cloudflare,Node.js
Apache/2.4.41,500,0,36514,None,Unknown
cloudflare-nginx,404,1,25732,Cloudflare,ASP.NET
cloudflare,403,1,43238,Cloudflare,Laravel
Sucuri/Cloudproxy,403,1,22297,Sucuri,Node.js
cloudflare-nginx,200,1,35446,Cloudflare,Vue
nginx/1.18.0,403,1,45232,ModSecurity,Laravel
cloudflare,403,1,42065,Cloudflare,Django
BIG-IP,302,1,10882,F5_BIG_IP,Vue
Apache/2.4.41,200,0,25930,None,Spring_Boot
Microsoft-IIS/10.0,200,1,4945,None,Unknown
Apache/2.4.41,302,1,39656,None,WordPress
Sucuri/Cloudproxy,403,1,7954,Sucuri,ASP.NET
BigIP,500,1,22847,F5_BIG_IP,Node.js
BIG-IP,403,1,12644,F5_BIG_IP,Vue
Sucuri/Cloudproxy,302,1,32054,Sucuri,WordPress
Sucuri/Cloudproxy,500,1,12875,Sucuri,Django
Apache/2.4.41 (Ubuntu),403,1,30792,ModSecurity,Spring_Boot
Apache/2.4.41 (Ubuntu),200,1,42817,ModSecurity,Laravel
Sucuri/Cloudproxy,302,1,44948,Sucuri,Spring_Boot
Sucuri/Cloudproxy,403,1,3700,Sucuri,Vue
Sucuri/Cloudproxy,200,1,4868,Sucuri,Unknown
AmazonS3,403,1,17801,AWS_WAF,React
cloudflare-nginx,500,1,17060,Cloudflare,Laravel
BigIP,200,1,35621,F5_BIG_IP,Laravel
AWS,403,1,34498,AWS_WAF,ASP.NET
AmazonS3,200,1,12066,AWS_WAF,Spring_Boot
nginx/1.18.0,500,1,19064,ModSecurity,Express
nginx/1.18.0,404,1,44664,ModSecurity,Unknown
nginx/1.18.0,301,0,3758,None,ASP.NET
Incapsula,403,1,44488,Imperva,WordPress
CloudFront,404,1,34650,AWS_WAF,Vue
BigIP,403,1,9373,F5_BIG_IP,Express
Sucuri/Cloudproxy,403,1,47149,Sucuri,Vue
Incapsula,404,1,26020,Imperva,Vue
LiteSpeed,404,0,37129,None,Laravel
nginx/1.18.0,500,1,43158,ModSecurity,WordPress
cloudflare,403,1,13122,Cloudflare,Laravel
nginx/1.18.0,500,1,4698,None,Laravel
Sucuri/Cloudproxy,403,1,12657,Sucuri,Django
BigIP,403,1,26440,F5_BIG_IP,WordPress
nginx/1.18.0,302,1,16882,ModSecurity,WordPress
Apache/2.4.41 (Ubuntu),403,1,42735,ModSecurity,Vue
Incapsula,403,1,9172,Imperva,Unknown
cloudflare,403,1,22045,Cloudflare,Spring_Boot
Incapsula,301,1,45509,Imperva,Laravel
Sucuri/Cloudproxy,500,1,24777,Sucuri,Django
BIG-IP,403,1,30926,F5_BIG_IP,Laravel
Apache/2.4.41 (Ubuntu),403,1,22851,ModSecurity,Laravel
Incapsula,301,1,19026,Imperva,Vue
Apache/2.4.41 (Ubuntu),403,1,2518,ModSecurity,Vue
Sucuri/Cloudproxy,301,1,27311,Sucuri,Node.js
nginx/1.18.0,200,0,15830,None,Vue
Incapsula,403,1,21409,Imperva,Unknown
Incapsula,403,1,41572,Imperva,Django
Incapsula,302,1,10565,Imperva,Laravel
Sucuri/Cloudproxy,302,1,31259,Sucuri,WordPress
CloudFront,403,1,39774,AWS_WAF,Laravel
Microsoft-IIS/10.0,301,0,33423,None,Django
BigIP,302,1,26373,F5_BIG_IP,Node.js
LiteSpeed,404,0,27839,None,Unknown
Incapsula,301,1,13081,Imperva,Vue
Incapsula,404,1,21559,Imperva,Laravel
Incapsula,404,1,32176,Imperva,Laravel
AWS,500,1,33913,AWS_WAF,Unknown
nginx/1.18.0,200,1,22024,ModSecurity,React
BIG-IP,301,1,20118,F5_BIG_IP,ASP.NET
BIG-IP,404,1,38014,F5_BIG_IP,React
Sucuri/Cloudproxy,403,1,39995,Sucuri,Express
AmazonS3,403,1,40620,AWS_WAF,React
cloudflare-nginx,200,1,23561,Cloudflare,Laravel
Sucuri/Cloudproxy,200,1,29270,Sucuri,Express
Sucuri/Cloudproxy,200,1,28351,Sucuri,WordPress
Incapsula,200,1,17936,Imperva,ASP.NET
Apache/2.4.41,302,0,22616,None,Spring_Boot
AWS,500,1,37033,AWS_WAF,Unknown
cloudflare-nginx,404,1,180,Cloudflare,Express
nginx/1.18.0,403,1,41715,ModSecurity,Express
BigIP,403,1,10128,F5_BIG_IP,Express
Microsoft-IIS/10.0,500,0,44712,None,Unknown
cloudflare,301,1,36254,Cloudflare,ASP.NET
Sucuri/Cloudproxy,200,1,41855,Sucuri,Django
cloudflare-nginx,403,1,49429,Cloudflare,Laravel
BIG-IP,403,1,16549,F5_BIG_IP,Node.js
Microsoft-IIS/10.0,301,0,23859,None,React
cloudflare-nginx,302,1,11896,Cloudflare,Node.js
cloudflare,301,1,47763,Cloudflare,Django
cloudflare-nginx,301,1,17144,Cloudflare,Django
CloudFront,404,1,32388,AWS_WAF,Unknown
Incapsula,403,1,13192,Imperva,React
cloudflare,403,1,28311,Cloudflare,Express
Microsoft-IIS/10.0,404,0,13956,None,Spring_Boot
Sucuri/Cloudproxy,403,1,33880,Sucuri,ASP.NET
Incapsula,403,1,35090,Imperva,Node.js
BIG-IP,403,1,15541,F5_BIG_IP,WordPress
cloudflare,403,1,12726,Cloudflare,React
Apache/2.4.41 (Ubuntu),403,1,5655,ModSecurity,Vue
AmazonS3,500,1,42056,AWS_WAF,React
AmazonS3,301,1,34326,AWS_WAF,Vue
cloudflare-nginx,403,1,31038,Cloudflare,WordPress
nginx/1.18.0,403,1,36594,ModSecurity,ASP.NET
nginx/1.18.0,403,1,46712,ModSecurity,Laravel
BigIP,200,1,20828,F5_BIG_IP,WordPress
BIG-IP,301,1,2070,F5_BIG_IP,ASP.NET
Apache/2.4.41 (Ubuntu),403,1,6552,ModSecurity,ASP.NET
BigIP,302,1,3058,F5_BIG_IP,Django
Incapsula,404,1,48554,Imperva,Spring_Boot
Sucuri/Cloudproxy,301,1,29759,Sucuri,Express
nginx/1.18.0,301,1,48269,None,React
Incapsula,404,1,5310,Imperva,WordPress
cloudflare,403,1,31100,Cloudflare,Spring_Boot
cloudflare-nginx,302,1,12479,Cloudflare,Unknown
Apache/2.4.41 (Ubuntu),403,1,15758,ModSecurity,Express
cloudflare,403,1,4856,Cloudflare,Laravel
cloudflare,403,1,20030,Cloudflare,WordPress
CloudFront,500,1,47571,AWS_WAF,Spring_Boot
Incapsula,403,1,46854,Imperva,Express
Apache/2.4.41 (Ubuntu),302,1,2554,ModSecurity,Express
Incapsula,403,1,36757,Imperva,ASP.NET
AmazonS3,403,1,2472,AWS_WAF,Node.js
AWS,200,1,7526,AWS_WAF,WordPress
Incapsula,403,1,29825,Imperva,Laravel
BigIP,403,1,42698,F5_BIG_IP,Laravel
nginx/1.18.0,403,1,3971,ModSecurity,Laravel
Microsoft-IIS/10.0,500,0,19480,None,Spring_Boot
CloudFront,403,1,12815,AWS_WAF,React
cloudflare,404,1,35488,Cloudflare,Django
cloudflare,302,1,13821,Cloudflare,Unknown
BigIP,302,1,10879,F5_BIG_IP,Laravel
Incapsula,500,1,17170,Imperva,Node.js
cloudflare-nginx,302,1,34948,Cloudflare,Unknown
Incapsula,301,1,40643,Imperva,Unknown
Sucuri/Cloudproxy,302,1,46450,Sucuri,Express
AmazonS3,403,1,23286,AWS_WAF,WordPress
Sucuri/Cloudproxy,500,1,23340,Sucuri,Node.js
AmazonS3,302,1,19534,AWS_WAF,Node.js
Apache/2.4.41 (Ubuntu),301,1,45055,ModSecurity,WordPress
Microsoft-IIS/10.0,500,0,36551,None,ASP.NET
Apache/2.4.41 (Ubuntu),200,1,15274,ModSecurity,Node.js
nginx/1.18.0,500,1,14405,None,Laravel
AmazonS3,302,1,8828,AWS_WAF,WordPress
Incapsula,403,1,34158,Imperva,Node.js
LiteSpeed,500,0,20967,None,WordPress
AWS,403,1,42095,AWS_WAF,Spring_Boot
cloudflare-nginx,403,1,591,Cloudflare,Vue
Sucuri/Cloudproxy,301,1,23549,Sucuri,Unknown
Sucuri/Cloudproxy,403,1,1691,Sucuri,WordPress
Sucuri/Cloudproxy,500,1,28780,Sucuri,Django
cloudflare-nginx,403,1,6611,Cloudflare,Spring_Boot
Sucuri/Cloudproxy,403,1,9751,Sucuri,Spring_Boot
Incapsula,403,1,42848,Imperva,Node.js
Sucuri/Cloudproxy,403,1,40400,Sucuri,WordPress
BigIP,500,1,6665,F5_BIG_IP,ASP.NET
nginx/1.18.0,403,1,35138,ModSecurity,Spring_Boot
Microsoft-IIS/10.0,302,0,22516,None,Vue
AmazonS3,404,1,35707,AWS_WAF,ASP.NET
cloudflare-nginx,403,1,28408,Cloudflare,Vue
Sucuri/Cloudproxy,301,1,45078,Sucuri,React
AmazonS3,403,1,31620,AWS_WAF,Express
Apache/2.4.41 (Ubuntu),404,1,9744,ModSecurity,Spring_Boot
cloudflare-nginx,302,1,47023,Cloudflare,Spring_Boot
Sucuri/Cloudproxy,301,1,46982,Sucuri,WordPress
Sucuri/Cloudproxy,403,1,37986,Sucuri,Node.js
nginx/1.18.0,403,1,23511,ModSecurity,Node.js
Sucuri/Cloudproxy,301,1,38982,Sucuri,WordPress
Incapsula,500,1,1138,Imperva,Django
Incapsula,301,1,15886,Imperva,Unknown
Microsoft-IIS/10.0,301,0,39853,None,ASP.NET
cloudflare,404,1,7429,Cloudflare,Spring_Boot
Incapsula,403,1,12072,Imperva,Express
Incapsula,403,1,42420,Imperva,WordPress
CloudFront,404,1,24046,AWS_WAF,Vue
BIG-IP,403,1,14042,F5_BIG_IP,Django
AmazonS3,403,1,32891,AWS_WAF,Unknown
Incapsula,403,1,30556,Imperva,ASP.NET
Incapsula,301,1,30495,Imperva,React
Incapsula,301,1,35559,Imperva,ASP.NET
Apache/2.4.41,301,1,34670,None,React
cloudflare-nginx,403,1,33757,Cloudflare,Spring_Boot
Sucuri/Cloudproxy,404,1,25901,Sucuri,ASP.NET
Sucuri/Cloudproxy,302,1,24329,Sucuri,React
Sucuri/Cloudproxy,302,1,8519,Sucuri,ASP.NET
Incapsula,403,1,48889,Imperva,Spring_Boot
Incapsula,403,1,7575,Imperva,Express
Incapsula,302,1,26468,Imperva,Unknown
Apache/2.4.41 (Ubuntu),302,1,16411,ModSecurity,ASP.NET
AmazonS3,403,1,24254,AWS_WAF,Express
Incapsula,403,1,47943,Imperva,Django
Sucuri/Cloudproxy,301,1,6919,Sucuri,Express
Incapsula,403,1,47924,Imperva,Express
Sucuri/Cloudproxy,200,1,45916,Sucuri,Vue
Apache/2.4.41,301,0,9859,None,WordPress
Incapsula,302,1,20009,Imperva,React
cloudflare-nginx,403,1,49661,Cloudflare,Spring_Boot
Sucuri/Cloudproxy,200,1,41459,Sucuri,Express
cloudflare-nginx,403,1,41960,Cloudflare,Unknown
AWS,500,1,48096,AWS_WAF,Vue
BigIP,403,1,3893,F5_BIG_IP,ASP.NET
cloudflare-nginx,404,1,31778,Cloudflare,Vue
cloudflare-nginx,302,1,1864,Cloudflare,Laravel
CloudFront,403,1,11004,AWS_WAF,Laravel
Incapsula,302,1,38065,Imperva,Spring_Boot
Incapsula,403,1,43599,Imperva,React
Apache/2.4.41,302,0,14928,None,WordPress
BigIP,500,1,32416,F5_BIG_IP,Django
nginx/1.18.0,302,1,19238,ModSecurity,Node.js
CloudFront,302,1,38869,AWS_WAF,Laravel
cloudflare-nginx,500,1,12322,Cloudflare,Vue
Incapsula,500,1,38711,Imperva,Unknown
Incapsula,302,1,5121,Imperva,Vue
BigIP,403,1,46352,F5_BIG_IP,WordPress
AmazonS3,403,1,3463,AWS_WAF,Vue
CloudFront,404,1,39367,AWS_WAF,Django
Apache/2.4.41,302,0,16584,None,Spring_Boot
cloudflare-nginx,500,1,18343,Cloudflare,Unknown
Incapsula,404,1,11857,Imperva,Django
Sucuri/Cloudproxy,403,1,35379,Sucuri,ASP.NET
cloudflare,403,1,17793,Cloudflare,Express
nginx/1.18.0,200,1,49296,ModSecurity,Node.js
cloudflare-nginx,404,1,26134,Cloudflare,WordPress
CloudFront,403,1,22286,AWS_WAF,React
BIG-IP,302,1,21497,F5_BIG_IP,Django
BIG-IP,403,1,49411,F5_BIG_IP,Node.js
Apache/2.4.41,500,0,46143,None,Express
cloudflare,403,1,13438,Cloudflare,Spring_Boot
Apache/2.4.41,302,1,26430,None,WordPress
CloudFront,403,1,41145,AWS_WAF,Node.js
Incapsula,301,1,31985,Imperva,Laravel
AWS,403,1,9453,AWS_WAF,React
cloudflare-nginx,200,1,28639,Cloudflare,Node.js
CloudFront,302,1,31922,AWS_WAF,Laravel
Sucuri/Cloudproxy,301,1,28225,Sucuri,Unknown
Incapsula,403,1,22018,Imperva,Unknown
AWS,403,1,1220,AWS_WAF,Vue
cloudflare-nginx,301,1,4962,Cloudflare,Node.js
cloudflare-nginx,404,1,3485,Cloudflare,ASP.NET
AmazonS3,404,1,11815,AWS_WAF,Django
nginx/1.18.0,403,1,25558,ModSecurity,Vue
nginx/1.18.0,302,1,6241,ModSecurity,Unknown
cloudflare-nginx,302,1,30114,Cloudflare,ASP.NET
Sucuri/Cloudproxy,403,1,18658,Sucuri,Express
nginx/1.18.0,404,1,28311,None,WordPress
nginx/1.18.0,404,1,4681,ModSecurity,React
Sucuri/Cloudproxy,200,1,15976,Sucuri,Unknown
cloudflare,403,1,15583,Cloudflare,WordPress
BIG-IP,301,1,23947,F5_BIG_IP,Unknown
Sucuri/Cloudproxy,500,1,36707,Sucuri,Unknown
Sucuri/Cloudproxy,301,1,11511,Sucuri,Node.js
Apache/2.4.41 (Ubuntu),500,1,30245,ModSecurity,Spring_Boot
AWS,500,1,47981,AWS_WAF,Django
cloudflare,403,1,48752,Cloudflare,React
Apache/2.4.41 (Ubuntu),500,1,18340,ModSecurity,Laravel
Incapsula,403,1,46641,Imperva,React
Incapsula,500,1,15925,Imperva,Django
Sucuri/Cloudproxy,302,1,42848,Sucuri,ASP.NET
nginx/1.18.0,404,1,25507,ModSecurity,Vue
Sucuri/Cloudproxy,404,1,5565,Sucuri,Vue
Incapsula,403,1,21184,Imperva,Laravel
LiteSpeed,200,0,16296,None,Laravel
AWS,200,1,44644,AWS_WAF,Spring_Boot
Apache/2.4.41 (Ubuntu),500,1,28322,ModSecurity,ASP.NET
nginx/1.18.0,301,1,18394,ModSecurity,Express
Incapsula,500,1,26351,Imperva,Unknown
LiteSpeed,500,0,21286,None,Unknown
cloudflare,403,1,4389,Cloudflare,Django
nginx/1.18.0,403,1,47475,ModSecurity,Laravel
Incapsula,403,1,18126,Imperva,React
nginx/1.18.0,500,0,12862,None,Laravel
Apache/2.4.41 (Ubuntu),403,1,28386,ModSecurity,Unknown
Apache/2.4.41 (Ubuntu),200,1,43148,ModSecurity,Express
BigIP,302,1,32103,F5_BIG_IP,Django
cloudflare-nginx,302,1,3099,Cloudflare,WordPress
CloudFront,403,1,6846,AWS_WAF,Laravel
Sucuri/Cloudproxy,301,1,30168,Sucuri,React
cloudflare,200,1,8756,Cloudflare,Laravel
LiteSpeed,200,0,9812,None,ASP.NET
Sucuri/Cloudproxy,500,1,25384,Sucuri,React
BigIP,404,1,25685,F5_BIG_IP,ASP.NET
Sucuri/Cloudproxy,500,1,19269,Sucuri,Django
Incapsula,404,1,26259,Imperva,Unknown
AmazonS3,403,1,34195,AWS_WAF,Node.js
nginx/1.18.0,200,1,44213,ModSecurity,React
nginx/1.18.0,403,1,12568,ModSecurity,React
Sucuri/Cloudproxy,301,1,16828,Sucuri,Vue
Sucuri/Cloudproxy,200,1,6153,Sucuri,Express
Incapsula,500,1,4537,Imperva,WordPress
cloudflare,500,1,8572,Cloudflare,Django
cloudflare-nginx,200,1,46827,Cloudflare,React
Sucuri/Cloudproxy,301,1,37091,Sucuri,Spring_Boot
BigIP,500,1,13261,F5_BIG_IP,Vue
nginx/1.18.0,200,0,15829,None,Express
AWS,500,1,34518,AWS_WAF,WordPress
Apache/2.4.41 (Ubuntu),200,1,42257,ModSecurity,Laravel
LiteSpeed,200,1,46489,None,WordPress
Microsoft-IIS/10.0,200,0,4573,None,Django
Apache/2.4.41 (Ubuntu),403,1,48877,ModSecurity,Django
cloudflare,403,1,15775,Cloudflare,ASP.NET
BIG-IP,302,1,42014,F5_BIG_IP,Express
BigIP,403,1,22608,F5_BIG_IP,Django
cloudflare-nginx,403,1,48970,Cloudflare,Unknown
nginx/1.18.0,403,1,49820,ModSecurity,Spring_Boot
Apache/2.4.41,301,0,33141,None,Laravel
nginx/1.18.0,404,0,47533,None,Node.js
Sucuri/Cloudproxy,403,1,27912,Sucuri,React
Sucuri/Cloudproxy,301,1,26375,Sucuri,WordPress
cloudflare,403,1,45668,Cloudflare,ASP.NET
Incapsula,403,1,39028,Imperva,Unknown
Apache/2.4.41 (Ubuntu),301,1,19303,ModSecurity,WordPress
cloudflare-nginx,200,1,47570,Cloudflare,Spring_Boot
Sucuri/Cloudproxy,301,1,4978,Sucuri,Laravel
Sucuri/Cloudproxy,403,1,48297,Sucuri,Vue
Incapsula,403,1,35722,Imperva,Unknown
Apache/2.4.41 (Ubuntu),403,1,42278,ModSecurity,Express
AmazonS3,302,1,41171,AWS_WAF,ASP.NET
Sucuri/Cloudproxy,500,1,2841,Sucuri,Spring_Boot
Incapsula,403,1,11754,Imperva,Spring_Boot
cloudflare-nginx,500,1,15103,Cloudflare,Vue
Sucuri/Cloudproxy,404,1,4587,Sucuri,Django
CloudFront,500,1,23485,AWS_WAF,Express
Incapsula,200,1,24327,Imperva,React
AWS,403,1,49043,AWS_WAF,Spring_Boot
cloudflare,404,1,49973,Cloudflare,Vue
cloudflare-nginx,403,1,40346,Cloudflare,Laravel
nginx/1.18.0,500,0,14795,None,Django
Sucuri/Cloudproxy,403,1,7973,Sucuri,Node.js
nginx/1.18.0,403,1,30568,ModSecurity,Spring_Boot
cloudflare,403,1,7280,Cloudflare,ASP.NET
Sucuri/Cloudproxy,500,1,47242,Sucuri,Django
Sucuri/Cloudproxy,302,1,21844,Sucuri,Unknown
CloudFront,404,1,7244,AWS_WAF,React
CloudFront,302,1,39150,AWS_WAF,Express
cloudflare-nginx,302,1,37205,Cloudflare,ASP.NET
BIG-IP,200,1,32568,F5_BIG_IP,Laravel
BIG-IP,403,1,35983,F5_BIG_IP,WordPress
Sucuri/Cloudproxy,301,1,48883,Sucuri,React
Incapsula,302,1,13445,Imperva,Unknown
Incapsula,200,1,26267,Imperva,Spring_Boot
BIG-IP,403,1,5617,F5_BIG_IP,Unknown
Incapsula,403,1,3554,Imperva,WordPress
Incapsula,403,1,32219,Imperva,Express
Apache/2.4.41 (Ubuntu),302,1,42933,ModSecurity,Express
BIG-IP,404,1,35119,F5_BIG_IP,Laravel
AWS,403,1,19485,AWS_WAF,WordPress
Microsoft-IIS/10.0,500,0,43167,None,Node.js
LiteSpeed,404,0,14391,None,WordPress
Incapsula,403,1,10451,Imperva,Node.js
AmazonS3,403,1,23702,AWS_WAF,Vue
LiteSpeed,200,0,14264,None,Unknown
BigIP,403,1,7946,F5_BIG_IP,Vue
AmazonS3,301,1,33591,AWS_WAF,Django
LiteSpeed,302,0,18842,None,Express
cloudflare,500,1,15336,Cloudflare,React
Apache/2.4.41 (Ubuntu),404,1,34014,ModSecurity,WordPress
Incapsula,200,1,19024,Imperva,Vue
Apache/2.4.41 (Ubuntu),403,1,49991,ModSecurity,Laravel
AmazonS3,404,1,29494,AWS_WAF,Unknown
Apache/2.4.41,302,0,17603,None,Unknown
BigIP,500,1,30660,F5_BIG_IP,Unknown
AWS,404,1,24196,AWS_WAF,Express
cloudflare-nginx,403,1,21389,Cloudflare,Node.js
cloudflare,403,1,42510,Cloudflare,ASP.NET
Incapsula,404,1,4724,Imperva,React
AWS,500,1,46091,AWS_WAF,Vue
LiteSpeed,404,0,18002,None,Spring_Boot
AWS,302,1,15062,AWS_WAF,Spring_Boot
CloudFront,200,1,20232,AWS_WAF,React
Sucuri/Cloudproxy,404,1,11072,Sucuri,Django
Microsoft-IIS/10.0,404,0,372,None,Express
cloudflare-nginx,403,1,197,Cloudflare,ASP.NET
nginx/1.18.0,302,1,31697,ModSecurity,Spring_Boot
AWS,500,1,8023,AWS_WAF,Vue
cloudflare-nginx,200,1,17359,Cloudflare,ASP.NET
AWS,404,1,28741,AWS_WAF,React
Apache/2.4.41 (Ubuntu),403,1,2551,ModSecurity,Node.js
cloudflare-nginx,403,1,46435,Cloudflare,Django
BIG-IP,403,1,30923,F5_BIG_IP,WordPress
Apache/2.4.41,404,0,14769,None,Laravel
AWS,404,1,45931,AWS_WAF,WordPress
Sucuri/Cloudproxy,403,1,16179,Sucuri,ASP.NET
Sucuri/Cloudproxy,500,1,7444,Sucuri,Django
AWS,403,1,25770,AWS_WAF,Django
nginx/1.18.0,500,1,33300,ModSecurity,React
AWS,403,1,37060,AWS_WAF,Vue
Microsoft-IIS/10.0,500,0,49071,None,Unknown
BigIP,403,1,29858,F5_BIG_IP,WordPress
nginx/1.18.0,500,1,47120,ModSecurity,WordPress
BIG-IP,403,1,21900,F5_BIG_IP,Django
BigIP,301,1,3108,F5_BIG_IP,Spring_Boot
Sucuri/Cloudproxy,403,1,9216,Sucuri,Node.js
nginx/1.18.0,302,1,212,ModSecurity,Laravel
AWS,403,1,44734,AWS_WAF,WordPress
CloudFront,500,1,15812,AWS_WAF,WordPress
Sucuri/Cloudproxy,302,1,40145,Sucuri,Laravel
Apache/2.4.41,500,1,27122,None,Laravel
Apache/2.4.41,301,1,46307,None,Vue
AWS,403,1,2337,AWS_WAF,Node.js
Sucuri/Cloudproxy,403,1,38690,Sucuri,Node.js
CloudFront,302,1,19509,AWS_WAF,ASP.NET
Apache/2.4.41 (Ubuntu),404,1,31675,ModSecurity,Vue
Incapsula,500,1,49865,Imperva,Spring_Boot
AmazonS3,302,1,13525,AWS_WAF,Laravel
cloudflare-nginx,403,1,37569,Cloudflare,Spring_Boot
Apache/2.4.41 (Ubuntu),404,1,37559,ModSecurity,Express
CloudFront,403,1,49628,AWS_WAF,Node.js
Sucuri/Cloudproxy,200,1,18953,Sucuri,Django
BIG-IP,403,1,24214,F5_BIG_IP,Django
Sucuri/Cloudproxy,301,1,24074,Sucuri,ASP.NET
Incapsula,403,1,35929,Imperva,Vue
Apache/2.4.41 (Ubuntu),302,1,49557,ModSecurity,Django
BIG-IP,302,1,21325,F5_BIG_IP,Spring_Boot
CloudFront,403,1,35884,AWS_WAF,Spring_Boot
cloudflare-nginx,403,1,46565,Cloudflare,WordPress
cloudflare,403,1,29631,Cloudflare,Vue
Incapsula,302,1,3721,Imperva,React
AmazonS3,301,1,7050,AWS_WAF,Node.js
Incapsula,403,1,29380,Imperva,Spring_Boot
BIG-IP,404,1,47790,F5_BIG_IP,React
cloudflare,403,1,43631,Cloudflare,Vue
Apache/2.4.41 (Ubuntu),404,1,11121,ModSecurity,Spring_Boot
cloudflare-nginx,403,1,10810,Cloudflare,Vue
Incapsula,302,1,48115,Imperva,Vue
LiteSpeed,302,0,8210,None,Laravel
Incapsula,403,1,33064,Imperva,Node.js
Sucuri/Cloudproxy,200,1,25893,Sucuri,Laravel
BigIP,302,1,41162,F5_BIG_IP,Express
Apache/2.4.41 (Ubuntu),200,1,49843,ModSecurity,Node.js
cloudflare,404,1,2102,Cloudflare,Django
nginx/1.18.0,500,1,37923,ModSecurity,React
Incapsula,500,1,32914,Imperva,Node.js
Incapsula,404,1,29527,Imperva,Laravel
Apache/2.4.41,302,1,4307,None,Django
Sucuri/Cloudproxy,500,1,32100,Sucuri,Django
Incapsula,403,1,9880,Imperva,Unknown
BigIP,200,1,37366,F5_BIG_IP,Spring_Boot
AmazonS3,200,1,37637,AWS_WAF,Vue
Apache/2.4.41 (Ubuntu),404,1,8377,ModSecurity,Node.js
Incapsula,301,1,32211,Imperva,Express
LiteSpeed,301,0,33454,None,Vue
Sucuri/Cloudproxy,404,1,43957,Sucuri,Spring_Boot
nginx/1.18.0,301,0,20481,None,Vue
BigIP,200,1,27987,F5_BIG_IP,Express
Incapsula,404,1,17152,Imperva,Express
cloudflare,302,1,3781,Cloudflare,Spring_Boot
cloudflare-nginx,403,1,31789,Cloudflare,WordPress
Apache/2.4.41 (Ubuntu),403,1,33511,ModSecurity,Django
AWS,403,1,35836,AWS_WAF,React
nginx/1.18.0,403,1,26989,ModSecurity,WordPress
Incapsula,403,1,21130,Imperva,Vue
AWS,200,1,43252,AWS_WAF,Laravel
nginx/1.18.0,500,0,791,None,Vue
CloudFront,403,1,23121,AWS_WAF,Django
cloudflare,500,1,13276,Cloudflare,Unknown
cloudflare,302,1,26769,Cloudflare,Vue
CloudFront,404,1,42460,AWS_WAF,Laravel
BIG-IP,403,1,36102,F5_BIG_IP,WordPress
AWS,403,1,481,AWS_WAF,Django
CloudFront,403,1,10804,AWS_WAF,Laravel
Apache/2.4.41,500,0,21902,None,React
Sucuri/Cloudproxy,403,1,25536,Sucuri,Node.js
Apache/2.4.41 (Ubuntu),500,1,17252,ModSecurity,Express
Sucuri/Cloudproxy,302,1,33009,Sucuri,React
BigIP,403,1,2854,F5_BIG_IP,Django
cloudflare,404,1,12224,Cloudflare,ASP.NET
LiteSpeed,302,1,22879,None,Node.js
Sucuri/Cloudproxy,500,1,38923,Sucuri,Django
nginx/1.18.0,404,0,7911,None,WordPress
nginx/1.18.0,200,1,42730,ModSecurity,Spring_Boot
CloudFront,301,1,19532,AWS_WAF,ASP.NET
CloudFront,302,1,5875,AWS_WAF,ASP.NET
BigIP,404,1,36389,F5_BIG_IP,WordPress
nginx/1.18.0,301,1,44273,ModSecurity,Laravel
BigIP,403,1,26445,F5_BIG_IP,Express
cloudflare-nginx,302,1,27912,Cloudflare,Spring_Boot
AWS,404,1,9394,AWS_WAF,React
Incapsula,403,1,10960,Imperva,Spring_Boot
BIG-IP,403,1,16955,F5_BIG_IP,Vue
nginx/1.18.0,403,1,42356,ModSecurity,ASP.NET
Apache/2.4.41 (Ubuntu),200,1,16590,ModSecurity,ASP.NET
Sucuri/Cloudproxy,200,1,8886,Sucuri,Node.js
cloudflare-nginx,404,1,34157,Cloudflare,Laravel
cloudflare,301,1,2468,Cloudflare,Node.js
Incapsula,403,1,37779,Imperva,WordPress
cloudflare-nginx,302,1,19293,Cloudflare,Node.js
Sucuri/Cloudproxy,500,1,31051,Sucuri,Unknown
AmazonS3,200,1,20844,AWS_WAF,Express
cloudflare,302,1,33741,Cloudflare,Spring_Boot
cloudflare-nginx,403,1,44431,Cloudflare,ASP.NET
cloudflare-nginx,200,1,34242,Cloudflare,ASP.NET
cloudflare-nginx,200,1,42339,Cloudflare,Django
cloudflare,403,1,29800,Cloudflare,Spring_Boot
Sucuri/Cloudproxy,301,1,47643,Sucuri,Node.js
Incapsula,301,1,17460,Imperva,Express
Apache/2.4.41 (Ubuntu),500,1,21762,ModSecurity,Node.js
AWS,200,1,300,AWS_WAF,React
nginx/1.18.0,301,1,44227,None,Node.js
Incapsula,403,1,4854,Imperva,Unknown
CloudFront,200,1,11772,AWS_WAF,WordPress
cloudflare,404,1,4836,Cloudflare,ASP.NET
nginx/1.18.0,403,1,30321,ModSecurity,React
Incapsula,403,1,3941,Imperva,ASP.NET
LiteSpeed,302,1,39082,None,React
Apache/2.4.41 (Ubuntu),301,1,38633,ModSecurity,Node.js
LiteSpeed,200,0,29791,None,ASP.NET
cloudflare,500,1,16237,Cloudflare,Express
Sucuri/Cloudproxy,301,1,41056,Sucuri,Express
cloudflare-nginx,301,1,3831,Cloudflare,Node.js
Microsoft-IIS/10.0,302,0,8164,None,WordPress
Apache/2.4.41 (Ubuntu),403,1,3642,ModSecurity,Vue
nginx/1.18.0,301,1,2903,None,Spring_Boot
Microsoft-IIS/10.0,500,1,26589,None,Django
Apache/2.4.41,301,0,10518,None,Laravel
Sucuri/Cloudproxy,200,1,44597,Sucuri,ASP.NET
nginx/1.18.0,404,1,5312,ModSecurity,Laravel
Sucuri/Cloudproxy,403,1,49596,Sucuri,Vue
Sucuri/Cloudproxy,403,1,23828,Sucuri,React
nginx/1.18.0,404,0,20096,None,Laravel
CloudFront,404,1,25135,AWS_WAF,ASP.NET
cloudflare,404,1,28806,Cloudflare,Vue
Apache/2.4.41 (Ubuntu),500,1,26355,ModSecurity,Vue
cloudflare-nginx,200,1,27760,Cloudflare,Vue
LiteSpeed,302,1,18803,None,WordPress
CloudFront,500,1,15130,AWS_WAF,ASP.NET
Incapsula,404,1,41434,Imperva,Vue
BigIP,301,1,6816,F5_BIG_IP,Node.js
Apache/2.4.41 (Ubuntu),302,1,33377,ModSecurity,ASP.NET
Microsoft-IIS/10.0,500,0,39769,None,Node.js
Sucuri/Cloudproxy,301,1,11419,Sucuri,Express
BigIP,403,1,32147,F5_BIG_IP,ASP.NET
nginx/1.18.0,500,1,4356,ModSecurity,Vue
cloudflare,403,1,47571,Cloudflare,Laravel
cloudflare,302,1,12245,Cloudflare,Express
Microsoft-IIS/10.0,404,0,32975,None,React
nginx/1.18.0,500,1,8911,ModSecurity,Unknown
Sucuri/Cloudproxy,301,1,2919,Sucuri,Django
AmazonS3,403,1,34180,AWS_WAF,Unknown
Sucuri/Cloudproxy,302,1,30757,Sucuri,Unknown
cloudflare,200,1,49908,Cloudflare,Unknown
cloudflare,403,1,35259,Cloudflare,Django
Apache/2.4.41 (Ubuntu),403,1,49772,ModSecurity,Node.js
BigIP,403,1,15930,F5_BIG_IP,Express
Sucuri/Cloudproxy,302,1,3934,Sucuri,Spring_Boot
nginx/1.18.0,500,0,37264,None,Express
LiteSpeed,500,1,33565,None,Unknown
BigIP,403,1,48787,F5_BIG_IP,Django
Sucuri/Cloudproxy,301,1,49490,Sucuri,Express
Apache/2.4.41,301,0,33609,None,ASP.NET
cloudflare,404,1,23048,Cloudflare,WordPress
AWS,403,1,14054,AWS_WAF,Unknown
Sucuri/Cloudproxy,302,1,41535,Sucuri,Spring_Boot
AmazonS3,302,1,34301,AWS_WAF,ASP.NET
Incapsula,500,1,27976,Imperva,WordPress
Incapsula,500,1,45015,Imperva,Vue
AmazonS3,404,1,24625,AWS_WAF,Spring_Boot
CloudFront,301,1,15395,AWS_WAF,Node.js
Incapsula,403,1,11451,Imperva,Express
AmazonS3,403,1,8026,AWS_WAF,Express
BigIP,301,1,46834,F5_BIG_IP,Unknown
BIG-IP,404,1,24158,F5_BIG_IP,Django
cloudflare-nginx,403,1,20209,Cloudflare,Django
Sucuri/Cloudproxy,403,1,39694,Sucuri,ASP.NET
cloudflare,403,1,3831,Cloudflare,ASP.NET
cloudflare,404,1,42882,Cloudflare,Express
Incapsula,403,1,26855,Imperva,WordPress
Sucuri/Cloudproxy,200,1,44665,Sucuri,ASP.NET
AWS,301,1,4786,AWS_WAF,Spring_Boot
Apache/2.4.41,500,0,11501,None,React
cloudflare-nginx,500,1,3896,Cloudflare,Vue
Incapsula,403,1,42191,Imperva,Django
BIG-IP,403,1,19962,F5_BIG_IP,Unknown
Sucuri/Cloudproxy,403,1,18170,Sucuri,ASP.NET
BigIP,404,1,12325,F5_BIG_IP,React
nginx/1.18.0,403,1,37980,ModSecurity,Spring_Boot
Apache/2.4.41 (Ubuntu),404,1,36675,ModSecurity,Express
nginx/1.18.0,404,0,32289,None,WordPress
Apache/2.4.41 (Ubuntu),301,1,32590,ModSecurity,Laravel
BIG-IP,403,1,20979,F5_BIG_IP,Node.js
Incapsula,500,1,15758,Imperva,Vue
CloudFront,301,1,36443,AWS_WAF,Unknown
Apache/2.4.41 (Ubuntu),500,1,34915,ModSecurity,WordPress
Apache/2.4.41 (Ubuntu),200,1,46287,ModSecurity,Node.js
Apache/2.4.41 (Ubuntu),403,1,30575,ModSecurity,Unknown
Sucuri/Cloudproxy,403,1,18385,Sucuri,Node.js
LiteSpeed,404,0,48457,None,Express
Apache/2.4.41,404,0,15060,None,ASP.NET
Sucuri/Cloudproxy,403,1,28568,Sucuri,Express
Incapsula,404,1,48336,Imperva,WordPress
Incapsula,500,1,28995,Imperva,React
cloudflare-nginx,403,1,22328,Cloudflare,Django
Apache/2.4.41 (Ubuntu),200,1,6038,ModSecurity,Laravel
cloudflare,403,1,19665,Cloudflare,React
Incapsula,403,1,7207,Imperva,Django
cloudflare-nginx,301,1,30158,Cloudflare,Node.js
Incapsula,302,1,27064,Imperva,React
Microsoft-IIS/10.0,302,0,39678,None,Express
nginx/1.18.0,403,1,10982,ModSecurity,Unknown
BIG-IP,302,1,48176,F5_BIG_IP,Spring_Boot
nginx/1.18.0,403,1,4161,ModSecurity,Spring_Boot
Incapsula,403,1,46035,Imperva,Spring_Boot
BIG-IP,302,1,33621,F5_BIG_IP,WordPress
BIG-IP,403,1,14628,F5_BIG_IP,ASP.NET
nginx/1.18.0,500,0,22861,None,Laravel
BigIP,403,1,15583,F5_BIG_IP,WordPress
Sucuri/Cloudproxy,403,1,4591,Sucuri,Spring_Boot
Apache/2.4.41 (Ubuntu),301,1,45406,ModSecurity,Node.js
cloudflare,403,1,28278,Cloudflare,Express
Incapsula,404,1,15449,Imperva,React
cloudflare,302,1,25981,Cloudflare,Spring_Boot
Microsoft-IIS/10.0,404,0,48236,None,React
Microsoft-IIS/10.0,500,0,17133,None,React
cloudflare,403,1,23340,Cloudflare,Express
Incapsula,403,1,6304,Imperva,Spring_Boot
cloudflare-nginx,403,1,37458,Cloudflare,WordPress
Incapsula,301,1,43560,Imperva,Django
cloudflare,403,1,35374,Cloudflare,Vue
AmazonS3,301,1,28218,AWS_WAF,Spring_Boot
cloudflare-nginx,500,1,30583,Cloudflare,Node.js
Apache/2.4.41 (Ubuntu),403,1,40616,ModSecurity,React
BigIP,200,1,33111,F5_BIG_IP,Unknown
Apache/2.4.41 (Ubuntu),200,1,43474,ModSecurity,Vue
Microsoft-IIS/10.0,500,0,29056,None,ASP.NET
Microsoft-IIS/10.0,404,1,14005,None,React
Microsoft-IIS/10.0,301,1,30067,None,ASP.NET
Incapsula,500,1,22300,Imperva,ASP.NET
Sucuri/Cloudproxy,404,1,28277,Sucuri,Vue
Sucuri/Cloudproxy,403,1,12236,Sucuri,WordPress
AmazonS3,302,1,30508,AWS_WAF,React
Sucuri/Cloudproxy,302,1,4925,Sucuri,Unknown
cloudflare-nginx,301,1,38438,Cloudflare,Express
LiteSpeed,301,0,34599,None,Laravel
cloudflare-nginx,403,1,27529,Cloudflare,Django
cloudflare-nginx,302,1,35899,Cloudflare,ASP.NET
Incapsula,302,1,27705,Imperva,Unknown
BigIP,301,1,34741,F5_BIG_IP,React
Sucuri/Cloudproxy,403,1,34315,Sucuri,Laravel
CloudFront,301,1,12190,AWS_WAF,Django
AmazonS3,301,1,36027,AWS_WAF,Vue
cloudflare-nginx,301,1,5729,Cloudflare,React
Sucuri/Cloudproxy,404,1,8335,Sucuri,Node.js
Sucuri/Cloudproxy,404,1,35438,Sucuri,Laravel
Sucuri/Cloudproxy,403,1,26240,Sucuri,Django
Apache/2.4.41 (Ubuntu),403,1,45760,ModSecurity,Express
Sucuri/Cloudproxy,404,1,7239,Sucuri,ASP.NET
BIG-IP,301,1,22319,F5_BIG_IP,ASP.NET
cloudflare-nginx,403,1,19252,Cloudflare,Unknown
nginx/1.18.0,403,1,42861,ModSecurity,Vue
cloudflare,302,1,36331,Cloudflare,Unknown
AmazonS3,500,1,569,AWS_WAF,ASP.NET
AmazonS3,404,1,36273,AWS_WAF,Spring_Boot
Incapsula,403,1,41883,Imperva,ASP.NET
AWS,403,1,8868,AWS_WAF,Laravel
cloudflare,403,1,29878,Cloudflare,Vue
Incapsula,200,1,41516,Imperva,Spring_Boot
Apache/2.4.41 (Ubuntu),403,1,27831,ModSecurity,Unknown
CloudFront,302,1,6456,AWS_WAF,Express
Incapsula,404,1,38506,Imperva,Spring_Boot
Incapsula,403,1,45429,Imperva,Vue
CloudFront,403,1,26686,AWS_WAF,Vue
Sucuri/Cloudproxy,403,1,21817,Sucuri,Spring_Boot
AmazonS3,403,1,22838,AWS_WAF,Unknown
LiteSpeed,404,0,20183,None,Unknown
Sucuri/Cloudproxy,200,1,35116,Sucuri,Vue
cloudflare-nginx,403,1,20346,Cloudflare,Express
Incapsula,403,1,48082,Imperva,React
Sucuri/Cloudproxy,404,1,10930,Sucuri,Node.js
AmazonS3,403,1,30239,AWS_WAF,ASP.NET
nginx/1.18.0,302,0,14575,None,Laravel
cloudflare,301,1,30933,Cloudflare,Vue
Incapsula,301,1,25004,Imperva,Django
cloudflare,302,1,18120,Cloudflare,Node.js
cloudflare-nginx,301,1,21038,Cloudflare,Vue
BigIP,403,1,9969,F5_BIG_IP,React
Apache/2.4.41 (Ubuntu),403,1,9709,ModSecurity,WordPress
LiteSpeed,301,0,6673,None,ASP.NET
BigIP,302,1,49384,F5_BIG_IP,Unknown
cloudflare,301,1,5748,Cloudflare,WordPress
nginx/1.18.0,500,1,42318,ModSecurity,ASP.NET
Apache/2.4.41,200,0,34246,None,ASP.NET
nginx/1.18.0,403,1,1343,ModSecurity,Vue
Incapsula,500,1,13886,Imperva,Express
CloudFront,403,1,2813,AWS_WAF,WordPress
BigIP,301,1,20015,F5_BIG_IP,Unknown
cloudflare-nginx,301,1,21117,Cloudflare,React
cloudflare-nginx,302,1,40489,Cloudflare,WordPress
BIG-IP,403,1,49770,F5_BIG_IP,Spring_Boot
AWS,301,1,34951,AWS_WAF,Express
cloudflare-nginx,500,1,15353,Cloudflare,Spring_Boot
Sucuri/Cloudproxy,403,1,5989,Sucuri,Spring_Boot
nginx/1.18.0,403,1,199,ModSecurity,Node.js
Microsoft-IIS/10.0,301,0,25455,None,React
cloudflare,403,1,22834,Cloudflare,Vue
AmazonS3,404,1,37018,AWS_WAF,Spring_Boot
Apache/2.4.41 (Ubuntu),200,1,24059,ModSecurity,Django
Sucuri/Cloudproxy,404,1,44300,Sucuri,Express
CloudFront,403,1,3591,AWS_WAF,Unknown
LiteSpeed,301,1,2346,None,WordPress
Incapsula,500,1,42792,Imperva,Spring_Boot
AmazonS3,403,1,36384,AWS_WAF,WordPress
BIG-IP,404,1,4811,F5_BIG_IP,WordPress
BIG-IP,500,1,11804,F5_BIG_IP,Unknown
cloudflare-nginx,403,1,46031,Cloudflare,Express
cloudflare,500,1,15807,Cloudflare,Laravel
BIG-IP,403,1,9695,F5_BIG_IP,React
Apache/2.4.41,500,1,38339,None,Node.js
cloudflare,403,1,23248,Cloudflare,Vue
Sucuri/Cloudproxy,403,1,21466,Sucuri,Vue
AWS,403,1,44146,AWS_WAF,Spring_Boot
Incapsula,404,1,19875,Imperva,WordPress
Apache/2.4.41,404,0,15918,None,React
Sucuri/Cloudproxy,302,1,34335,Sucuri,Laravel
cloudflare,302,1,21348,Cloudflare,Unknown
cloudflare,500,1,23731,Cloudflare,ASP.NET
nginx/1.18.0,200,1,47667,ModSecurity,Node.js
cloudflare,200,1,37918,Cloudflare,ASP.NET
Incapsula,500,1,4349,Imperva,Express
AWS,403,1,33005,AWS_WAF,Vue
Sucuri/Cloudproxy,403,1,48253,Sucuri,Unknown
BigIP,403,1,49301,F5_BIG_IP,Express
CloudFront,200,1,8572,AWS_WAF,Express
Apache/2.4.41,404,0,269,None,Node.js
Apache/2.4.41 (Ubuntu),403,1,30414,ModSecurity,Vue
Incapsula,200,1,11717,Imperva,ASP.NET
BIG-IP,403,1,31268,F5_BIG_IP,Vue
Apache/2.4.41 (Ubuntu),403,1,1521,ModSecurity,Vue
LiteSpeed,302,0,47745,None,Laravel
AWS,403,1,27360,AWS_WAF,WordPress
nginx/1.18.0,404,1,41820,ModSecurity,Spring_Boot
AmazonS3,200,1,13473,AWS_WAF,Spring_Boot
Incapsula,301,1,15591,Imperva,Laravel
CloudFront,200,1,8762,AWS_WAF,ASP.NET
cloudflare-nginx,404,1,41539,Cloudflare,WordPress
nginx/1.18.0,403,1,17884,ModSecurity,Vue
Sucuri/Cloudproxy,403,1,34319,Sucuri,Spring_Boot
Incapsula,403,1,19690,Imperva,Node.js
Microsoft-IIS/10.0,302,0,18430,None,React
BigIP,302,1,24353,F5_BIG_IP,React
AmazonS3,302,1,45428,AWS_WAF,ASP.NET
cloudflare-nginx,403,1,4286,Cloudflare,Express
Sucuri/Cloudproxy,403,1,25673,Sucuri,Express
nginx/1.18.0,302,1,15415,None,React
Apache/2.4.41 (Ubuntu),301,1,13972,ModSecurity,Django
Incapsula,200,1,40366,Imperva,Laravel
BigIP,403,1,19891,F5_BIG_IP,Express
BigIP,403,1,32592,F5_BIG_IP,Node.js
Sucuri/Cloudproxy,301,1,45826,Sucuri,Vue
Sucuri/Cloudproxy,500,1,45154,Sucuri,Unknown
AmazonS3,403,1,12084,AWS_WAF,ASP.NET
Apache/2.4.41,301,0,28944,None,Laravel
nginx/1.18.0,403,1,22858,ModSecurity,Unknown
nginx/1.18.0,500,0,14728,None,Laravel
Sucuri/Cloudproxy,403,1,31585,Sucuri,Express
BIG-IP,302,1,26697,F5_BIG_IP,WordPress
Sucuri/Cloudproxy,403,1,21824,Sucuri,Laravel
BIG-IP,302,1,16633,F5_BIG_IP,WordPress
Incapsula,301,1,33950,Imperva,Node.js
AmazonS3,403,1,260,AWS_WAF,Django
BIG-IP,500,1,3940,F5_BIG_IP,ASP.NET
nginx/1.18.0,404,1,13070,ModSecurity,Laravel
cloudflare,302,1,26505,Cloudflare,Django
AWS,200,1,42593,AWS_WAF,Express
Apache/2.4.41 (Ubuntu),301,1,18016,ModSecurity,Express
BIG-IP,403,1,7244,F5_BIG_IP,Django
Apache/2.4.41,500,1,49011,None,WordPress
cloudflare,403,1,30820,Cloudflare,Node.js
Sucuri/Cloudproxy,302,1,29746,Sucuri,ASP.NET
Sucuri/Cloudproxy,500,1,32116,Sucuri,WordPress
Incapsula,302,1,5647,Imperva,Unknown
Microsoft-IIS/10.0,500,0,10498,None,ASP.NET
Apache/2.4.41 (Ubuntu),301,1,22347,ModSecurity,WordPress
Incapsula,403,1,2705,Imperva,Spring_Boot
Incapsula,403,1,2728,Imperva,Node.js
CloudFront,302,1,15369,AWS_WAF,Vue
LiteSpeed,302,0,390,None,Node.js
cloudflare,301,1,883,Cloudflare,ASP.NET
CloudFront,404,1,10754,AWS_WAF,Django
Apache/2.4.41 (Ubuntu),403,1,46749,ModSecurity,Express
Incapsula,301,1,8210,Imperva,React
Sucuri/Cloudproxy,403,1,30513,Sucuri,Express
BIG-IP,200,1,37896,F5_BIG_IP,ASP.NET
Incapsula,301,1,11251,Imperva,WordPress
Microsoft-IIS/10.0,301,0,34596,None,React
Microsoft-IIS/10.0,500,0,11386,None,Unknown
BIG-IP,301,1,17860,F5_BIG_IP,Laravel
Incapsula,403,1,44023,Imperva,Django
Apache/2.4.41 (Ubuntu),302,1,18348,ModSecurity,WordPress
cloudflare,500,1,8887,Cloudflare,Express
Microsoft-IIS/10.0,200,0,24322,None,Express
cloudflare,302,1,25891,Cloudflare,Laravel
Sucuri/Cloudproxy,403,1,22935,Sucuri,Node.js
AmazonS3,302,1,23391,AWS_WAF,ASP.NET
Incapsula,200,1,20841,Imperva,Unknown
cloudflare,403,1,7983,Cloudflare,WordPress
Incapsula,403,1,20732,Imperva,ASP.NET
Sucuri/Cloudproxy,404,1,8972,Sucuri,WordPress
cloudflare-nginx,403,1,19885,Cloudflare,Spring_Boot
Incapsula,404,1,24886,Imperva,React
Apache/2.4.41 (Ubuntu),500,1,33774,ModSecurity,Unknown
Sucuri/Cloudproxy,404,1,12806,Sucuri,WordPress
AmazonS3,200,1,28271,AWS_WAF,Laravel
Apache/2.4.41 (Ubuntu),403,1,39507,ModSecurity,Django
Apache/2.4.41 (Ubuntu),403,1,40684,ModSecurity,Express
Microsoft-IIS/10.0,500,0,12191,None,Django
CloudFront,403,1,45344,AWS_WAF,Django
BIG-IP,500,1,10154,F5_BIG_IP,Spring_Boot
BIG-IP,302,1,44880,F5_BIG_IP,ASP.NET
BigIP,403,1,34436,F5_BIG_IP,Unknown
CloudFront,403,1,11107,AWS_WAF,React
Apache/2.4.41 (Ubuntu),403,1,16166,ModSecurity,WordPress
cloudflare,200,1,30391,Cloudflare,Node.js
nginx/1.18.0,500,0,45446,None,Express
cloudflare-nginx,301,1,6054,Cloudflare,Django
nginx/1.18.0,200,0,27633,None,Unknown
CloudFront,500,1,18756,AWS_WAF,Node.js
BIG-IP,403,1,9172,F5_BIG_IP,React
AWS,403,1,25592,AWS_WAF,Spring_Boot
AWS,404,1,43344,AWS_WAF,Node.js
nginx/1.18.0,301,0,48402,None,Express
Apache/2.4.41 (Ubuntu),403,1,38661,ModSecurity,Django
BigIP,302,1,10718,F5_BIG_IP,Express
Sucuri/Cloudproxy,200,1,49436,Sucuri,React
nginx/1.18.0,302,1,12970,ModSecurity,ASP.NET
CloudFront,301,1,24395,AWS_WAF,Node.js
BIG-IP,403,1,28539,F5_BIG_IP,Spring_Boot
Sucuri/Cloudproxy,403,1,23337,Sucuri,WordPress
cloudflare,403,1,48448,Cloudflare,Spring_Boot
Incapsula,404,1,24939,Imperva,Vue
nginx/1.18.0,403,1,2063,ModSecurity,Laravel
cloudflare,404,1,2302,Cloudflare,React
cloudflare-nginx,403,1,15142,Cloudflare,Vue
Microsoft-IIS/10.0,500,1,2706,None,Laravel
Apache/2.4.41 (Ubuntu),403,1,16095,ModSecurity,Django
Sucuri/Cloudproxy,500,1,36789,Sucuri,Express
nginx/1.18.0,301,0,49505,None,Laravel
Sucuri/Cloudproxy,404,1,24424,Sucuri,Laravel
Sucuri/Cloudproxy,301,1,43605,Sucuri,ASP.NET
cloudflare-nginx,200,1,30594,Cloudflare,React
BigIP,403,1,33864,F5_BIG_IP,Unknown
BigIP,500,1,492,F5_BIG_IP,Spring_Boot
Incapsula,200,1,32701,Imperva,Unknown
CloudFront,404,1,30710,AWS_WAF,Laravel
cloudflare,403,1,28891,Cloudflare,Django
cloudflare-nginx,403,1,7543,Cloudflare,WordPress
Incapsula,301,1,26610,Imperva,Node.js
Sucuri/Cloudproxy,403,1,35092,Sucuri,ASP.NET
AmazonS3,403,1,49486,AWS_WAF,Laravel
BigIP,403,1,33360,F5_BIG_IP,Unknown
Incapsula,403,1,34481,Imperva,ASP.NET
Microsoft-IIS/10.0,302,1,45054,None,Node.js
BigIP,404,1,34934,F5_BIG_IP,WordPress
Sucuri/Cloudproxy,403,1,24559,Sucuri,Vue
nginx/1.18.0,403,1,7347,ModSecurity,Node.js
Sucuri/Cloudproxy,403,1,21781,Sucuri,React
Sucuri/Cloudproxy,403,1,5601,Sucuri,Unknown
nginx/1.18.0,404,1,28950,ModSecurity,Spring_Boot
Sucuri/Cloudproxy,500,1,36634,Sucuri,Spring_Boot
Incapsula,500,1,5428,Imperva,WordPress
nginx/1.18.0,403,1,5007,ModSecurity,ASP.NET
nginx/1.18.0,403,1,47969,ModSecurity,React
cloudflare-nginx,302,1,22731,Cloudflare,Express
Incapsula,301,1,18405,Imperva,Spring_Boot
Incapsula,200,1,27229,Imperva,Vue
Sucuri/Cloudproxy,403,1,20584,Sucuri,ASP.NET
cloudflare-nginx,200,1,121,Cloudflare,Unknown
Sucuri/Cloudproxy,302,1,24733,Sucuri,Spring_Boot
cloudflare-nginx,200,1,47527,Cloudflare,React
Sucuri/Cloudproxy,403,1,14189,Sucuri,Laravel
nginx/1.18.0,403,1,38922,ModSecurity,Django
AWS,301,1,24614,AWS_WAF,Vue
Sucuri/Cloudproxy,403,1,24018,Sucuri,Unknown
Sucuri/Cloudproxy,200,1,45424,Sucuri,WordPress
Apache/2.4.41 (Ubuntu),403,1,41225,ModSecurity,Django
cloudflare,200,1,29924,Cloudflare,WordPress
AmazonS3,403,1,17841,AWS_WAF,Express
Incapsula,500,1,22002,Imperva,Laravel
CloudFront,403,1,14060,AWS_WAF,Unknown
LiteSpeed,500,1,25116,None,Express
Apache/2.4.41 (Ubuntu),403,1,21598,ModSecurity,Node.js
BIG-IP,200,1,26733,F5_BIG_IP,Node.js
cloudflare-nginx,403,1,5986,Cloudflare,Unknown
Apache/2.4.41,404,0,47610,None,React
Sucuri/Cloudproxy,302,1,22924,Sucuri,Express
Sucuri/Cloudproxy,301,1,10992,Sucuri,Node.js
Sucuri/Cloudproxy,403,1,5403,Sucuri,React
nginx/1.18.0,302,1,45416,None,Express
Incapsula,301,1,4169,Imperva,Spring_Boot
AWS,404,1,11770,AWS_WAF,Django
BigIP,500,1,21208,F5_BIG_IP,Unknown
Microsoft-IIS/10.0,404,1,9595,None,Spring_Boot
Incapsula,200,1,2603,Imperva,Spring_Boot
BigIP,403,1,14483,F5_BIG_IP,Laravel
Sucuri/Cloudproxy,301,1,12024,Sucuri,Laravel
cloudflare,404,1,30653,Cloudflare,Laravel
Sucuri/Cloudproxy,200,1,23181,Sucuri,Unknown
AmazonS3,301,1,18663,AWS_WAF,ASP.NET
cloudflare,403,1,23222,Cloudflare,WordPress
nginx/1.18.0,500,1,23057,ModSecurity,React
nginx/1.18.0,403,1,10714,ModSecurity,Express
Sucuri/Cloudproxy,403,1,44126,Sucuri,Node.js
Sucuri/Cloudproxy,301,1,42458,Sucuri,WordPress
BigIP,403,1,28820,F5_BIG_IP,Laravel
AmazonS3,500,1,41114,AWS_WAF,Spring_Boot
BIG-IP,500,1,37094,F5_BIG_IP,Laravel
Incapsula,403,1,40061,Imperva,Unknown
Sucuri/Cloudproxy,404,1,35076,Sucuri,Django
BigIP,403,1,11310,F5_BIG_IP,React
AmazonS3,500,1,8477,AWS_WAF,ASP.NET
nginx/1.18.0,200,1,1700,ModSecurity,Django
Incapsula,403,1,11853,Imperva,Node.js
nginx/1.18.0,404,1,49479,ModSecurity,Django
Microsoft-IIS/10.0,500,0,17099,None,Laravel
cloudflare,500,1,42465,Cloudflare,Django
Apache/2.4.41 (Ubuntu),403,1,12431,ModSecurity,Laravel
AmazonS3,200,1,44333,AWS_WAF,Laravel
Sucuri/Cloudproxy,200,1,1832,Sucuri,Laravel
CloudFront,403,1,42200,AWS_WAF,Django
nginx/1.18.0,301,0,11553,None,Vue
nginx/1.18.0,302,1,24289,ModSecurity,React
BIG-IP,301,1,19773,F5_BIG_IP,Django
Microsoft-IIS/10.0,200,0,5281,None,Express
BigIP,302,1,2804,F5_BIG_IP,Vue
BigIP,302,1,21375,F5_BIG_IP,Vue
nginx/1.18.0,301,1,41462,None,Laravel
Apache/2.4.41,404,0,18316,None,React
AWS,403,1,44420,AWS_WAF,Express
CloudFront,403,1,20025,AWS_WAF,Unknown
Microsoft-IIS/10.0,404,0,7208,None,Spring_Boot
AWS,403,1,2527,AWS_WAF,ASP.NET
cloudflare,302,1,49595,Cloudflare,Unknown
AmazonS3,302,1,19275,AWS_WAF,WordPress
BIG-IP,403,1,46986,F5_BIG_IP,WordPress
nginx/1.18.0,403,1,32978,ModSecurity,Express
nginx/1.18.0,302,1,11988,ModSecurity,Node.js
Incapsula,404,1,38869,Imperva,Express
BigIP,301,1,22396,F5_BIG_IP,Spring_Boot
BIG-IP,301,1,27184,F5_BIG_IP,Unknown
Incapsula,403,1,917,Imperva,WordPress
Incapsula,500,1,40029,Imperva,Unknown
LiteSpeed,301,0,14529,None,Laravel
Incapsula,403,1,8375,Imperva,Node.js
cloudflare,500,1,5411,Cloudflare,Node.js
cloudflare,200,1,15509,Cloudflare,Vue
Apache/2.4.41 (Ubuntu),403,1,40473,ModSecurity,Vue
BigIP,403,1,6850,F5_BIG_IP,Express
Incapsula,403,1,35922,Imperva,Spring_Boot
Incapsula,301,1,27021,Imperva,Spring_Boot
nginx/1.18.0,500,0,24781,None,Spring_Boot
nginx/1.18.0,403,1,15587,ModSecurity,WordPress
AWS,500,1,38809,AWS_WAF,Django
Apache/2.4.41 (Ubuntu),403,1,32382,ModSecurity,Django
Microsoft-IIS/10.0,301,0,8771,None,Node.js
Sucuri/Cloudproxy,403,1,25317,Sucuri,React
AWS,403,1,23361,AWS_WAF,Node.js
Incapsula,302,1,14789,Imperva,Laravel
LiteSpeed,200,0,33177,None,Laravel
Apache/2.4.41,200,1,47611,None,Spring_Boot
cloudflare,302,1,1961,Cloudflare,Unknown
cloudflare,200,1,21215,Cloudflare,Vue
Microsoft-IIS/10.0,404,0,47615,None,Spring_Boot
Incapsula,403,1,44598,Imperva,Unknown
Incapsula,200,1,45802,Imperva,ASP.NET
Incapsula,403,1,15105,Imperva,WordPress
nginx/1.18.0,403,1,32242,ModSecurity,Vue
Apache/2.4.41,301,0,44758,None,WordPress
cloudflare-nginx,200,1,33594,Cloudflare,Spring_Boot
AmazonS3,200,1,41932,AWS_WAF,Unknown
Apache/2.4.41 (Ubuntu),403,1,49738,ModSecurity,Node.js
cloudflare-nginx,403,1,28656,Cloudflare,ASP.NET
cloudflare-nginx,403,1,5196,Cloudflare,ASP.NET
cloudflare,403,1,43389,Cloudflare,Node.js
Sucuri/Cloudproxy,200,1,2907,Sucuri,Laravel
Incapsula,500,1,39379,Imperva,Express
Apache/2.4.41 (Ubuntu),403,1,20363,ModSecurity,ASP.NET
Apache/2.4.41 (Ubuntu),403,1,17651,ModSecurity,Unknown
Sucuri/Cloudproxy,403,1,25029,Sucuri,ASP.NET
cloudflare,301,1,2103,Cloudflare,Vue
Sucuri/Cloudproxy,302,1,27814,Sucuri,WordPress
BigIP,200,1,20139,F5_BIG_IP,Vue
Incapsula,403,1,29343,Imperva,Vue
Incapsula,403,1,46515,Imperva,React
AmazonS3,404,1,20745,AWS_WAF,Unknown
LiteSpeed,302,0,14688,None,Express
nginx/1.18.0,200,1,32807,ModSecurity,WordPress
cloudflare,403,1,15560,Cloudflare,Django
Apache/2.4.41,302,0,28209,None,Unknown
Incapsula,200,1,41892,Imperva,Node.js
Apache/2.4.41 (Ubuntu),403,1,42580,ModSecurity,Laravel
CloudFront,301,1,40453,AWS_WAF,Django
BIG-IP,200,1,5017,F5_BIG_IP,React
Incapsula,500,1,30997,Imperva,WordPress
cloudflare,404,1,47516,Cloudflare,Vue
BIG-IP,200,1,6507,F5_BIG_IP,Vue
Apache/2.4.41,301,0,24290,None,React
Apache/2.4.41,500,0,7765,None,WordPress
BigIP,404,1,27598,F5_BIG_IP,ASP.NET
LiteSpeed,200,1,14713,None,Node.js
BIG-IP,404,1,21275,F5_BIG_IP,ASP.NET
cloudflare,500,1,3811,Cloudflare,WordPress
CloudFront,403,1,15537,AWS_WAF,React
Incapsula,500,1,4509,Imperva,WordPress
BigIP,500,1,18543,F5_BIG_IP,Express
LiteSpeed,500,0,28888,None,WordPress
Sucuri/Cloudproxy,302,1,3599,Sucuri,Express
cloudflare,301,1,35947,Cloudflare,Laravel
AWS,500,1,23763,AWS_WAF,Vue
BigIP,200,1,8190,F5_BIG_IP,React
cloudflare,500,1,47406,Cloudflare,Spring_Boot
AmazonS3,403,1,10141,AWS_WAF,Laravel
cloudflare,200,1,3027,Cloudflare,Vue
Sucuri/Cloudproxy,200,1,26373,Sucuri,Spring_Boot
Incapsula,403,1,17812,Imperva,Laravel
Incapsula,403,1,4659,Imperva,Django
Apache/2.4.41 (Ubuntu),200,1,47722,ModSecurity,React
Incapsula,500,1,35581,Imperva,ASP.NET
Sucuri/Cloudproxy,403,1,28875,Sucuri,Vue
Sucuri/Cloudproxy,500,1,28397,Sucuri,Unknown
cloudflare,301,1,745,Cloudflare,Django
Apache/2.4.41 (Ubuntu),500,1,2960,ModSecurity,Express
AmazonS3,403,1,29690,AWS_WAF,Spring_Boot
Sucuri/Cloudproxy,302,1,43038,Sucuri,WordPress
nginx/1.18.0,200,1,29000,None,Laravel
Sucuri/Cloudproxy,403,1,13992,Sucuri,Node.js
Apache/2.4.41,301,0,49952,None,ASP.NET
Microsoft-IIS/10.0,500,1,49774,None,Laravel
nginx/1.18.0,403,1,36458,ModSecurity,WordPress
AWS,403,1,2345,AWS_WAF,Unknown
cloudflare,302,1,6424,Cloudflare,WordPress
BigIP,200,1,30844,F5_BIG_IP,Spring_Boot
cloudflare,302,1,29626,Cloudflare,ASP.NET
BigIP,301,1,30007,F5_BIG_IP,Laravel
Incapsula,403,1,8075,Imperva,Spring_Boot
LiteSpeed,302,0,47911,None,Spring_Boot
Sucuri/Cloudproxy,403,1,29002,Sucuri,ASP.NET
LiteSpeed,301,1,32613,None,WordPress
Apache/2.4.41 (Ubuntu),403,1,34128,ModSecurity,Express
Incapsula,403,1,20332,Imperva,React
Sucuri/Cloudproxy,403,1,27571,Sucuri,React
Incapsula,403,1,8927,Imperva,Django
Apache/2.4.41 (Ubuntu),404,1,35820,ModSecurity,React
AmazonS3,403,1,1795,AWS_WAF,Express
cloudflare,500,1,9527,Cloudflare,React
Apache/2.4.41 (Ubuntu),302,1,573,ModSecurity,Express
Apache/2.4.41 (Ubuntu),403,1,6697,ModSecurity,Unknown
Apache/2.4.41,404,0,24795,None,Unknown
Apache/2.4.41 (Ubuntu),500,1,5522,ModSecurity,Node.js
cloudflare,403,1,8753,Cloudflare,Vue
Sucuri/Cloudproxy,404,1,31086,Sucuri,WordPress
cloudflare-nginx,404,1,34808,Cloudflare,Django
Sucuri/Cloudproxy,403,1,11721,Sucuri,Unknown
AWS,403,1,29577,AWS_WAF,WordPress
Apache/2.4.41 (Ubuntu),302,1,34924,ModSecurity,Node.js
Sucuri/Cloudproxy,500,1,28745,Sucuri,Node.js
Apache/2.4.41,301,0,45405,None,Unknown
cloudflare,403,1,47073,Cloudflare,Django
cloudflare-nginx,200,1,38767,Cloudflare,ASP.NET
Sucuri/Cloudproxy,403,1,45739,Sucuri,Unknown
LiteSpeed,301,0,2606,None,Express
Incapsula,403,1,13109,Imperva,WordPress
CloudFront,302,1,38146,AWS_WAF,Unknown
Sucuri/Cloudproxy,404,1,2262,Sucuri,Spring_Boot
AmazonS3,200,1,38272,AWS_WAF,Express
CloudFront,301,1,15069,AWS_WAF,WordPress
Sucuri/Cloudproxy,403,1,40071,Sucuri,React
cloudflare-nginx,403,1,22717,Cloudflare,React
Sucuri/Cloudproxy,302,1,3428,Sucuri,Unknown
nginx/1.18.0,403,1,7660,ModSecurity,Unknown
Incapsula,404,1,13676,Imperva,Vue
nginx/1.18.0,403,1,29825,ModSecurity,React
Microsoft-IIS/10.0,500,1,6314,None,Laravel
Sucuri/Cloudproxy,403,1,33603,Sucuri,Django
Sucuri/Cloudproxy,403,1,46199,Sucuri,WordPress
Incapsula,500,1,5482,Imperva,Unknown
nginx/1.18.0,302,1,46243,ModSecurity,Unknown
BigIP,302,1,13378,F5_BIG_IP,Spring_Boot
Sucuri/Cloudproxy,403,1,22015,Sucuri,ASP.NET
LiteSpeed,500,0,16750,None,Node.js
Sucuri/Cloudproxy,404,1,18834,Sucuri,Django
CloudFront,403,1,30874,AWS_WAF,Express
Apache/2.4.41 (Ubuntu),403,1,33083,ModSecurity,Spring_Boot
cloudflare,302,1,24881,Cloudflare,Spring_Boot
cloudflare-nginx,200,1,49151,Cloudflare,WordPress
LiteSpeed,301,1,12597,None,Unknown
Incapsula,200,1,7413,Imperva,Spring_Boot
Sucuri/Cloudproxy,403,1,18147,Sucuri,Unknown
nginx/1.18.0,500,1,4992,ModSecurity,Django
BIG-IP,403,1,23327,F5_BIG_IP,WordPress
AmazonS3,302,1,39706,AWS_WAF,Laravel
Microsoft-IIS/10.0,200,0,41220,None,Spring_Boot
Sucuri/Cloudproxy,200,1,26509,Sucuri,ASP.NET
Sucuri/Cloudproxy,403,1,20786,Sucuri,Laravel
Incapsula,500,1,3278,Imperva,Express
cloudflare-nginx,500,1,5640,Cloudflare,React
nginx/1.18.0,302,0,29654,None,Vue
Sucuri/Cloudproxy,302,1,8322,Sucuri,Node.js
CloudFront,200,1,42971,AWS_WAF,Unknown
Apache/2.4.41 (Ubuntu),403,1,15523,ModSecurity,Node.js
cloudflare,302,1,37660,Cloudflare,Unknown
BIG-IP,500,1,10159,F5_BIG_IP,React
Incapsula,403,1,11180,Imperva,Spring_Boot
CloudFront,403,1,15714,AWS_WAF,React
cloudflare-nginx,403,1,39419,Cloudflare,Vue
AmazonS3,403,1,19339,AWS_WAF,Vue
nginx/1.18.0,200,1,32690,ModSecurity,Django
BigIP,403,1,8920,F5_BIG_IP,Spring_Boot
AmazonS3,403,1,41028,AWS_WAF,React
Incapsula,301,1,35687,Imperva,Vue
nginx/1.18.0,404,0,29499,None,React
CloudFront,403,1,44362,AWS_WAF,Node.js
cloudflare,403,1,42504,Cloudflare,Node.js
Sucuri/Cloudproxy,403,1,4802,Sucuri,Vue
Incapsula,500,1,26376,Imperva,WordPress
nginx/1.18.0,301,1,40623,ModSecurity,React
Apache/2.4.41 (Ubuntu),301,1,5631,ModSecurity,Node.js
nginx/1.18.0,403,1,18729,ModSecurity,Express
cloudflare,403,1,20324,Cloudflare,Laravel
Apache/2.4.41 (Ubuntu),403,1,42397,ModSecurity,Express
cloudflare-nginx,500,1,5085,Cloudflare,ASP.NET
Sucuri/Cloudproxy,403,1,2935,Sucuri,Spring_Boot
LiteSpeed,301,0,28789,None,React
nginx/1.18.0,500,1,14422,ModSecurity,React
BigIP,500,1,10901,F5_BIG_IP,WordPress
BigIP,302,1,27804,F5_BIG_IP,Vue
AWS,302,1,36206,AWS_WAF,Spring_Boot
AWS,403,1,41266,AWS_WAF,Vue
BIG-IP,403,1,18835,F5_BIG_IP,Node.js
LiteSpeed,500,1,27309,None,Node.js
cloudflare,500,1,16634,Cloudflare,Unknown
nginx/1.18.0,403,1,18549,ModSecurity,Spring_Boot
Sucuri/Cloudproxy,500,1,10674,Sucuri,ASP.NET
Sucuri/Cloudproxy,500,1,12510,Sucuri,Node.js
Sucuri/Cloudproxy,500,1,22083,Sucuri,React
Sucuri/Cloudproxy,403,1,25944,Sucuri,ASP.NET
BIG-IP,403,1,38299,F5_BIG_IP,WordPress
Apache/2.4.41 (Ubuntu),403,1,37084,ModSecurity,Laravel
AWS,403,1,24773,AWS_WAF,WordPress
CloudFront,200,1,30625,AWS_WAF,Spring_Boot
Sucuri/Cloudproxy,403,1,40700,Sucuri,ASP.NET
AWS,403,1,32364,AWS_WAF,WordPress
AmazonS3,500,1,43678,AWS_WAF,Node.js
cloudflare,301,1,10771,Cloudflare,Vue
Microsoft-IIS/10.0,301,0,37827,None,Laravel
LiteSpeed,301,0,38016,None,Express
nginx/1.18.0,200,1,49010,ModSecurity,React
Sucuri/Cloudproxy,403,1,20839,Sucuri,Spring_Boot
Incapsula,403,1,4620,Imperva,WordPress
nginx/1.18.0,301,1,49516,ModSecurity,Django
Microsoft-IIS/10.0,500,0,6089,None,WordPress
nginx/1.18.0,404,1,40509,None,Unknown
nginx/1.18.0,404,1,23865,ModSecurity,Node.js
BIG-IP,200,1,3114,F5_BIG_IP,Unknown
Sucuri/Cloudproxy,404,1,46928,Sucuri,React
Microsoft-IIS/10.0,302,0,28073,None,Unknown
cloudflare-nginx,403,1,32318,Cloudflare,Vue
Apache/2.4.41,500,0,16798,None,Vue
BIG-IP,200,1,33744,F5_BIG_IP,Express
Sucuri/Cloudproxy,403,1,22079,Sucuri,Vue
nginx/1.18.0,404,0,34722,None,Node.js
BigIP,403,1,33876,F5_BIG_IP,Vue
Microsoft-IIS/10.0,200,0,5621,None,React
LiteSpeed,302,0,16583,None,Django
BigIP,302,1,42267,F5_BIG_IP,Laravel
Apache/2.4.41,404,0,10923,None,Vue
Apache/2.4.41 (Ubuntu),403,1,19216,ModSecurity,Laravel
AmazonS3,301,1,13908,AWS_WAF,Django
Sucuri/Cloudproxy,500,1,11311,Sucuri,Express
Sucuri/Cloudproxy,302,1,24649,Sucuri,Vue
nginx/1.18.0,301,1,26075,ModSecurity,Laravel
Sucuri/Cloudproxy,403,1,46177,Sucuri,Node.js
AmazonS3,500,1,30791,AWS_WAF,Express
Apache/2.4.41,500,0,30971,None,ASP.NET
cloudflare-nginx,302,1,15068,Cloudflare,Django
cloudflare-nginx,200,1,34445,Cloudflare,Vue
Apache/2.4.41,200,0,26700,None,Express
CloudFront,403,1,38838,AWS_WAF,ASP.NET
Apache/2.4.41,500,1,17863,None,Django
Apache/2.4.41 (Ubuntu),403,1,26156,ModSecurity,WordPress
Microsoft-IIS/10.0,301,1,39567,None,React
cloudflare,403,1,13219,Cloudflare,Django
AWS,301,1,10566,AWS_WAF,Express
AmazonS3,200,1,48954,AWS_WAF,React
Sucuri/Cloudproxy,301,1,22727,Sucuri,Spring_Boot
LiteSpeed,500,1,32014,None,Laravel
Apache/2.4.41,302,0,7611,None,ASP.NET
nginx/1.18.0,403,1,48852,ModSecurity,ASP.NET
nginx/1.18.0,302,1,34070,ModSecurity,Django
Incapsula,403,1,1520,Imperva,Unknown
AmazonS3,403,1,17794,AWS_WAF,Node.js
BIG-IP,403,1,33451,F5_BIG_IP,Vue
Incapsula,403,1,4706,Imperva,React
cloudflare-nginx,403,1,48825,Cloudflare,Express
CloudFront,403,1,25953,AWS_WAF,Django
Microsoft-IIS/10.0,301,0,12983,None,Unknown
BigIP,404,1,33105,F5_BIG_IP,Spring_Boot
Apache/2.4.41 (Ubuntu),403,1,401,ModSecurity,Node.js
BigIP,200,1,47514,F5_BIG_IP,Unknown
cloudflare,500,1,14602,Cloudflare,WordPress
nginx/1.18.0,404,1,8642,ModSecurity,Spring_Boot
Sucuri/Cloudproxy,404,1,10545,Sucuri,Django
nginx/1.18.0,301,0,3133,None,Express
BIG-IP,403,1,28187,F5_BIG_IP,Unknown
nginx/1.18.0,404,0,4987,None,WordPress
Incapsula,301,1,24943,Imperva,Laravel
BigIP,302,1,39250,F5_BIG_IP,Node.js
Incapsula,403,1,12638,Imperva,Express
LiteSpeed,500,0,23005,None,Vue
Sucuri/Cloudproxy,403,1,1649,Sucuri,Node.js
AmazonS3,404,1,41777,AWS_WAF,Node.js
Incapsula,403,1,9761,Imperva,Django
LiteSpeed,302,1,23396,None,Spring_Boot
cloudflare,500,1,7952,Cloudflare,WordPress
Apache/2.4.41 (Ubuntu),403,1,5936,ModSecurity,ASP.NET
AWS,404,1,46932,AWS_WAF,Spring_Boot
Incapsula,403,1,28357,Imperva,Vue
BigIP,403,1,2738,F5_BIG_IP,ASP.NET
cloudflare,200,1,45224,Cloudflare,React
nginx/1.18.0,301,1,38272,None,WordPress
cloudflare,302,1,31573,Cloudflare,Laravel
cloudflare,403,1,45846,Cloudflare,Vue
BIG-IP,403,1,1666,F5_BIG_IP,ASP.NET
Incapsula,403,1,49128,Imperva,Express
Apache/2.4.41 (Ubuntu),404,1,12186,ModSecurity,Laravel
cloudflare-nginx,500,1,6207,Cloudflare,Express
Incapsula,404,1,42606,Imperva,ASP.NET
BIG-IP,500,1,48180,F5_BIG_IP,Django
CloudFront,403,1,37873,AWS_WAF,Django
cloudflare-nginx,404,1,10488,Cloudflare,Spring_Boot
BIG-IP,200,1,11322,F5_BIG_IP,Node.js
LiteSpeed,301,0,46334,None,Vue
cloudflare-nginx,403,1,4642,Cloudflare,Django
LiteSpeed,301,0,8397,None,WordPress
Sucuri/Cloudproxy,404,1,18616,Sucuri,Spring_Boot
BIG-IP,403,1,9153,F5_BIG_IP,React
AmazonS3,403,1,47635,AWS_WAF,Express
AmazonS3,403,1,26468,AWS_WAF,WordPress
Sucuri/Cloudproxy,301,1,16827,Sucuri,React
BigIP,403,1,20902,F5_BIG_IP,Unknown
nginx/1.18.0,302,0,35692,None,React
Sucuri/Cloudproxy,200,1,7581,Sucuri,Django
Incapsula,404,1,30128,Imperva,React
Sucuri/Cloudproxy,500,1,14246,Sucuri,Express
BIG-IP,403,1,33879,F5_BIG_IP,Unknown
nginx/1.18.0,302,1,34814,ModSecurity,Unknown
nginx/1.18.0,403,1,10672,ModSecurity,Vue
cloudflare,301,1,33522,Cloudflare,Vue
cloudflare-nginx,403,1,27540,Cloudflare,Express
cloudflare,403,1,25082,Cloudflare,React
AmazonS3,500,1,47960,AWS_WAF,Node.js
AmazonS3,403,1,9407,AWS_WAF,Django
CloudFront,403,1,46877,AWS_WAF,Vue
LiteSpeed,200,1,22401,None,WordPress
cloudflare-nginx,403,1,23618,Cloudflare,WordPress
BIG-IP,403,1,22656,F5_BIG_IP,Vue
BIG-IP,404,1,12364,F5_BIG_IP,Express
cloudflare-nginx,403,1,39614,Cloudflare,Express
Incapsula,500,1,9255,Imperva,Laravel
Incapsula,403,1,1700,Imperva,WordPress
cloudflare,302,1,41060,Cloudflare,Django
Apache/2.4.41,500,0,32557,None,Unknown
Microsoft-IIS/10.0,200,0,24127,None,Node.js
Apache/2.4.41 (Ubuntu),200,1,47868,ModSecurity,Vue
BigIP,403,1,42999,F5_BIG_IP,Vue
Apache/2.4.41 (Ubuntu),403,1,18635,ModSecurity,WordPress
Sucuri/Cloudproxy,500,1,3950,Sucuri,Express
nginx/1.18.0,200,0,9324,None,Unknown
nginx/1.18.0,200,1,23458,None,Laravel
nginx/1.18.0,200,1,22990,ModSecurity,Node.js
LiteSpeed,200,0,15577,None,React
Apache/2.4.41 (Ubuntu),403,1,37637,ModSecurity,Spring_Boot
Incapsula,302,1,41957,Imperva,Vue
AWS,301,1,5731,AWS_WAF,Spring_Boot
AWS,403,1,29956,AWS_WAF,Spring_Boot
cloudflare-nginx,200,1,16025,Cloudflare,Vue
AmazonS3,301,1,30635,AWS_WAF,Spring_Boot
BigIP,403,1,42024,F5_BIG_IP,Node.js
cloudflare-nginx,200,1,47625,Cloudflare,Express
Incapsula,302,1,5499,Imperva,React
Sucuri/Cloudproxy,404,1,38328,Sucuri,Unknown
Incapsula,404,1,49893,Imperva,ASP.NET
LiteSpeed,404,0,27808,None,WordPress
CloudFront,200,1,44144,AWS_WAF,React
nginx/1.18.0,404,1,49085,ModSecurity,WordPress
BIG-IP,302,1,38697,F5_BIG_IP,Vue
Sucuri/Cloudproxy,403,1,9767,Sucuri,Django
LiteSpeed,200,0,674,None,Express
cloudflare-nginx,500,1,4910,Cloudflare,ASP.NET
Apache/2.4.41 (Ubuntu),404,1,40244,ModSecurity,Spring_Boot
Sucuri/Cloudproxy,200,1,26785,Sucuri,Laravel
nginx/1.18.0,200,1,6618,ModSecurity,Unknown
CloudFront,500,1,34951,AWS_WAF,Vue
cloudflare,404,1,27570,Cloudflare,Spring_Boot
AWS,403,1,43833,AWS_WAF,Unknown
Sucuri/Cloudproxy,301,1,39446,Sucuri,Unknown
Sucuri/Cloudproxy,404,1,15534,Sucuri,Spring_Boot
LiteSpeed,301,0,6947,None,Unknown
cloudflare,403,1,21568,Cloudflare,Unknown
Apache/2.4.41 (Ubuntu),404,1,6220,ModSecurity,WordPress
Incapsula,301,1,14208,Imperva,Node.js
cloudflare,200,1,16399,Cloudflare,Laravel
cloudflare-nginx,500,1,13995,Cloudflare,Django
Incapsula,404,1,24890,Imperva,Vue
nginx/1.18.0,302,1,2793,ModSecurity,Laravel
CloudFront,403,1,21066,AWS_WAF,WordPress
Sucuri/Cloudproxy,404,1,28775,Sucuri,WordPress
Microsoft-IIS/10.0,404,0,8026,None,Spring_Boot
AWS,403,1,354,AWS_WAF,Vue
cloudflare,403,1,6979,Cloudflare,Vue
BigIP,403,1,33357,F5_BIG_IP,Express
Apache/2.4.41 (Ubuntu),403,1,38892,ModSecurity,Laravel
LiteSpeed,404,0,9645,None,Django
Apache/2.4.41 (Ubuntu),403,1,24563,ModSecurity,ASP.NET
Microsoft-IIS/10.0,404,0,18171,None,Express
cloudflare-nginx,403,1,31703,Cloudflare,React
LiteSpeed,302,1,10400,None,Node.js
Apache/2.4.41,404,0,16012,None,Node.js
AWS,200,1,44286,AWS_WAF,WordPress
Apache/2.4.41,404,0,34467,None,Express
Incapsula,200,1,238,Imperva,ASP.NET
Incapsula,301,1,25430,Imperva,Node.js
Apache/2.4.41,500,0,23439,None,Express
BigIP,200,1,17866,F5_BIG_IP,WordPress
LiteSpeed,404,0,37181,None,React
AWS,200,1,19086,AWS_WAF,Spring_Boot
BIG-IP,302,1,28947,F5_BIG_IP,Vue
cloudflare-nginx,200,1,1791,Cloudflare,Node.js
BigIP,403,1,39931,F5_BIG_IP,Laravel
nginx/1.18.0,500,1,41037,ModSecurity,Django
nginx/1.18.0,200,0,28954,None,Express
Incapsula,403,1,23507,Imperva,Django
cloudflare-nginx,200,1,16073,Cloudflare,Spring_Boot
Apache/2.4.41,302,1,11422,None,Django
Incapsula,302,1,6436,Imperva,Node.js
BIG-IP,301,1,21449,F5_BIG_IP,WordPress
BIG-IP,403,1,16896,F5_BIG_IP,ASP.NET
nginx/1.18.0,500,1,13422,ModSecurity,Vue
Sucuri/Cloudproxy,403,1,34871,Sucuri,WordPress
Sucuri/Cloudproxy,403,1,23919,Sucuri,Spring_Boot
CloudFront,403,1,27061,AWS_WAF,Django
nginx/1.18.0,403,1,2658,ModSecurity,WordPress
nginx/1.18.0,301,0,49801,None,Unknown
Apache/2.4.41,301,0,30876,None,Django
nginx/1.18.0,403,1,34473,ModSecurity,Express
Sucuri/Cloudproxy,302,1,44547,Sucuri,WordPress
nginx/1.18.0,301,1,21760,ModSecurity,Unknown
AmazonS3,404,1,39012,AWS_WAF,Laravel
Sucuri/Cloudproxy,404,1,34461,Sucuri,Unknown
Sucuri/Cloudproxy,403,1,18214,Sucuri,Express
cloudflare-nginx,200,1,16705,Cloudflare,Vue
BIG-IP,500,1,35716,F5_BIG_IP,React
Sucuri/Cloudproxy,403,1,24829,Sucuri,Laravel
Incapsula,403,1,3060,Imperva,React
Apache/2.4.41 (Ubuntu),404,1,21758,ModSecurity,WordPress
cloudflare-nginx,302,1,45366,Cloudflare,WordPress
BIG-IP,403,1,15683,F5_BIG_IP,React
cloudflare,302,1,37849,Cloudflare,Unknown
nginx/1.18.0,403,1,49925,ModSecurity,ASP.NET
AWS,302,1,3587,AWS_WAF,Laravel
Incapsula,200,1,46160,Imperva,WordPress
cloudflare,403,1,23603,Cloudflare,ASP.NET
Apache/2.4.41,200,1,32665,None,ASP.NET
Sucuri/Cloudproxy,403,1,2527,Sucuri,Vue
Apache/2.4.41,200,1,4755,None,Spring_Boot
Sucuri/Cloudproxy,302,1,22826,Sucuri,Express
cloudflare-nginx,403,1,31620,Cloudflare,Django
nginx/1.18.0,500,1,37205,None,Vue
AmazonS3,500,1,40905,AWS_WAF,WordPress
Incapsula,500,1,4815,Imperva,Vue
AmazonS3,301,1,43738,AWS_WAF,Node.js
AmazonS3,403,1,13110,AWS_WAF,WordPress
cloudflare,301,1,37623,Cloudflare,Vue
Sucuri/Cloudproxy,302,1,5491,Sucuri,ASP.NET
Sucuri/Cloudproxy,403,1,32341,Sucuri,ASP.NET
Incapsula,200,1,119,Imperva,ASP.NET
CloudFront,302,1,18434,AWS_WAF,Node.js
Sucuri/Cloudproxy,403,1,10103,Sucuri,ASP.NET
BIG-IP,200,1,18357,F5_BIG_IP,Django
cloudflare,200,1,469,Cloudflare,Vue
nginx/1.18.0,404,1,32659,ModSecurity,Spring_Boot
Incapsula,200,1,19773,Imperva,Node.js
Apache/2.4.41,302,0,32332,None,Vue
Apache/2.4.41 (Ubuntu),200,1,43164,ModSecurity,Express
nginx/1.18.0,200,0,4829,None,Spring_Boot
Incapsula,302,1,4288,Imperva,Express
BigIP,301,1,33576,F5_BIG_IP,Express
cloudflare-nginx,403,1,14818,Cloudflare,WordPress
nginx/1.18.0,404,1,6891,ModSecurity,Express
Apache/2.4.41 (Ubuntu),301,1,12735,ModSecurity,ASP.NET
Apache/2.4.41,302,0,4646,None,Vue
Incapsula,403,1,42359,Imperva,Vue
Incapsula,404,1,7959,Imperva,WordPress
cloudflare,302,1,11315,Cloudflare,Laravel
cloudflare-nginx,403,1,30801,Cloudflare,Unknown
cloudflare-nginx,500,1,13721,Cloudflare,Spring_Boot
CloudFront,403,1,2350,AWS_WAF,Laravel
nginx/1.18.0,500,1,19786,ModSecurity,Vue
Apache/2.4.41,500,1,48694,None,React
AWS,404,1,34542,AWS_WAF,Unknown
nginx/1.18.0,200,0,203,None,Spring_Boot
Incapsula,302,1,32534,Imperva,WordPress
CloudFront,404,1,42030,AWS_WAF,Django
Incapsula,500,1,23352,Imperva,Laravel
BIG-IP,404,1,39241,F5_BIG_IP,Laravel
BigIP,404,1,48219,F5_BIG_IP,React
Incapsula,200,1,29055,Imperva,Node.js
AWS,403,1,31540,AWS_WAF,WordPress
Incapsula,500,1,36080,Imperva,Unknown
Incapsula,200,1,31705,Imperva,React
cloudflare,500,1,43412,Cloudflare,Django
cloudflare,404,1,31825,Cloudflare,ASP.NET
Incapsula,301,1,28544,Imperva,React
CloudFront,500,1,22201,AWS_WAF,Node.js
cloudflare-nginx,403,1,13929,Cloudflare,Django
cloudflare,301,1,1257,Cloudflare,Vue
nginx/1.18.0,500,0,42830,None,Spring_Boot
Sucuri/Cloudproxy,302,1,35314,Sucuri,Unknown
cloudflare-nginx,404,1,199,Cloudflare,Vue
cloudflare-nginx,500,1,33379,Cloudflare,ASP.NET
Sucuri/Cloudproxy,403,1,26414,Sucuri,ASP.NET
BigIP,500,1,2831,F5_BIG_IP,ASP.NET
Incapsula,302,1,13358,Imperva,React
cloudflare,200,1,45900,Cloudflare,Express
AWS,403,1,38595,AWS_WAF,Node.js
BIG-IP,301,1,14484,F5_BIG_IP,Unknown
nginx/1.18.0,500,1,29956,ModSecurity,ASP.NET
Apache/2.4.41 (Ubuntu),301,1,13934,ModSecurity,Express
Microsoft-IIS/10.0,500,0,16198,None,Django
cloudflare,403,1,23681,Cloudflare,Express
Apache/2.4.41 (Ubuntu),404,1,34668,ModSecurity,Django
Sucuri/Cloudproxy,301,1,27114,Sucuri,Django
CloudFront,403,1,7826,AWS_WAF,Express
BIG-IP,301,1,17672,F5_BIG_IP,Vue
Microsoft-IIS/10.0,301,0,33565,None,Node.js
Microsoft-IIS/10.0,302,1,42285,None,React
Sucuri/Cloudproxy,403,1,30477,Sucuri,Django
cloudflare,500,1,23882,Cloudflare,Django
cloudflare-nginx,500,1,11276,Cloudflare,Laravel
Incapsula,200,1,40458,Imperva,Spring_Boot
Sucuri/Cloudproxy,403,1,13676,Sucuri,ASP.NET
Incapsula,403,1,15192,Imperva,Laravel
LiteSpeed,500,0,39115,None,Laravel
Sucuri/Cloudproxy,403,1,27166,Sucuri,Django
CloudFront,403,1,35400,AWS_WAF,Django
Microsoft-IIS/10.0,500,0,28727,None,Vue
cloudflare,301,1,15474,Cloudflare,Django
BigIP,403,1,24577,F5_BIG_IP,Vue
Incapsula,500,1,30306,Imperva,Vue
CloudFront,403,1,34803,AWS_WAF,Node.js
Incapsula,200,1,12784,Imperva,Vue
Incapsula,403,1,46937,Imperva,Spring_Boot
Incapsula,403,1,30388,Imperva,Django
CloudFront,404,1,43770,AWS_WAF,ASP.NET
Apache/2.4.41 (Ubuntu),403,1,17388,ModSecurity,Unknown
Incapsula,403,1,3273,Imperva,Spring_Boot
CloudFront,500,1,35011,AWS_WAF,Laravel
cloudflare-nginx,301,1,29044,Cloudflare,React
LiteSpeed,500,0,34760,None,Express
Incapsula,301,1,49197,Imperva,ASP.NET
cloudflare,403,1,17251,Cloudflare,ASP.NET
nginx/1.18.0,200,0,3992,None,React
nginx/1.18.0,200,1,9750,ModSecurity,Vue
Apache/2.4.41 (Ubuntu),403,1,8859,ModSecurity,WordPress
BIG-IP,403,1,45345,F5_BIG_IP,WordPress
nginx/1.18.0,500,1,46368,ModSecurity,WordPress
Incapsula,200,1,17947,Imperva,Laravel
Apache/2.4.41,302,1,25637,None,Node.js
nginx/1.18.0,404,0,47373,None,React
Microsoft-IIS/10.0,302,1,20220,None,Express
nginx/1.18.0,403,1,25681,ModSecurity,ASP.NET
Incapsula,200,1,24746,Imperva,Express
Apache/2.4.41,500,0,36564,None,Node.js
nginx/1.18.0,500,0,35712,None,Node.js
BIG-IP,404,1,29704,F5_BIG_IP,Spring_Boot
Incapsula,404,1,23558,Imperva,Django
Apache/2.4.41 (Ubuntu),403,1,35250,ModSecurity,ASP.NET
Sucuri/Cloudproxy,500,1,6246,Sucuri,Laravel
cloudflare-nginx,302,1,39124,Cloudflare,Express
CloudFront,403,1,47561,AWS_WAF,Node.js
BIG-IP,403,1,40261,F5_BIG_IP,Laravel
Microsoft-IIS/10.0,302,1,14642,None,WordPress
nginx/1.18.0,404,1,49157,ModSecurity,ASP.NET
Sucuri/Cloudproxy,200,1,2725,Sucuri,Spring_Boot
AWS,200,1,25691,AWS_WAF,Express
Incapsula,403,1,42901,Imperva,React
Sucuri/Cloudproxy,403,1,47044,Sucuri,Django
Sucuri/Cloudproxy,301,1,15048,Sucuri,React
BigIP,403,1,30408,F5_BIG_IP,React
cloudflare,403,1,18686,Cloudflare,WordPress
nginx/1.18.0,200,0,49765,None,WordPress
Incapsula,200,1,27522,Imperva,Spring_Boot
CloudFront,200,1,923,AWS_WAF,Spring_Boot
Incapsula,500,1,2851,Imperva,Vue
Incapsula,200,1,26698,Imperva,Laravel
AmazonS3,301,1,33859,AWS_WAF,Express
BIG-IP,500,1,12051,F5_BIG_IP,Node.js
Apache/2.4.41 (Ubuntu),301,1,4823,ModSecurity,Vue
nginx/1.18.0,403,1,11101,ModSecurity,Express
AWS,301,1,43228,AWS_WAF,Express
Apache/2.4.41 (Ubuntu),404,1,43820,ModSecurity,Laravel
nginx/1.18.0,403,1,45239,ModSecurity,WordPress
cloudflare,500,1,48332,Cloudflare,WordPress
Sucuri/Cloudproxy,403,1,4677,Sucuri,React
BigIP,200,1,6154,F5_BIG_IP,WordPress
nginx/1.18.0,404,0,28987,None,React
Incapsula,301,1,296,Imperva,Node.js
AWS,200,1,44458,AWS_WAF,WordPress
Apache/2.4.41 (Ubuntu),500,1,8746,ModSecurity,Vue
Apache/2.4.41 (Ubuntu),301,1,7158,ModSecurity,Spring_Boot
Apache/2.4.41 (Ubuntu),403,1,18936,ModSecurity,Vue
nginx/1.18.0,403,1,23117,ModSecurity,ASP.NET
Sucuri/Cloudproxy,302,1,131,Sucuri,Express
Sucuri/Cloudproxy,404,1,49585,Sucuri,Node.js
AmazonS3,302,1,39012,AWS_WAF,Express
cloudflare-nginx,403,1,20697,Cloudflare,Unknown
BIG-IP,403,1,12599,F5_BIG_IP,Laravel
BIG-IP,403,1,42087,F5_BIG_IP,ASP.NET
Sucuri/Cloudproxy,302,1,40591,Sucuri,Node.js
BIG-IP,403,1,46779,F5_BIG_IP,Spring_Boot
LiteSpeed,404,0,24341,None,Django
Apache/2.4.41 (Ubuntu),403,1,16703,ModSecurity,Node.js
AWS,404,1,19413,AWS_WAF,Express
nginx/1.18.0,301,1,34288,ModSecurity,Vue
LiteSpeed,404,0,16041,None,WordPress
AWS,301,1,32487,AWS_WAF,React
LiteSpeed,200,0,13997,None,Node.js
Incapsula,404,1,27720,Imperva,Unknown
Sucuri/Cloudproxy,403,1,30001,Sucuri,Express
Sucuri/Cloudproxy,302,1,42622,Sucuri,Unknown
nginx/1.18.0,302,1,11676,ModSecurity,Laravel
BIG-IP,403,1,25167,F5_BIG_IP,Unknown
CloudFront,404,1,21388,AWS_WAF,ASP.NET
Apache/2.4.41 (Ubuntu),200,1,10284,ModSecurity,Laravel
Apache/2.4.41,200,1,31360,None,Node.js
Sucuri/Cloudproxy,200,1,19184,Sucuri,Vue
Sucuri/Cloudproxy,500,1,32207,Sucuri,Unknown
Apache/2.4.41,500,0,23442,None,Unknown
Incapsula,302,1,46997,Imperva,ASP.NET
Incapsula,302,1,24210,Imperva,Express
nginx/1.18.0,403,1,8893,ModSecurity,Express
AWS,302,1,18243,AWS_WAF,React
Apache/2.4.41 (Ubuntu),403,1,23385,ModSecurity,Laravel
BIG-IP,403,1,26282,F5_BIG_IP,Unknown
Incapsula,404,1,48162,Imperva,Node.js
nginx/1.18.0,404,0,22226,None,Django
Incapsula,200,1,11107,Imperva,ASP.NET
cloudflare,403,1,26230,Cloudflare,Express
nginx/1.18.0,403,1,11388,ModSecurity,Vue
Sucuri/Cloudproxy,301,1,4208,Sucuri,Laravel
Incapsula,500,1,38904,Imperva,Node.js
cloudflare,500,1,28003,Cloudflare,Express
AWS,403,1,48782,AWS_WAF,Vue
Incapsula,301,1,647,Imperva,React
Microsoft-IIS/10.0,302,1,15933,None,Vue
BIG-IP,403,1,32311,F5_BIG_IP,WordPress
Sucuri/Cloudproxy,302,1,17826,Sucuri,ASP.NET
BigIP,403,1,31880,F5_BIG_IP,Node.js
BigIP,403,1,5985,F5_BIG_IP,Laravel
cloudflare,403,1,5369,Cloudflare,React
cloudflare,200,1,4154,Cloudflare,Spring_Boot
Apache/2.4.41 (Ubuntu),301,1,12313,ModSecurity,ASP.NET
nginx/1.18.0,302,1,46579,ModSecurity,Node.js
BigIP,403,1,24047,F5_BIG_IP,React
Microsoft-IIS/10.0,200,0,20942,None,ASP.NET
AWS,404,1,27977,AWS_WAF,Express
BIG-IP,302,1,32673,F5_BIG_IP,Spring_Boot
BigIP,200,1,18430,F5_BIG_IP,Laravel
CloudFront,403,1,7520,AWS_WAF,Spring_Boot
AWS,403,1,17643,AWS_WAF,React
Microsoft-IIS/10.0,302,0,8367,None,Node.js
cloudflare,404,1,22232,Cloudflare,Express
cloudflare-nginx,200,1,40337,Cloudflare,Express
BIG-IP,403,1,42649,F5_BIG_IP,React
Sucuri/Cloudproxy,403,1,48588,Sucuri,React
Apache/2.4.41 (Ubuntu),403,1,26718,ModSecurity,ASP.NET
Apache/2.4.41,200,0,15724,None,React
BIG-IP,403,1,10774,F5_BIG_IP,React
BigIP,200,1,28064,F5_BIG_IP,WordPress
BIG-IP,403,1,18578,F5_BIG_IP,Django
AWS,302,1,25359,AWS_WAF,Vue
Sucuri/Cloudproxy,404,1,9607,Sucuri,Unknown
CloudFront,403,1,41135,AWS_WAF,Vue
Sucuri/Cloudproxy,200,1,38057,Sucuri,ASP.NET
Apache/2.4.41 (Ubuntu),403,1,17136,ModSecurity,Unknown
BigIP,302,1,15482,F5_BIG_IP,Node.js
Apache/2.4.41,500,0,5737,None,WordPress
cloudflare-nginx,500,1,46026,Cloudflare,WordPress
Incapsula,500,1,31975,Imperva,Django
Incapsula,403,1,30521,Imperva,Vue
Apache/2.4.41,404,0,28461,None,ASP.NET
cloudflare,403,1,39257,Cloudflare,WordPress
cloudflare-nginx,404,1,21138,Cloudflare,Express
AWS,500,1,28259,AWS_WAF,React
nginx/1.18.0,403,1,21307,ModSecurity,Node.js
nginx/1.18.0,403,1,25680,ModSecurity,Unknown
BigIP,403,1,24169,F5_BIG_IP,ASP.NET
LiteSpeed,301,0,10719,None,Spring_Boot
cloudflare,302,1,404,Cloudflare,ASP.NET
Apache/2.4.41 (Ubuntu),403,1,39564,ModSecurity,WordPress
AmazonS3,404,1,1507,AWS_WAF,Unknown
cloudflare-nginx,302,1,22030,Cloudflare,Express
BigIP,403,1,19419,F5_BIG_IP,WordPress
nginx/1.18.0,403,1,23456,ModSecurity,React
Sucuri/Cloudproxy,403,1,36615,Sucuri,React
Apache/2.4.41 (Ubuntu),403,1,33488,ModSecurity,Node.js
Sucuri/Cloudproxy,403,1,17605,Sucuri,WordPress
Apache/2.4.41 (Ubuntu),404,1,18658,ModSecurity,Django
Incapsula,403,1,11116,Imperva,Vue
cloudflare,403,1,5331,Cloudflare,React
Incapsula,403,1,10943,Imperva,Spring_Boot
nginx/1.18.0,403,1,48933,ModSecurity,Django
cloudflare-nginx,301,1,12767,Cloudflare,Node.js
Sucuri/Cloudproxy,403,1,22260,Sucuri,Spring_Boot
Sucuri/Cloudproxy,403,1,17719,Sucuri,Express
AWS,200,1,2507,AWS_WAF,Django
LiteSpeed,500,0,48500,None,Spring_Boot
BIG-IP,302,1,45669,F5_BIG_IP,Vue
Apache/2.4.41 (Ubuntu),500,1,1676,ModSecurity,Laravel
Sucuri/Cloudproxy,302,1,30115,Sucuri,Express
Sucuri/Cloudproxy,500,1,20740,Sucuri,ASP.NET
cloudflare-nginx,403,1,9416,Cloudflare,Django
BigIP,404,1,47857,F5_BIG_IP,React
cloudflare-nginx,403,1,49365,Cloudflare,Spring_Boot
Sucuri/Cloudproxy,302,1,22123,Sucuri,Unknown
cloudflare-nginx,301,1,43606,Cloudflare,Laravel
cloudflare-nginx,403,1,20971,Cloudflare,Laravel
Sucuri/Cloudproxy,302,1,15294,Sucuri,WordPress
nginx/1.18.0,200,0,27951,None,Unknown
nginx/1.18.0,302,1,11366,ModSecurity,Vue
Sucuri/Cloudproxy,404,1,34886,Sucuri,Laravel
Incapsula,301,1,29575,Imperva,ASP.NET
cloudflare,403,1,10676,Cloudflare,Spring_Boot
nginx/1.18.0,301,1,36357,ModSecurity,Express
Sucuri/Cloudproxy,301,1,28567,Sucuri,Spring_Boot
Incapsula,200,1,4302,Imperva,Vue
AWS,200,1,15656,AWS_WAF,Laravel
AWS,403,1,27055,AWS_WAF,Laravel
nginx/1.18.0,500,1,28995,ModSecurity,Django
Microsoft-IIS/10.0,404,0,10495,None,Unknown
Microsoft-IIS/10.0,500,1,8022,None,Unknown
AmazonS3,403,1,4763,AWS_WAF,Django
Microsoft-IIS/10.0,301,0,4595,None,Unknown
cloudflare,403,1,25208,Cloudflare,ASP.NET
Microsoft-IIS/10.0,500,1,13271,None,WordPress
Incapsula,200,1,26444,Imperva,ASP.NET
Apache/2.4.41 (Ubuntu),403,1,34070,ModSecurity,Node.js
AmazonS3,403,1,24462,AWS_WAF,ASP.NET
nginx/1.18.0,404,0,32331,None,Django
cloudflare,301,1,25941,Cloudflare,Vue
Sucuri/Cloudproxy,403,1,9810,Sucuri,Unknown
nginx/1.18.0,403,1,42056,ModSecurity,WordPress
CloudFront,500,1,5174,AWS_WAF,Unknown
Apache/2.4.41 (Ubuntu),404,1,3316,ModSecurity,React
cloudflare-nginx,403,1,33556,Cloudflare,WordPress
BigIP,403,1,27502,F5_BIG_IP,WordPress
BigIP,500,1,24629,F5_BIG_IP,Django
LiteSpeed,404,1,31212,None,React
cloudflare-nginx,500,1,1773,Cloudflare,Vue
Apache/2.4.41 (Ubuntu),200,1,42630,ModSecurity,WordPress
AWS,403,1,3109,AWS_WAF,Express
nginx/1.18.0,404,0,38215,None,Vue
nginx/1.18.0,302,1,30090,ModSecurity,Vue
Incapsula,404,1,7837,Imperva,React
Apache/2.4.41 (Ubuntu),404,1,23494,ModSecurity,ASP.NET
Incapsula,403,1,47709,Imperva,Express
Apache/2.4.41 (Ubuntu),404,1,44240,ModSecurity,Unknown
Incapsula,200,1,28551,Imperva,Unknown
BigIP,403,1,33291,F5_BIG_IP,Express
BIG-IP,301,1,12649,F5_BIG_IP,Vue
Sucuri/Cloudproxy,403,1,8799,Sucuri,Laravel
BigIP,404,1,43893,F5_BIG_IP,Node.js
nginx/1.18.0,302,1,40962,ModSecurity,Unknown
BigIP,200,1,23615,F5_BIG_IP,WordPress
LiteSpeed,500,0,48040,None,Node.js
nginx/1.18.0,403,1,882,ModSecurity,React
cloudflare-nginx,403,1,4261,Cloudflare,WordPress
Apache/2.4.41,500,0,31125,None,Unknown
BIG-IP,403,1,17205,F5_BIG_IP,Express
Incapsula,403,1,6202,Imperva,ASP.NET
nginx/1.18.0,301,1,32129,ModSecurity,Laravel
Sucuri/Cloudproxy,403,1,1518,Sucuri,Django
Sucuri/Cloudproxy,403,1,44588,Sucuri,Laravel
Sucuri/Cloudproxy,301,1,48984,Sucuri,React
Sucuri/Cloudproxy,403,1,129,Sucuri,Unknown
cloudflare,404,1,23143,Cloudflare,WordPress
Incapsula,200,1,11919,Imperva,ASP.NET
CloudFront,301,1,13306,AWS_WAF,Node.js
AmazonS3,301,1,44908,AWS_WAF,Node.js
Sucuri/Cloudproxy,403,1,10116,Sucuri,Unknown
cloudflare,301,1,20527,Cloudflare,Unknown
AWS,500,1,5302,AWS_WAF,Unknown
Incapsula,500,1,43069,Imperva,Django
cloudflare-nginx,403,1,546,Cloudflare,Unknown
nginx/1.18.0,301,0,48028,None,Unknown
BIG-IP,403,1,15847,F5_BIG_IP,Node.js
AmazonS3,200,1,5825,AWS_WAF,React
Microsoft-IIS/10.0,500,0,34855,None,Unknown
BigIP,404,1,33887,F5_BIG_IP,Spring_Boot
Sucuri/Cloudproxy,403,1,32404,Sucuri,WordPress
nginx/1.18.0,500,1,12083,ModSecurity,Vue
cloudflare-nginx,403,1,40333,Cloudflare,Django
cloudflare,500,1,31928,Cloudflare,Node.js
nginx/1.18.0,404,1,37660,ModSecurity,Vue
Sucuri/Cloudproxy,403,1,32318,Sucuri,Vue
Sucuri/Cloudproxy,403,1,29453,Sucuri,Django
Apache/2.4.41 (Ubuntu),500,1,11882,ModSecurity,ASP.NET
Sucuri/Cloudproxy,403,1,40679,Sucuri,Django
Incapsula,301,1,47455,Imperva,React
Sucuri/Cloudproxy,404,1,2710,Sucuri,WordPress
AmazonS3,403,1,6713,AWS_WAF,ASP.NET
cloudflare-nginx,403,1,14347,Cloudflare,Spring_Boot
BIG-IP,200,1,5431,F5_BIG_IP,Spring_Boot
nginx/1.18.0,200,1,3779,ModSecurity,Spring_Boot
cloudflare-nginx,403,1,8356,Cloudflare,Node.js
BIG-IP,404,1,14550,F5_BIG_IP,Vue
Apache/2.4.41 (Ubuntu),403,1,42088,ModSecurity,WordPress
cloudflare-nginx,403,1,17070,Cloudflare,Express
Sucuri/Cloudproxy,500,1,11525,Sucuri,Spring_Boot
BIG-IP,403,1,49610,F5_BIG_IP,Laravel
CloudFront,404,1,20338,AWS_WAF,Express
cloudflare-nginx,200,1,45057,Cloudflare,Laravel
BigIP,302,1,5672,F5_BIG_IP,Node.js
nginx/1.18.0,404,0,19932,None,Vue
nginx/1.18.0,404,1,41414,ModSecurity,Vue
Incapsula,301,1,10319,Imperva,Spring_Boot
BigIP,200,1,34123,F5_BIG_IP,Spring_Boot
Incapsula,403,1,38532,Imperva,WordPress
cloudflare,403,1,48314,Cloudflare,React
Sucuri/Cloudproxy,301,1,49812,Sucuri,Unknown
Apache/2.4.41 (Ubuntu),403,1,20042,ModSecurity,Spring_Boot
Apache/2.4.41 (Ubuntu),404,1,8084,ModSecurity,Spring_Boot
nginx/1.18.0,302,1,27941,ModSecurity,Laravel
Sucuri/Cloudproxy,301,1,44188,Sucuri,ASP.NET
Incapsula,500,1,7904,Imperva,React
cloudflare-nginx,403,1,11526,Cloudflare,Express
cloudflare-nginx,302,1,3672,Cloudflare,WordPress
CloudFront,500,1,38365,AWS_WAF,Express
BigIP,403,1,46221,F5_BIG_IP,Express
LiteSpeed,301,1,37176,None,Laravel
BigIP,403,1,2888,F5_BIG_IP,Laravel
LiteSpeed,301,1,4038,None,Laravel
BigIP,403,1,19966,F5_BIG_IP,Django
nginx/1.18.0,403,1,8464,ModSecurity,Spring_Boot
AWS,500,1,22348,AWS_WAF,Django
AmazonS3,500,1,16016,AWS_WAF,Express
cloudflare,403,1,20719,Cloudflare,Spring_Boot
cloudflare-nginx,301,1,35518,Cloudflare,ASP.NET
CloudFront,200,1,7831,AWS_WAF,Unknown
Incapsula,403,1,27335,Imperva,React
BIG-IP,301,1,8289,F5_BIG_IP,Node.js
BIG-IP,200,1,19177,F5_BIG_IP,Laravel
nginx/1.18.0,301,1,30992,ModSecurity,Unknown
Sucuri/Cloudproxy,500,1,19895,Sucuri,React
AWS,403,1,37936,AWS_WAF,Unknown
Incapsula,404,1,24479,Imperva,Express
nginx/1.18.0,403,1,32709,ModSecurity,Express
cloudflare,403,1,13303,Cloudflare,Django
BIG-IP,403,1,520,F5_BIG_IP,WordPress
cloudflare,200,1,37238,Cloudflare,WordPress
Sucuri/Cloudproxy,302,1,46776,Sucuri,ASP.NET
nginx/1.18.0,403,1,35032,ModSecurity,React
Incapsula,301,1,22010,Imperva,Laravel
AWS,403,1,36509,AWS_WAF,ASP.NET
cloudflare,403,1,42585,Cloudflare,ASP.NET
BIG-IP,403,1,41388,F5_BIG_IP,Vue
CloudFront,403,1,17640,AWS_WAF,WordPress
Microsoft-IIS/10.0,404,1,39994,None,WordPress
BigIP,500,1,49121,F5_BIG_IP,React
CloudFront,403,1,30383,AWS_WAF,Node.js
Incapsula,403,1,31413,Imperva,Django
Incapsula,403,1,7436,Imperva,React
nginx/1.18.0,404,1,2979,None,Unknown
Incapsula,302,1,46839,Imperva,ASP.NET
AWS,403,1,29278,AWS_WAF,Django
LiteSpeed,200,1,24322,None,Django
Apache/2.4.41 (Ubuntu),200,1,20571,ModSecurity,WordPress
BigIP,403,1,30534,F5_BIG_IP,Laravel
BIG-IP,500,1,12037,F5_BIG_IP,Laravel
Sucuri/Cloudproxy,404,1,20116,Sucuri,WordPress
cloudflare-nginx,302,1,45631,Cloudflare,Laravel
Apache/2.4.41 (Ubuntu),403,1,22379,ModSecurity,WordPress
AmazonS3,403,1,5976,AWS_WAF,Spring_Boot
LiteSpeed,200,1,28027,None,Vue
AWS,302,1,15119,AWS_WAF,ASP.NET
Sucuri/Cloudproxy,403,1,24341,Sucuri,React
Microsoft-IIS/10.0,301,0,49522,None,Laravel
Incapsula,301,1,17572,Imperva,Node.js
CloudFront,302,1,28791,AWS_WAF,Express
Microsoft-IIS/10.0,200,0,18282,None,Django
Incapsula,403,1,33847,Imperva,React
cloudflare-nginx,302,1,1458,Cloudflare,Laravel
BigIP,301,1,9319,F5_BIG_IP,Node.js
nginx/1.18.0,500,1,38595,ModSecurity,ASP.NET
cloudflare-nginx,403,1,18611,Cloudflare,Express
Sucuri/Cloudproxy,500,1,36173,Sucuri,Django
nginx/1.18.0,302,1,37999,ModSecurity,Unknown
BigIP,403,1,47423,F5_BIG_IP,React
nginx/1.18.0,200,1,10270,ModSecurity,WordPress
cloudflare,403,1,1644,Cloudflare,React
Sucuri/Cloudproxy,403,1,35953,Sucuri,Spring_Boot
AWS,302,1,39738,AWS_WAF,Django
Apache/2.4.41 (Ubuntu),403,1,10681,ModSecurity,Django
Incapsula,404,1,8066,Imperva,Express
cloudflare-nginx,301,1,24301,Cloudflare,Laravel
Incapsula,500,1,48639,Imperva,Laravel
BigIP,403,1,20966,F5_BIG_IP,WordPress
nginx/1.18.0,404,1,44522,ModSecurity,Vue
nginx/1.18.0,301,1,30044,ModSecurity,React
cloudflare,200,1,30664,Cloudflare,ASP.NET
AmazonS3,302,1,1213,AWS_WAF,Unknown
nginx/1.18.0,403,1,4543,ModSecurity,Django
Sucuri/Cloudproxy,302,1,33278,Sucuri,Unknown
LiteSpeed,302,0,32477,None,Laravel
LiteSpeed,200,1,21186,None,Node.js
AmazonS3,302,1,39209,AWS_WAF,Node.js
Incapsula,200,1,5471,Imperva,Django
cloudflare-nginx,200,1,23007,Cloudflare,Laravel
Microsoft-IIS/10.0,301,1,39785,None,React
nginx/1.18.0,500,1,11932,ModSecurity,Django
cloudflare,404,1,30237,Cloudflare,Vue
nginx/1.18.0,302,1,39415,ModSecurity,Vue
cloudflare-nginx,500,1,32844,Cloudflare,Express
cloudflare,301,1,31878,Cloudflare,Vue
nginx/1.18.0,301,1,30190,None,Express
CloudFront,301,1,35945,AWS_WAF,Vue
BIG-IP,302,1,38645,F5_BIG_IP,Express
Sucuri/Cloudproxy,301,1,15676,Sucuri,Django
cloudflare-nginx,301,1,6174,Cloudflare,Node.js
Incapsula,500,1,47094,Imperva,ASP.NET
cloudflare,403,1,48595,Cloudflare,Vue
Sucuri/Cloudproxy,403,1,24776,Sucuri,Unknown
cloudflare,301,1,31962,Cloudflare,Spring_Boot
BIG-IP,403,1,38729,F5_BIG_IP,React
Incapsula,403,1,49659,Imperva,Unknown
nginx/1.18.0,404,1,17524,ModSecurity,Express
CloudFront,302,1,30474,AWS_WAF,ASP.NET
LiteSpeed,500,1,27119,None,WordPress
Incapsula,301,1,39672,Imperva,Vue
Sucuri/Cloudproxy,403,1,47483,Sucuri,ASP.NET
Sucuri/Cloudproxy,200,1,30172,Sucuri,ASP.NET
cloudflare-nginx,404,1,40417,Cloudflare,Spring_Boot
BIG-IP,403,1,49136,F5_BIG_IP,Express
cloudflare,403,1,18112,Cloudflare,Spring_Boot
CloudFront,302,1,32420,AWS_WAF,React
Sucuri/Cloudproxy,404,1,39851,Sucuri,Node.js
Microsoft-IIS/10.0,301,0,33689,None,Spring_Boot
AmazonS3,404,1,16672,AWS_WAF,Laravel
Incapsula,403,1,27379,Imperva,Unknown
Apache/2.4.41 (Ubuntu),500,1,35449,ModSecurity,Vue
cloudflare-nginx,403,1,8432,Cloudflare,Express
Sucuri/Cloudproxy,403,1,5247,Sucuri,Laravel
Incapsula,403,1,9844,Imperva,Laravel
Sucuri/Cloudproxy,403,1,47941,Sucuri,WordPress
BIG-IP,403,1,11773,F5_BIG_IP,React
Sucuri/Cloudproxy,302,1,37874,Sucuri,Node.js
AmazonS3,404,1,21332,AWS_WAF,Django
Apache/2.4.41 (Ubuntu),403,1,3418,ModSecurity,ASP.NET
Apache/2.4.41 (Ubuntu),500,1,7751,ModSecurity,Node.js
Sucuri/Cloudproxy,200,1,23249,Sucuri,ASP.NET
cloudflare-nginx,302,1,40818,Cloudflare,Express
CloudFront,403,1,31128,AWS_WAF,React
Incapsula,403,1,48747,Imperva,Django
AmazonS3,500,1,24252,AWS_WAF,Laravel
cloudflare-nginx,403,1,12369,Cloudflare,Laravel
cloudflare,403,1,36923,Cloudflare,Laravel
Incapsula,301,1,30492,Imperva,ASP.NET
BIG-IP,403,1,45430,F5_BIG_IP,React
BigIP,404,1,18151,F5_BIG_IP,WordPress
BigIP,301,1,26776,F5_BIG_IP,Unknown
cloudflare,404,1,46065,Cloudflare,React
Incapsula,302,1,34526,Imperva,Unknown
nginx/1.18.0,403,1,9052,ModSecurity,ASP.NET
Sucuri/Cloudproxy,500,1,32078,Sucuri,Node.js
AmazonS3,403,1,4715,AWS_WAF,Node.js
Sucuri/Cloudproxy,500,1,22770,Sucuri,React
Incapsula,403,1,39223,Imperva,Unknown
BigIP,302,1,17100,F5_BIG_IP,Express
nginx/1.18.0,403,1,26896,ModSecurity,Django
cloudflare,301,1,21338,Cloudflare,WordPress
cloudflare-nginx,301,1,817,Cloudflare,Express
Incapsula,301,1,22960,Imperva,Laravel
cloudflare,500,1,15588,Cloudflare,Django
nginx/1.18.0,403,1,38055,ModSecurity,React
Sucuri/Cloudproxy,200,1,4166,Sucuri,Unknown
Apache/2.4.41 (Ubuntu),404,1,28481,ModSecurity,Django
Microsoft-IIS/10.0,500,1,13317,None,ASP.NET
Incapsula,404,1,27528,Imperva,Django
Apache/2.4.41,200,0,7989,None,Laravel
cloudflare-nginx,403,1,8189,Cloudflare,Express
Apache/2.4.41 (Ubuntu),302,1,29770,ModSecurity,WordPress
BigIP,301,1,47047,F5_BIG_IP,Vue
Sucuri/Cloudproxy,403,1,17420,Sucuri,Django
cloudflare,500,1,32029,Cloudflare,Node.js
Incapsula,301,1,40997,Imperva,Spring_Boot
nginx/1.18.0,403,1,45457,ModSecurity,Express
Apache/2.4.41,301,0,48164,None,Vue
BIG-IP,200,1,5832,F5_BIG_IP,WordPress
cloudflare,403,1,6850,Cloudflare,Node.js
Sucuri/Cloudproxy,404,1,30660,Sucuri,Django
BigIP,404,1,35472,F5_BIG_IP,React
Incapsula,404,1,13993,Imperva,Unknown
Microsoft-IIS/10.0,302,1,24399,None,Express
nginx/1.18.0,301,0,45615,None,Express
Sucuri/Cloudproxy,200,1,30323,Sucuri,Unknown
Incapsula,403,1,9417,Imperva,Laravel
Incapsula,301,1,7551,Imperva,Node.js
cloudflare-nginx,200,1,10078,Cloudflare,React
BIG-IP,404,1,11471,F5_BIG_IP,Express
AmazonS3,403,1,18107,AWS_WAF,Vue
BigIP,404,1,30433,F5_BIG_IP,Django
BigIP,404,1,33967,F5_BIG_IP,Spring_Boot
Incapsula,301,1,28262,Imperva,Node.js
Incapsula,403,1,22685,Imperva,Spring_Boot
LiteSpeed,302,0,42277,None,Laravel
Incapsula,403,1,619,Imperva,React
nginx/1.18.0,403,1,37526,ModSecurity,Unknown
cloudflare-nginx,403,1,18034,Cloudflare,Node.js
cloudflare-nginx,403,1,17530,Cloudflare,Express
cloudflare-nginx,302,1,41390,Cloudflare,Node.js
nginx/1.18.0,403,1,11411,ModSecurity,Express
nginx/1.18.0,404,1,11510,ModSecurity,Node.js
nginx/1.18.0,200,1,39808,ModSecurity,Unknown
nginx/1.18.0,500,1,37819,None,Laravel
BigIP,404,1,33779,F5_BIG_IP,Express
Apache/2.4.41 (Ubuntu),302,1,13116,ModSecurity,Unknown
BIG-IP,302,1,45051,F5_BIG_IP,WordPress
cloudflare,403,1,27128,Cloudflare,Unknown
nginx/1.18.0,301,1,28151,ModSecurity,Vue
AWS,301,1,48173,AWS_WAF,React
cloudflare,200,1,18267,Cloudflare,ASP.NET
cloudflare-nginx,500,1,46455,Cloudflare,Unknown
Apache/2.4.41 (Ubuntu),403,1,35055,ModSecurity,Unknown
AmazonS3,403,1,707,AWS_WAF,Spring_Boot
nginx/1.18.0,500,1,32951,None,Unknown
cloudflare-nginx,404,1,28152,Cloudflare,Django
Apache/2.4.41 (Ubuntu),500,1,13268,ModSecurity,Django
BIG-IP,403,1,24654,F5_BIG_IP,Unknown
Apache/2.4.41 (Ubuntu),302,1,45261,ModSecurity,WordPress
Incapsula,200,1,35617,Imperva,Unknown
CloudFront,403,1,22442,AWS_WAF,Spring_Boot
AWS,500,1,315,AWS_WAF,WordPress
Sucuri/Cloudproxy,404,1,36491,Sucuri,Express
Sucuri/Cloudproxy,200,1,32198,Sucuri,Spring_Boot
nginx/1.18.0,404,1,1674,ModSecurity,ASP.NET
AmazonS3,200,1,24784,AWS_WAF,Laravel
Incapsula,403,1,24907,Imperva,Node.js
Sucuri/Cloudproxy,403,1,20767,Sucuri,Spring_Boot
Incapsula,403,1,30692,Imperva,WordPress
Sucuri/Cloudproxy,403,1,2682,Sucuri,Unknown
BigIP,200,1,28794,F5_BIG_IP,Django
CloudFront,200,1,45687,AWS_WAF,Unknown
Sucuri/Cloudproxy,403,1,35243,Sucuri,Express
Sucuri/Cloudproxy,403,1,22691,Sucuri,React
LiteSpeed,200,1,15014,None,Laravel
cloudflare,302,1,13254,Cloudflare,Django
CloudFront,200,1,33985,AWS_WAF,React
Apache/2.4.41,404,0,5126,None,ASP.NET
BIG-IP,302,1,21982,F5_BIG_IP,Django
Sucuri/Cloudproxy,302,1,24022,Sucuri,Express
nginx/1.18.0,200,0,12096,None,ASP.NET
Apache/2.4.41 (Ubuntu),200,1,1777,ModSecurity,ASP.NET
AmazonS3,302,1,12690,AWS_WAF,WordPress
cloudflare,200,1,46347,Cloudflare,Node.js
nginx/1.18.0,403,1,32918,ModSecurity,Vue
Incapsula,200,1,8177,Imperva,Laravel
Incapsula,403,1,46036,Imperva,React
nginx/1.18.0,301,0,46843,None,Node.js
AmazonS3,301,1,24587,AWS_WAF,ASP.NET
cloudflare-nginx,500,1,21352,Cloudflare,Unknown
BIG-IP,403,1,41738,F5_BIG_IP,React
cloudflare,403,1,500,Cloudflare,Laravel
Apache/2.4.41,301,0,16405,None,Laravel
cloudflare-nginx,500,1,45812,Cloudflare,Express
nginx/1.18.0,403,1,49877,ModSecurity,Express
CloudFront,403,1,2873,AWS_WAF,ASP.NET
Incapsula,403,1,3034,Imperva,Express
Sucuri/Cloudproxy,404,1,35111,Sucuri,WordPress
Incapsula,404,1,13844,Imperva,Vue
cloudflare-nginx,404,1,25226,Cloudflare,Unknown
Sucuri/Cloudproxy,500,1,45788,Sucuri,Django
Incapsula,302,1,33854,Imperva,Unknown
BigIP,403,1,20609,F5_BIG_IP,Unknown
Incapsula,302,1,7220,Imperva,Express
cloudflare,302,1,13682,Cloudflare,ASP.NET
nginx/1.18.0,403,1,37055,ModSecurity,Express
Sucuri/Cloudproxy,500,1,9663,Sucuri,Laravel
Microsoft-IIS/10.0,302,1,35522,None,Vue
nginx/1.18.0,301,1,6821,ModSecurity,ASP.NET
AmazonS3,500,1,5468,AWS_WAF,Vue
Incapsula,500,1,7735,Imperva,React
LiteSpeed,301,0,12664,None,ASP.NET
AmazonS3,302,1,45509,AWS_WAF,React
Incapsula,301,1,7262,Imperva,Express
nginx/1.18.0,301,1,48411,ModSecurity,Node.js
Apache/2.4.41 (Ubuntu),200,1,24697,ModSecurity,Spring_Boot
Incapsula,301,1,13861,Imperva,Spring_Boot
Apache/2.4.41,200,0,45832,None,ASP.NET
Microsoft-IIS/10.0,500,0,3411,None,Express
Apache/2.4.41 (Ubuntu),403,1,27990,ModSecurity,ASP.NET
AmazonS3,301,1,42659,AWS_WAF,Node.js
nginx/1.18.0,403,1,5446,ModSecurity,Django
Incapsula,500,1,34534,Imperva,Django
Incapsula,200,1,42059,Imperva,React
AWS,403,1,26729,AWS_WAF,WordPress
AWS,302,1,32471,AWS_WAF,ASP.NET
Incapsula,301,1,46079,Imperva,WordPress
LiteSpeed,302,0,29086,None,Express
Incapsula,403,1,36975,Imperva,ASP.NET
BIG-IP,403,1,39812,F5_BIG_IP,Laravel
nginx/1.18.0,500,1,49244,ModSecurity,Django
BIG-IP,302,1,27903,F5_BIG_IP,Express
cloudflare-nginx,403,1,40105,Cloudflare,Laravel
cloudflare-nginx,403,1,40267,Cloudflare,Vue
cloudflare,403,1,13250,Cloudflare,Laravel
BIG-IP,403,1,48732,F5_BIG_IP,Vue
LiteSpeed,200,0,16598,None,Vue
Incapsula,301,1,8795,Imperva,Spring_Boot
Microsoft-IIS/10.0,302,0,5961,None,Vue
AWS,403,1,34518,AWS_WAF,ASP.NET
Microsoft-IIS/10.0,301,0,22534,None,Spring_Boot
cloudflare-nginx,301,1,8091,Cloudflare,Node.js
CloudFront,403,1,45594,AWS_WAF,Vue
BIG-IP,500,1,16130,F5_BIG_IP,WordPress
cloudflare-nginx,200,1,15175,Cloudflare,Vue
Sucuri/Cloudproxy,200,1,25042,Sucuri,Unknown
CloudFront,302,1,17361,AWS_WAF,Express
cloudflare-nginx,404,1,12376,Cloudflare,Unknown
Incapsula,403,1,40950,Imperva,Laravel
cloudflare,403,1,46123,Cloudflare,Vue
Microsoft-IIS/10.0,500,0,21578,None,Django
Sucuri/Cloudproxy,403,1,3520,Sucuri,Node.js
Sucuri/Cloudproxy,301,1,43238,Sucuri,Unknown
AmazonS3,403,1,1488,AWS_WAF,WordPress
nginx/1.18.0,301,1,25443,ModSecurity,ASP.NET
cloudflare,403,1,24103,Cloudflare,Node.js
Apache/2.4.41,500,1,19935,None,Django
Incapsula,403,1,26583,Imperva,Express
Sucuri/Cloudproxy,302,1,16656,Sucuri,Django
Incapsula,404,1,47201,Imperva,Unknown
Incapsula,403,1,32259,Imperva,Laravel
BigIP,404,1,7496,F5_BIG_IP,Unknown
Incapsula,404,1,43524,Imperva,Laravel
Incapsula,301,1,7781,Imperva,ASP.NET
Sucuri/Cloudproxy,500,1,13052,Sucuri,Spring_Boot
AWS,404,1,36994,AWS_WAF,Laravel
Sucuri/Cloudproxy,302,1,42812,Sucuri,ASP.NET
BIG-IP,200,1,33629,F5_BIG_IP,WordPress
CloudFront,500,1,7838,AWS_WAF,Unknown
Incapsula,500,1,49252,Imperva,Unknown
Apache/2.4.41 (Ubuntu),302,1,12418,ModSecurity,Unknown
Sucuri/Cloudproxy,403,1,25978,Sucuri,WordPress
BIG-IP,404,1,19210,F5_BIG_IP,React
BigIP,200,1,13404,F5_BIG_IP,Spring_Boot
LiteSpeed,302,1,43816,None,ASP.NET
Incapsula,200,1,26718,Imperva,Django
Apache/2.4.41 (Ubuntu),301,1,44351,ModSecurity,Node.js
cloudflare-nginx,200,1,20753,Cloudflare,Vue
CloudFront,500,1,8009,AWS_WAF,Unknown
Incapsula,200,1,31821,Imperva,React
BIG-IP,301,1,19543,F5_BIG_IP,Django
AWS,403,1,29755,AWS_WAF,Django
AWS,500,1,24955,AWS_WAF,Spring_Boot
Microsoft-IIS/10.0,200,0,6281,None,Express
Sucuri/Cloudproxy,302,1,4581,Sucuri,Vue
BigIP,403,1,35697,F5_BIG_IP,Vue
nginx/1.18.0,301,0,27148,None,Laravel
cloudflare,302,1,11856,Cloudflare,Unknown
Incapsula,200,1,1023,Imperva,Node.js
Sucuri/Cloudproxy,403,1,563,Sucuri,Vue
nginx/1.18.0,500,1,44498,ModSecurity,ASP.NET
nginx/1.18.0,302,1,26084,None,Laravel
cloudflare-nginx,404,1,10586,Cloudflare,Laravel
cloudflare,500,1,12798,Cloudflare,Spring_Boot
LiteSpeed,404,1,23706,None,Node.js
AmazonS3,403,1,40149,AWS_WAF,Node.js
BIG-IP,302,1,25869,F5_BIG_IP,Express
Sucuri/Cloudproxy,500,1,835,Sucuri,Spring_Boot
Microsoft-IIS/10.0,302,0,39407,None,ASP.NET
Sucuri/Cloudproxy,301,1,22416,Sucuri,Vue
Microsoft-IIS/10.0,500,0,6143,None,Spring_Boot
CloudFront,200,1,27377,AWS_WAF,Node.js
Incapsula,302,1,13442,Imperva,Django
nginx/1.18.0,302,1,181,ModSecurity,Node.js
cloudflare-nginx,200,1,30055,Cloudflare,Node.js
Incapsula,200,1,1455,Imperva,Express
AmazonS3,403,1,41652,AWS_WAF,Unknown
cloudflare,403,1,29350,Cloudflare,Vue
Incapsula,403,1,35620,Imperva,Unknown
Incapsula,403,1,18341,Imperva,Django
Apache/2.4.41 (Ubuntu),500,1,13409,ModSecurity,Spring_Boot
cloudflare,403,1,21739,Cloudflare,Vue
nginx/1.18.0,302,1,18604,ModSecurity,Vue
Apache/2.4.41,500,1,11633,None,React
LiteSpeed,404,0,43462,None,Django
AmazonS3,403,1,20317,AWS_WAF,Spring_Boot
AmazonS3,403,1,11834,AWS_WAF,Node.js
AWS,403,1,21479,AWS_WAF,ASP.NET
Incapsula,302,1,23606,Imperva,Spring_Boot
Incapsula,403,1,1894,Imperva,Spring_Boot
cloudflare-nginx,403,1,39495,Cloudflare,Django
cloudflare-nginx,403,1,22354,Cloudflare,Laravel
cloudflare-nginx,301,1,11793,Cloudflare,Django
Sucuri/Cloudproxy,403,1,15039,Sucuri,Unknown
nginx/1.18.0,403,1,38796,ModSecurity,Vue
cloudflare,200,1,16701,Cloudflare,WordPress
Sucuri/Cloudproxy,302,1,7409,Sucuri,Spring_Boot
Sucuri/Cloudproxy,403,1,7115,Sucuri,ASP.NET
Sucuri/Cloudproxy,200,1,21812,Sucuri,Express
BigIP,500,1,4775,F5_BIG_IP,React
Incapsula,302,1,49848,Imperva,Vue
Incapsula,404,1,18903,Imperva,Unknown
BigIP,500,1,20795,F5_BIG_IP,Express
LiteSpeed,301,0,12689,None,Django
BIG-IP,403,1,6755,F5_BIG_IP,Django
AWS,404,1,33274,AWS_WAF,ASP.NET
cloudflare,302,1,6994,Cloudflare,Node.js
nginx/1.18.0,301,0,27531,None,Node.js
cloudflare-nginx,403,1,25431,Cloudflare,React
Apache/2.4.41 (Ubuntu),403,1,23072,ModSecurity,Spring_Boot
CloudFront,404,1,38923,AWS_WAF,Express
BigIP,403,1,8347,F5_BIG_IP,Spring_Boot
Apache/2.4.41 (Ubuntu),301,1,41122,ModSecurity,WordPress
cloudflare-nginx,301,1,26461,Cloudflare,Django
Incapsula,403,1,32936,Imperva,Spring_Boot
Incapsula,403,1,19476,Imperva,Spring_Boot
Incapsula,301,1,33308,Imperva,React
AWS,403,1,24622,AWS_WAF,Django
nginx/1.18.0,403,1,16209,ModSecurity,Laravel
AmazonS3,403,1,27444,AWS_WAF,Spring_Boot
BIG-IP,301,1,36934,F5_BIG_IP,ASP.NET
Sucuri/Cloudproxy,403,1,6986,Sucuri,React
CloudFront,200,1,44883,AWS_WAF,Vue
Sucuri/Cloudproxy,500,1,13115,Sucuri,Laravel
cloudflare-nginx,500,1,12668,Cloudflare,WordPress
BigIP,403,1,23123,F5_BIG_IP,Django
Sucuri/Cloudproxy,403,1,10185,Sucuri,React
LiteSpeed,404,0,28439,None,Express
nginx/1.18.0,403,1,47844,ModSecurity,Laravel
CloudFront,403,1,19468,AWS_WAF,Express
Microsoft-IIS/10.0,200,0,49678,None,WordPress
Sucuri/Cloudproxy,403,1,33529,Sucuri,Spring_Boot
cloudflare-nginx,200,1,22393,Cloudflare,Vue
Incapsula,500,1,9332,Imperva,Laravel
Incapsula,500,1,16764,Imperva,Django
Apache/2.4.41,301,0,44493,None,React
cloudflare,404,1,18337,Cloudflare,Laravel
BIG-IP,403,1,14686,F5_BIG_IP,Vue
Incapsula,404,1,45428,Imperva,WordPress
AWS,404,1,40074,AWS_WAF,Spring_Boot
nginx/1.18.0,301,0,24285,None,Vue
Incapsula,302,1,35886,Imperva,Laravel
cloudflare-nginx,403,1,5096,Cloudflare,Laravel
cloudflare,200,1,11685,Cloudflare,Django
Incapsula,403,1,30672,Imperva,React
nginx/1.18.0,200,1,16697,ModSecurity,Express
Incapsula,200,1,28559,Imperva,React
Incapsula,403,1,23508,Imperva,Laravel
LiteSpeed,500,0,39800,None,React
LiteSpeed,302,0,43128,None,Unknown
Apache/2.4.41,500,0,39265,None,Unknown
nginx/1.18.0,404,1,41668,ModSecurity,React
nginx/1.18.0,301,1,25782,None,Node.js
BigIP,403,1,17282,F5_BIG_IP,WordPress
nginx/1.18.0,301,0,980,None,Express
Incapsula,302,1,34673,Imperva,React
Incapsula,302,1,24557,Imperva,ASP.NET
Apache/2.4.41 (Ubuntu),302,1,4901,ModSecurity,Laravel
nginx/1.18.0,301,1,26420,ModSecurity,Vue
BIG-IP,403,1,18883,F5_BIG_IP,Laravel
nginx/1.18.0,301,1,12807,ModSecurity,Vue
Incapsula,403,1,37394,Imperva,React
Incapsula,302,1,17302,Imperva,Django
nginx/1.18.0,200,0,195,None,Vue
Incapsula,403,1,23874,Imperva,WordPress
Apache/2.4.41 (Ubuntu),301,1,17329,ModSecurity,Node.js
Apache/2.4.41,500,0,35997,None,Spring_Boot
AmazonS3,403,1,18276,AWS_WAF,Node.js
BigIP,500,1,16101,F5_BIG_IP,Unknown
nginx/1.18.0,403,1,31475,ModSecurity,React
Sucuri/Cloudproxy,403,1,39763,Sucuri,Vue
CloudFront,404,1,43980,AWS_WAF,Spring_Boot
AmazonS3,200,1,46607,AWS_WAF,Django
Apache/2.4.41,302,0,37434,None,Laravel
AWS,403,1,28349,AWS_WAF,Spring_Boot
Sucuri/Cloudproxy,200,1,46280,Sucuri,Unknown
cloudflare,200,1,715,Cloudflare,React
BIG-IP,403,1,28256,F5_BIG_IP,Spring_Boot
Incapsula,302,1,8359,Imperva,React
Apache/2.4.41,302,0,29277,None,React
nginx/1.18.0,302,1,35981,ModSecurity,Laravel
CloudFront,500,1,24966,AWS_WAF,Django
Incapsula,500,1,30709,Imperva,Node.js
Incapsula,403,1,15116,Imperva,Vue
BigIP,302,1,38413,F5_BIG_IP,Node.js
BIG-IP,403,1,48651,F5_BIG_IP,Express
Microsoft-IIS/10.0,404,1,47665,None,Express
Incapsula,500,1,9075,Imperva,Unknown
Incapsula,302,1,28861,Imperva,WordPress
cloudflare-nginx,403,1,4704,Cloudflare,Express
Sucuri/Cloudproxy,200,1,27535,Sucuri,ASP.NET
cloudflare,302,1,49247,Cloudflare,Spring_Boot
cloudflare-nginx,403,1,41958,Cloudflare,Node.js
nginx/1.18.0,301,0,1618,None,Vue
Sucuri/Cloudproxy,302,1,9324,Sucuri,Unknown
Sucuri/Cloudproxy,500,1,40178,Sucuri,WordPress
Sucuri/Cloudproxy,404,1,12312,Sucuri,WordPress
AmazonS3,500,1,13363,AWS_WAF,Laravel
Sucuri/Cloudproxy,301,1,46725,Sucuri,Unknown
Sucuri/Cloudproxy,403,1,1887,Sucuri,Node.js
Apache/2.4.41 (Ubuntu),403,1,39976,ModSecurity,React
nginx/1.18.0,302,1,14977,None,Node.js
Apache/2.4.41 (Ubuntu),500,1,6566,ModSecurity,Spring_Boot
AWS,403,1,26469,AWS_WAF,React
nginx/1.18.0,403,1,9545,ModSecurity,ASP.NET
cloudflare-nginx,301,1,42630,Cloudflare,ASP.NET
CloudFront,403,1,47827,AWS_WAF,WordPress
cloudflare,403,1,37852,Cloudflare,WordPress
Apache/2.4.41 (Ubuntu),200,1,4368,ModSecurity,Node.js
Incapsula,403,1,41100,Imperva,WordPress
CloudFront,403,1,34189,AWS_WAF,Unknown
BigIP,403,1,25532,F5_BIG_IP,React
cloudflare,301,1,46433,Cloudflare,ASP.NET
BigIP,404,1,39898,F5_BIG_IP,Django
Sucuri/Cloudproxy,200,1,17829,Sucuri,ASP.NET
Sucuri/Cloudproxy,500,1,12155,Sucuri,Django
CloudFront,302,1,33196,AWS_WAF,Unknown
LiteSpeed,404,0,30148,None,ASP.NET
Sucuri/Cloudproxy,302,1,48297,Sucuri,React
Sucuri/Cloudproxy,301,1,39376,Sucuri,Spring_Boot
nginx/1.18.0,404,1,24943,ModSecurity,Laravel
Apache/2.4.41 (Ubuntu),403,1,8162,ModSecurity,Unknown
cloudflare,200,1,1294,Cloudflare,Unknown
Sucuri/Cloudproxy,301,1,41451,Sucuri,Unknown
nginx/1.18.0,200,0,3027,None,WordPress
Apache/2.4.41,301,0,34845,None,Unknown
BIG-IP,404,1,2405,F5_BIG_IP,ASP.NET
Incapsula,301,1,38876,Imperva,React
cloudflare-nginx,500,1,46623,Cloudflare,React
nginx/1.18.0,301,1,46387,ModSecurity,Node.js
Microsoft-IIS/10.0,500,1,21235,None,Django
CloudFront,403,1,38214,AWS_WAF,ASP.NET
LiteSpeed,200,0,42820,None,React
nginx/1.18.0,302,0,28245,None,Vue
nginx/1.18.0,500,1,3068,ModSecurity,Laravel
Sucuri/Cloudproxy,302,1,41666,Sucuri,Vue
Incapsula,301,1,42474,Imperva,Spring_Boot
Sucuri/Cloudproxy,301,1,8792,Sucuri,WordPress
BIG-IP,404,1,41590,F5_BIG_IP,WordPress
Incapsula,302,1,42504,Imperva,WordPress
Microsoft-IIS/10.0,301,0,36113,None,Unknown
Microsoft-IIS/10.0,500,0,31861,None,Laravel
AWS,404,1,16376,AWS_WAF,Express
cloudflare-nginx,403,1,3235,Cloudflare,ASP.NET
Sucuri/Cloudproxy,403,1,35739,Sucuri,Express
cloudflare,404,1,46219,Cloudflare,Laravel
Incapsula,403,1,45229,Imperva,Django
Sucuri/Cloudproxy,301,1,32082,Sucuri,Spring_Boot
BIG-IP,403,1,41729,F5_BIG_IP,Laravel
nginx/1.18.0,403,1,14774,ModSecurity,Node.js
Apache/2.4.41 (Ubuntu),500,1,31115,ModSecurity,React
Sucuri/Cloudproxy,403,1,24302,Sucuri,Unknown
Microsoft-IIS/10.0,302,0,23096,None,React
BigIP,302,1,22253,F5_BIG_IP,Laravel
Sucuri/Cloudproxy,403,1,2701,Sucuri,Express
Incapsula,403,1,43804,Imperva,Laravel
cloudflare,404,1,11018,Cloudflare,React
cloudflare-nginx,403,1,37123,Cloudflare,React
AWS,403,1,10395,AWS_WAF,Vue
BIG-IP,403,1,14098,F5_BIG_IP,React
cloudflare,302,1,45797,Cloudflare,Vue
cloudflare-nginx,403,1,6949,Cloudflare,Laravel
Apache/2.4.41,301,1,33132,None,Laravel
nginx/1.18.0,302,1,21571,ModSecurity,Spring_Boot
BigIP,403,1,28830,F5_BIG_IP,React
CloudFront,403,1,45447,AWS_WAF,React
cloudflare-nginx,403,1,40391,Cloudflare,React
Incapsula,302,1,18356,Imperva,Node.js
cloudflare-nginx,403,1,48071,Cloudflare,Laravel
BIG-IP,403,1,7821,F5_BIG_IP,React
nginx/1.18.0,302,1,17224,ModSecurity,React
Apache/2.4.41 (Ubuntu),403,1,32508,ModSecurity,Unknown
Microsoft-IIS/10.0,500,1,17147,None,Vue
cloudflare,403,1,2934,Cloudflare,Node.js
AmazonS3,403,1,4395,AWS_WAF,Laravel
BigIP,404,1,28872,F5_BIG_IP,WordPress
Sucuri/Cloudproxy,302,1,43085,Sucuri,Spring_Boot
Incapsula,403,1,14163,Imperva,Node.js
cloudflare,200,1,33026,Cloudflare,ASP.NET
Apache/2.4.41 (Ubuntu),301,1,13085,ModSecurity,Node.js
cloudflare,403,1,30791,Cloudflare,WordPress
Incapsula,403,1,33319,Imperva,Unknown
Incapsula,301,1,3447,Imperva,WordPress
AWS,403,1,4979,AWS_WAF,Laravel
Sucuri/Cloudproxy,200,1,32360,Sucuri,Spring_Boot
nginx/1.18.0,403,1,6220,ModSecurity,Django
BigIP,301,1,22387,F5_BIG_IP,Spring_Boot
nginx/1.18.0,500,1,48022,ModSecurity,Laravel
Sucuri/Cloudproxy,301,1,2510,Sucuri,ASP.NET
nginx/1.18.0,403,1,48113,ModSecurity,Laravel
nginx/1.18.0,200,1,33662,ModSecurity,Laravel
Apache/2.4.41 (Ubuntu),404,1,10861,ModSecurity,Express
cloudflare-nginx,404,1,6438,Cloudflare,Unknown
Apache/2.4.41,500,0,35288,None,Express
BIG-IP,403,1,43455,F5_BIG_IP,ASP.NET
CloudFront,403,1,14153,AWS_WAF,Vue
CloudFront,404,1,22973,AWS_WAF,Vue
Incapsula,403,1,10455,Imperva,React
nginx/1.18.0,302,1,9544,ModSecurity,Node.js
Sucuri/Cloudproxy,404,1,15158,Sucuri,Express
Sucuri/Cloudproxy,302,1,7799,Sucuri,Node.js
cloudflare-nginx,302,1,41452,Cloudflare,Vue
cloudflare-nginx,301,1,37787,Cloudflare,Django
Sucuri/Cloudproxy,403,1,10439,Sucuri,Spring_Boot
Incapsula,404,1,32372,Imperva,ASP.NET
BIG-IP,404,1,16746,F5_BIG_IP,React
Microsoft-IIS/10.0,404,0,27742,None,Unknown
AmazonS3,403,1,47828,AWS_WAF,Django
Incapsula,403,1,21024,Imperva,Vue
Microsoft-IIS/10.0,500,0,17123,None,React
Apache/2.4.41,301,1,35287,None,Django
Apache/2.4.41 (Ubuntu),403,1,31519,ModSecurity,WordPress
Apache/2.4.41 (Ubuntu),403,1,40216,ModSecurity,ASP.NET
Sucuri/Cloudproxy,301,1,42864,Sucuri,React
Sucuri/Cloudproxy,403,1,20218,Sucuri,Spring_Boot
Apache/2.4.41 (Ubuntu),403,1,45838,ModSecurity,Vue
nginx/1.18.0,200,1,25377,ModSecurity,React
nginx/1.18.0,302,1,39426,ModSecurity,Django
Sucuri/Cloudproxy,200,1,41980,Sucuri,Node.js
Incapsula,404,1,3706,Imperva,React
AWS,403,1,26568,AWS_WAF,ASP.NET
Incapsula,403,1,23095,Imperva,Spring_Boot
BIG-IP,404,1,39977,F5_BIG_IP,React
Microsoft-IIS/10.0,301,1,24613,None,React
BIG-IP,301,1,29229,F5_BIG_IP,React
LiteSpeed,500,0,31149,None,WordPress
Apache/2.4.41 (Ubuntu),404,1,47899,ModSecurity,WordPress
Sucuri/Cloudproxy,500,1,19815,Sucuri,Spring_Boot
cloudflare-nginx,403,1,37937,Cloudflare,ASP.NET
CloudFront,500,1,45202,AWS_WAF,React
Incapsula,500,1,22007,Imperva,Unknown
nginx/1.18.0,302,0,34702,None,ASP.NET
LiteSpeed,404,1,28156,None,WordPress
nginx/1.18.0,404,0,46385,None,Node.js
nginx/1.18.0,302,1,19534,ModSecurity,ASP.NET
BigIP,301,1,44713,F5_BIG_IP,Vue
Microsoft-IIS/10.0,200,0,45753,None,Django
BIG-IP,403,1,29667,F5_BIG_IP,Vue
BigIP,403,1,25723,F5_BIG_IP,React
cloudflare,404,1,32734,Cloudflare,ASP.NET
cloudflare-nginx,403,1,9327,Cloudflare,Laravel
Sucuri/Cloudproxy,403,1,32828,Sucuri,Laravel
LiteSpeed,301,1,27313,None,Vue
BIG-IP,500,1,47155,F5_BIG_IP,Express
BIG-IP,403,1,27021,F5_BIG_IP,Spring_Boot
cloudflare-nginx,403,1,10735,Cloudflare,Django
cloudflare,200,1,22542,Cloudflare,Spring_Boot
Sucuri/Cloudproxy,403,1,22211,Sucuri,Vue
Sucuri/Cloudproxy,404,1,15004,Sucuri,Vue
cloudflare,403,1,5557,Cloudflare,Node.js
AWS,500,1,4218,AWS_WAF,Unknown
cloudflare,403,1,37157,Cloudflare,Node.js
cloudflare,500,1,217,Cloudflare,Express
BIG-IP,403,1,29837,F5_BIG_IP,Django
CloudFront,302,1,39824,AWS_WAF,WordPress
BigIP,500,1,39519,F5_BIG_IP,WordPress
CloudFront,403,1,15589,AWS_WAF,Express
cloudflare-nginx,200,1,29919,Cloudflare,Vue
Apache/2.4.41,200,1,28412,None,Vue
cloudflare-nginx,404,1,8111,Cloudflare,ASP.NET
cloudflare-nginx,500,1,49745,Cloudflare,Express
BigIP,200,1,44505,F5_BIG_IP,Node.js
BIG-IP,301,1,27255,F5_BIG_IP,Express
Incapsula,500,1,33378,Imperva,Node.js
nginx/1.18.0,500,0,41348,None,Django
AmazonS3,403,1,11557,AWS_WAF,Laravel
AWS,301,1,38160,AWS_WAF,Unknown
BigIP,500,1,48120,F5_BIG_IP,WordPress
Incapsula,403,1,11495,Imperva,Express
nginx/1.18.0,404,1,27940,None,Node.js
cloudflare,404,1,12563,Cloudflare,Laravel
Apache/2.4.41 (Ubuntu),403,1,27366,ModSecurity,Laravel
BIG-IP,500,1,18597,F5_BIG_IP,Laravel
cloudflare-nginx,403,1,24777,Cloudflare,Spring_Boot
Incapsula,500,1,32356,Imperva,Django
Apache/2.4.41 (Ubuntu),404,1,29415,ModSecurity,Spring_Boot
Apache/2.4.41 (Ubuntu),301,1,21696,ModSecurity,ASP.NET
Sucuri/Cloudproxy,403,1,11375,Sucuri,Node.js
AWS,403,1,46235,AWS_WAF,React
Sucuri/Cloudproxy,500,1,16739,Sucuri,WordPress
AWS,200,1,9785,AWS_WAF,Vue
BIG-IP,500,1,41002,F5_BIG_IP,ASP.NET
LiteSpeed,200,0,16831,None,Express
Apache/2.4.41,404,0,37099,None,Django
BigIP,200,1,1754,F5_BIG_IP,Spring_Boot
BIG-IP,301,1,23663,F5_BIG_IP,Django
nginx/1.18.0,200,1,36761,None,Django
BigIP,500,1,47825,F5_BIG_IP,Express
AWS,302,1,28891,AWS_WAF,React
BigIP,301,1,12520,F5_BIG_IP,Unknown
AWS,403,1,29877,AWS_WAF,Vue
cloudflare,403,1,20045,Cloudflare,Spring_Boot
Incapsula,200,1,10695,Imperva,ASP.NET
Incapsula,301,1,11849,Imperva,Unknown
cloudflare,500,1,38379,Cloudflare,WordPress
Sucuri/Cloudproxy,200,1,47972,Sucuri,Spring_Boot
AWS,404,1,21159,AWS_WAF,Laravel
cloudflare-nginx,500,1,18167,Cloudflare,ASP.NET
cloudflare,302,1,6565,Cloudflare,Unknown
Incapsula,404,1,20674,Imperva,Spring_Boot
CloudFront,200,1,18269,AWS_WAF,React
Microsoft-IIS/10.0,301,0,37984,None,Django
cloudflare-nginx,403,1,45522,Cloudflare,Spring_Boot
Apache/2.4.41 (Ubuntu),301,1,15714,ModSecurity,Laravel
nginx/1.18.0,404,1,39673,ModSecurity,Unknown
cloudflare-nginx,403,1,12785,Cloudflare,Unknown
nginx/1.18.0,500,0,48916,None,Node.js
Apache/2.4.41 (Ubuntu),403,1,2671,ModSecurity,WordPress
AmazonS3,500,1,31778,AWS_WAF,WordPress
Apache/2.4.41 (Ubuntu),302,1,4796,ModSecurity,Spring_Boot
Incapsula,403,1,22375,Imperva,Vue
AWS,403,1,32233,AWS_WAF,Unknown
CloudFront,200,1,39683,AWS_WAF,React
Incapsula,302,1,43743,Imperva,Node.js
cloudflare,200,1,17882,Cloudflare,Express
BIG-IP,404,1,6154,F5_BIG_IP,Django
LiteSpeed,301,1,19740,None,Laravel
BigIP,403,1,25008,F5_BIG_IP,Unknown
CloudFront,200,1,3761,AWS_WAF,React
Apache/2.4.41 (Ubuntu),302,1,8723,ModSecurity,React
BigIP,404,1,4699,F5_BIG_IP,Express
nginx/1.18.0,403,1,22859,ModSecurity,Express
Sucuri/Cloudproxy,302,1,39342,Sucuri,ASP.NET
nginx/1.18.0,301,1,17371,None,Vue
AWS,302,1,20653,AWS_WAF,WordPress
cloudflare-nginx,404,1,44707,Cloudflare,Node.js
Sucuri/Cloudproxy,403,1,11990,Sucuri,Laravel
LiteSpeed,302,0,25801,None,Unknown
nginx/1.18.0,302,1,35811,ModSecurity,Laravel
nginx/1.18.0,302,1,21221,ModSecurity,React
AmazonS3,403,1,6214,AWS_WAF,React
AmazonS3,403,1,49868,AWS_WAF,ASP.NET
Sucuri/Cloudproxy,302,1,7302,Sucuri,Django
AWS,500,1,21483,AWS_WAF,Django
cloudflare,302,1,44878,Cloudflare,Django
Incapsula,301,1,38254,Imperva,ASP.NET
BigIP,500,1,18184,F5_BIG_IP,Spring_Boot
AWS,500,1,3148,AWS_WAF,Django
Apache/2.4.41 (Ubuntu),403,1,18555,ModSecurity,Laravel
cloudflare-nginx,500,1,23677,Cloudflare,Laravel
AmazonS3,404,1,14621,AWS_WAF,Express
BIG-IP,403,1,1652,F5_BIG_IP,ASP.NET
CloudFront,301,1,25779,AWS_WAF,Django
Incapsula,200,1,3174,Imperva,WordPress
CloudFront,301,1,26382,AWS_WAF,Laravel
Sucuri/Cloudproxy,301,1,14244,Sucuri,Vue
nginx/1.18.0,302,0,2979,None,Django
Sucuri/Cloudproxy,200,1,39831,Sucuri,ASP.NET
CloudFront,301,1,13008,AWS_WAF,Spring_Boot
cloudflare,404,1,18862,Cloudflare,Laravel
BigIP,500,1,8105,F5_BIG_IP,Spring_Boot
BIG-IP,200,1,29649,F5_BIG_IP,WordPress
Sucuri/Cloudproxy,302,1,29321,Sucuri,Node.js
Incapsula,403,1,14768,Imperva,WordPress
nginx/1.18.0,403,1,40122,ModSecurity,Spring_Boot
Incapsula,500,1,20114,Imperva,Laravel
cloudflare-nginx,403,1,20687,Cloudflare,Unknown
cloudflare-nginx,403,1,20174,Cloudflare,WordPress
cloudflare,403,1,30629,Cloudflare,Vue
Microsoft-IIS/10.0,200,1,251,None,Unknown
CloudFront,404,1,20032,AWS_WAF,React
Incapsula,404,1,46628,Imperva,WordPress
cloudflare-nginx,403,1,16897,Cloudflare,Vue
Incapsula,301,1,14021,Imperva,Laravel
nginx/1.18.0,403,1,16550,ModSecurity,Express
Microsoft-IIS/10.0,500,0,2461,None,React
Sucuri/Cloudproxy,200,1,2111,Sucuri,Laravel
Sucuri/Cloudproxy,404,1,44124,Sucuri,Express
cloudflare,403,1,34090,Cloudflare,WordPress
nginx/1.18.0,200,1,35498,ModSecurity,ASP.NET
AWS,403,1,8192,AWS_WAF,WordPress
Incapsula,403,1,6866,Imperva,Spring_Boot
Incapsula,403,1,45401,Imperva,Unknown
AmazonS3,404,1,2153,AWS_WAF,Express
cloudflare,403,1,3747,Cloudflare,ASP.NET
Incapsula,500,1,10681,Imperva,React
Incapsula,302,1,7267,Imperva,ASP.NET
BIG-IP,301,1,42243,F5_BIG_IP,Node.js
AWS,403,1,808,AWS_WAF,Spring_Boot
AmazonS3,403,1,44264,AWS_WAF,Node.js
Incapsula,403,1,34389,Imperva,React
cloudflare,301,1,48075,Cloudflare,Spring_Boot
BIG-IP,500,1,15461,F5_BIG_IP,Laravel
Incapsula,301,1,24325,Imperva,Laravel
Apache/2.4.41 (Ubuntu),403,1,4313,ModSecurity,Node.js
Incapsula,403,1,25877,Imperva,Spring_Boot
AWS,200,1,10673,AWS_WAF,WordPress
Sucuri/Cloudproxy,403,1,13997,Sucuri,Vue
cloudflare,302,1,42116,Cloudflare,Spring_Boot
Sucuri/Cloudproxy,302,1,21153,Sucuri,ASP.NET
BIG-IP,404,1,39718,F5_BIG_IP,Laravel
Apache/2.4.41,500,1,48709,None,Vue
Sucuri/Cloudproxy,403,1,17067,Sucuri,Unknown
BigIP,200,1,17284,F5_BIG_IP,WordPress
cloudflare-nginx,500,1,41240,Cloudflare,Spring_Boot
Apache/2.4.41 (Ubuntu),500,1,8933,ModSecurity,Unknown
LiteSpeed,200,1,9983,None,Django
BigIP,403,1,15083,F5_BIG_IP,Unknown
cloudflare-nginx,302,1,47238,Cloudflare,Unknown
AWS,302,1,11268,AWS_WAF,ASP.NET
Incapsula,500,1,17246,Imperva,Spring_Boot
cloudflare,403,1,22884,Cloudflare,WordPress
Incapsula,302,1,26494,Imperva,Vue
CloudFront,403,1,40872,AWS_WAF,Spring_Boot
Microsoft-IIS/10.0,302,0,12215,None,Node.js
AmazonS3,302,1,1955,AWS_WAF,Express
nginx/1.18.0,403,1,38548,ModSecurity,Express
nginx/1.18.0,500,0,6065,None,ASP.NET
CloudFront,500,1,36645,AWS_WAF,Django
Incapsula,200,1,49902,Imperva,Unknown
Apache/2.4.41 (Ubuntu),403,1,9205,ModSecurity,Laravel
Sucuri/Cloudproxy,404,1,48534,Sucuri,Spring_Boot
Incapsula,301,1,31064,Imperva,Vue
nginx/1.18.0,404,0,4989,None,Laravel
AWS,403,1,5771,AWS_WAF,Laravel
cloudflare-nginx,404,1,17646,Cloudflare,Django
CloudFront,302,1,16406,AWS_WAF,Spring_Boot
cloudflare-nginx,404,1,41187,Cloudflare,Unknown
BIG-IP,403,1,28988,F5_BIG_IP,Express
nginx/1.18.0,200,0,19022,None,React
AWS,403,1,15905,AWS_WAF,Express
Incapsula,500,1,20298,Imperva,Express
Apache/2.4.41 (Ubuntu),200,1,24395,ModSecurity,Unknown
Sucuri/Cloudproxy,403,1,19786,Sucuri,Unknown
AWS,403,1,28636,AWS_WAF,ASP.NET
Incapsula,301,1,9932,Imperva,Django
Sucuri/Cloudproxy,301,1,6345,Sucuri,Django
cloudflare,302,1,3527,Cloudflare,Express
nginx/1.18.0,500,1,46389,None,ASP.NET
Apache/2.4.41 (Ubuntu),302,1,25004,ModSecurity,Django
Sucuri/Cloudproxy,500,1,39092,Sucuri,ASP.NET
cloudflare-nginx,403,1,4295,Cloudflare,WordPress
AWS,403,1,18228,AWS_WAF,React
Incapsula,200,1,31974,Imperva,ASP.NET
BigIP,200,1,8213,F5_BIG_IP,Django
nginx/1.18.0,200,1,34392,ModSecurity,Vue
Incapsula,403,1,6130,Imperva,Express
LiteSpeed,302,0,36876,None,Unknown
nginx/1.18.0,404,1,48201,None,Laravel
AWS,302,1,30199,AWS_WAF,Express
nginx/1.18.0,301,0,47292,None,ASP.NET
Incapsula,500,1,34549,Imperva,ASP.NET
Sucuri/Cloudproxy,302,1,35633,Sucuri,WordPress
cloudflare-nginx,403,1,28170,Cloudflare,React
cloudflare-nginx,200,1,7740,Cloudflare,WordPress
cloudflare,404,1,45744,Cloudflare,ASP.NET
Apache/2.4.41 (Ubuntu),301,1,21774,ModSecurity,Express
Sucuri/Cloudproxy,403,1,10751,Sucuri,Vue
Sucuri/Cloudproxy,404,1,354,Sucuri,React
cloudflare-nginx,200,1,29149,Cloudflare,ASP.NET
CloudFront,301,1,36520,AWS_WAF,WordPress
BigIP,404,1,377,F5_BIG_IP,Vue
AmazonS3,301,1,12452,AWS_WAF,Spring_Boot
Incapsula,301,1,35828,Imperva,Django
LiteSpeed,301,1,36669,None,Laravel
nginx/1.18.0,500,1,43093,ModSecurity,Unknown
cloudflare,403,1,21911,Cloudflare,Laravel
cloudflare-nginx,404,1,27736,Cloudflare,Vue
Incapsula,302,1,40513,Imperva,Spring_Boot
Sucuri/Cloudproxy,301,1,20915,Sucuri,Node.js
Incapsula,403,1,34242,Imperva,Spring_Boot
AWS,403,1,6128,AWS_WAF,Laravel
Incapsula,500,1,15808,Imperva,WordPress
Sucuri/Cloudproxy,500,1,31444,Sucuri,Laravel
nginx/1.18.0,500,1,16852,ModSecurity,Vue
BIG-IP,200,1,112,F5_BIG_IP,ASP.NET
Sucuri/Cloudproxy,302,1,31425,Sucuri,WordPress
nginx/1.18.0,302,1,15800,ModSecurity,Express
cloudflare-nginx,403,1,17631,Cloudflare,Spring_Boot
Sucuri/Cloudproxy,403,1,20591,Sucuri,Vue
BigIP,403,1,35581,F5_BIG_IP,React
Apache/2.4.41 (Ubuntu),403,1,48331,ModSecurity,Node.js
cloudflare-nginx,404,1,46642,Cloudflare,Laravel
Microsoft-IIS/10.0,200,0,40658,None,Laravel
AmazonS3,301,1,48388,AWS_WAF,Spring_Boot
Sucuri/Cloudproxy,301,1,34186,Sucuri,ASP.NET
cloudflare,404,1,21220,Cloudflare,Unknown
Microsoft-IIS/10.0,200,1,11191,None,Express
cloudflare,301,1,27245,Cloudflare,Spring_Boot
cloudflare,403,1,28005,Cloudflare,ASP.NET
cloudflare-nginx,301,1,10175,Cloudflare,Spring_Boot
Incapsula,403,1,2600,Imperva,Express
Incapsula,403,1,30273,Imperva,Node.js
cloudflare-nginx,301,1,45384,Cloudflare,React
Incapsula,403,1,49524,Imperva,React
Sucuri/Cloudproxy,500,1,41790,Sucuri,Spring_Boot
Apache/2.4.41 (Ubuntu),403,1,8080,ModSecurity,Unknown
LiteSpeed,302,0,1251,None,ASP.NET
CloudFront,403,1,48696,AWS_WAF,WordPress
BigIP,403,1,20633,F5_BIG_IP,Django
BIG-IP,500,1,37860,F5_BIG_IP,Node.js
BIG-IP,302,1,27904,F5_BIG_IP,WordPress
nginx/1.18.0,404,1,32393,ModSecurity,Laravel
BIG-IP,302,1,31152,F5_BIG_IP,Django
CloudFront,301,1,38642,AWS_WAF,Node.js
LiteSpeed,404,0,27641,None,ASP.NET
CloudFront,302,1,41680,AWS_WAF,Vue
BigIP,404,1,7193,F5_BIG_IP,React
nginx/1.18.0,404,1,46953,ModSecurity,React
Incapsula,404,1,37255,Imperva,Express
cloudflare-nginx,200,1,31847,Cloudflare,WordPress
Incapsula,404,1,1262,Imperva,WordPress
cloudflare,403,1,3196,Cloudflare,React
LiteSpeed,404,0,39042,None,React
BIG-IP,403,1,26806,F5_BIG_IP,Django
Incapsula,403,1,33145,Imperva,ASP.NET
Microsoft-IIS/10.0,404,0,17280,None,Express
Microsoft-IIS/10.0,500,0,18208,None,ASP.NET
nginx/1.18.0,302,1,49993,ModSecurity,Vue
Sucuri/Cloudproxy,403,1,26823,Sucuri,Laravel
Sucuri/Cloudproxy,200,1,2467,Sucuri,Django
Sucuri/Cloudproxy,403,1,46986,Sucuri,Unknown
BigIP,200,1,835,F5_BIG_IP,Vue
nginx/1.18.0,302,1,6027,ModSecurity,WordPress
BIG-IP,200,1,135,F5_BIG_IP,Node.js
AWS,200,1,13637,AWS_WAF,Unknown
CloudFront,404,1,25810,AWS_WAF,WordPress
BigIP,403,1,24659,F5_BIG_IP,Express
AmazonS3,302,1,1979,AWS_WAF,Spring_Boot
Apache/2.4.41 (Ubuntu),403,1,47342,ModSecurity,Node.js
cloudflare-nginx,403,1,18006,Cloudflare,Spring_Boot
BigIP,403,1,40727,F5_BIG_IP,Unknown
LiteSpeed,302,0,49371,None,React
Microsoft-IIS/10.0,302,1,43811,None,Unknown
BIG-IP,403,1,34166,F5_BIG_IP,Express
Sucuri/Cloudproxy,403,1,14248,Sucuri,Vue
nginx/1.18.0,302,1,48193,ModSecurity,WordPress
cloudflare-nginx,403,1,13791,Cloudflare,Spring_Boot
Apache/2.4.41 (Ubuntu),500,1,39310,ModSecurity,Django
Sucuri/Cloudproxy,404,1,12161,Sucuri,Spring_Boot
Incapsula,302,1,28868,Imperva,Node.js
Sucuri/Cloudproxy,500,1,21938,Sucuri,Spring_Boot
nginx/1.18.0,403,1,31056,ModSecurity,Vue
Sucuri/Cloudproxy,403,1,39921,Sucuri,Unknown
cloudflare,403,1,19072,Cloudflare,WordPress
Sucuri/Cloudproxy,403,1,29777,Sucuri,React
Sucuri/Cloudproxy,404,1,13436,Sucuri,Laravel
Incapsula,404,1,43226,Imperva,Django
Sucuri/Cloudproxy,500,1,42095,Sucuri,Express
Incapsula,403,1,14854,Imperva,React
Microsoft-IIS/10.0,302,0,10886,None,Unknown
AWS,404,1,40517,AWS_WAF,Vue
LiteSpeed,404,0,48713,None,Vue
Incapsula,404,1,4909,Imperva,Node.js
nginx/1.18.0,302,1,9996,None,React
BigIP,404,1,19330,F5_BIG_IP,Laravel
Sucuri/Cloudproxy,403,1,6444,Sucuri,Django
Incapsula,403,1,282,Imperva,Django
BigIP,302,1,26948,F5_BIG_IP,Laravel
AmazonS3,302,1,3161,AWS_WAF,ASP.NET
cloudflare,403,1,19177,Cloudflare,ASP.NET
Microsoft-IIS/10.0,200,1,17129,None,Node.js
Sucuri/Cloudproxy,404,1,45444,Sucuri,Vue
Microsoft-IIS/10.0,301,0,47804,None,Unknown
BigIP,404,1,43243,F5_BIG_IP,Unknown
LiteSpeed,200,1,49468,None,Spring_Boot
Sucuri/Cloudproxy,403,1,15963,Sucuri,Laravel
cloudflare-nginx,403,1,7433,Cloudflare,Django
CloudFront,404,1,29441,AWS_WAF,Unknown
BigIP,301,1,6589,F5_BIG_IP,Django
BigIP,403,1,41545,F5_BIG_IP,WordPress
cloudflare,301,1,28646,Cloudflare,React
AmazonS3,302,1,14441,AWS_WAF,Node.js
AWS,301,1,19126,AWS_WAF,Django
Incapsula,403,1,22172,Imperva,Django
cloudflare-nginx,200,1,11923,Cloudflare,Laravel
Apache/2.4.41,200,0,14744,None,ASP.NET
BigIP,302,1,27158,F5_BIG_IP,Vue
CloudFront,302,1,46134,AWS_WAF,Vue
LiteSpeed,500,1,36508,None,Laravel
Apache/2.4.41,301,0,6667,None,Node.js
BIG-IP,403,1,43783,F5_BIG_IP,Unknown
Sucuri/Cloudproxy,500,1,2247,Sucuri,Django
Sucuri/Cloudproxy,403,1,39058,Sucuri,Spring_Boot
Sucuri/Cloudproxy,301,1,23165,Sucuri,Spring_Boot
cloudflare,403,1,21409,Cloudflare,Laravel
Incapsula,500,1,20364,Imperva,Unknown
Sucuri/Cloudproxy,403,1,24310,Sucuri,Spring_Boot
Microsoft-IIS/10.0,404,0,39736,None,React
Incapsula,404,1,21544,Imperva,Spring_Boot
CloudFront,302,1,39403,AWS_WAF,Django
Incapsula,500,1,4870,Imperva,Vue
cloudflare-nginx,500,1,41698,Cloudflare,Unknown
cloudflare,500,1,11744,Cloudflare,ASP.NET
BIG-IP,403,1,28791,F5_BIG_IP,Express
cloudflare-nginx,200,1,32280,Cloudflare,Node.js
cloudflare-nginx,302,1,43744,Cloudflare,Unknown
Sucuri/Cloudproxy,403,1,47772,Sucuri,Vue
AWS,404,1,42683,AWS_WAF,Express
Incapsula,302,1,25592,Imperva,Laravel
Sucuri/Cloudproxy,403,1,38391,Sucuri,Laravel
nginx/1.18.0,302,1,44740,None,Laravel
cloudflare,500,1,41210,Cloudflare,Vue
BIG-IP,403,1,36408,F5_BIG_IP,Node.js
nginx/1.18.0,404,1,20172,None,Laravel
Incapsula,404,1,6890,Imperva,Laravel
Sucuri/Cloudproxy,302,1,28525,Sucuri,Express
cloudflare-nginx,500,1,5043,Cloudflare,Node.js
Microsoft-IIS/10.0,404,0,33737,None,Laravel
LiteSpeed,200,0,1215,None,ASP.NET
cloudflare-nginx,302,1,7243,Cloudflare,Vue
cloudflare-nginx,403,1,47725,Cloudflare,Spring_Boot
Apache/2.4.41,500,1,8670,None,ASP.NET
Apache/2.4.41 (Ubuntu),200,1,39328,ModSecurity,Laravel
Sucuri/Cloudproxy,302,1,39789,Sucuri,Node.js
nginx/1.18.0,404,1,40446,ModSecurity,Unknown
cloudflare-nginx,403,1,222,Cloudflare,WordPress
AmazonS3,500,1,48834,AWS_WAF,Unknown
Sucuri/Cloudproxy,200,1,31753,Sucuri,Node.js
nginx/1.18.0,301,1,5769,ModSecurity,Laravel
cloudflare,403,1,6019,Cloudflare,Node.js
CloudFront,403,1,16864,AWS_WAF,Unknown
AWS,404,1,26540,AWS_WAF,React
nginx/1.18.0,403,1,10817,ModSecurity,Vue
Incapsula,404,1,16808,Imperva,Vue
cloudflare,403,1,35077,Cloudflare,Spring_Boot
nginx/1.18.0,302,0,22451,None,Vue
cloudflare-nginx,200,1,45177,Cloudflare,Spring_Boot
nginx/1.18.0,500,1,35766,ModSecurity,ASP.NET
Sucuri/Cloudproxy,403,1,4196,Sucuri,Django
Incapsula,403,1,13709,Imperva,Vue
Sucuri/Cloudproxy,200,1,13373,Sucuri,Unknown
nginx/1.18.0,403,1,26239,ModSecurity,React
nginx/1.18.0,200,1,13323,ModSecurity,Vue
Sucuri/Cloudproxy,403,1,8941,Sucuri,Spring_Boot
Incapsula,302,1,40585,Imperva,WordPress
Sucuri/Cloudproxy,200,1,25359,Sucuri,Express
Apache/2.4.41,200,1,15946,None,Laravel
Sucuri/Cloudproxy,403,1,1777,Sucuri,Laravel
nginx/1.18.0,403,1,38408,ModSecurity,ASP.NET
BIG-IP,404,1,24454,F5_BIG_IP,Spring_Boot
AWS,403,1,43903,AWS_WAF,Express
LiteSpeed,200,0,14603,None,Vue
Sucuri/Cloudproxy,404,1,36736,Sucuri,React
nginx/1.18.0,200,0,18270,None,Django
Apache/2.4.41 (Ubuntu),200,1,11960,ModSecurity,Laravel
Incapsula,200,1,39094,Imperva,Django
Incapsula,301,1,39261,Imperva,Django
Incapsula,403,1,4338,Imperva,Node.js
BIG-IP,301,1,7337,F5_BIG_IP,Unknown
Apache/2.4.41 (Ubuntu),500,1,27067,ModSecurity,Express
cloudflare-nginx,403,1,6607,Cloudflare,React
AWS,403,1,12583,AWS_WAF,WordPress
BigIP,403,1,36851,F5_BIG_IP,React
Apache/2.4.41 (Ubuntu),403,1,47604,ModSecurity,Unknown
Sucuri/Cloudproxy,403,1,31475,Sucuri,Laravel
Sucuri/Cloudproxy,404,1,5790,Sucuri,ASP.NET
nginx/1.18.0,302,1,11453,ModSecurity,Spring_Boot
CloudFront,403,1,4485,AWS_WAF,Unknown
AWS,403,1,25950,AWS_WAF,Spring_Boot
Apache/2.4.41 (Ubuntu),403,1,46317,ModSecurity,Node.js
BigIP,403,1,4787,F5_BIG_IP,ASP.NET
nginx/1.18.0,302,0,25254,None,Vue
Sucuri/Cloudproxy,404,1,12921,Sucuri,Django
cloudflare-nginx,302,1,8445,Cloudflare,Laravel
BIG-IP,301,1,3464,F5_BIG_IP,React
CloudFront,302,1,34203,AWS_WAF,WordPress
Incapsula,200,1,26333,Imperva,Django
BigIP,500,1,2315,F5_BIG_IP,Spring_Boot
Incapsula,404,1,28636,Imperva,Unknown
LiteSpeed,301,1,20656,None,Vue
BIG-IP,200,1,22070,F5_BIG_IP,ASP.NET
AWS,403,1,21170,AWS_WAF,React
BigIP,403,1,19650,F5_BIG_IP,Vue
nginx/1.18.0,403,1,19557,ModSecurity,Node.js
AmazonS3,403,1,13438,AWS_WAF,Spring_Boot
Incapsula,500,1,20978,Imperva,Vue
AmazonS3,403,1,2654,AWS_WAF,Laravel
Sucuri/Cloudproxy,403,1,34958,Sucuri,Spring_Boot
BIG-IP,302,1,23379,F5_BIG_IP,ASP.NET
Incapsula,403,1,35158,Imperva,React
Sucuri/Cloudproxy,200,1,9441,Sucuri,React
BIG-IP,500,1,34577,F5_BIG_IP,Vue
nginx/1.18.0,302,0,27386,None,Vue
BIG-IP,301,1,48358,F5_BIG_IP,ASP.NET
cloudflare-nginx,500,1,47224,Cloudflare,Node.js
Incapsula,404,1,1928,Imperva,Node.js
cloudflare,302,1,25292,Cloudflare,Spring_Boot
LiteSpeed,301,0,31834,None,React
cloudflare-nginx,200,1,37137,Cloudflare,ASP.NET
BIG-IP,403,1,17291,F5_BIG_IP,Express
cloudflare,200,1,41804,Cloudflare,Unknown
AmazonS3,500,1,12495,AWS_WAF,Unknown
BigIP,301,1,7569,F5_BIG_IP,WordPress
nginx/1.18.0,403,1,13183,ModSecurity,Unknown
Incapsula,302,1,18427,Imperva,Vue
Incapsula,301,1,40484,Imperva,Vue
AmazonS3,403,1,45938,AWS_WAF,Node.js
BIG-IP,404,1,8801,F5_BIG_IP,Django
Incapsula,301,1,19048,Imperva,Express
Sucuri/Cloudproxy,403,1,24070,Sucuri,Express
cloudflare,302,1,32494,Cloudflare,Spring_Boot
Incapsula,302,1,4802,Imperva,Unknown
Incapsula,301,1,40912,Imperva,Node.js
nginx/1.18.0,200,1,25334,ModSecurity,WordPress
Apache/2.4.41 (Ubuntu),403,1,39043,ModSecurity,Spring_Boot
Microsoft-IIS/10.0,404,0,320,None,Express
cloudflare,301,1,15663,Cloudflare,Django
cloudflare,500,1,31975,Cloudflare,Node.js
Sucuri/Cloudproxy,403,1,16383,Sucuri,Express
cloudflare,403,1,14532,Cloudflare,ASP.NET
Apache/2.4.41 (Ubuntu),403,1,44866,ModSecurity,Django
BIG-IP,404,1,42276,F5_BIG_IP,React
Sucuri/Cloudproxy,403,1,10681,Sucuri,Express
BigIP,403,1,49513,F5_BIG_IP,Unknown
AWS,500,1,44742,AWS_WAF,Django
BIG-IP,301,1,10361,F5_BIG_IP,WordPress
BIG-IP,301,1,33219,F5_BIG_IP,Express
BigIP,500,1,44779,F5_BIG_IP,WordPress
AWS,302,1,21598,AWS_WAF,WordPress
AWS,403,1,21592,AWS_WAF,Laravel
Apache/2.4.41 (Ubuntu),302,1,5463,ModSecurity,ASP.NET
Microsoft-IIS/10.0,301,1,47427,None,Spring_Boot
Incapsula,500,1,19438,Imperva,Spring_Boot
Incapsula,200,1,1866,Imperva,Express
Microsoft-IIS/10.0,302,0,12748,None,WordPress
AmazonS3,500,1,8964,AWS_WAF,Vue
Sucuri/Cloudproxy,403,1,16439,Sucuri,ASP.NET
Microsoft-IIS/10.0,404,0,10180,None,Spring_Boot
cloudflare-nginx,500,1,45743,Cloudflare,Express
BigIP,301,1,15443,F5_BIG_IP,Django
Sucuri/Cloudproxy,404,1,1778,Sucuri,Vue
Apache/2.4.41,500,0,28433,None,WordPress
Sucuri/Cloudproxy,404,1,12772,Sucuri,Django
AmazonS3,200,1,6465,AWS_WAF,Express
Apache/2.4.41,500,1,21868,None,Vue
Incapsula,404,1,37152,Imperva,React
BIG-IP,200,1,23189,F5_BIG_IP,WordPress
cloudflare-nginx,403,1,30892,Cloudflare,Django
Microsoft-IIS/10.0,200,0,3938,None,WordPress
cloudflare,403,1,21457,Cloudflare,Laravel
Sucuri/Cloudproxy,301,1,25169,Sucuri,React
BigIP,403,1,48623,F5_BIG_IP,Vue
cloudflare,302,1,12309,Cloudflare,Django
CloudFront,404,1,4673,AWS_WAF,ASP.NET
Apache/2.4.41 (Ubuntu),404,1,33475,ModSecurity,ASP.NET
BigIP,404,1,32851,F5_BIG_IP,Vue
BIG-IP,403,1,46485,F5_BIG_IP,ASP.NET
Incapsula,404,1,28615,Imperva,React
nginx/1.18.0,200,1,32892,ModSecurity,WordPress
Microsoft-IIS/10.0,301,0,13609,None,Node.js
cloudflare,500,1,11956,Cloudflare,Django
cloudflare-nginx,302,1,20941,Cloudflare,ASP.NET
Apache/2.4.41 (Ubuntu),200,1,38786,ModSecurity,Laravel
AWS,404,1,45777,AWS_WAF,WordPress
Incapsula,403,1,37601,Imperva,Spring_Boot
Sucuri/Cloudproxy,403,1,22178,Sucuri,Spring_Boot
cloudflare,403,1,21038,Cloudflare,ASP.NET
Apache/2.4.41 (Ubuntu),403,1,49099,ModSecurity,Express
Sucuri/Cloudproxy,302,1,42552,Sucuri,WordPress
LiteSpeed,404,0,27022,None,Unknown
cloudflare-nginx,404,1,45926,Cloudflare,Spring_Boot
Apache/2.4.41 (Ubuntu),403,1,21069,ModSecurity,Unknown
Sucuri/Cloudproxy,200,1,44175,Sucuri,WordPress
nginx/1.18.0,301,1,41212,None,Vue
Sucuri/Cloudproxy,200,1,8349,Sucuri,Django
AWS,403,1,12573,AWS_WAF,Django
nginx/1.18.0,500,1,31650,None,Express
BIG-IP,403,1,21607,F5_BIG_IP,Vue
Incapsula,403,1,14437,Imperva,Unknown
Apache/2.4.41 (Ubuntu),301,1,26549,ModSecurity,Django
BIG-IP,302,1,23903,F5_BIG_IP,React
BigIP,403,1,26842,F5_BIG_IP,Vue
Microsoft-IIS/10.0,404,1,36835,None,ASP.NET
BIG-IP,403,1,27931,F5_BIG_IP,Vue
Apache/2.4.41 (Ubuntu),200,1,20470,ModSecurity,Vue
AWS,404,1,30865,AWS_WAF,ASP.NET
nginx/1.18.0,200,0,24115,None,Express
Incapsula,200,1,9494,Imperva,Node.js
cloudflare-nginx,404,1,14739,Cloudflare,Unknown
Microsoft-IIS/10.0,404,0,38979,None,Vue
Incapsula,403,1,30191,Imperva,Django
nginx/1.18.0,403,1,32852,ModSecurity,Vue
Microsoft-IIS/10.0,302,0,46566,None,Node.js
nginx/1.18.0,302,1,10520,ModSecurity,Vue
nginx/1.18.0,403,1,41359,ModSecurity,Spring_Boot
Apache/2.4.41 (Ubuntu),500,1,2569,ModSecurity,Unknown
cloudflare-nginx,500,1,8935,Cloudflare,Node.js
Microsoft-IIS/10.0,500,1,25502,None,Spring_Boot
nginx/1.18.0,200,1,8343,ModSecurity,WordPress
BigIP,403,1,3864,F5_BIG_IP,Laravel
AmazonS3,500,1,19492,AWS_WAF,Django
AmazonS3,200,1,21421,AWS_WAF,WordPress
Sucuri/Cloudproxy,403,1,46136,Sucuri,ASP.NET
BIG-IP,403,1,28540,F5_BIG_IP,Vue
cloudflare,403,1,6146,Cloudflare,Vue
AmazonS3,301,1,15899,AWS_WAF,ASP.NET
AmazonS3,403,1,14801,AWS_WAF,Laravel
Incapsula,403,1,21823,Imperva,Node.js
AmazonS3,403,1,3116,AWS_WAF,Vue
LiteSpeed,500,1,6771,None,Express
AmazonS3,302,1,44963,AWS_WAF,Unknown
cloudflare-nginx,403,1,35685,Cloudflare,ASP.NET
Incapsula,403,1,37611,Imperva,Node.js
nginx/1.18.0,403,1,40805,ModSecurity,Node.js
Apache/2.4.41 (Ubuntu),403,1,9559,ModSecurity,Django
Sucuri/Cloudproxy,403,1,49579,Sucuri,Node.js
cloudflare,403,1,37349,Cloudflare,Node.js
Sucuri/Cloudproxy,403,1,21942,Sucuri,Laravel
BigIP,403,1,26330,F5_BIG_IP,Node.js
Apache/2.4.41 (Ubuntu),403,1,32740,ModSecurity,Node.js
BIG-IP,404,1,2059,F5_BIG_IP,Django
AmazonS3,302,1,45332,AWS_WAF,Vue
BIG-IP,302,1,28778,F5_BIG_IP,WordPress
Sucuri/Cloudproxy,500,1,30176,Sucuri,Spring_Boot
AmazonS3,302,1,48774,AWS_WAF,React
Microsoft-IIS/10.0,500,0,37056,None,Node.js
nginx/1.18.0,404,0,47354,None,Vue
cloudflare,302,1,29727,Cloudflare,Node.js
BigIP,403,1,48597,F5_BIG_IP,Unknown
BigIP,301,1,40940,F5_BIG_IP,Express
Microsoft-IIS/10.0,200,0,11311,None,React
BigIP,404,1,47050,F5_BIG_IP,WordPress
nginx/1.18.0,301,0,37897,None,Unknown
Incapsula,500,1,4124,Imperva,Unknown
CloudFront,200,1,23833,AWS_WAF,WordPress
Sucuri/Cloudproxy,403,1,10561,Sucuri,Vue
cloudflare-nginx,403,1,24762,Cloudflare,Unknown
Incapsula,403,1,28805,Imperva,Unknown
CloudFront,301,1,26370,AWS_WAF,Unknown
CloudFront,200,1,16888,AWS_WAF,Vue
AWS,302,1,4429,AWS_WAF,Vue
Sucuri/Cloudproxy,301,1,44566,Sucuri,Node.js
LiteSpeed,301,0,31797,None,Django
Sucuri/Cloudproxy,403,1,28895,Sucuri,Unknown
AmazonS3,500,1,37549,AWS_WAF,Express
Sucuri/Cloudproxy,404,1,32257,Sucuri,Spring_Boot
nginx/1.18.0,403,1,30650,ModSecurity,Vue
cloudflare-nginx,403,1,24020,Cloudflare,Node.js
nginx/1.18.0,500,1,23789,ModSecurity,Laravel
Incapsula,403,1,4554,Imperva,Unknown
AWS,200,1,23115,AWS_WAF,Vue
nginx/1.18.0,500,1,20538,None,Unknown
cloudflare,500,1,42936,Cloudflare,WordPress
AmazonS3,301,1,16071,AWS_WAF,Express
cloudflare-nginx,403,1,2104,Cloudflare,Unknown
Sucuri/Cloudproxy,301,1,44534,Sucuri,ASP.NET
Microsoft-IIS/10.0,500,0,38252,None,Node.js
LiteSpeed,200,0,49519,None,Express
nginx/1.18.0,404,0,47660,None,Vue
BigIP,403,1,7260,F5_BIG_IP,Express
Sucuri/Cloudproxy,200,1,44375,Sucuri,Unknown
Apache/2.4.41,302,0,45065,None,Spring_Boot
BigIP,301,1,5714,F5_BIG_IP,Express
Incapsula,403,1,48500,Imperva,ASP.NET
Apache/2.4.41,500,1,13632,None,Vue
Sucuri/Cloudproxy,403,1,33159,Sucuri,ASP.NET
Apache/2.4.41 (Ubuntu),302,1,21091,ModSecurity,Unknown
CloudFront,403,1,8143,AWS_WAF,Node.js
nginx/1.18.0,500,1,41996,None,Node.js
Sucuri/Cloudproxy,302,1,29764,Sucuri,Vue
Sucuri/Cloudproxy,404,1,34737,Sucuri,Vue
Microsoft-IIS/10.0,301,0,11385,None,Node.js
Sucuri/Cloudproxy,403,1,13987,Sucuri,Spring_Boot
cloudflare,403,1,8650,Cloudflare,React
AWS,403,1,22984,AWS_WAF,Django
Sucuri/Cloudproxy,403,1,1624,Sucuri,WordPress
Apache/2.4.41 (Ubuntu),403,1,5194,ModSecurity,Spring_Boot
cloudflare,403,1,41126,Cloudflare,Vue
Apache/2.4.41 (Ubuntu),403,1,44512,ModSecurity,WordPress
Apache/2.4.41,200,0,5284,None,Node.js
CloudFront,200,1,43287,AWS_WAF,ASP.NET
LiteSpeed,302,0,21146,None,ASP.NET
LiteSpeed,302,1,44093,None,Express
Sucuri/Cloudproxy,403,1,9884,Sucuri,Unknown
nginx/1.18.0,403,1,40284,ModSecurity,ASP.NET
AWS,200,1,16348,AWS_WAF,React
nginx/1.18.0,200,1,15008,ModSecurity,Django
Incapsula,404,1,29667,Imperva,ASP.NET
Incapsula,302,1,34508,Imperva,Spring_Boot
AmazonS3,403,1,31064,AWS_WAF,React
Sucuri/Cloudproxy,403,1,1120,Sucuri,WordPress
BigIP,403,1,36397,F5_BIG_IP,React
Sucuri/Cloudproxy,404,1,6005,Sucuri,WordPress
BIG-IP,301,1,27126,F5_BIG_IP,Laravel
nginx/1.18.0,200,0,24563,None,Django
Microsoft-IIS/10.0,302,0,41300,None,Unknown
Apache/2.4.41 (Ubuntu),404,1,30678,ModSecurity,WordPress
Incapsula,403,1,6213,Imperva,Spring_Boot
Incapsula,302,1,1641,Imperva,ASP.NET
Microsoft-IIS/10.0,500,0,11949,None,ASP.NET
cloudflare,403,1,43792,Cloudflare,Express
cloudflare-nginx,403,1,32039,Cloudflare,WordPress
BigIP,403,1,18425,F5_BIG_IP,Django
cloudflare-nginx,404,1,15497,Cloudflare,ASP.NET
nginx/1.18.0,500,1,17413,ModSecurity,ASP.NET
CloudFront,404,1,352,AWS_WAF,WordPress
Sucuri/Cloudproxy,403,1,12611,Sucuri,React
cloudflare-nginx,301,1,13944,Cloudflare,React
cloudflare,200,1,21435,Cloudflare,React
AWS,500,1,40301,AWS_WAF,WordPress
Incapsula,301,1,7186,Imperva,WordPress
Incapsula,404,1,11214,Imperva,Express
CloudFront,403,1,13032,AWS_WAF,Spring_Boot
BIG-IP,403,1,33617,F5_BIG_IP,Vue
nginx/1.18.0,404,1,32184,ModSecurity,Vue
cloudflare,301,1,29229,Cloudflare,WordPress
cloudflare,404,1,38234,Cloudflare,Express
CloudFront,403,1,32062,AWS_WAF,Spring_Boot
Apache/2.4.41,404,0,12022,None,Unknown
Apache/2.4.41 (Ubuntu),302,1,13059,ModSecurity,Express
BigIP,301,1,11956,F5_BIG_IP,Unknown
BigIP,301,1,21273,F5_BIG_IP,Unknown
Sucuri/Cloudproxy,403,1,43823,Sucuri,React
LiteSpeed,200,0,19809,None,Unknown
nginx/1.18.0,301,1,7282,ModSecurity,Vue
BIG-IP,403,1,14791,F5_BIG_IP,Laravel
CloudFront,404,1,33278,AWS_WAF,Django
BigIP,404,1,1764,F5_BIG_IP,Node.js
nginx/1.18.0,404,1,17681,ModSecurity,Laravel
Sucuri/Cloudproxy,404,1,34776,Sucuri,Laravel
AWS,200,1,13408,AWS_WAF,React
CloudFront,403,1,30550,AWS_WAF,React
Apache/2.4.41 (Ubuntu),404,1,48837,ModSecurity,Node.js
nginx/1.18.0,200,0,23615,None,Django
nginx/1.18.0,404,1,40965,None,Express
cloudflare-nginx,404,1,20252,Cloudflare,Vue
CloudFront,403,1,17950,AWS_WAF,Unknown
BIG-IP,301,1,24750,F5_BIG_IP,React
AmazonS3,403,1,14565,AWS_WAF,React
Incapsula,403,1,23658,Imperva,Node.js
Incapsula,500,1,23273,Imperva,Vue
Sucuri/Cloudproxy,302,1,17855,Sucuri,Express
cloudflare,404,1,39843,Cloudflare,Unknown
Apache/2.4.41,200,1,31247,None,Node.js
Sucuri/Cloudproxy,403,1,31753,Sucuri,Vue
nginx/1.18.0,404,1,10543,ModSecurity,Django
nginx/1.18.0,403,1,42398,ModSecurity,Node.js
Microsoft-IIS/10.0,500,1,44790,None,Vue
Apache/2.4.41 (Ubuntu),403,1,44661,ModSecurity,Laravel
AmazonS3,403,1,24324,AWS_WAF,Unknown
Sucuri/Cloudproxy,200,1,8453,Sucuri,Laravel
Incapsula,301,1,39326,Imperva,Unknown
BigIP,200,1,45000,F5_BIG_IP,Django
AWS,404,1,12932,AWS_WAF,Laravel
cloudflare,200,1,32784,Cloudflare,Django
AmazonS3,403,1,43812,AWS_WAF,Express
CloudFront,404,1,12106,AWS_WAF,ASP.NET
cloudflare-nginx,301,1,14498,Cloudflare,Vue
cloudflare,500,1,40262,Cloudflare,WordPress
cloudflare,403,1,22399,Cloudflare,Node.js
Sucuri/Cloudproxy,500,1,44933,Sucuri,React
cloudflare,302,1,17647,Cloudflare,Django
LiteSpeed,302,0,44946,None,Django
nginx/1.18.0,403,1,34509,ModSecurity,Laravel
Sucuri/Cloudproxy,500,1,8802,Sucuri,Django
BigIP,500,1,22358,F5_BIG_IP,React
Incapsula,301,1,49768,Imperva,ASP.NET
AmazonS3,404,1,21639,AWS_WAF,React
Incapsula,403,1,20183,Imperva,Spring_Boot
Sucuri/Cloudproxy,200,1,26592,Sucuri,Vue
Apache/2.4.41 (Ubuntu),403,1,4880,ModSecurity,Django
AmazonS3,403,1,28981,AWS_WAF,WordPress
nginx/1.18.0,403,1,339,ModSecurity,React
Sucuri/Cloudproxy,500,1,45685,Sucuri,Laravel
Apache/2.4.41 (Ubuntu),500,1,1963,ModSecurity,Unknown
BIG-IP,403,1,38804,F5_BIG_IP,Laravel
BigIP,302,1,1996,F5_BIG_IP,Express
Microsoft-IIS/10.0,301,0,49489,None,ASP.NET
cloudflare-nginx,404,1,6420,Cloudflare,Laravel
Apache/2.4.41,200,1,9268,None,Spring_Boot
Sucuri/Cloudproxy,403,1,8924,Sucuri,Vue
Sucuri/Cloudproxy,403,1,4100,Sucuri,ASP.NET
Microsoft-IIS/10.0,500,0,16503,None,Node.js
BigIP,404,1,36554,F5_BIG_IP,Node.js
BigIP,403,1,47386,F5_BIG_IP,ASP.NET
Incapsula,403,1,14755,Imperva,Django
Incapsula,500,1,15987,Imperva,ASP.NET
Apache/2.4.41,302,1,23461,None,Vue
AmazonS3,302,1,37845,AWS_WAF,ASP.NET
cloudflare-nginx,302,1,49225,Cloudflare,React
Incapsula,403,1,3098,Imperva,Laravel
LiteSpeed,500,1,17138,None,Vue
Apache/2.4.41 (Ubuntu),403,1,26775,ModSecurity,Laravel
Sucuri/Cloudproxy,200,1,42645,Sucuri,Vue
Incapsula,301,1,34203,Imperva,Unknown
Apache/2.4.41,404,0,31099,None,Express
BIG-IP,200,1,11493,F5_BIG_IP,Spring_Boot
Incapsula,500,1,46679,Imperva,WordPress
Apache/2.4.41 (Ubuntu),403,1,48329,ModSecurity,ASP.NET
cloudflare,301,1,13483,Cloudflare,WordPress
Apache/2.4.41,500,0,23320,None,WordPress
BIG-IP,200,1,42990,F5_BIG_IP,React
CloudFront,403,1,48019,AWS_WAF,ASP.NET
Incapsula,301,1,15047,Imperva,WordPress
Apache/2.4.41 (Ubuntu),403,1,25621,ModSecurity,Node.js
Apache/2.4.41 (Ubuntu),404,1,5822,ModSecurity,React
BIG-IP,403,1,3245,F5_BIG_IP,Node.js
Sucuri/Cloudproxy,302,1,27078,Sucuri,WordPress
nginx/1.18.0,403,1,35386,ModSecurity,Vue
Incapsula,302,1,2507,Imperva,ASP.NET
cloudflare,404,1,45724,Cloudflare,Node.js
Incapsula,200,1,4760,Imperva,Unknown
Incapsula,403,1,17355,Imperva,ASP.NET
cloudflare,200,1,15966,Cloudflare,ASP.NET
BigIP,301,1,40997,F5_BIG_IP,Laravel
Sucuri/Cloudproxy,404,1,20999,Sucuri,Vue
Apache/2.4.41,200,0,28294,None,Spring_Boot
nginx/1.18.0,403,1,30731,ModSecurity,ASP.NET
AWS,200,1,33528,AWS_WAF,Spring_Boot
cloudflare-nginx,301,1,39474,Cloudflare,Express
nginx/1.18.0,500,1,32329,ModSecurity,React
Microsoft-IIS/10.0,302,0,47557,None,Django
CloudFront,404,1,2709,AWS_WAF,Unknown
cloudflare-nginx,200,1,1581,Cloudflare,Vue
CloudFront,404,1,45339,AWS_WAF,Unknown
BIG-IP,403,1,21479,F5_BIG_IP,Unknown
cloudflare,403,1,23493,Cloudflare,Laravel
Sucuri/Cloudproxy,301,1,13757,Sucuri,Vue
BigIP,403,1,4534,F5_BIG_IP,Django
nginx/1.18.0,200,1,30662,ModSecurity,React
Sucuri/Cloudproxy,500,1,23879,Sucuri,React
Incapsula,403,1,37390,Imperva,React
BIG-IP,403,1,27556,F5_BIG_IP,ASP.NET
Incapsula,500,1,39763,Imperva,WordPress
Incapsula,500,1,40838,Imperva,React
nginx/1.18.0,403,1,15601,ModSecurity,Node.js
AWS,403,1,11822,AWS_WAF,ASP.NET
Apache/2.4.41 (Ubuntu),500,1,16027,ModSecurity,Laravel
BigIP,302,1,44436,F5_BIG_IP,Node.js
nginx/1.18.0,200,1,5628,ModSecurity,Unknown
BigIP,301,1,39602,F5_BIG_IP,Django
nginx/1.18.0,403,1,117,ModSecurity,Express
Microsoft-IIS/10.0,500,1,8131,None,Node.js
Incapsula,500,1,29811,Imperva,Node.js
AWS,301,1,1695,AWS_WAF,Node.js
AmazonS3,302,1,5500,AWS_WAF,Vue
CloudFront,200,1,6882,AWS_WAF,Unknown
Apache/2.4.41 (Ubuntu),403,1,39151,ModSecurity,ASP.NET
cloudflare,301,1,24004,Cloudflare,Laravel
cloudflare-nginx,403,1,18020,Cloudflare,ASP.NET
CloudFront,500,1,8033,AWS_WAF,Vue
CloudFront,302,1,25882,AWS_WAF,WordPress
Incapsula,403,1,16059,Imperva,Node.js
cloudflare,500,1,9698,Cloudflare,Spring_Boot
Incapsula,301,1,36674,Imperva,ASP.NET
BIG-IP,404,1,27447,F5_BIG_IP,Laravel
Apache/2.4.41,301,1,32303,None,Express
Sucuri/Cloudproxy,403,1,43401,Sucuri,Laravel
AWS,200,1,16966,AWS_WAF,Node.js
AmazonS3,403,1,22188,AWS_WAF,Vue
nginx/1.18.0,500,0,18744,None,Laravel
cloudflare,301,1,44621,Cloudflare,Node.js
Sucuri/Cloudproxy,403,1,20467,Sucuri,React
cloudflare-nginx,403,1,36902,Cloudflare,React
Sucuri/Cloudproxy,404,1,21044,Sucuri,Spring_Boot
cloudflare,200,1,44021,Cloudflare,Unknown
Incapsula,500,1,25374,Imperva,Node.js
CloudFront,302,1,16286,AWS_WAF,WordPress
cloudflare,301,1,28110,Cloudflare,Django
BigIP,403,1,16611,F5_BIG_IP,Unknown
Incapsula,200,1,33613,Imperva,Node.js
Apache/2.4.41,302,1,24314,None,WordPress
cloudflare-nginx,403,1,20901,Cloudflare,Laravel
Apache/2.4.41 (Ubuntu),302,1,16819,ModSecurity,Node.js
Sucuri/Cloudproxy,302,1,7742,Sucuri,Laravel
Apache/2.4.41,200,1,43982,None,Django
Sucuri/Cloudproxy,500,1,48082,Sucuri,Express
AmazonS3,404,1,26961,AWS_WAF,Django
Apache/2.4.41 (Ubuntu),403,1,18165,ModSecurity,Node.js
AWS,301,1,17466,AWS_WAF,Unknown
nginx/1.18.0,403,1,12567,ModSecurity,Node.js
cloudflare-nginx,403,1,40843,Cloudflare,Unknown
BigIP,302,1,24731,F5_BIG_IP,Django
Sucuri/Cloudproxy,403,1,19197,Sucuri,ASP.NET
Incapsula,403,1,11876,Imperva,Unknown
Apache/2.4.41,200,0,35856,None,Spring_Boot
cloudflare-nginx,200,1,17263,Cloudflare,Express
cloudflare,403,1,25055,Cloudflare,React
BigIP,404,1,26319,F5_BIG_IP,Unknown
Incapsula,403,1,30401,Imperva,WordPress
LiteSpeed,301,0,45139,None,Laravel
AmazonS3,200,1,34357,AWS_WAF,Laravel
BIG-IP,200,1,33376,F5_BIG_IP,Spring_Boot
BigIP,404,1,7956,F5_BIG_IP,Django
CloudFront,403,1,9889,AWS_WAF,Node.js
Sucuri/Cloudproxy,403,1,38710,Sucuri,Unknown
Sucuri/Cloudproxy,403,1,14460,Sucuri,ASP.NET
nginx/1.18.0,404,1,32580,ModSecurity,Spring_Boot
BIG-IP,302,1,26596,F5_BIG_IP,Spring_Boot
Microsoft-IIS/10.0,500,0,29859,None,Express
Incapsula,500,1,10047,Imperva,Express
cloudflare,200,1,32306,Cloudflare,Unknown
Incapsula,301,1,43373,Imperva,Unknown
nginx/1.18.0,200,0,37574,None,Laravel
CloudFront,403,1,13742,AWS_WAF,Express
BIG-IP,403,1,43876,F5_BIG_IP,Spring_Boot
BIG-IP,403,1,8887,F5_BIG_IP,Node.js
LiteSpeed,404,0,22624,None,Django
Sucuri/Cloudproxy,403,1,24497,Sucuri,Express
cloudflare-nginx,403,1,27973,Cloudflare,ASP.NET
Incapsula,403,1,18147,Imperva,Django
BigIP,403,1,47065,F5_BIG_IP,React
nginx/1.18.0,403,1,4230,ModSecurity,Node.js
CloudFront,200,1,26576,AWS_WAF,Spring_Boot
BigIP,403,1,39304,F5_BIG_IP,Node.js
Sucuri/Cloudproxy,500,1,29550,Sucuri,Laravel
Sucuri/Cloudproxy,302,1,45223,Sucuri,ASP.NET
BIG-IP,403,1,27790,F5_BIG_IP,Vue
Sucuri/Cloudproxy,403,1,13808,Sucuri,Node.js
Apache/2.4.41 (Ubuntu),403,1,17170,ModSecurity,WordPress
BIG-IP,302,1,49392,F5_BIG_IP,ASP.NET
Sucuri/Cloudproxy,403,1,33359,Sucuri,ASP.NET
Incapsula,404,1,39985,Imperva,Laravel
Incapsula,403,1,24871,Imperva,ASP.NET
BIG-IP,403,1,34827,F5_BIG_IP,ASP.NET
Sucuri/Cloudproxy,403,1,6942,Sucuri,Express
Apache/2.4.41 (Ubuntu),200,1,18927,ModSecurity,Express
BIG-IP,404,1,36652,F5_BIG_IP,WordPress
cloudflare-nginx,403,1,2963,Cloudflare,Node.js
Apache/2.4.41 (Ubuntu),403,1,35603,ModSecurity,WordPress
cloudflare-nginx,200,1,17542,Cloudflare,Node.js
LiteSpeed,200,0,30744,None,Django
cloudflare,500,1,19351,Cloudflare,Laravel
Sucuri/Cloudproxy,500,1,38582,Sucuri,Laravel
Sucuri/Cloudproxy,302,1,6444,Sucuri,Vue
cloudflare,403,1,3029,Cloudflare,Unknown
BIG-IP,500,1,26306,F5_BIG_IP,React
Incapsula,403,1,46962,Imperva,Unknown
AWS,200,1,7406,AWS_WAF,Django
Incapsula,500,1,41093,Imperva,Spring_Boot
Microsoft-IIS/10.0,404,0,7550,None,WordPress
Apache/2.4.41 (Ubuntu),403,1,42053,ModSecurity,Express
BigIP,404,1,18699,F5_BIG_IP,WordPress
cloudflare,403,1,7253,Cloudflare,Spring_Boot
cloudflare,403,1,38681,Cloudflare,Express
Sucuri/Cloudproxy,500,1,34232,Sucuri,Django
BIG-IP,404,1,30469,F5_BIG_IP,Spring_Boot
AWS,403,1,40547,AWS_WAF,Laravel
Microsoft-IIS/10.0,500,0,34587,None,Node.js
nginx/1.18.0,302,1,19029,None,Node.js
Incapsula,404,1,4061,Imperva,React
AWS,200,1,14419,AWS_WAF,Django
AWS,302,1,25894,AWS_WAF,Express
BigIP,403,1,23261,F5_BIG_IP,ASP.NET
nginx/1.18.0,403,1,1384,ModSecurity,Django
BIG-IP,403,1,44547,F5_BIG_IP,Laravel
BigIP,200,1,32484,F5_BIG_IP,WordPress
Sucuri/Cloudproxy,403,1,10110,Sucuri,React
CloudFront,403,1,40667,AWS_WAF,Laravel
Sucuri/Cloudproxy,403,1,25131,Sucuri,WordPress
CloudFront,302,1,5163,AWS_WAF,Django
nginx/1.18.0,404,0,48402,None,ASP.NET
cloudflare,301,1,27184,Cloudflare,WordPress
Incapsula,301,1,31730,Imperva,Vue
LiteSpeed,500,0,34563,None,Node.js
Apache/2.4.41,500,0,44315,None,Django
BIG-IP,403,1,17375,F5_BIG_IP,Vue
nginx/1.18.0,404,0,1858,None,Express
Apache/2.4.41,500,0,23423,None,Laravel
Sucuri/Cloudproxy,404,1,4272,Sucuri,React
nginx/1.18.0,301,1,1289,ModSecurity,React
cloudflare-nginx,500,1,44036,Cloudflare,Spring_Boot
AWS,500,1,1767,AWS_WAF,Vue
AmazonS3,403,1,2550,AWS_WAF,Django
Incapsula,404,1,26956,Imperva,Unknown
BIG-IP,301,1,41012,F5_BIG_IP,WordPress
Sucuri/Cloudproxy,403,1,35102,Sucuri,Django
Sucuri/Cloudproxy,403,1,30703,Sucuri,React
nginx/1.18.0,301,1,37656,ModSecurity,Unknown
Incapsula,403,1,30894,Imperva,Node.js
BIG-IP,301,1,38591,F5_BIG_IP,Express
AmazonS3,301,1,31301,AWS_WAF,React
Apache/2.4.41,301,0,19281,None,Express
AmazonS3,404,1,2654,AWS_WAF,Django
nginx/1.18.0,403,1,36598,ModSecurity,Unknown
CloudFront,403,1,8898,AWS_WAF,React
AWS,200,1,4360,AWS_WAF,Unknown
Sucuri/Cloudproxy,403,1,39031,Sucuri,React
cloudflare,403,1,47594,Cloudflare,Spring_Boot
cloudflare,200,1,5794,Cloudflare,React
Sucuri/Cloudproxy,200,1,35467,Sucuri,Express
Sucuri/Cloudproxy,200,1,8515,Sucuri,Unknown
CloudFront,403,1,40916,AWS_WAF,Vue
BIG-IP,403,1,3142,F5_BIG_IP,Django
Apache/2.4.41 (Ubuntu),301,1,26729,ModSecurity,Unknown
Apache/2.4.41 (Ubuntu),403,1,4906,ModSecurity,WordPress
Apache/2.4.41,200,1,23551,None,Django
Microsoft-IIS/10.0,500,0,47303,None,Django
nginx/1.18.0,200,1,12287,ModSecurity,Node.js
BIG-IP,404,1,5963,F5_BIG_IP,Node.js
Sucuri/Cloudproxy,404,1,1075,Sucuri,Unknown
AWS,302,1,27104,AWS_WAF,WordPress
Sucuri/Cloudproxy,404,1,48469,Sucuri,Laravel
BIG-IP,403,1,27773,F5_BIG_IP,Vue
cloudflare,200,1,15630,Cloudflare,ASP.NET
CloudFront,403,1,35742,AWS_WAF,Express
AWS,403,1,21129,AWS_WAF,Laravel
AmazonS3,301,1,28037,AWS_WAF,Django
AmazonS3,301,1,8246,AWS_WAF,Express
nginx/1.18.0,404,1,35553,ModSecurity,React
CloudFront,403,1,33244,AWS_WAF,Node.js
Microsoft-IIS/10.0,301,0,44450,None,Spring_Boot
Incapsula,302,1,11650,Imperva,Unknown
nginx/1.18.0,500,1,14477,ModSecurity,Express
Sucuri/Cloudproxy,500,1,36853,Sucuri,Node.js
Apache/2.4.41,404,0,10376,None,React
LiteSpeed,302,0,3835,None,ASP.NET
Microsoft-IIS/10.0,500,0,10294,None,Unknown
Sucuri/Cloudproxy,200,1,10653,Sucuri,Unknown
Apache/2.4.41,200,1,1020,None,Django
BIG-IP,200,1,42127,F5_BIG_IP,Laravel
nginx/1.18.0,404,1,48261,ModSecurity,Express
BIG-IP,302,1,9464,F5_BIG_IP,WordPress
Incapsula,404,1,10988,Imperva,Unknown
Sucuri/Cloudproxy,403,1,26297,Sucuri,Spring_Boot
Apache/2.4.41 (Ubuntu),403,1,22422,ModSecurity,WordPress
nginx/1.18.0,301,1,1563,ModSecurity,ASP.NET
Incapsula,302,1,27484,Imperva,Vue
Incapsula,403,1,18086,Imperva,React
Incapsula,200,1,20895,Imperva,Django
cloudflare,302,1,4324,Cloudflare,WordPress
Incapsula,301,1,18523,Imperva,Vue
Apache/2.4.41 (Ubuntu),404,1,41349,ModSecurity,Django
nginx/1.18.0,302,1,382,ModSecurity,WordPress
LiteSpeed,302,0,47681,None,Laravel
BigIP,301,1,3122,F5_BIG_IP,Express
Incapsula,404,1,40358,Imperva,Unknown
LiteSpeed,404,0,3007,None,React
Apache/2.4.41,200,0,801,None,Laravel
Sucuri/Cloudproxy,403,1,22480,Sucuri,Node.js
Sucuri/Cloudproxy,403,1,20351,Sucuri,Spring_Boot
Incapsula,403,1,15759,Imperva,Laravel
BIG-IP,200,1,46043,F5_BIG_IP,Unknown
CloudFront,403,1,43454,AWS_WAF,Express
cloudflare,200,1,43924,Cloudflare,WordPress
Incapsula,403,1,5119,Imperva,Node.js
LiteSpeed,404,0,19430,None,Spring_Boot
BIG-IP,404,1,26229,F5_BIG_IP,Django
cloudflare-nginx,500,1,17279,Cloudflare,ASP.NET
nginx/1.18.0,200,1,7183,None,Laravel
BIG-IP,403,1,7592,F5_BIG_IP,Node.js
BIG-IP,403,1,47002,F5_BIG_IP,Spring_Boot
BIG-IP,403,1,35928,F5_BIG_IP,Node.js
nginx/1.18.0,301,1,9363,ModSecurity,React
Incapsula,500,1,25145,Imperva,Vue
Incapsula,403,1,39840,Imperva,Vue
Microsoft-IIS/10.0,302,0,21554,None,Express
BigIP,200,1,29468,F5_BIG_IP,Express
cloudflare-nginx,500,1,21231,Cloudflare,Express
BIG-IP,302,1,25171,F5_BIG_IP,Vue
Apache/2.4.41,500,0,15589,None,Vue
cloudflare,403,1,17789,Cloudflare,Vue
Sucuri/Cloudproxy,302,1,13183,Sucuri,Express
AmazonS3,302,1,20056,AWS_WAF,Django
Sucuri/Cloudproxy,500,1,40018,Sucuri,Laravel
CloudFront,403,1,49371,AWS_WAF,Unknown
AmazonS3,403,1,12626,AWS_WAF,Unknown
CloudFront,301,1,14408,AWS_WAF,React
nginx/1.18.0,403,1,16063,ModSecurity,Node.js
Incapsula,500,1,31795,Imperva,Node.js
AWS,200,1,32854,AWS_WAF,WordPress
BIG-IP,200,1,34408,F5_BIG_IP,Django
Incapsula,404,1,46537,Imperva,Laravel
cloudflare-nginx,403,1,36283,Cloudflare,Express
CloudFront,404,1,40068,AWS_WAF,ASP.NET
nginx/1.18.0,301,1,9874,ModSecurity,Vue
nginx/1.18.0,403,1,12419,ModSecurity,Django
AmazonS3,200,1,8237,AWS_WAF,Node.js
BigIP,403,1,30447,F5_BIG_IP,Vue
nginx/1.18.0,404,1,5557,ModSecurity,Express
Apache/2.4.41,302,0,8700,None,Unknown
BigIP,200,1,36129,F5_BIG_IP,Node.js
LiteSpeed,500,0,35265,None,ASP.NET
AWS,200,1,10162,AWS_WAF,Django
CloudFront,403,1,30123,AWS_WAF,Spring_Boot
cloudflare-nginx,500,1,14502,Cloudflare,React
Sucuri/Cloudproxy,403,1,10110,Sucuri,Vue
BigIP,200,1,15337,F5_BIG_IP,Node.js
BIG-IP,404,1,13103,F5_BIG_IP,WordPress
nginx/1.18.0,403,1,7065,ModSecurity,Laravel
BigIP,301,1,38648,F5_BIG_IP,React
nginx/1.18.0,403,1,44609,ModSecurity,Laravel
LiteSpeed,404,0,44977,None,Laravel
Apache/2.4.41,200,0,44834,None,Node.js
Sucuri/Cloudproxy,403,1,34888,Sucuri,Unknown
cloudflare,500,1,530,Cloudflare,Laravel
AmazonS3,404,1,4241,AWS_WAF,React
AmazonS3,500,1,19353,AWS_WAF,Django
AmazonS3,302,1,17833,AWS_WAF,ASP.NET
Sucuri/Cloudproxy,403,1,3177,Sucuri,ASP.NET
Incapsula,500,1,29209,Imperva,WordPress
cloudflare-nginx,200,1,46075,Cloudflare,ASP.NET
Sucuri/Cloudproxy,302,1,32866,Sucuri,Express
BIG-IP,404,1,39125,F5_BIG_IP,WordPress
BIG-IP,403,1,46987,F5_BIG_IP,React
BigIP,301,1,3646,F5_BIG_IP,Node.js
cloudflare-nginx,500,1,39137,Cloudflare,Django
Sucuri/Cloudproxy,404,1,16500,Sucuri,Laravel
cloudflare-nginx,403,1,20979,Cloudflare,Express
cloudflare,403,1,31988,Cloudflare,Express
Incapsula,500,1,22550,Imperva,Express
AmazonS3,200,1,33002,AWS_WAF,Node.js
Apache/2.4.41 (Ubuntu),301,1,30444,ModSecurity,Laravel
cloudflare-nginx,403,1,6173,Cloudflare,Unknown
BigIP,301,1,21631,F5_BIG_IP,React
cloudflare,403,1,25640,Cloudflare,Node.js
nginx/1.18.0,500,1,48703,ModSecurity,WordPress
Apache/2.4.41,301,0,1948,None,Vue
CloudFront,200,1,31896,AWS_WAF,Django
Apache/2.4.41 (Ubuntu),403,1,8804,ModSecurity,Node.js
Microsoft-IIS/10.0,301,0,25557,None,React
Apache/2.4.41 (Ubuntu),302,1,10455,ModSecurity,Laravel
AmazonS3,403,1,4045,AWS_WAF,ASP.NET
Apache/2.4.41 (Ubuntu),301,1,43804,ModSecurity,React
CloudFront,403,1,44609,AWS_WAF,Spring_Boot
Incapsula,404,1,26141,Imperva,Node.js
Apache/2.4.41 (Ubuntu),500,1,29324,ModSecurity,Vue
Incapsula,403,1,16856,Imperva,WordPress
Sucuri/Cloudproxy,403,1,47646,Sucuri,WordPress
BIG-IP,403,1,7029,F5_BIG_IP,Unknown
BIG-IP,302,1,4956,F5_BIG_IP,ASP.NET
Incapsula,403,1,15953,Imperva,ASP.NET
Apache/2.4.41 (Ubuntu),301,1,45607,ModSecurity,WordPress
Incapsula,403,1,23535,Imperva,ASP.NET
Sucuri/Cloudproxy,302,1,40711,Sucuri,Express
cloudflare,403,1,31120,Cloudflare,Spring_Boot
AmazonS3,500,1,16432,AWS_WAF,React
cloudflare-nginx,302,1,4788,Cloudflare,Unknown
Sucuri/Cloudproxy,301,1,9150,Sucuri,React
Incapsula,200,1,24902,Imperva,Django
Sucuri/Cloudproxy,302,1,14495,Sucuri,Express
Incapsula,301,1,7729,Imperva,WordPress
Sucuri/Cloudproxy,403,1,48891,Sucuri,Django
Incapsula,200,1,23081,Imperva,Django
CloudFront,403,1,23379,AWS_WAF,Node.js
Apache/2.4.41 (Ubuntu),403,1,49588,ModSecurity,Spring_Boot
BigIP,404,1,22109,F5_BIG_IP,Node.js
BigIP,403,1,37433,F5_BIG_IP,Express
nginx/1.18.0,404,1,43493,ModSecurity,Express
cloudflare-nginx,301,1,28829,Cloudflare,Django
nginx/1.18.0,301,1,14819,ModSecurity,Laravel
nginx/1.18.0,404,1,8446,None,Spring_Boot
Apache/2.4.41 (Ubuntu),403,1,45238,ModSecurity,Node.js
cloudflare,403,1,3405,Cloudflare,Vue
AmazonS3,403,1,38552,AWS_WAF,Spring_Boot
Microsoft-IIS/10.0,200,0,16118,None,Vue
CloudFront,500,1,30504,AWS_WAF,WordPress
Incapsula,403,1,7004,Imperva,React
nginx/1.18.0,302,0,31073,None,Vue
AWS,301,1,29931,AWS_WAF,React
Incapsula,403,1,7333,Imperva,Node.js
Sucuri/Cloudproxy,403,1,10546,Sucuri,Spring_Boot
BigIP,500,1,29756,F5_BIG_IP,Vue
Incapsula,301,1,19691,Imperva,WordPress
Sucuri/Cloudproxy,302,1,45826,Sucuri,Node.js
Sucuri/Cloudproxy,404,1,10951,Sucuri,Express
nginx/1.18.0,301,0,49264,None,ASP.NET
cloudflare-nginx,403,1,620,Cloudflare,Express
AmazonS3,301,1,40760,AWS_WAF,React
BIG-IP,301,1,43193,F5_BIG_IP,Express
nginx/1.18.0,200,1,41586,None,React
BIG-IP,403,1,4968,F5_BIG_IP,Laravel
Apache/2.4.41 (Ubuntu),404,1,9757,ModSecurity,WordPress
Apache/2.4.41 (Ubuntu),404,1,31185,ModSecurity,Node.js
LiteSpeed,301,0,30126,None,Django
Sucuri/Cloudproxy,301,1,19239,Sucuri,Unknown
nginx/1.18.0,302,1,49456,ModSecurity,Unknown
Microsoft-IIS/10.0,200,0,42291,None,Laravel
cloudflare-nginx,200,1,35536,Cloudflare,Node.js
BIG-IP,302,1,28462,F5_BIG_IP,Laravel
CloudFront,500,1,8408,AWS_WAF,ASP.NET
Apache/2.4.41 (Ubuntu),200,1,29141,ModSecurity,Unknown
cloudflare-nginx,500,1,20463,Cloudflare,Vue
cloudflare,403,1,34628,Cloudflare,WordPress
CloudFront,403,1,29704,AWS_WAF,Unknown
cloudflare-nginx,403,1,17506,Cloudflare,Node.js
cloudflare-nginx,302,1,24880,Cloudflare,Laravel
BIG-IP,404,1,39381,F5_BIG_IP,Spring_Boot
nginx/1.18.0,500,0,19250,None,Node.js
nginx/1.18.0,403,1,14089,ModSecurity,Spring_Boot
BigIP,403,1,176,F5_BIG_IP,ASP.NET
Apache/2.4.41 (Ubuntu),404,1,34013,ModSecurity,Express
Incapsula,404,1,5071,Imperva,Vue
BIG-IP,403,1,7919,F5_BIG_IP,Vue
Sucuri/Cloudproxy,302,1,2810,Sucuri,Vue
Incapsula,403,1,25669,Imperva,React
Incapsula,403,1,37108,Imperva,Unknown
LiteSpeed,302,0,48840,None,Unknown
AWS,301,1,5722,AWS_WAF,Django
cloudflare,403,1,33564,Cloudflare,Django
Apache/2.4.41 (Ubuntu),301,1,39364,ModSecurity,Django
Incapsula,301,1,45488,Imperva,Django
Sucuri/Cloudproxy,302,1,18867,Sucuri,Vue
cloudflare-nginx,200,1,27785,Cloudflare,Spring_Boot
BIG-IP,403,1,28092,F5_BIG_IP,ASP.NET
CloudFront,301,1,37496,AWS_WAF,WordPress
BigIP,301,1,20475,F5_BIG_IP,WordPress
Sucuri/Cloudproxy,200,1,18138,Sucuri,WordPress
LiteSpeed,500,0,27741,None,React
Incapsula,500,1,39796,Imperva,Node.js
cloudflare,200,1,14191,Cloudflare,Django
Sucuri/Cloudproxy,302,1,41500,Sucuri,ASP.NET
nginx/1.18.0,302,0,45926,None,Laravel
nginx/1.18.0,302,1,46938,ModSecurity,Django
Sucuri/Cloudproxy,404,1,33449,Sucuri,Unknown
BIG-IP,404,1,42685,F5_BIG_IP,Unknown
BigIP,500,1,36282,F5_BIG_IP,Spring_Boot
AWS,500,1,2658,AWS_WAF,Express
Incapsula,302,1,41044,Imperva,ASP.NET
Apache/2.4.41 (Ubuntu),403,1,37169,ModSecurity,Express
nginx/1.18.0,500,1,19275,ModSecurity,Laravel
nginx/1.18.0,302,0,25759,None,Unknown
AWS,302,1,28841,AWS_WAF,WordPress
CloudFront,403,1,3168,AWS_WAF,ASP.NET
nginx/1.18.0,404,0,40586,None,WordPress
Incapsula,200,1,26947,Imperva,Laravel
Incapsula,403,1,49177,Imperva,WordPress
nginx/1.18.0,200,1,13539,None,Spring_Boot
Sucuri/Cloudproxy,403,1,24407,Sucuri,Laravel
BigIP,500,1,7373,F5_BIG_IP,Node.js
Apache/2.4.41 (Ubuntu),403,1,40492,ModSecurity,Express
cloudflare,500,1,41115,Cloudflare,React
BIG-IP,403,1,41712,F5_BIG_IP,Spring_Boot
LiteSpeed,301,0,6477,None,Express
Incapsula,403,1,20726,Imperva,ASP.NET
Sucuri/Cloudproxy,200,1,41296,Sucuri,Express
AWS,500,1,2944,AWS_WAF,Laravel
Incapsula,403,1,42902,Imperva,WordPress
cloudflare-nginx,301,1,38940,Cloudflare,Django
nginx/1.18.0,200,0,40253,None,Django
Sucuri/Cloudproxy,301,1,23072,Sucuri,React
cloudflare,403,1,33919,Cloudflare,Django
LiteSpeed,301,0,18653,None,ASP.NET
BIG-IP,200,1,31637,F5_BIG_IP,React
BigIP,403,1,31572,F5_BIG_IP,Django
Microsoft-IIS/10.0,301,0,31456,None,Node.js
nginx/1.18.0,404,1,33223,None,Spring_Boot
BigIP,200,1,19004,F5_BIG_IP,Laravel
BIG-IP,302,1,48914,F5_BIG_IP,React
cloudflare,403,1,41926,Cloudflare,React
Apache/2.4.41 (Ubuntu),301,1,33479,ModSecurity,Django
Sucuri/Cloudproxy,200,1,42334,Sucuri,Node.js
Apache/2.4.41 (Ubuntu),403,1,46627,ModSecurity,Vue
LiteSpeed,302,0,20295,None,React
CloudFront,200,1,31433,AWS_WAF,Vue
nginx/1.18.0,500,1,46518,ModSecurity,WordPress
Incapsula,500,1,15201,Imperva,Laravel
Sucuri/Cloudproxy,302,1,13286,Sucuri,Unknown
Apache/2.4.41 (Ubuntu),403,1,3352,ModSecurity,Laravel
cloudflare,301,1,12971,Cloudflare,Spring_Boot
Incapsula,302,1,32747,Imperva,Spring_Boot
Sucuri/Cloudproxy,302,1,31731,Sucuri,Unknown
cloudflare,404,1,35936,Cloudflare,ASP.NET
cloudflare,500,1,39211,Cloudflare,Node.js
AWS,500,1,27588,AWS_WAF,React
cloudflare,200,1,36713,Cloudflare,WordPress
nginx/1.18.0,500,0,9549,None,Django
cloudflare,302,1,33366,Cloudflare,WordPress
nginx/1.18.0,301,1,18874,ModSecurity,Django
Incapsula,404,1,45453,Imperva,Spring_Boot
CloudFront,200,1,35676,AWS_WAF,Node.js
Sucuri/Cloudproxy,302,1,21261,Sucuri,Spring_Boot
nginx/1.18.0,403,1,40834,ModSecurity,Spring_Boot
Sucuri/Cloudproxy,403,1,30205,Sucuri,Spring_Boot
Sucuri/Cloudproxy,403,1,43015,Sucuri,Laravel
cloudflare,301,1,4794,Cloudflare,ASP.NET
BigIP,500,1,21717,F5_BIG_IP,Laravel
AmazonS3,302,1,4152,AWS_WAF,Unknown
LiteSpeed,301,1,9415,None,Unknown
AmazonS3,200,1,31664,AWS_WAF,Unknown
BIG-IP,500,1,2479,F5_BIG_IP,ASP.NET
Incapsula,200,1,33360,Imperva,Laravel
CloudFront,500,1,15782,AWS_WAF,ASP.NET
Sucuri/Cloudproxy,403,1,15740,Sucuri,React
Microsoft-IIS/10.0,500,0,15667,None,Laravel
nginx/1.18.0,404,1,23036,ModSecurity,ASP.NET
Incapsula,403,1,41902,Imperva,Django
Apache/2.4.41 (Ubuntu),301,1,26426,ModSecurity,ASP.NET
cloudflare,200,1,18256,Cloudflare,WordPress
nginx/1.18.0,301,1,9720,ModSecurity,Laravel
cloudflare-nginx,500,1,10994,Cloudflare,Express
AWS,302,1,44118,AWS_WAF,Vue
BigIP,301,1,35929,F5_BIG_IP,ASP.NET
BigIP,403,1,32443,F5_BIG_IP,Unknown
nginx/1.18.0,301,0,49699,None,Unknown
Sucuri/Cloudproxy,302,1,15099,Sucuri,Laravel
Incapsula,403,1,22448,Imperva,Django
cloudflare,200,1,34374,Cloudflare,ASP.NET
AmazonS3,403,1,48755,AWS_WAF,Express
nginx/1.18.0,500,0,4820,None,React
cloudflare,302,1,40964,Cloudflare,Laravel
BIG-IP,404,1,48386,F5_BIG_IP,Laravel
BIG-IP,404,1,31162,F5_BIG_IP,Unknown
cloudflare-nginx,301,1,29601,Cloudflare,ASP.NET
LiteSpeed,302,1,10121,None,React
AmazonS3,403,1,9238,AWS_WAF,Node.js
nginx/1.18.0,301,0,46667,None,Spring_Boot
Sucuri/Cloudproxy,403,1,551,Sucuri,React
BigIP,302,1,32758,F5_BIG_IP,ASP.NET
cloudflare,404,1,43763,Cloudflare,Node.js
Apache/2.4.41 (Ubuntu),403,1,10249,ModSecurity,ASP.NET
nginx/1.18.0,302,0,36870,None,Node.js
CloudFront,403,1,45734,AWS_WAF,Django
Microsoft-IIS/10.0,500,0,27441,None,Node.js
Incapsula,403,1,31376,Imperva,WordPress
Sucuri/Cloudproxy,302,1,24835,Sucuri,Express
Sucuri/Cloudproxy,404,1,18369,Sucuri,WordPress
Incapsula,302,1,28647,Imperva,Laravel
CloudFront,302,1,37412,AWS_WAF,WordPress
Apache/2.4.41 (Ubuntu),404,1,49031,ModSecurity,Laravel
Sucuri/Cloudproxy,403,1,31323,Sucuri,Express
AWS,403,1,3557,AWS_WAF,Laravel
Sucuri/Cloudproxy,403,1,25699,Sucuri,Spring_Boot
BIG-IP,403,1,6866,F5_BIG_IP,Laravel
Sucuri/Cloudproxy,403,1,38222,Sucuri,Vue
Apache/2.4.41 (Ubuntu),302,1,47099,ModSecurity,Django
Apache/2.4.41 (Ubuntu),403,1,11757,ModSecurity,Node.js
Apache/2.4.41 (Ubuntu),200,1,6707,ModSecurity,Unknown
Sucuri/Cloudproxy,403,1,5135,Sucuri,Spring_Boot
nginx/1.18.0,500,1,11223,ModSecurity,ASP.NET
Sucuri/Cloudproxy,403,1,48312,Sucuri,WordPress
Incapsula,500,1,8994,Imperva,Spring_Boot
Sucuri/Cloudproxy,301,1,11716,Sucuri,WordPress
CloudFront,403,1,3204,AWS_WAF,Express
nginx/1.18.0,500,1,30485,ModSecurity,Vue
cloudflare,403,1,3967,Cloudflare,Express
BIG-IP,403,1,29698,F5_BIG_IP,ASP.NET
Sucuri/Cloudproxy,302,1,29740,Sucuri,Express
Sucuri/Cloudproxy,403,1,28434,Sucuri,Unknown
Incapsula,403,1,4355,Imperva,Spring_Boot
Incapsula,403,1,33906,Imperva,Laravel
Microsoft-IIS/10.0,301,1,2503,None,Unknown
LiteSpeed,301,0,48662,None,Django
cloudflare,301,1,25616,Cloudflare,Unknown
BIG-IP,404,1,13506,F5_BIG_IP,Vue
nginx/1.18.0,404,0,26909,None,Django
cloudflare,301,1,8895,Cloudflare,Laravel
Apache/2.4.41,404,0,17030,None,Spring_Boot
AWS,403,1,1470,AWS_WAF,Node.js
CloudFront,200,1,40053,AWS_WAF,Node.js
BigIP,302,1,39671,F5_BIG_IP,Unknown
cloudflare,500,1,31088,Cloudflare,Unknown
Apache/2.4.41 (Ubuntu),403,1,43073,ModSecurity,Spring_Boot
Incapsula,500,1,40421,Imperva,Laravel
Microsoft-IIS/10.0,301,1,29310,None,Express
BigIP,403,1,41179,F5_BIG_IP,WordPress
Microsoft-IIS/10.0,404,1,7349,None,Laravel
BIG-IP,301,1,36507,F5_BIG_IP,Unknown
nginx/1.18.0,302,1,28301,ModSecurity,Node.js
Microsoft-IIS/10.0,200,0,1813,None,WordPress
Apache/2.4.41,200,1,31583,None,WordPress
Sucuri/Cloudproxy,403,1,24639,Sucuri,Spring_Boot
cloudflare-nginx,302,1,2911,Cloudflare,Laravel
AmazonS3,200,1,5119,AWS_WAF,Laravel
nginx/1.18.0,200,1,30251,ModSecurity,ASP.NET
Apache/2.4.41 (Ubuntu),403,1,42096,ModSecurity,Unknown
Sucuri/Cloudproxy,404,1,22935,Sucuri,Unknown
Apache/2.4.41 (Ubuntu),403,1,25949,ModSecurity,Django
nginx/1.18.0,200,1,17697,ModSecurity,React
Microsoft-IIS/10.0,500,0,45958,None,Django
AmazonS3,403,1,36491,AWS_WAF,Laravel
AmazonS3,403,1,36404,AWS_WAF,Spring_Boot
CloudFront,403,1,15820,AWS_WAF,React
cloudflare,500,1,11128,Cloudflare,Express
BIG-IP,403,1,22279,F5_BIG_IP,WordPress
CloudFront,500,1,1702,AWS_WAF,Express
Sucuri/Cloudproxy,403,1,30811,Sucuri,Unknown
BigIP,403,1,22928,F5_BIG_IP,Node.js
BigIP,301,1,13744,F5_BIG_IP,Vue
cloudflare-nginx,403,1,49982,Cloudflare,Django
BIG-IP,500,1,12850,F5_BIG_IP,React
Apache/2.4.41,500,0,23452,None,WordPress
AWS,301,1,44871,AWS_WAF,WordPress
nginx/1.18.0,200,1,1841,None,Vue
CloudFront,403,1,28780,AWS_WAF,ASP.NET
LiteSpeed,500,0,13225,None,Laravel
Incapsula,500,1,19156,Imperva,Unknown
Apache/2.4.41 (Ubuntu),403,1,34288,ModSecurity,Django
Apache/2.4.41,301,1,37263,None,Node.js
LiteSpeed,302,0,27476,None,ASP.NET
Sucuri/Cloudproxy,403,1,33888,Sucuri,Spring_Boot
CloudFront,404,1,6698,AWS_WAF,Laravel
Sucuri/Cloudproxy,403,1,4167,Sucuri,Django
nginx/1.18.0,403,1,44835,ModSecurity,Node.js
Apache/2.4.41 (Ubuntu),500,1,17445,ModSecurity,React
Sucuri/Cloudproxy,302,1,43404,Sucuri,React
AWS,500,1,20622,AWS_WAF,Laravel
Apache/2.4.41,500,0,34181,None,Vue
Incapsula,200,1,954,Imperva,ASP.NET
nginx/1.18.0,302,1,16149,ModSecurity,Spring_Boot
BIG-IP,403,1,17355,F5_BIG_IP,Unknown
AWS,500,1,42314,AWS_WAF,Spring_Boot
cloudflare-nginx,200,1,8635,Cloudflare,Unknown
Sucuri/Cloudproxy,302,1,28189,Sucuri,Django
Sucuri/Cloudproxy,301,1,44863,Sucuri,Unknown
Sucuri/Cloudproxy,403,1,43188,Sucuri,Unknown
BigIP,200,1,41012,F5_BIG_IP,Spring_Boot
BIG-IP,403,1,28264,F5_BIG_IP,ASP.NET
Apache/2.4.41 (Ubuntu),403,1,21379,ModSecurity,React
Sucuri/Cloudproxy,301,1,23736,Sucuri,Laravel
Sucuri/Cloudproxy,301,1,2619,Sucuri,Laravel
AmazonS3,403,1,23453,AWS_WAF,Vue
Sucuri/Cloudproxy,403,1,20017,Sucuri,Express
BIG-IP,403,1,15936,F5_BIG_IP,Laravel
BIG-IP,302,1,7552,F5_BIG_IP,React
AmazonS3,200,1,8132,AWS_WAF,Spring_Boot
Sucuri/Cloudproxy,404,1,12027,Sucuri,Spring_Boot
AmazonS3,403,1,9322,AWS_WAF,Node.js
BigIP,403,1,18751,F5_BIG_IP,Laravel
nginx/1.18.0,404,1,4993,ModSecurity,Vue
BIG-IP,302,1,44728,F5_BIG_IP,Laravel
LiteSpeed,404,1,4674,None,Unknown
nginx/1.18.0,403,1,35281,ModSecurity,Spring_Boot
nginx/1.18.0,302,1,16285,ModSecurity,Laravel
Apache/2.4.41,302,0,26220,None,React
AmazonS3,301,1,40979,AWS_WAF,React
cloudflare-nginx,403,1,3690,Cloudflare,Unknown
Apache/2.4.41 (Ubuntu),500,1,9207,ModSecurity,Django
BIG-IP,403,1,30801,F5_BIG_IP,Django
Incapsula,301,1,10976,Imperva,Unknown
BIG-IP,404,1,14498,F5_BIG_IP,Vue
nginx/1.18.0,302,1,9611,None,Django
cloudflare,301,1,23011,Cloudflare,Unknown
BigIP,403,1,14442,F5_BIG_IP,ASP.NET
Sucuri/Cloudproxy,200,1,19450,Sucuri,Vue
AWS,403,1,48428,AWS_WAF,Node.js
BigIP,301,1,18436,F5_BIG_IP,ASP.NET
cloudflare,200,1,42463,Cloudflare,Node.js
Incapsula,200,1,1233,Imperva,Django
Sucuri/Cloudproxy,200,1,17085,Sucuri,Node.js
BigIP,403,1,13839,F5_BIG_IP,Spring_Boot
Incapsula,404,1,43721,Imperva,Unknown
nginx/1.18.0,500,1,28374,ModSecurity,Unknown
CloudFront,403,1,22342,AWS_WAF,Django
Sucuri/Cloudproxy,301,1,26007,Sucuri,Unknown
LiteSpeed,302,0,29312,None,Laravel
AmazonS3,403,1,11733,AWS_WAF,Django
Apache/2.4.41 (Ubuntu),404,1,13212,ModSecurity,Laravel
Sucuri/Cloudproxy,403,1,45579,Sucuri,Unknown
BigIP,403,1,25028,F5_BIG_IP,Laravel
Apache/2.4.41,500,0,41681,None,Spring_Boot
Apache/2.4.41 (Ubuntu),200,1,42878,ModSecurity,Unknown
AmazonS3,200,1,23022,AWS_WAF,ASP.NET
Sucuri/Cloudproxy,403,1,48842,Sucuri,Spring_Boot
cloudflare-nginx,301,1,35163,Cloudflare,Express
Incapsula,500,1,32173,Imperva,Express
Sucuri/Cloudproxy,403,1,11985,Sucuri,React
Microsoft-IIS/10.0,404,0,31425,None,WordPress
AWS,403,1,14260,AWS_WAF,Spring_Boot
BIG-IP,302,1,10864,F5_BIG_IP,Node.js
AWS,404,1,4445,AWS_WAF,Vue
Incapsula,403,1,22715,Imperva,Node.js
nginx/1.18.0,500,1,1355,ModSecurity,Node.js
nginx/1.18.0,404,0,30631,None,Express
BIG-IP,302,1,34743,F5_BIG_IP,Node.js
cloudflare-nginx,403,1,19744,Cloudflare,Laravel
CloudFront,302,1,18588,AWS_WAF,Node.js
Apache/2.4.41 (Ubuntu),403,1,3126,ModSecurity,Unknown
BIG-IP,302,1,42277,F5_BIG_IP,Vue
cloudflare-nginx,404,1,20936,Cloudflare,WordPress
CloudFront,403,1,8030,AWS_WAF,Express
Incapsula,403,1,23286,Imperva,Unknown
nginx/1.18.0,500,0,20943,None,Django
BigIP,301,1,43521,F5_BIG_IP,ASP.NET
cloudflare,500,1,1554,Cloudflare,Laravel
BIG-IP,302,1,19059,F5_BIG_IP,ASP.NET
Incapsula,403,1,31678,Imperva,Django
BIG-IP,500,1,19695,F5_BIG_IP,Unknown
Sucuri/Cloudproxy,301,1,36217,Sucuri,Node.js
Incapsula,500,1,30754,Imperva,Node.js
nginx/1.18.0,301,1,9553,ModSecurity,ASP.NET
BIG-IP,302,1,31162,F5_BIG_IP,WordPress
Apache/2.4.41,301,0,32166,None,WordPress
Apache/2.4.41,301,0,13460,None,React
Incapsula,403,1,36096,Imperva,Spring_Boot
Sucuri/Cloudproxy,500,1,19737,Sucuri,Laravel
Microsoft-IIS/10.0,200,0,32858,None,React
nginx/1.18.0,301,0,25373,None,React
BIG-IP,403,1,17751,F5_BIG_IP,Vue
cloudflare-nginx,500,1,29582,Cloudflare,ASP.NET
BigIP,200,1,46549,F5_BIG_IP,Vue
Incapsula,200,1,40661,Imperva,Express
Sucuri/Cloudproxy,500,1,16592,Sucuri,Unknown
cloudflare-nginx,500,1,20233,Cloudflare,Laravel
AWS,403,1,32250,AWS_WAF,Unknown
Incapsula,302,1,1634,Imperva,Node.js
Incapsula,302,1,46657,Imperva,Django
Sucuri/Cloudproxy,200,1,21742,Sucuri,WordPress
BigIP,301,1,33319,F5_BIG_IP,ASP.NET
Sucuri/Cloudproxy,500,1,46071,Sucuri,Node.js
AmazonS3,403,1,1162,AWS_WAF,Node.js
Sucuri/Cloudproxy,403,1,5613,Sucuri,Laravel
Incapsula,200,1,4010,Imperva,WordPress
BIG-IP,301,1,26119,F5_BIG_IP,ASP.NET
BIG-IP,403,1,15667,F5_BIG_IP,ASP.NET
nginx/1.18.0,301,0,1115,None,Django
cloudflare,302,1,8038,Cloudflare,React
cloudflare,302,1,26267,Cloudflare,Vue
cloudflare-nginx,200,1,32175,Cloudflare,ASP.NET
Apache/2.4.41 (Ubuntu),404,1,45908,ModSecurity,WordPress
nginx/1.18.0,403,1,24939,ModSecurity,Unknown
cloudflare-nginx,404,1,35345,Cloudflare,Vue
CloudFront,200,1,23297,AWS_WAF,Django
Sucuri/Cloudproxy,403,1,40189,Sucuri,Express
LiteSpeed,301,0,35763,None,Django
Apache/2.4.41 (Ubuntu),301,1,28556,ModSecurity,Laravel
BIG-IP,403,1,32971,F5_BIG_IP,React
BIG-IP,500,1,29633,F5_BIG_IP,Spring_Boot
AmazonS3,403,1,45053,AWS_WAF,Vue
BigIP,500,1,38567,F5_BIG_IP,Laravel
LiteSpeed,301,1,41418,None,Node.js
Microsoft-IIS/10.0,500,0,10928,None,Django
BIG-IP,403,1,39544,F5_BIG_IP,Spring_Boot
CloudFront,404,1,37669,AWS_WAF,Laravel
BigIP,403,1,19799,F5_BIG_IP,Spring_Boot
Incapsula,403,1,10716,Imperva,React
cloudflare,500,1,44567,Cloudflare,Express
AmazonS3,301,1,7622,AWS_WAF,WordPress
Sucuri/Cloudproxy,403,1,20544,Sucuri,Django
Sucuri/Cloudproxy,200,1,26637,Sucuri,WordPress
Sucuri/Cloudproxy,403,1,10883,Sucuri,Unknown
nginx/1.18.0,200,1,10119,ModSecurity,Laravel
Microsoft-IIS/10.0,200,1,13825,None,WordPress
Apache/2.4.41,301,0,29607,None,Spring_Boot
Incapsula,403,1,19936,Imperva,WordPress
CloudFront,500,1,6353,AWS_WAF,ASP.NET
CloudFront,403,1,19418,AWS_WAF,WordPress
Incapsula,404,1,29027,Imperva,Vue
nginx/1.18.0,404,0,2845,None,Django
BIG-IP,403,1,24279,F5_BIG_IP,Unknown
Apache/2.4.41 (Ubuntu),403,1,26749,ModSecurity,Vue
BigIP,500,1,3993,F5_BIG_IP,Express
Incapsula,403,1,22443,Imperva,Vue
Microsoft-IIS/10.0,200,0,38789,None,Laravel
LiteSpeed,302,1,3913,None,React
AmazonS3,403,1,41758,AWS_WAF,Django
LiteSpeed,500,0,14323,None,React
BIG-IP,404,1,45616,F5_BIG_IP,WordPress
Sucuri/Cloudproxy,200,1,47531,Sucuri,Express
Incapsula,403,1,1998,Imperva,Spring_Boot
Sucuri/Cloudproxy,403,1,12527,Sucuri,Node.js
Apache/2.4.41,200,1,35256,None,React
Incapsula,301,1,40100,Imperva,WordPress
CloudFront,500,1,29489,AWS_WAF,Node.js
Apache/2.4.41 (Ubuntu),301,1,37736,ModSecurity,Unknown
Microsoft-IIS/10.0,302,0,27283,None,React
cloudflare,403,1,7746,Cloudflare,Express
Sucuri/Cloudproxy,403,1,8349,Sucuri,Node.js
Apache/2.4.41 (Ubuntu),404,1,2249,ModSecurity,Express
Incapsula,500,1,43378,Imperva,Django
BigIP,200,1,16442,F5_BIG_IP,React
nginx/1.18.0,404,1,42114,ModSecurity,ASP.NET
cloudflare,500,1,44060,Cloudflare,Vue
AWS,403,1,21318,AWS_WAF,React
Apache/2.4.41 (Ubuntu),403,1,31511,ModSecurity,React
AWS,200,1,24993,AWS_WAF,Django
nginx/1.18.0,500,1,27555,None,WordPress
Microsoft-IIS/10.0,500,1,45414,None,Spring_Boot
Sucuri/Cloudproxy,301,1,23182,Sucuri,ASP.NET
Incapsula,301,1,35982,Imperva,Node.js
cloudflare-nginx,404,1,47865,Cloudflare,Express
cloudflare-nginx,302,1,23101,Cloudflare,Vue
CloudFront,403,1,48668,AWS_WAF,Laravel
cloudflare-nginx,500,1,48639,Cloudflare,ASP.NET
nginx/1.18.0,302,1,28843,ModSecurity,Laravel
cloudflare-nginx,500,1,35759,Cloudflare,Django
Incapsula,301,1,3391,Imperva,React
nginx/1.18.0,302,1,27692,None,Django
cloudflare-nginx,200,1,14091,Cloudflare,React
nginx/1.18.0,500,1,9639,ModSecurity,WordPress
CloudFront,200,1,12250,AWS_WAF,Unknown
Sucuri/Cloudproxy,200,1,34589,Sucuri,ASP.NET
Incapsula,301,1,24352,Imperva,Laravel
Apache/2.4.41 (Ubuntu),403,1,36939,ModSecurity,React
LiteSpeed,301,0,39430,None,React
Incapsula,403,1,11052,Imperva,Express
CloudFront,200,1,15294,AWS_WAF,ASP.NET
Apache/2.4.41 (Ubuntu),403,1,30591,ModSecurity,Vue
Incapsula,302,1,5909,Imperva,WordPress
Apache/2.4.41 (Ubuntu),403,1,24481,ModSecurity,Unknown
cloudflare,302,1,22499,Cloudflare,Laravel
Incapsula,403,1,38684,Imperva,React
Incapsula,404,1,14442,Imperva,React
AWS,403,1,5010,AWS_WAF,Vue
cloudflare-nginx,403,1,28779,Cloudflare,Laravel
cloudflare,301,1,39597,Cloudflare,Django
nginx/1.18.0,403,1,41052,ModSecurity,WordPress
Incapsula,302,1,17493,Imperva,ASP.NET
LiteSpeed,404,1,263,None,Spring_Boot
BIG-IP,200,1,41424,F5_BIG_IP,Node.js
BIG-IP,403,1,20897,F5_BIG_IP,Django
Apache/2.4.41 (Ubuntu),404,1,46371,ModSecurity,ASP.NET
nginx/1.18.0,200,1,37300,ModSecurity,Django
Sucuri/Cloudproxy,302,1,33907,Sucuri,Django
Apache/2.4.41 (Ubuntu),302,1,15710,ModSecurity,ASP.NET
Apache/2.4.41,500,0,40396,None,ASP.NET
cloudflare-nginx,403,1,42784,Cloudflare,Spring_Boot
Microsoft-IIS/10.0,200,1,35336,None,Unknown
Incapsula,403,1,46802,Imperva,Express
Sucuri/Cloudproxy,404,1,39661,Sucuri,ASP.NET
Sucuri/Cloudproxy,200,1,16532,Sucuri,Express
Apache/2.4.41 (Ubuntu),403,1,27673,ModSecurity,React
AWS,200,1,14026,AWS_WAF,WordPress
Apache/2.4.41 (Ubuntu),403,1,11152,ModSecurity,WordPress
Sucuri/Cloudproxy,200,1,23077,Sucuri,WordPress
nginx/1.18.0,403,1,6435,ModSecurity,Django
Sucuri/Cloudproxy,403,1,34746,Sucuri,Laravel
Microsoft-IIS/10.0,200,0,24479,None,React
AmazonS3,302,1,2886,AWS_WAF,ASP.NET
CloudFront,403,1,26034,AWS_WAF,Vue
Sucuri/Cloudproxy,500,1,33836,Sucuri,Laravel
BIG-IP,403,1,41577,F5_BIG_IP,Node.js
Sucuri/Cloudproxy,403,1,21642,Sucuri,Django
Incapsula,403,1,24797,Imperva,React
Microsoft-IIS/10.0,302,0,33311,None,Django
nginx/1.18.0,403,1,2106,ModSecurity,React
Incapsula,500,1,48920,Imperva,ASP.NET
nginx/1.18.0,403,1,42566,ModSecurity,WordPress
nginx/1.18.0,403,1,6466,ModSecurity,Laravel
CloudFront,200,1,48158,AWS_WAF,WordPress
nginx/1.18.0,200,1,44137,ModSecurity,Django
nginx/1.18.0,500,0,41649,None,Unknown
nginx/1.18.0,200,1,21833,ModSecurity,Vue
BIG-IP,403,1,38040,F5_BIG_IP,Laravel
nginx/1.18.0,403,1,17007,ModSecurity,React
nginx/1.18.0,500,0,32418,None,Vue
cloudflare-nginx,403,1,2158,Cloudflare,Django
BIG-IP,403,1,48110,F5_BIG_IP,Laravel
cloudflare,302,1,6365,Cloudflare,ASP.NET
nginx/1.18.0,404,1,19173,ModSecurity,Unknown
cloudflare-nginx,200,1,29224,Cloudflare,Unknown
Apache/2.4.41,500,1,40793,None,Node.js
Incapsula,403,1,9061,Imperva,Laravel
cloudflare-nginx,403,1,19177,Cloudflare,ASP.NET
BIG-IP,403,1,46347,F5_BIG_IP,Spring_Boot
LiteSpeed,200,1,41093,None,ASP.NET
BigIP,301,1,42998,F5_BIG_IP,Django
Incapsula,200,1,30821,Imperva,Express
CloudFront,403,1,45685,AWS_WAF,Node.js
BIG-IP,200,1,7706,F5_BIG_IP,Express
BigIP,301,1,35969,F5_BIG_IP,WordPress
AmazonS3,403,1,33519,AWS_WAF,Node.js
Apache/2.4.41 (Ubuntu),301,1,21015,ModSecurity,Express
BIG-IP,403,1,9117,F5_BIG_IP,React
cloudflare,403,1,29101,Cloudflare,WordPress
nginx/1.18.0,301,0,46295,None,Spring_Boot
cloudflare-nginx,403,1,11045,Cloudflare,Vue
cloudflare-nginx,404,1,14093,Cloudflare,React
Sucuri/Cloudproxy,403,1,43758,Sucuri,Vue
cloudflare-nginx,403,1,27869,Cloudflare,Laravel
Sucuri/Cloudproxy,403,1,20995,Sucuri,WordPress
Sucuri/Cloudproxy,301,1,44593,Sucuri,Express
cloudflare,200,1,40275,Cloudflare,Laravel
Sucuri/Cloudproxy,301,1,33301,Sucuri,Unknown
Incapsula,404,1,25179,Imperva,Express
cloudflare,200,1,35982,Cloudflare,Unknown
Sucuri/Cloudproxy,500,1,35720,Sucuri,Laravel
Sucuri/Cloudproxy,403,1,44124,Sucuri,Spring_Boot
Sucuri/Cloudproxy,302,1,34876,Sucuri,WordPress
cloudflare-nginx,301,1,36599,Cloudflare,Django
BIG-IP,404,1,16449,F5_BIG_IP,WordPress
BIG-IP,403,1,34862,F5_BIG_IP,Django
nginx/1.18.0,200,0,9267,None,Django
Incapsula,500,1,21945,Imperva,Spring_Boot
cloudflare,403,1,32211,Cloudflare,ASP.NET
Sucuri/Cloudproxy,404,1,10057,Sucuri,ASP.NET
nginx/1.18.0,200,0,24764,None,Laravel
Incapsula,302,1,3016,Imperva,React
Sucuri/Cloudproxy,301,1,37622,Sucuri,WordPress
nginx/1.18.0,200,1,40373,ModSecurity,React
Incapsula,302,1,21058,Imperva,Node.js
BigIP,403,1,28962,F5_BIG_IP,Spring_Boot
cloudflare,302,1,33597,Cloudflare,Unknown
BIG-IP,301,1,29239,F5_BIG_IP,Unknown
Incapsula,404,1,17680,Imperva,Express
BigIP,403,1,30931,F5_BIG_IP,WordPress
Apache/2.4.41,404,0,30541,None,Express
cloudflare-nginx,403,1,49311,Cloudflare,Django
Incapsula,200,1,45452,Imperva,Spring_Boot
CloudFront,302,1,15934,AWS_WAF,Express
nginx/1.18.0,403,1,2455,ModSecurity,Express
nginx/1.18.0,200,0,24243,None,Spring_Boot
CloudFront,500,1,42299,AWS_WAF,React
Apache/2.4.41,404,1,17516,None,Express
cloudflare,200,1,15557,Cloudflare,Spring_Boot
Sucuri/Cloudproxy,403,1,44741,Sucuri,Spring_Boot
Incapsula,500,1,20599,Imperva,Express
Incapsula,403,1,12205,Imperva,Unknown
LiteSpeed,500,1,22904,None,Node.js
nginx/1.18.0,404,0,21009,None,Unknown
Sucuri/Cloudproxy,500,1,15378,Sucuri,Express
Incapsula,403,1,37631,Imperva,ASP.NET
Incapsula,301,1,41756,Imperva,Vue
BIG-IP,500,1,45515,F5_BIG_IP,ASP.NET
BIG-IP,301,1,9371,F5_BIG_IP,Express
cloudflare-nginx,404,1,34099,Cloudflare,WordPress
Incapsula,403,1,40257,Imperva,WordPress
cloudflare-nginx,200,1,35453,Cloudflare,React
nginx/1.18.0,301,1,6761,ModSecurity,React
Incapsula,200,1,22901,Imperva,React
cloudflare-nginx,403,1,19029,Cloudflare,Spring_Boot
nginx/1.18.0,404,1,24603,None,Laravel
Apache/2.4.41 (Ubuntu),403,1,7543,ModSecurity,Unknown
CloudFront,301,1,41696,AWS_WAF,Unknown
cloudflare-nginx,200,1,45809,Cloudflare,React
BIG-IP,500,1,17121,F5_BIG_IP,Express
BigIP,403,1,12762,F5_BIG_IP,Node.js
Sucuri/Cloudproxy,500,1,31009,Sucuri,Vue
AmazonS3,403,1,32678,AWS_WAF,Node.js
cloudflare-nginx,500,1,29050,Cloudflare,Node.js
BIG-IP,404,1,37348,F5_BIG_IP,WordPress
nginx/1.18.0,500,0,29998,None,Laravel
Apache/2.4.41 (Ubuntu),403,1,10179,ModSecurity,Laravel
Sucuri/Cloudproxy,404,1,20177,Sucuri,React
Sucuri/Cloudproxy,500,1,14605,Sucuri,Node.js
nginx/1.18.0,403,1,15650,ModSecurity,Laravel
Microsoft-IIS/10.0,500,1,16140,None,Unknown
Microsoft-IIS/10.0,302,0,4314,None,ASP.NET
Apache/2.4.41 (Ubuntu),200,1,38872,ModSecurity,Vue
nginx/1.18.0,301,1,22699,ModSecurity,Node.js
Incapsula,302,1,44714,Imperva,WordPress
Incapsula,403,1,3153,Imperva,Unknown
Sucuri/Cloudproxy,301,1,3452,Sucuri,Express
Apache/2.4.41 (Ubuntu),403,1,6640,ModSecurity,React
Incapsula,301,1,38830,Imperva,Laravel
Incapsula,500,1,41780,Imperva,Express
Apache/2.4.41 (Ubuntu),403,1,35438,ModSecurity,Node.js
AmazonS3,200,1,46953,AWS_WAF,Vue
BigIP,200,1,33241,F5_BIG_IP,Unknown
Sucuri/Cloudproxy,403,1,43666,Sucuri,Node.js
cloudflare,200,1,41617,Cloudflare,ASP.NET
AWS,302,1,35842,AWS_WAF,Laravel
nginx/1.18.0,302,0,22841,None,Express
CloudFront,302,1,29698,AWS_WAF,Vue
Incapsula,403,1,44614,Imperva,Spring_Boot
Incapsula,500,1,13722,Imperva,Express
Incapsula,403,1,48659,Imperva,Node.js
Sucuri/Cloudproxy,403,1,27884,Sucuri,Laravel
CloudFront,403,1,16101,AWS_WAF,Node.js
Apache/2.4.41,200,1,40521,None,Laravel
BigIP,302,1,22653,F5_BIG_IP,Express
cloudflare,500,1,49152,Cloudflare,Node.js
BigIP,500,1,11545,F5_BIG_IP,Laravel
Incapsula,404,1,49133,Imperva,React
AmazonS3,500,1,46215,AWS_WAF,ASP.NET
LiteSpeed,302,1,1210,None,Express
CloudFront,302,1,28315,AWS_WAF,Django
Incapsula,403,1,33025,Imperva,Django
BIG-IP,403,1,24323,F5_BIG_IP,ASP.NET
Apache/2.4.41,302,0,32447,None,Django
Incapsula,404,1,19756,Imperva,React
nginx/1.18.0,301,1,1263,ModSecurity,WordPress
AWS,200,1,16003,AWS_WAF,Vue
Sucuri/Cloudproxy,500,1,25384,Sucuri,Spring_Boot
cloudflare,301,1,14892,Cloudflare,Spring_Boot
Sucuri/Cloudproxy,403,1,12626,Sucuri,Unknown
CloudFront,403,1,40708,AWS_WAF,Laravel
CloudFront,500,1,14419,AWS_WAF,Node.js
Sucuri/Cloudproxy,301,1,18160,Sucuri,Express
cloudflare,404,1,6448,Cloudflare,Vue
nginx/1.18.0,301,1,29798,ModSecurity,Django
CloudFront,403,1,49898,AWS_WAF,React
Incapsula,403,1,17094,Imperva,React
Apache/2.4.41 (Ubuntu),302,1,44394,ModSecurity,Django
Incapsula,302,1,25890,Imperva,Node.js
BIG-IP,200,1,20243,F5_BIG_IP,Spring_Boot
BigIP,200,1,28388,F5_BIG_IP,Vue
Incapsula,500,1,2883,Imperva,Unknown
nginx/1.18.0,403,1,22973,ModSecurity,ASP.NET
cloudflare-nginx,403,1,36459,Cloudflare,Django
Apache/2.4.41 (Ubuntu),403,1,5763,ModSecurity,ASP.NET
Apache/2.4.41,302,0,24201,None,React
BIG-IP,500,1,24501,F5_BIG_IP,WordPress
AWS,500,1,45993,AWS_WAF,Node.js
Incapsula,301,1,24980,Imperva,ASP.NET
CloudFront,302,1,36099,AWS_WAF,Express
Apache/2.4.41,301,0,16734,None,Express
AmazonS3,301,1,2893,AWS_WAF,WordPress
BigIP,301,1,9181,F5_BIG_IP,Unknown
cloudflare-nginx,403,1,30988,Cloudflare,Vue
nginx/1.18.0,404,1,9711,ModSecurity,ASP.NET
nginx/1.18.0,500,0,45770,None,ASP.NET
nginx/1.18.0,200,1,35605,ModSecurity,Unknown
BIG-IP,403,1,24903,F5_BIG_IP,Laravel
AWS,403,1,38492,AWS_WAF,Spring_Boot
BIG-IP,404,1,39185,F5_BIG_IP,React
CloudFront,301,1,32953,AWS_WAF,React
Apache/2.4.41 (Ubuntu),200,1,26582,ModSecurity,Vue
BigIP,403,1,4484,F5_BIG_IP,React
CloudFront,403,1,2804,AWS_WAF,Node.js
Incapsula,500,1,37784,Imperva,Laravel
Sucuri/Cloudproxy,200,1,45200,Sucuri,WordPress
AWS,200,1,18149,AWS_WAF,Vue
Sucuri/Cloudproxy,403,1,7453,Sucuri,Vue
Apache/2.4.41 (Ubuntu),500,1,28098,ModSecurity,ASP.NET
Apache/2.4.41 (Ubuntu),200,1,4259,ModSecurity,React
Incapsula,403,1,28611,Imperva,React
CloudFront,500,1,2260,AWS_WAF,Vue
BIG-IP,500,1,38063,F5_BIG_IP,Express
Microsoft-IIS/10.0,301,0,40588,None,React
AWS,403,1,20127,AWS_WAF,Django
Sucuri/Cloudproxy,403,1,44514,Sucuri,Vue
AmazonS3,301,1,11200,AWS_WAF,Laravel
Incapsula,403,1,13878,Imperva,Vue
cloudflare,403,1,37269,Cloudflare,Laravel
Incapsula,200,1,1686,Imperva,ASP.NET
Incapsula,403,1,24982,Imperva,Unknown
Sucuri/Cloudproxy,403,1,38998,Sucuri,Express
Sucuri/Cloudproxy,403,1,35022,Sucuri,Node.js
Sucuri/Cloudproxy,403,1,2893,Sucuri,Unknown
nginx/1.18.0,200,0,30976,None,React
nginx/1.18.0,302,0,9409,None,Unknown
cloudflare,403,1,38664,Cloudflare,Unknown
nginx/1.18.0,302,1,38370,None,Express
Incapsula,301,1,1811,Imperva,Laravel
cloudflare,301,1,44667,Cloudflare,Spring_Boot
cloudflare-nginx,500,1,38853,Cloudflare,Express
LiteSpeed,500,0,27981,None,Spring_Boot
BigIP,200,1,4500,F5_BIG_IP,ASP.NET
Incapsula,200,1,47062,Imperva,ASP.NET
Apache/2.4.41,500,0,46702,None,Node.js
Sucuri/Cloudproxy,500,1,16051,Sucuri,ASP.NET
Incapsula,403,1,39401,Imperva,ASP.NET
BIG-IP,403,1,45203,F5_BIG_IP,React
BIG-IP,500,1,3805,F5_BIG_IP,Node.js
nginx/1.18.0,404,0,49178,None,Express
Apache/2.4.41 (Ubuntu),200,1,7552,ModSecurity,Vue
nginx/1.18.0,301,0,8039,None,ASP.NET
Microsoft-IIS/10.0,301,0,13898,None,Unknown
CloudFront,403,1,10076,AWS_WAF,Unknown
cloudflare-nginx,404,1,20157,Cloudflare,React
Sucuri/Cloudproxy,200,1,45301,Sucuri,ASP.NET
BigIP,500,1,16762,F5_BIG_IP,Django
nginx/1.18.0,403,1,23880,ModSecurity,ASP.NET
AWS,500,1,34527,AWS_WAF,Spring_Boot
AmazonS3,500,1,10522,AWS_WAF,Vue
BIG-IP,403,1,25665,F5_BIG_IP,Spring_Boot
nginx/1.18.0,500,0,17396,None,Unknown
Sucuri/Cloudproxy,301,1,45491,Sucuri,ASP.NET
Incapsula,500,1,14706,Imperva,Django
nginx/1.18.0,404,0,11883,None,WordPress
BigIP,301,1,231,F5_BIG_IP,Django
Incapsula,403,1,317,Imperva,React
Incapsula,403,1,16691,Imperva,Express
cloudflare,403,1,31695,Cloudflare,ASP.NET
CloudFront,302,1,8988,AWS_WAF,Laravel
Incapsula,301,1,29878,Imperva,Vue
BigIP,500,1,42742,F5_BIG_IP,Node.js
BIG-IP,301,1,8104,F5_BIG_IP,Spring_Boot
AmazonS3,403,1,3866,AWS_WAF,Unknown
BigIP,301,1,31411,F5_BIG_IP,Node.js
Incapsula,200,1,32781,Imperva,Spring_Boot
Sucuri/Cloudproxy,500,1,45801,Sucuri,WordPress
Microsoft-IIS/10.0,301,1,11472,None,Node.js
Incapsula,403,1,45823,Imperva,ASP.NET
Microsoft-IIS/10.0,500,0,14119,None,Spring_Boot
nginx/1.18.0,200,0,441,None,Spring_Boot
Microsoft-IIS/10.0,301,0,44384,None,React
Apache/2.4.41 (Ubuntu),500,1,3869,ModSecurity,Laravel
Apache/2.4.41 (Ubuntu),301,1,35989,ModSecurity,Laravel
cloudflare,403,1,18741,Cloudflare,Vue
Incapsula,403,1,19936,Imperva,React
Apache/2.4.41 (Ubuntu),301,1,49021,ModSecurity,Laravel
nginx/1.18.0,301,0,23607,None,Node.js
Apache/2.4.41,302,0,19736,None,WordPress
AmazonS3,403,1,18847,AWS_WAF,Django
cloudflare,302,1,28352,Cloudflare,Vue
BigIP,302,1,3129,F5_BIG_IP,Vue
nginx/1.18.0,500,1,8255,None,Vue
nginx/1.18.0,403,1,2167,ModSecurity,Laravel
Sucuri/Cloudproxy,301,1,31540,Sucuri,Vue
Apache/2.4.41,302,1,32321,None,Spring_Boot
Incapsula,500,1,6000,Imperva,React
cloudflare-nginx,302,1,43454,Cloudflare,Django
Incapsula,403,1,18273,Imperva,Node.js
Sucuri/Cloudproxy,403,1,32040,Sucuri,Django
nginx/1.18.0,403,1,29331,ModSecurity,Unknown
nginx/1.18.0,500,1,35590,ModSecurity,Laravel
CloudFront,403,1,23479,AWS_WAF,ASP.NET
Incapsula,200,1,19661,Imperva,ASP.NET
cloudflare-nginx,403,1,20916,Cloudflare,Django
BigIP,302,1,27819,F5_BIG_IP,Unknown
AmazonS3,200,1,13519,AWS_WAF,ASP.NET
Sucuri/Cloudproxy,200,1,29813,Sucuri,React
Apache/2.4.41 (Ubuntu),404,1,29383,ModSecurity,Django
Microsoft-IIS/10.0,302,1,16335,None,WordPress
Incapsula,200,1,10334,Imperva,React
Microsoft-IIS/10.0,500,0,35548,None,Node.js
Apache/2.4.41 (Ubuntu),301,1,20514,ModSecurity,Laravel
Sucuri/Cloudproxy,500,1,15869,Sucuri,Express
LiteSpeed,500,0,585,None,Vue
nginx/1.18.0,403,1,23879,ModSecurity,React
LiteSpeed,404,0,43929,None,Django
Incapsula,302,1,49352,Imperva,Django
Apache/2.4.41 (Ubuntu),403,1,40707,ModSecurity,ASP.NET
Apache/2.4.41 (Ubuntu),302,1,24917,ModSecurity,Express
AmazonS3,500,1,35476,AWS_WAF,Spring_Boot
Sucuri/Cloudproxy,500,1,27831,Sucuri,WordPress
cloudflare-nginx,403,1,47205,Cloudflare,Django
Apache/2.4.41 (Ubuntu),403,1,9062,ModSecurity,Node.js
nginx/1.18.0,200,1,41427,None,Django
Apache/2.4.41 (Ubuntu),500,1,38799,ModSecurity,React
BIG-IP,403,1,4029,F5_BIG_IP,ASP.NET
Incapsula,404,1,19304,Imperva,Unknown
Apache/2.4.41 (Ubuntu),200,1,8573,ModSecurity,Unknown
Incapsula,302,1,2738,Imperva,Express
LiteSpeed,404,0,36404,None,React
Sucuri/Cloudproxy,200,1,35753,Sucuri,Express
Microsoft-IIS/10.0,301,0,27193,None,WordPress
nginx/1.18.0,200,1,16568,ModSecurity,Laravel
Incapsula,403,1,7984,Imperva,WordPress
Incapsula,200,1,49607,Imperva,WordPress
Incapsula,200,1,38177,Imperva,Vue
Microsoft-IIS/10.0,302,0,15295,None,Laravel
nginx/1.18.0,301,1,16563,ModSecurity,WordPress
Apache/2.4.41 (Ubuntu),301,1,45851,ModSecurity,Vue
Incapsula,302,1,46821,Imperva,Laravel
Sucuri/Cloudproxy,302,1,14262,Sucuri,Express
Sucuri/Cloudproxy,301,1,35977,Sucuri,Spring_Boot
Sucuri/Cloudproxy,403,1,41784,Sucuri,ASP.NET
Sucuri/Cloudproxy,301,1,17030,Sucuri,WordPress
Incapsula,404,1,11967,Imperva,Express
Incapsula,404,1,43425,Imperva,Django
Apache/2.4.41,200,0,12266,None,WordPress
Apache/2.4.41 (Ubuntu),404,1,31108,ModSecurity,Laravel
Sucuri/Cloudproxy,403,1,17494,Sucuri,React
cloudflare-nginx,403,1,48932,Cloudflare,Express
cloudflare-nginx,403,1,18227,Cloudflare,ASP.NET
AmazonS3,403,1,30625,AWS_WAF,Unknown
Sucuri/Cloudproxy,403,1,6877,Sucuri,Django
AWS,301,1,43992,AWS_WAF,Spring_Boot
Incapsula,404,1,9320,Imperva,Spring_Boot
AWS,301,1,28579,AWS_WAF,ASP.NET
Apache/2.4.41 (Ubuntu),403,1,27995,ModSecurity,Spring_Boot
nginx/1.18.0,200,0,11875,None,Vue
nginx/1.18.0,404,0,10410,None,Spring_Boot
BigIP,403,1,24395,F5_BIG_IP,Node.js
LiteSpeed,302,1,8726,None,Express
cloudflare,404,1,10962,Cloudflare,Spring_Boot
BigIP,403,1,10693,F5_BIG_IP,ASP.NET
cloudflare-nginx,302,1,307,Cloudflare,ASP.NET
Incapsula,404,1,6837,Imperva,Node.js
AmazonS3,301,1,33920,AWS_WAF,WordPress
BIG-IP,302,1,38978,F5_BIG_IP,React
cloudflare-nginx,500,1,23904,Cloudflare,Laravel
BigIP,403,1,4850,F5_BIG_IP,Express
Incapsula,403,1,33480,Imperva,WordPress
BIG-IP,302,1,44351,F5_BIG_IP,WordPress
Apache/2.4.41,404,0,6896,None,Unknown
BigIP,200,1,22829,F5_BIG_IP,Django
CloudFront,403,1,48477,AWS_WAF,ASP.NET
BigIP,301,1,11177,F5_BIG_IP,Spring_Boot
Sucuri/Cloudproxy,404,1,395,Sucuri,Node.js
CloudFront,301,1,31127,AWS_WAF,Spring_Boot
nginx/1.18.0,403,1,25879,ModSecurity,Unknown
nginx/1.18.0,302,1,40785,ModSecurity,ASP.NET
AmazonS3,302,1,48132,AWS_WAF,Express
Incapsula,403,1,21115,Imperva,Spring_Boot
BIG-IP,200,1,37819,F5_BIG_IP,React
BIG-IP,403,1,13988,F5_BIG_IP,Laravel
cloudflare,500,1,2449,Cloudflare,React
CloudFront,301,1,32837,AWS_WAF,React
BigIP,403,1,23988,F5_BIG_IP,Laravel
LiteSpeed,500,1,21184,None,Unknown
nginx/1.18.0,500,1,19397,ModSecurity,Node.js
Incapsula,500,1,14885,Imperva,Spring_Boot
AmazonS3,200,1,19557,AWS_WAF,Node.js
AWS,403,1,48463,AWS_WAF,Spring_Boot
LiteSpeed,500,0,29682,None,Node.js
Microsoft-IIS/10.0,404,0,28068,None,ASP.NET
AWS,403,1,4505,AWS_WAF,React
Apache/2.4.41 (Ubuntu),403,1,31648,ModSecurity,React
Incapsula,403,1,38900,Imperva,ASP.NET
Incapsula,403,1,21242,Imperva,Node.js
nginx/1.18.0,301,0,23269,None,Django
BigIP,500,1,28879,F5_BIG_IP,Django
BigIP,403,1,7199,F5_BIG_IP,Django
BIG-IP,403,1,43201,F5_BIG_IP,WordPress
AmazonS3,302,1,13350,AWS_WAF,Laravel
nginx/1.18.0,404,0,13393,None,Express
AmazonS3,403,1,45411,AWS_WAF,WordPress
Incapsula,403,1,13873,Imperva,Express
Incapsula,302,1,33401,Imperva,WordPress
cloudflare,500,1,10624,Cloudflare,WordPress
BigIP,403,1,14353,F5_BIG_IP,Vue
AWS,403,1,22507,AWS_WAF,Laravel
cloudflare,403,1,44940,Cloudflare,Laravel
CloudFront,404,1,13298,AWS_WAF,Laravel
BigIP,403,1,5003,F5_BIG_IP,ASP.NET
Sucuri/Cloudproxy,403,1,23797,Sucuri,Vue
AmazonS3,403,1,41513,AWS_WAF,ASP.NET
Incapsula,302,1,26862,Imperva,ASP.NET
AWS,404,1,17010,AWS_WAF,Laravel
BIG-IP,403,1,17301,F5_BIG_IP,Express
Incapsula,404,1,40307,Imperva,Node.js
cloudflare,301,1,40672,Cloudflare,Express
Incapsula,302,1,6701,Imperva,WordPress
Incapsula,403,1,584,Imperva,Unknown
Incapsula,403,1,10620,Imperva,Node.js
Incapsula,403,1,435,Imperva,ASP.NET
BIG-IP,403,1,28384,F5_BIG_IP,Laravel
Apache/2.4.41 (Ubuntu),403,1,8510,ModSecurity,Unknown
Incapsula,500,1,5840,Imperva,Spring_Boot
BIG-IP,500,1,27517,F5_BIG_IP,Vue
Sucuri/Cloudproxy,403,1,20078,Sucuri,Node.js
cloudflare,403,1,22276,Cloudflare,Laravel
cloudflare,403,1,13088,Cloudflare,Node.js
AWS,403,1,6795,AWS_WAF,Vue
Incapsula,404,1,13822,Imperva,Unknown
Incapsula,500,1,38853,Imperva,Spring_Boot
Sucuri/Cloudproxy,403,1,49652,Sucuri,Django
Microsoft-IIS/10.0,500,0,20108,None,Node.js
Incapsula,403,1,15410,Imperva,React
Sucuri/Cloudproxy,403,1,13866,Sucuri,ASP.NET
Incapsula,403,1,22149,Imperva,React
Sucuri/Cloudproxy,500,1,35423,Sucuri,Express
CloudFront,404,1,38920,AWS_WAF,Express
BigIP,403,1,12583,F5_BIG_IP,Node.js
cloudflare-nginx,302,1,48428,Cloudflare,React
Apache/2.4.41 (Ubuntu),403,1,23620,ModSecurity,Vue
cloudflare-nginx,404,1,11955,Cloudflare,React
AmazonS3,200,1,13477,AWS_WAF,Spring_Boot
Sucuri/Cloudproxy,301,1,48822,Sucuri,WordPress
Sucuri/Cloudproxy,500,1,35666,Sucuri,Express
AmazonS3,500,1,13697,AWS_WAF,Laravel
Apache/2.4.41 (Ubuntu),403,1,5625,ModSecurity,Vue
BIG-IP,302,1,6124,F5_BIG_IP,Laravel
Microsoft-IIS/10.0,301,1,8749,None,Vue
BIG-IP,302,1,5202,F5_BIG_IP,Spring_Boot
LiteSpeed,200,0,11424,None,Django
AmazonS3,500,1,42769,AWS_WAF,Vue
Incapsula,302,1,19568,Imperva,Spring_Boot
cloudflare,500,1,21362,Cloudflare,Vue
Incapsula,403,1,12978,Imperva,Laravel
cloudflare-nginx,200,1,3859,Cloudflare,Node.js
CloudFront,403,1,5057,AWS_WAF,Unknown
Apache/2.4.41,200,0,41218,None,Spring_Boot
Incapsula,500,1,13984,Imperva,WordPress
Sucuri/Cloudproxy,404,1,43454,Sucuri,Unknown
Incapsula,200,1,43109,Imperva,Vue
cloudflare-nginx,403,1,23078,Cloudflare,Vue
Incapsula,403,1,6213,Imperva,WordPress
BigIP,403,1,25205,F5_BIG_IP,Node.js
nginx/1.18.0,403,1,37516,ModSecurity,Node.js
nginx/1.18.0,403,1,344,ModSecurity,ASP.NET
BIG-IP,404,1,47962,F5_BIG_IP,Vue
Microsoft-IIS/10.0,404,0,48850,None,Express
BigIP,403,1,25968,F5_BIG_IP,ASP.NET
Incapsula,200,1,22321,Imperva,Laravel
Apache/2.4.41 (Ubuntu),403,1,1459,ModSecurity,Vue
BIG-IP,404,1,19583,F5_BIG_IP,Laravel
Sucuri/Cloudproxy,404,1,45400,Sucuri,Spring_Boot
Apache/2.4.41 (Ubuntu),500,1,14548,ModSecurity,Node.js
nginx/1.18.0,404,0,5221,None,Node.js
Sucuri/Cloudproxy,403,1,27123,Sucuri,Laravel
Incapsula,403,1,20567,Imperva,Django
Incapsula,403,1,11203,Imperva,Node.js
cloudflare,403,1,14884,Cloudflare,Unknown
Microsoft-IIS/10.0,302,0,3294,None,Django
BIG-IP,301,1,33391,F5_BIG_IP,Node.js
Apache/2.4.41 (Ubuntu),403,1,38376,ModSecurity,Laravel
cloudflare-nginx,403,1,8611,Cloudflare,Spring_Boot
BigIP,500,1,39295,F5_BIG_IP,React
CloudFront,200,1,19526,AWS_WAF,ASP.NET
BIG-IP,200,1,24640,F5_BIG_IP,Vue
BigIP,404,1,24816,F5_BIG_IP,Express
nginx/1.18.0,302,1,11052,ModSecurity,Node.js
cloudflare,200,1,21783,Cloudflare,Django
AWS,403,1,26270,AWS_WAF,ASP.NET
nginx/1.18.0,302,0,9575,None,WordPress
Incapsula,302,1,5916,Imperva,ASP.NET
Sucuri/Cloudproxy,500,1,10283,Sucuri,Spring_Boot
BIG-IP,302,1,9056,F5_BIG_IP,Node.js
LiteSpeed,301,1,24930,None,Node.js
Sucuri/Cloudproxy,403,1,40139,Sucuri,Vue
BigIP,403,1,49563,F5_BIG_IP,ASP.NET
Apache/2.4.41 (Ubuntu),403,1,27696,ModSecurity,Unknown
cloudflare,403,1,17874,Cloudflare,Vue
Sucuri/Cloudproxy,403,1,28762,Sucuri,Laravel
Sucuri/Cloudproxy,404,1,24676,Sucuri,Vue
AWS,404,1,42812,AWS_WAF,WordPress
Incapsula,403,1,6987,Imperva,WordPress
Incapsula,403,1,11878,Imperva,ASP.NET
nginx/1.18.0,404,0,22597,None,React
LiteSpeed,500,0,5355,None,Laravel
Incapsula,403,1,29853,Imperva,Spring_Boot
Incapsula,200,1,13698,Imperva,Spring_Boot
BigIP,500,1,45765,F5_BIG_IP,Django
Sucuri/Cloudproxy,403,1,44658,Sucuri,Spring_Boot
Incapsula,403,1,33366,Imperva,Spring_Boot
cloudflare-nginx,302,1,12634,Cloudflare,Spring_Boot
AmazonS3,301,1,36361,AWS_WAF,Unknown
AWS,403,1,23559,AWS_WAF,Django
cloudflare-nginx,403,1,1020,Cloudflare,ASP.NET
Sucuri/Cloudproxy,403,1,36652,Sucuri,Laravel
Apache/2.4.41,200,0,1492,None,Express
Apache/2.4.41,301,1,24667,None,WordPress
Sucuri/Cloudproxy,301,1,18283,Sucuri,Node.js
Sucuri/Cloudproxy,200,1,21928,Sucuri,Vue
Sucuri/Cloudproxy,404,1,22862,Sucuri,Django
Incapsula,302,1,35065,Imperva,Express
BigIP,403,1,11633,F5_BIG_IP,Spring_Boot
Apache/2.4.41 (Ubuntu),301,1,15734,ModSecurity,React
BigIP,301,1,40979,F5_BIG_IP,Vue
AmazonS3,403,1,4315,AWS_WAF,Express
Incapsula,403,1,25620,Imperva,React
nginx/1.18.0,302,0,1299,None,React
Apache/2.4.41 (Ubuntu),302,1,28383,ModSecurity,Django
CloudFront,200,1,45305,AWS_WAF,Unknown
Sucuri/Cloudproxy,403,1,10300,Sucuri,Unknown
cloudflare,403,1,7450,Cloudflare,Unknown
Sucuri/Cloudproxy,302,1,48304,Sucuri,Django
cloudflare,403,1,828,Cloudflare,ASP.NET
BIG-IP,302,1,35464,F5_BIG_IP,WordPress
cloudflare-nginx,500,1,24575,Cloudflare,Vue
Incapsula,200,1,4165,Imperva,Spring_Boot
Sucuri/Cloudproxy,200,1,43141,Sucuri,Express
LiteSpeed,301,0,42626,None,ASP.NET
Sucuri/Cloudproxy,404,1,9414,Sucuri,Laravel
AmazonS3,301,1,6518,AWS_WAF,Express
Apache/2.4.41 (Ubuntu),200,1,42743,ModSecurity,Django
BIG-IP,200,1,19681,F5_BIG_IP,Vue
Incapsula,200,1,14614,Imperva,Node.js
Sucuri/Cloudproxy,302,1,31081,Sucuri,ASP.NET
AWS,500,1,6203,AWS_WAF,Express
AmazonS3,500,1,9855,AWS_WAF,Django
LiteSpeed,500,0,29744,None,Spring_Boot
cloudflare-nginx,403,1,8798,Cloudflare,Laravel
Incapsula,403,1,7690,Imperva,React
Incapsula,301,1,30914,Imperva,Express
Incapsula,500,1,33146,Imperva,React
Microsoft-IIS/10.0,301,1,16521,None,Spring_Boot
cloudflare-nginx,403,1,46425,Cloudflare,Express
Apache/2.4.41 (Ubuntu),403,1,13359,ModSecurity,Laravel
BIG-IP,200,1,45716,F5_BIG_IP,Node.js
Microsoft-IIS/10.0,302,0,31623,None,ASP.NET
Incapsula,403,1,33568,Imperva,Vue
Microsoft-IIS/10.0,500,0,275,None,WordPress
Sucuri/Cloudproxy,404,1,24520,Sucuri,Node.js
AmazonS3,301,1,18576,AWS_WAF,Spring_Boot
BigIP,403,1,38939,F5_BIG_IP,React
BigIP,301,1,18940,F5_BIG_IP,WordPress
cloudflare,302,1,1887,Cloudflare,Laravel
Incapsula,404,1,15153,Imperva,React
Sucuri/Cloudproxy,500,1,36736,Sucuri,Unknown
BigIP,403,1,49400,F5_BIG_IP,Django
cloudflare-nginx,302,1,22760,Cloudflare,Spring_Boot
cloudflare-nginx,500,1,10212,Cloudflare,Node.js
BIG-IP,200,1,3202,F5_BIG_IP,Express
Incapsula,403,1,25532,Imperva,React
Sucuri/Cloudproxy,301,1,46663,Sucuri,Django
Apache/2.4.41 (Ubuntu),302,1,9984,ModSecurity,WordPress
Apache/2.4.41 (Ubuntu),403,1,42471,ModSecurity,Django
LiteSpeed,404,1,26042,None,Express
AWS,404,1,10988,AWS_WAF,WordPress
Microsoft-IIS/10.0,301,0,4623,None,Laravel
Incapsula,403,1,8430,Imperva,Vue
AmazonS3,302,1,13582,AWS_WAF,React
Sucuri/Cloudproxy,302,1,26202,Sucuri,ASP.NET
AWS,403,1,43484,AWS_WAF,WordPress
cloudflare,500,1,32596,Cloudflare,Vue
Sucuri/Cloudproxy,403,1,9950,Sucuri,ASP.NET
Incapsula,404,1,3266,Imperva,Laravel
Incapsula,500,1,2911,Imperva,WordPress
cloudflare-nginx,403,1,5736,Cloudflare,Spring_Boot
Apache/2.4.41 (Ubuntu),403,1,8710,ModSecurity,Node.js
Incapsula,403,1,22633,Imperva,Express
nginx/1.18.0,301,0,47261,None,Spring_Boot
Sucuri/Cloudproxy,500,1,45771,Sucuri,Laravel
nginx/1.18.0,403,1,6967,ModSecurity,Node.js
nginx/1.18.0,302,1,9390,ModSecurity,ASP.NET
Apache/2.4.41 (Ubuntu),500,1,27336,ModSecurity,Unknown
nginx/1.18.0,302,1,315,ModSecurity,Laravel
Apache/2.4.41,500,1,12419,None,Spring_Boot
cloudflare,302,1,49515,Cloudflare,Express
cloudflare,404,1,28668,Cloudflare,Spring_Boot
nginx/1.18.0,302,1,5895,None,WordPress
Microsoft-IIS/10.0,500,0,44724,None,Express
BigIP,403,1,38593,F5_BIG_IP,React
Sucuri/Cloudproxy,403,1,49565,Sucuri,Unknown
cloudflare,200,1,31965,Cloudflare,React
Apache/2.4.41 (Ubuntu),200,1,41612,ModSecurity,Unknown
cloudflare-nginx,301,1,33460,Cloudflare,Express
BIG-IP,403,1,584,F5_BIG_IP,Spring_Boot
cloudflare-nginx,302,1,18891,Cloudflare,Django
AmazonS3,403,1,5912,AWS_WAF,Express
Microsoft-IIS/10.0,500,0,36116,None,Spring_Boot
Sucuri/Cloudproxy,200,1,27901,Sucuri,React
cloudflare,403,1,10402,Cloudflare,WordPress
BigIP,404,1,12202,F5_BIG_IP,ASP.NET
cloudflare,403,1,35609,Cloudflare,Laravel
cloudflare,404,1,12208,Cloudflare,Unknown
BigIP,500,1,42036,F5_BIG_IP,React
BigIP,302,1,46915,F5_BIG_IP,React
Incapsula,500,1,35427,Imperva,Unknown
BigIP,301,1,22048,F5_BIG_IP,Laravel
Incapsula,403,1,22215,Imperva,Vue
LiteSpeed,200,1,3066,None,Django
AWS,302,1,13205,AWS_WAF,ASP.NET
AWS,302,1,1037,AWS_WAF,WordPress
AmazonS3,404,1,33922,AWS_WAF,Vue
nginx/1.18.0,403,1,35201,ModSecurity,Laravel
cloudflare-nginx,403,1,7426,Cloudflare,React
Sucuri/Cloudproxy,403,1,27923,Sucuri,WordPress
Sucuri/Cloudproxy,404,1,41601,Sucuri,Vue
AmazonS3,500,1,38515,AWS_WAF,ASP.NET
AWS,500,1,45090,AWS_WAF,React
BigIP,403,1,34266,F5_BIG_IP,Unknown
BigIP,500,1,31363,F5_BIG_IP,Laravel
Incapsula,302,1,42234,Imperva,Vue
BIG-IP,404,1,32604,F5_BIG_IP,Express
cloudflare-nginx,500,1,46865,Cloudflare,Django
BIG-IP,500,1,38206,F5_BIG_IP,Unknown
nginx/1.18.0,301,1,13042,ModSecurity,Express
cloudflare,404,1,13559,Cloudflare,WordPress
CloudFront,403,1,49475,AWS_WAF,Vue
BigIP,500,1,28164,F5_BIG_IP,Spring_Boot
Incapsula,403,1,27655,Imperva,WordPress
BIG-IP,403,1,3996,F5_BIG_IP,WordPress
Sucuri/Cloudproxy,403,1,17817,Sucuri,ASP.NET
Apache/2.4.41 (Ubuntu),200,1,24604,ModSecurity,WordPress
Apache/2.4.41 (Ubuntu),403,1,3545,ModSecurity,WordPress
nginx/1.18.0,301,1,22525,ModSecurity,Express
cloudflare-nginx,403,1,24474,Cloudflare,ASP.NET
Sucuri/Cloudproxy,403,1,32822,Sucuri,Vue
Incapsula,403,1,43347,Imperva,Spring_Boot
BIG-IP,302,1,23238,F5_BIG_IP,ASP.NET
cloudflare,403,1,45359,Cloudflare,Express
Apache/2.4.41,500,0,34821,None,WordPress
Incapsula,403,1,15219,Imperva,Django
cloudflare-nginx,403,1,23663,Cloudflare,Node.js
Sucuri/Cloudproxy,403,1,2226,Sucuri,Laravel
Sucuri/Cloudproxy,403,1,14404,Sucuri,Node.js
cloudflare,200,1,28232,Cloudflare,WordPress
Microsoft-IIS/10.0,301,1,47562,None,ASP.NET
Incapsula,500,1,4594,Imperva,Unknown
AWS,403,1,1863,AWS_WAF,Laravel
Apache/2.4.41 (Ubuntu),200,1,40790,ModSecurity,ASP.NET
AmazonS3,302,1,30046,AWS_WAF,Laravel
nginx/1.18.0,301,1,33166,None,Vue
cloudflare-nginx,403,1,28679,Cloudflare,Spring_Boot
Apache/2.4.41,200,1,31910,None,Vue
Incapsula,403,1,4722,Imperva,Unknown
AmazonS3,403,1,33288,AWS_WAF,React
cloudflare-nginx,403,1,47318,Cloudflare,Express
Apache/2.4.41,301,1,22082,None,Django
Incapsula,302,1,46790,Imperva,WordPress
cloudflare-nginx,404,1,48434,Cloudflare,ASP.NET
Apache/2.4.41 (Ubuntu),403,1,40132,ModSecurity,Vue
Apache/2.4.41,200,0,40131,None,WordPress
Apache/2.4.41,200,0,22198,None,WordPress
BigIP,500,1,4529,F5_BIG_IP,React
nginx/1.18.0,200,1,25650,ModSecurity,Unknown
BIG-IP,302,1,28034,F5_BIG_IP,Django
nginx/1.18.0,301,1,13484,ModSecurity,Laravel
BigIP,200,1,41704,F5_BIG_IP,Django
nginx/1.18.0,404,1,28844,ModSecurity,Node.js
Incapsula,403,1,20810,Imperva,WordPress
AWS,404,1,12183,AWS_WAF,Express
nginx/1.18.0,403,1,7097,ModSecurity,Spring_Boot
AWS,500,1,9466,AWS_WAF,Vue
AmazonS3,302,1,31489,AWS_WAF,Vue
BIG-IP,301,1,39147,F5_BIG_IP,Unknown
LiteSpeed,301,0,37459,None,React
BigIP,403,1,44807,F5_BIG_IP,Vue
Sucuri/Cloudproxy,403,1,32888,Sucuri,Node.js
Apache/2.4.41 (Ubuntu),403,1,11612,ModSecurity,Unknown
nginx/1.18.0,500,0,48685,None,Laravel
Incapsula,403,1,14532,Imperva,Node.js
BIG-IP,403,1,11032,F5_BIG_IP,Vue
Apache/2.4.41,302,0,47525,None,Express
cloudflare-nginx,403,1,25279,Cloudflare,ASP.NET
nginx/1.18.0,200,1,31331,None,Node.js
Apache/2.4.41,301,0,8221,None,Node.js
Sucuri/Cloudproxy,302,1,24399,Sucuri,Django
Sucuri/Cloudproxy,403,1,27262,Sucuri,Node.js
Incapsula,403,1,16559,Imperva,Node.js
Incapsula,301,1,34180,Imperva,Node.js
Sucuri/Cloudproxy,403,1,33996,Sucuri,Node.js
Incapsula,403,1,39399,Imperva,ASP.NET
AmazonS3,404,1,14223,AWS_WAF,React
Apache/2.4.41 (Ubuntu),500,1,24628,ModSecurity,Unknown
cloudflare,404,1,30952,Cloudflare,Django
BIG-IP,403,1,32113,F5_BIG_IP,Express
Incapsula,500,1,29670,Imperva,ASP.NET
AmazonS3,403,1,44468,AWS_WAF,ASP.NET
cloudflare,403,1,29026,Cloudflare,React
Incapsula,403,1,5032,Imperva,Laravel
Incapsula,301,1,46416,Imperva,Vue
Microsoft-IIS/10.0,404,1,7166,None,ASP.NET
AWS,403,1,33485,AWS_WAF,React
Apache/2.4.41,404,0,34362,None,ASP.NET
Sucuri/Cloudproxy,404,1,4755,Sucuri,Express
Apache/2.4.41 (Ubuntu),403,1,21472,ModSecurity,WordPress
CloudFront,302,1,16571,AWS_WAF,Spring_Boot
BigIP,500,1,21960,F5_BIG_IP,Node.js
AWS,200,1,26729,AWS_WAF,Vue
Sucuri/Cloudproxy,302,1,39067,Sucuri,Laravel
cloudflare,403,1,18357,Cloudflare,Spring_Boot
nginx/1.18.0,403,1,27551,ModSecurity,Unknown
BigIP,404,1,45486,F5_BIG_IP,Unknown
Sucuri/Cloudproxy,404,1,41755,Sucuri,Unknown
Microsoft-IIS/10.0,301,0,20131,None,Django
Sucuri/Cloudproxy,200,1,41435,Sucuri,WordPress
BIG-IP,302,1,18135,F5_BIG_IP,WordPress
Apache/2.4.41 (Ubuntu),500,1,32969,ModSecurity,Django
Incapsula,403,1,3958,Imperva,WordPress
BigIP,403,1,27210,F5_BIG_IP,React
cloudflare,200,1,9581,Cloudflare,Node.js
nginx/1.18.0,200,1,16744,None,WordPress
cloudflare-nginx,302,1,11994,Cloudflare,Express
Sucuri/Cloudproxy,302,1,3630,Sucuri,Unknown
Apache/2.4.41 (Ubuntu),500,1,12529,ModSecurity,ASP.NET
Apache/2.4.41 (Ubuntu),403,1,41128,ModSecurity,Django
Apache/2.4.41 (Ubuntu),404,1,26398,ModSecurity,ASP.NET
BIG-IP,403,1,26992,F5_BIG_IP,Laravel
nginx/1.18.0,301,1,39634,ModSecurity,Django
nginx/1.18.0,301,0,1757,None,Unknown
Apache/2.4.41 (Ubuntu),403,1,41883,ModSecurity,Node.js
nginx/1.18.0,500,1,36039,ModSecurity,ASP.NET
LiteSpeed,302,1,47742,None,React
nginx/1.18.0,200,1,37212,None,Node.js
BigIP,200,1,30989,F5_BIG_IP,Django
nginx/1.18.0,403,1,47859,ModSecurity,Django
LiteSpeed,404,1,39359,None,Laravel
BIG-IP,302,1,38575,F5_BIG_IP,Unknown
AmazonS3,404,1,37756,AWS_WAF,Vue
Microsoft-IIS/10.0,404,0,11861,None,Laravel
cloudflare-nginx,500,1,46133,Cloudflare,Express
cloudflare-nginx,200,1,41851,Cloudflare,Laravel
LiteSpeed,404,0,25963,None,Laravel
AmazonS3,302,1,312,AWS_WAF,WordPress
Sucuri/Cloudproxy,404,1,37683,Sucuri,Vue
Sucuri/Cloudproxy,301,1,42173,Sucuri,Laravel
LiteSpeed,302,1,13410,None,Laravel
BIG-IP,200,1,4854,F5_BIG_IP,ASP.NET
LiteSpeed,302,0,20254,None,Laravel
Incapsula,403,1,26140,Imperva,WordPress
Sucuri/Cloudproxy,302,1,22309,Sucuri,React
AWS,403,1,29483,AWS_WAF,Vue
Apache/2.4.41,302,0,30961,None,React
Sucuri/Cloudproxy,403,1,41756,Sucuri,Django
CloudFront,500,1,46696,AWS_WAF,ASP.NET
Incapsula,403,1,26359,Imperva,WordPress
AWS,200,1,43637,AWS_WAF,Unknown
AWS,403,1,48710,AWS_WAF,Express
BIG-IP,302,1,6016,F5_BIG_IP,WordPress
nginx/1.18.0,200,0,15175,None,Laravel
nginx/1.18.0,301,1,14030,ModSecurity,Vue
CloudFront,403,1,15454,AWS_WAF,React
Incapsula,403,1,25382,Imperva,React
Microsoft-IIS/10.0,302,0,33309,None,Spring_Boot
Sucuri/Cloudproxy,200,1,38512,Sucuri,Laravel
nginx/1.18.0,200,0,27095,None,WordPress
Apache/2.4.41 (Ubuntu),403,1,28987,ModSecurity,ASP.NET
Incapsula,302,1,47761,Imperva,WordPress
cloudflare,500,1,15695,Cloudflare,WordPress
nginx/1.18.0,500,1,26644,ModSecurity,Unknown
cloudflare,301,1,31905,Cloudflare,Laravel
Microsoft-IIS/10.0,200,0,31533,None,React
cloudflare-nginx,302,1,11903,Cloudflare,Unknown
AWS,301,1,31716,AWS_WAF,Laravel
nginx/1.18.0,500,0,13467,None,WordPress
Sucuri/Cloudproxy,302,1,37314,Sucuri,Node.js
Sucuri/Cloudproxy,404,1,23885,Sucuri,React
Sucuri/Cloudproxy,500,1,22999,Sucuri,WordPress
Sucuri/Cloudproxy,403,1,9127,Sucuri,Django
cloudflare,301,1,47255,Cloudflare,Django
AWS,403,1,34548,AWS_WAF,React
BigIP,404,1,32290,F5_BIG_IP,Node.js
Sucuri/Cloudproxy,403,1,41701,Sucuri,WordPress
Incapsula,404,1,28875,Imperva,Spring_Boot
cloudflare-nginx,403,1,40532,Cloudflare,Vue
Sucuri/Cloudproxy,403,1,34445,Sucuri,Unknown
cloudflare-nginx,403,1,24331,Cloudflare,Spring_Boot
AmazonS3,404,1,18455,AWS_WAF,ASP.NET
AmazonS3,404,1,30183,AWS_WAF,WordPress
cloudflare-nginx,403,1,39209,Cloudflare,Express
cloudflare,403,1,34461,Cloudflare,Express
Apache/2.4.41 (Ubuntu),404,1,19147,ModSecurity,ASP.NET
Apache/2.4.41 (Ubuntu),302,1,6674,ModSecurity,Vue
nginx/1.18.0,301,0,32749,None,ASP.NET
Incapsula,403,1,31213,Imperva,ASP.NET
Apache/2.4.41 (Ubuntu),200,1,49987,ModSecurity,React
Apache/2.4.41 (Ubuntu),403,1,9382,ModSecurity,Django
nginx/1.18.0,302,0,48570,None,WordPress
cloudflare-nginx,301,1,25535,Cloudflare,React
BIG-IP,403,1,46317,F5_BIG_IP,React
BigIP,403,1,32540,F5_BIG_IP,Unknown
cloudflare-nginx,302,1,42914,Cloudflare,Django
nginx/1.18.0,302,1,17362,ModSecurity,Unknown
Sucuri/Cloudproxy,403,1,26416,Sucuri,Express
Incapsula,404,1,44605,Imperva,WordPress
Microsoft-IIS/10.0,301,0,21700,None,Express
Incapsula,500,1,44474,Imperva,Django
Apache/2.4.41 (Ubuntu),403,1,839,ModSecurity,Spring_Boot
nginx/1.18.0,200,1,49771,ModSecurity,Laravel
Incapsula,403,1,44830,Imperva,React
CloudFront,403,1,40020,AWS_WAF,ASP.NET
Incapsula,500,1,24615,Imperva,ASP.NET
Apache/2.4.41,302,0,11171,None,React
BIG-IP,403,1,38939,F5_BIG_IP,Vue
Sucuri/Cloudproxy,403,1,13214,Sucuri,React
Sucuri/Cloudproxy,200,1,23167,Sucuri,Unknown
AmazonS3,403,1,28360,AWS_WAF,Express
cloudflare,200,1,17809,Cloudflare,Node.js
LiteSpeed,302,0,36581,None,Vue
AmazonS3,403,1,23754,AWS_WAF,Django
CloudFront,403,1,9288,AWS_WAF,Laravel
nginx/1.18.0,301,1,26582,None,Vue
AWS,403,1,7050,AWS_WAF,WordPress
cloudflare,403,1,5197,Cloudflare,React
AWS,404,1,4155,AWS_WAF,WordPress
CloudFront,403,1,26691,AWS_WAF,WordPress
Apache/2.4.41 (Ubuntu),500,1,23214,ModSecurity,Express
Apache/2.4.41 (Ubuntu),302,1,41654,ModSecurity,WordPress
AWS,403,1,41945,AWS_WAF,Spring_Boot
Apache/2.4.41 (Ubuntu),200,1,9472,ModSecurity,Spring_Boot
nginx/1.18.0,500,1,800,ModSecurity,Node.js
AWS,200,1,41000,AWS_WAF,Spring_Boot
Microsoft-IIS/10.0,301,0,437,None,Laravel
Sucuri/Cloudproxy,403,1,1567,Sucuri,Django
cloudflare,403,1,15591,Cloudflare,Unknown
CloudFront,301,1,12709,AWS_WAF,Django
cloudflare-nginx,200,1,47407,Cloudflare,Unknown
BIG-IP,403,1,21682,F5_BIG_IP,React
Sucuri/Cloudproxy,404,1,14373,Sucuri,Spring_Boot
Incapsula,403,1,29732,Imperva,Spring_Boot
cloudflare-nginx,200,1,46427,Cloudflare,Node.js
cloudflare,200,1,12447,Cloudflare,Django
AWS,403,1,25315,AWS_WAF,Spring_Boot
BigIP,301,1,49456,F5_BIG_IP,Vue
cloudflare-nginx,403,1,10893,Cloudflare,Express
nginx/1.18.0,500,1,6046,ModSecurity,Express
Sucuri/Cloudproxy,403,1,44843,Sucuri,Laravel
cloudflare,404,1,25945,Cloudflare,ASP.NET
cloudflare-nginx,301,1,36458,Cloudflare,Laravel
nginx/1.18.0,403,1,25549,ModSecurity,Vue
Apache/2.4.41 (Ubuntu),200,1,30330,ModSecurity,Django
nginx/1.18.0,200,0,26229,None,Spring_Boot
Sucuri/Cloudproxy,403,1,2335,Sucuri,React
AWS,403,1,30526,AWS_WAF,Django
Sucuri/Cloudproxy,403,1,42495,Sucuri,Django
BIG-IP,301,1,1335,F5_BIG_IP,WordPress
Sucuri/Cloudproxy,200,1,48501,Sucuri,Node.js
Microsoft-IIS/10.0,200,1,22149,None,Unknown
Microsoft-IIS/10.0,301,0,44652,None,Node.js
Apache/2.4.41,200,1,42680,None,Spring_Boot
Apache/2.4.41,404,1,49053,None,WordPress
Sucuri/Cloudproxy,200,1,1186,Sucuri,Laravel
nginx/1.18.0,302,0,46753,None,Vue
LiteSpeed,500,0,31420,None,ASP.NET
Sucuri/Cloudproxy,403,1,8484,Sucuri,Express
BIG-IP,200,1,30559,F5_BIG_IP,Django
cloudflare,500,1,21735,Cloudflare,Unknown
cloudflare,403,1,36697,Cloudflare,Express
BigIP,500,1,28743,F5_BIG_IP,WordPress
BIG-IP,200,1,37695,F5_BIG_IP,React
AmazonS3,302,1,24069,AWS_WAF,ASP.NET
CloudFront,200,1,2397,AWS_WAF,WordPress
cloudflare-nginx,403,1,36093,Cloudflare,Spring_Boot
LiteSpeed,302,0,48319,None,Vue
Apache/2.4.41 (Ubuntu),403,1,27496,ModSecurity,Django
Microsoft-IIS/10.0,302,0,48142,None,ASP.NET
BIG-IP,404,1,7911,F5_BIG_IP,Laravel
cloudflare,403,1,37129,Cloudflare,Django
Microsoft-IIS/10.0,301,1,7986,None,Node.js
BigIP,403,1,33321,F5_BIG_IP,Unknown
Incapsula,404,1,38236,Imperva,Laravel
Incapsula,500,1,28641,Imperva,WordPress
LiteSpeed,404,0,5982,None,ASP.NET
Apache/2.4.41,200,1,24182,None,ASP.NET
Apache/2.4.41,302,0,1208,None,Unknown
CloudFront,302,1,47569,AWS_WAF,Spring_Boot
cloudflare,301,1,46564,Cloudflare,React
Sucuri/Cloudproxy,500,1,42407,Sucuri,Node.js
Microsoft-IIS/10.0,301,1,11451,None,React
cloudflare,302,1,15312,Cloudflare,Node.js
Incapsula,403,1,24648,Imperva,ASP.NET
Apache/2.4.41 (Ubuntu),500,1,19846,ModSecurity,Laravel
LiteSpeed,302,0,14986,None,Node.js
BigIP,403,1,44034,F5_BIG_IP,Laravel
AmazonS3,302,1,27687,AWS_WAF,Vue
Incapsula,403,1,32310,Imperva,Vue
nginx/1.18.0,403,1,16806,ModSecurity,Django
Sucuri/Cloudproxy,403,1,11386,Sucuri,Django
Microsoft-IIS/10.0,500,0,36176,None,Node.js
nginx/1.18.0,403,1,34680,ModSecurity,React
AmazonS3,200,1,2520,AWS_WAF,ASP.NET
Apache/2.4.41 (Ubuntu),404,1,8732,ModSecurity,ASP.NET
BigIP,200,1,35112,F5_BIG_IP,Express
Microsoft-IIS/10.0,500,0,47360,None,React
Sucuri/Cloudproxy,301,1,49466,Sucuri,Unknown
Apache/2.4.41 (Ubuntu),404,1,19313,ModSecurity,WordPress
Incapsula,403,1,12918,Imperva,WordPress
LiteSpeed,200,1,39468,None,Django
Incapsula,301,1,27146,Imperva,Django
AmazonS3,200,1,40938,AWS_WAF,WordPress
Sucuri/Cloudproxy,403,1,32467,Sucuri,Express
Sucuri/Cloudproxy,403,1,7755,Sucuri,WordPress
Apache/2.4.41,302,0,9675,None,Vue
Apache/2.4.41,404,1,17929,None,Unknown
nginx/1.18.0,500,0,16487,None,ASP.NET
Incapsula,403,1,35038,Imperva,Laravel
Sucuri/Cloudproxy,403,1,26077,Sucuri,ASP.NET
BigIP,200,1,24478,F5_BIG_IP,ASP.NET
Incapsula,500,1,35286,Imperva,Django
BIG-IP,403,1,40621,F5_BIG_IP,Express
nginx/1.18.0,403,1,37060,ModSecurity,Node.js
Incapsula,301,1,31117,Imperva,WordPress
BigIP,404,1,15475,F5_BIG_IP,Vue
Incapsula,302,1,3311,Imperva,Spring_Boot
AmazonS3,403,1,43498,AWS_WAF,Node.js
AWS,404,1,31718,AWS_WAF,React
CloudFront,500,1,3671,AWS_WAF,React
nginx/1.18.0,403,1,45992,ModSecurity,Laravel
cloudflare-nginx,403,1,32208,Cloudflare,Spring_Boot
Incapsula,500,1,25162,Imperva,Node.js
nginx/1.18.0,500,1,29786,None,WordPress
Incapsula,403,1,38571,Imperva,React
Sucuri/Cloudproxy,200,1,21523,Sucuri,Laravel
nginx/1.18.0,301,0,440,None,Node.js
CloudFront,302,1,30902,AWS_WAF,Node.js
cloudflare,403,1,1487,Cloudflare,Unknown
cloudflare,500,1,22309,Cloudflare,Express
cloudflare,500,1,25406,Cloudflare,ASP.NET
Sucuri/Cloudproxy,301,1,16827,Sucuri,Laravel
Apache/2.4.41,500,1,25522,None,ASP.NET
AmazonS3,500,1,33819,AWS_WAF,Vue
Apache/2.4.41 (Ubuntu),403,1,42077,ModSecurity,Spring_Boot
Incapsula,403,1,25936,Imperva,Spring_Boot
AmazonS3,200,1,33661,AWS_WAF,Vue
Apache/2.4.41,301,1,11729,None,WordPress
Apache/2.4.41 (Ubuntu),404,1,49464,ModSecurity,Vue
cloudflare,302,1,45486,Cloudflare,ASP.NET
BIG-IP,403,1,19880,F5_BIG_IP,Django
Apache/2.4.41 (Ubuntu),302,1,19694,ModSecurity,React
BigIP,403,1,28347,F5_BIG_IP,Express
Sucuri/Cloudproxy,403,1,23017,Sucuri,Django
CloudFront,200,1,37734,AWS_WAF,ASP.NET
Incapsula,500,1,47244,Imperva,Unknown
BIG-IP,301,1,47892,F5_BIG_IP,Express
Apache/2.4.41,404,1,291,None,Vue
Incapsula,302,1,31866,Imperva,Django
BigIP,500,1,24089,F5_BIG_IP,Express
BigIP,403,1,24206,F5_BIG_IP,React
cloudflare,302,1,5701,Cloudflare,Django
cloudflare-nginx,302,1,10165,Cloudflare,WordPress
Apache/2.4.41 (Ubuntu),403,1,14535,ModSecurity,Spring_Boot
nginx/1.18.0,403,1,39832,ModSecurity,React
Microsoft-IIS/10.0,500,0,46867,None,WordPress
Microsoft-IIS/10.0,301,1,23968,None,WordPress
nginx/1.18.0,301,0,48648,None,React
Incapsula,403,1,20493,Imperva,Laravel
cloudflare,404,1,10104,Cloudflare,React
Sucuri/Cloudproxy,403,1,28746,Sucuri,Vue
nginx/1.18.0,403,1,49494,ModSecurity,Laravel
AmazonS3,403,1,39063,AWS_WAF,Django
nginx/1.18.0,500,1,4989,ModSecurity,Node.js
Apache/2.4.41,200,1,32244,None,Spring_Boot
AmazonS3,403,1,13176,AWS_WAF,Express
cloudflare,302,1,3293,Cloudflare,ASP.NET
AWS,403,1,39323,AWS_WAF,WordPress
BigIP,301,1,48703,F5_BIG_IP,Laravel
AWS,500,1,14803,AWS_WAF,React
Incapsula,404,1,20348,Imperva,Node.js
LiteSpeed,200,0,46687,None,Express
BIG-IP,403,1,35377,F5_BIG_IP,WordPress
nginx/1.18.0,500,1,29697,None,Django
BigIP,301,1,38653,F5_BIG_IP,WordPress
CloudFront,302,1,11070,AWS_WAF,Unknown
Microsoft-IIS/10.0,302,0,30309,None,Express
Apache/2.4.41,302,0,38646,None,ASP.NET
Sucuri/Cloudproxy,403,1,27954,Sucuri,Spring_Boot
Incapsula,301,1,4180,Imperva,Spring_Boot
BIG-IP,500,1,22204,F5_BIG_IP,Laravel
BIG-IP,404,1,15712,F5_BIG_IP,Spring_Boot
Sucuri/Cloudproxy,301,1,34619,Sucuri,React
AmazonS3,404,1,23260,AWS_WAF,Node.js
CloudFront,403,1,2654,AWS_WAF,Unknown
cloudflare,404,1,19785,Cloudflare,WordPress
Apache/2.4.41 (Ubuntu),403,1,35597,ModSecurity,Spring_Boot
Microsoft-IIS/10.0,302,0,24840,None,React
cloudflare,302,1,14649,Cloudflare,Express
Microsoft-IIS/10.0,404,0,28508,None,React
Apache/2.4.41 (Ubuntu),403,1,41144,ModSecurity,WordPress
CloudFront,302,1,19544,AWS_WAF,Spring_Boot
Incapsula,403,1,12580,Imperva,Vue
Incapsula,403,1,25042,Imperva,ASP.NET
AmazonS3,200,1,48985,AWS_WAF,Unknown
Sucuri/Cloudproxy,403,1,31798,Sucuri,Node.js
cloudflare-nginx,403,1,47297,Cloudflare,Laravel
BigIP,500,1,43943,F5_BIG_IP,Django
cloudflare,403,1,39790,Cloudflare,Express
AWS,403,1,12764,AWS_WAF,Vue
Sucuri/Cloudproxy,403,1,14403,Sucuri,Express
CloudFront,500,1,24007,AWS_WAF,Laravel
cloudflare-nginx,200,1,25045,Cloudflare,Vue
Incapsula,403,1,37260,Imperva,Laravel
AmazonS3,302,1,44809,AWS_WAF,Spring_Boot
Incapsula,404,1,34471,Imperva,WordPress
Sucuri/Cloudproxy,403,1,42604,Sucuri,Node.js
Microsoft-IIS/10.0,301,0,25677,None,Node.js
BigIP,500,1,8103,F5_BIG_IP,Laravel
Apache/2.4.41 (Ubuntu),403,1,14399,ModSecurity,ASP.NET
AmazonS3,200,1,42460,AWS_WAF,Laravel
Incapsula,403,1,6676,Imperva,ASP.NET
Sucuri/Cloudproxy,500,1,11834,Sucuri,Unknown
nginx/1.18.0,403,1,11592,ModSecurity,Vue
cloudflare,403,1,30094,Cloudflare,Node.js
cloudflare,200,1,21774,Cloudflare,Express
Apache/2.4.41 (Ubuntu),403,1,18101,ModSecurity,React
cloudflare-nginx,404,1,19909,Cloudflare,Django
Incapsula,500,1,35823,Imperva,Spring_Boot
nginx/1.18.0,500,0,28277,None,Unknown
CloudFront,301,1,1028,AWS_WAF,Vue
Apache/2.4.41 (Ubuntu),403,1,44484,ModSecurity,Vue
Sucuri/Cloudproxy,403,1,36150,Sucuri,Node.js
Sucuri/Cloudproxy,302,1,39882,Sucuri,Spring_Boot
Incapsula,500,1,43015,Imperva,WordPress
Sucuri/Cloudproxy,301,1,19481,Sucuri,Vue
Incapsula,404,1,1819,Imperva,WordPress
cloudflare-nginx,403,1,19277,Cloudflare,Express
LiteSpeed,404,1,49696,None,Node.js
Sucuri/Cloudproxy,500,1,23739,Sucuri,ASP.NET
BigIP,200,1,34114,F5_BIG_IP,Laravel
CloudFront,301,1,12104,AWS_WAF,Unknown
Incapsula,403,1,31282,Imperva,Vue
Apache/2.4.41,200,0,26767,None,Vue
Sucuri/Cloudproxy,302,1,14010,Sucuri,WordPress
cloudflare-nginx,301,1,48048,Cloudflare,Express
Apache/2.4.41,302,0,20865,None,Node.js
Incapsula,404,1,17355,Imperva,Node.js
Sucuri/Cloudproxy,200,1,3483,Sucuri,Laravel
Microsoft-IIS/10.0,404,0,31532,None,Express
cloudflare-nginx,404,1,29845,Cloudflare,Laravel
BIG-IP,403,1,16326,F5_BIG_IP,Unknown
nginx/1.18.0,500,0,26037,None,WordPress
nginx/1.18.0,301,1,3022,ModSecurity,Unknown
nginx/1.18.0,404,1,39534,ModSecurity,ASP.NET
Apache/2.4.41 (Ubuntu),200,1,45845,ModSecurity,WordPress
Microsoft-IIS/10.0,404,1,26640,None,React
Microsoft-IIS/10.0,500,1,28243,None,Vue
BigIP,403,1,20156,F5_BIG_IP,ASP.NET
Apache/2.4.41,200,0,31735,None,ASP.NET
Apache/2.4.41 (Ubuntu),200,1,14054,ModSecurity,React
cloudflare,404,1,4289,Cloudflare,Express
Sucuri/Cloudproxy,302,1,42942,Sucuri,Vue
Sucuri/Cloudproxy,302,1,12020,Sucuri,Unknown
Incapsula,403,1,33803,Imperva,Unknown
BIG-IP,403,1,38634,F5_BIG_IP,Unknown
LiteSpeed,200,0,37821,None,Laravel
Incapsula,200,1,18096,Imperva,ASP.NET
Incapsula,404,1,15391,Imperva,WordPress
Incapsula,403,1,27942,Imperva,React
cloudflare,403,1,19447,Cloudflare,React
Apache/2.4.41 (Ubuntu),404,1,2490,ModSecurity,Vue
Apache/2.4.41 (Ubuntu),500,1,24181,ModSecurity,Spring_Boot
Sucuri/Cloudproxy,200,1,16922,Sucuri,Django
Incapsula,200,1,15305,Imperva,WordPress
Incapsula,403,1,23198,Imperva,Unknown
BigIP,301,1,39760,F5_BIG_IP,WordPress
Sucuri/Cloudproxy,500,1,35233,Sucuri,React
CloudFront,404,1,32607,AWS_WAF,Vue
AWS,403,1,30000,AWS_WAF,Laravel
AmazonS3,302,1,33140,AWS_WAF,Node.js
CloudFront,404,1,9120,AWS_WAF,ASP.NET
AmazonS3,302,1,37857,AWS_WAF,React
BigIP,403,1,843,F5_BIG_IP,React
AmazonS3,403,1,24010,AWS_WAF,React
BigIP,403,1,45860,F5_BIG_IP,Node.js
Microsoft-IIS/10.0,302,0,4011,None,Laravel
cloudflare,403,1,47337,Cloudflare,ASP.NET
Sucuri/Cloudproxy,302,1,44515,Sucuri,Spring_Boot
BIG-IP,403,1,37377,F5_BIG_IP,Node.js
Incapsula,301,1,37946,Imperva,ASP.NET
CloudFront,302,1,25531,AWS_WAF,Unknown
BigIP,403,1,43413,F5_BIG_IP,Spring_Boot
cloudflare-nginx,403,1,1652,Cloudflare,React
BigIP,200,1,2268,F5_BIG_IP,Node.js
nginx/1.18.0,500,1,27802,ModSecurity,React
AmazonS3,500,1,10389,AWS_WAF,Node.js
CloudFront,302,1,14875,AWS_WAF,Django
BIG-IP,200,1,45055,F5_BIG_IP,ASP.NET
Incapsula,403,1,32181,Imperva,ASP.NET
Incapsula,302,1,18147,Imperva,Django
Apache/2.4.41 (Ubuntu),301,1,17352,ModSecurity,Django
Incapsula,302,1,24134,Imperva,Vue
Sucuri/Cloudproxy,403,1,35623,Sucuri,Express
AWS,403,1,33797,AWS_WAF,React
Apache/2.4.41 (Ubuntu),403,1,24775,ModSecurity,ASP.NET
Microsoft-IIS/10.0,302,0,20474,None,ASP.NET
BigIP,302,1,11506,F5_BIG_IP,Node.js
AWS,403,1,24493,AWS_WAF,ASP.NET
LiteSpeed,404,0,2091,None,Spring_Boot
BigIP,301,1,45863,F5_BIG_IP,Laravel
Incapsula,302,1,37059,Imperva,Vue
LiteSpeed,500,0,46137,None,Spring_Boot
CloudFront,403,1,24367,AWS_WAF,WordPress
Incapsula,403,1,49514,Imperva,Spring_Boot
AWS,403,1,42453,AWS_WAF,Express
nginx/1.18.0,500,1,40964,ModSecurity,Unknown
cloudflare-nginx,200,1,22541,Cloudflare,Node.js
Incapsula,403,1,25919,Imperva,Express
nginx/1.18.0,200,1,21568,ModSecurity,Django
Sucuri/Cloudproxy,200,1,17349,Sucuri,Laravel
nginx/1.18.0,500,1,35079,ModSecurity,Vue
Sucuri/Cloudproxy,403,1,3197,Sucuri,Node.js
CloudFront,500,1,23817,AWS_WAF,Express
BIG-IP,403,1,30484,F5_BIG_IP,WordPress
Sucuri/Cloudproxy,302,1,14348,Sucuri,WordPress
LiteSpeed,301,0,7729,None,Django
Apache/2.4.41 (Ubuntu),403,1,2929,ModSecurity,WordPress
Incapsula,500,1,8930,Imperva,React
BIG-IP,403,1,41194,F5_BIG_IP,React
cloudflare,403,1,17509,Cloudflare,Unknown
Apache/2.4.41,200,0,35822,None,Django
Incapsula,200,1,31334,Imperva,WordPress
BigIP,403,1,15877,F5_BIG_IP,React
cloudflare,301,1,20244,Cloudflare,Unknown
cloudflare,500,1,20977,Cloudflare,Node.js
CloudFront,403,1,21646,AWS_WAF,Spring_Boot
Incapsula,403,1,8794,Imperva,Vue
Apache/2.4.41 (Ubuntu),500,1,26081,ModSecurity,Laravel
LiteSpeed,301,0,2200,None,Node.js
cloudflare-nginx,200,1,26279,Cloudflare,Unknown
Apache/2.4.41,301,0,11805,None,Spring_Boot
cloudflare-nginx,200,1,47720,Cloudflare,Vue
cloudflare-nginx,302,1,33550,Cloudflare,Laravel
BIG-IP,403,1,41407,F5_BIG_IP,Node.js
nginx/1.18.0,301,0,18504,None,WordPress
Apache/2.4.41 (Ubuntu),404,1,3156,ModSecurity,Node.js
BigIP,404,1,26189,F5_BIG_IP,WordPress
cloudflare-nginx,403,1,16974,Cloudflare,Unknown
Sucuri/Cloudproxy,403,1,17285,Sucuri,Laravel
Incapsula,301,1,37525,Imperva,Vue
AWS,301,1,44075,AWS_WAF,WordPress
BIG-IP,200,1,39140,F5_BIG_IP,Spring_Boot
AWS,403,1,8111,AWS_WAF,Spring_Boot
Apache/2.4.41 (Ubuntu),500,1,47612,ModSecurity,Laravel
nginx/1.18.0,301,1,3880,None,Django
nginx/1.18.0,500,1,8794,ModSecurity,WordPress
nginx/1.18.0,500,0,44271,None,Unknown
AmazonS3,403,1,6792,AWS_WAF,WordPress
BIG-IP,403,1,1944,F5_BIG_IP,Vue
AWS,200,1,44448,AWS_WAF,Spring_Boot
Sucuri/Cloudproxy,500,1,37364,Sucuri,Node.js
Apache/2.4.41,200,0,4933,None,ASP.NET
BIG-IP,500,1,15724,F5_BIG_IP,Node.js
nginx/1.18.0,302,1,1734,None,Spring_Boot
Incapsula,403,1,22210,Imperva,Express
Incapsula,200,1,22642,Imperva,React
BIG-IP,403,1,38862,F5_BIG_IP,React
Sucuri/Cloudproxy,301,1,21856,Sucuri,Spring_Boot
cloudflare-nginx,403,1,6654,Cloudflare,Spring_Boot
BigIP,404,1,8173,F5_BIG_IP,Spring_Boot
Sucuri/Cloudproxy,500,1,34544,Sucuri,Laravel
Microsoft-IIS/10.0,404,0,1945,None,Spring_Boot
AWS,302,1,20320,AWS_WAF,Laravel
cloudflare-nginx,302,1,33942,Cloudflare,Laravel
Apache/2.4.41 (Ubuntu),200,1,14805,ModSecurity,Django
AmazonS3,404,1,23165,AWS_WAF,Spring_Boot
AWS,403,1,1403,AWS_WAF,Vue
LiteSpeed,301,1,9555,None,WordPress
Sucuri/Cloudproxy,200,1,47572,Sucuri,Express
LiteSpeed,301,0,2663,None,React
Microsoft-IIS/10.0,500,1,32975,None,Express
Sucuri/Cloudproxy,301,1,40260,Sucuri,Unknown
cloudflare,404,1,39822,Cloudflare,Laravel
cloudflare,302,1,21057,Cloudflare,Node.js
BIG-IP,403,1,48947,F5_BIG_IP,Laravel
Apache/2.4.41,404,0,38785,None,Vue
AWS,301,1,13864,AWS_WAF,WordPress
Incapsula,302,1,31116,Imperva,Vue
BigIP,302,1,39228,F5_BIG_IP,Spring_Boot
Sucuri/Cloudproxy,500,1,32142,Sucuri,Express
Apache/2.4.41 (Ubuntu),302,1,24026,ModSecurity,Unknown
BigIP,301,1,31045,F5_BIG_IP,ASP.NET
Incapsula,302,1,16744,Imperva,Unknown
Sucuri/Cloudproxy,403,1,2626,Sucuri,ASP.NET
LiteSpeed,301,1,18958,None,Vue
AWS,403,1,25982,AWS_WAF,Vue
Sucuri/Cloudproxy,302,1,9874,Sucuri,Django
Apache/2.4.41 (Ubuntu),404,1,25261,ModSecurity,Node.js
Incapsula,403,1,39343,Imperva,React
cloudflare-nginx,403,1,11526,Cloudflare,ASP.NET
Apache/2.4.41 (Ubuntu),200,1,43620,ModSecurity,ASP.NET
Incapsula,301,1,4320,Imperva,Vue
cloudflare,301,1,16143,Cloudflare,Spring_Boot
Apache/2.4.41 (Ubuntu),403,1,25773,ModSecurity,React
Apache/2.4.41 (Ubuntu),301,1,27736,ModSecurity,Unknown
Incapsula,500,1,46138,Imperva,Node.js
nginx/1.18.0,200,1,7773,ModSecurity,ASP.NET
AmazonS3,403,1,3954,AWS_WAF,Laravel
Sucuri/Cloudproxy,302,1,15036,Sucuri,Vue
BIG-IP,403,1,23413,F5_BIG_IP,Spring_Boot
Incapsula,403,1,41620,Imperva,Express
nginx/1.18.0,302,1,7377,ModSecurity,Django
BIG-IP,403,1,4988,F5_BIG_IP,Unknown
cloudflare-nginx,500,1,27987,Cloudflare,Node.js
BigIP,500,1,5355,F5_BIG_IP,Django
Incapsula,403,1,40567,Imperva,Django
BIG-IP,302,1,12036,F5_BIG_IP,ASP.NET
BIG-IP,500,1,12478,F5_BIG_IP,WordPress
nginx/1.18.0,403,1,42651,ModSecurity,Django
cloudflare-nginx,404,1,20361,Cloudflare,ASP.NET
Microsoft-IIS/10.0,301,0,45948,None,WordPress
nginx/1.18.0,403,1,45503,ModSecurity,ASP.NET
nginx/1.18.0,302,1,35823,ModSecurity,Express
cloudflare,403,1,36562,Cloudflare,WordPress
Incapsula,403,1,13486,Imperva,Unknown
AmazonS3,500,1,47227,AWS_WAF,Vue
Sucuri/Cloudproxy,301,1,6307,Sucuri,Laravel
nginx/1.18.0,200,1,35791,ModSecurity,Django
BIG-IP,302,1,37481,F5_BIG_IP,Node.js
nginx/1.18.0,403,1,8368,ModSecurity,Unknown
Microsoft-IIS/10.0,200,1,19943,None,Spring_Boot
Incapsula,403,1,6582,Imperva,Vue
BigIP,302,1,48817,F5_BIG_IP,Unknown
cloudflare-nginx,403,1,39166,Cloudflare,ASP.NET
Microsoft-IIS/10.0,302,1,17823,None,Django
BIG-IP,500,1,43713,F5_BIG_IP,Node.js
Sucuri/Cloudproxy,403,1,20572,Sucuri,React
BIG-IP,403,1,45358,F5_BIG_IP,Django
nginx/1.18.0,403,1,22240,ModSecurity,Express
nginx/1.18.0,200,1,20418,ModSecurity,Vue
Apache/2.4.41 (Ubuntu),404,1,22417,ModSecurity,Spring_Boot
nginx/1.18.0,403,1,10147,ModSecurity,Vue
Apache/2.4.41,302,1,42336,None,WordPress
Apache/2.4.41 (Ubuntu),403,1,14760,ModSecurity,ASP.NET
Apache/2.4.41 (Ubuntu),302,1,4506,ModSecurity,React
AmazonS3,404,1,17014,AWS_WAF,React
BIG-IP,403,1,24117,F5_BIG_IP,Spring_Boot
BIG-IP,403,1,23339,F5_BIG_IP,Node.js
BIG-IP,403,1,33780,F5_BIG_IP,Laravel
AmazonS3,500,1,41502,AWS_WAF,React
Apache/2.4.41 (Ubuntu),302,1,30617,ModSecurity,Vue
AWS,403,1,13066,AWS_WAF,Express
Incapsula,200,1,14592,Imperva,React
cloudflare-nginx,200,1,20147,Cloudflare,ASP.NET
cloudflare,404,1,31310,Cloudflare,React
AWS,301,1,19075,AWS_WAF,React
LiteSpeed,404,1,34293,None,React
cloudflare,301,1,5795,Cloudflare,Vue
cloudflare-nginx,403,1,33460,Cloudflare,Vue
cloudflare-nginx,500,1,20418,Cloudflare,React
Incapsula,403,1,286,Imperva,Laravel
cloudflare,301,1,30528,Cloudflare,React
Sucuri/Cloudproxy,403,1,48785,Sucuri,Laravel
Incapsula,403,1,30173,Imperva,ASP.NET
cloudflare-nginx,500,1,20409,Cloudflare,Node.js
nginx/1.18.0,302,1,40747,ModSecurity,React
Sucuri/Cloudproxy,302,1,26462,Sucuri,Node.js
LiteSpeed,301,1,45489,None,Unknown
cloudflare,403,1,47580,Cloudflare,Unknown
Apache/2.4.41 (Ubuntu),403,1,7955,ModSecurity,Vue
BIG-IP,302,1,46388,F5_BIG_IP,Django
Apache/2.4.41,302,0,15905,None,Laravel
Incapsula,403,1,19205,Imperva,Laravel
AWS,404,1,9153,AWS_WAF,React
BigIP,500,1,46633,F5_BIG_IP,React
Incapsula,200,1,26231,Imperva,Django
nginx/1.18.0,404,1,11366,None,Django
Incapsula,404,1,29380,Imperva,Laravel
LiteSpeed,404,0,3785,None,Spring_Boot
cloudflare-nginx,500,1,1664,Cloudflare,Unknown
cloudflare-nginx,403,1,12807,Cloudflare,Node.js
nginx/1.18.0,500,1,48429,ModSecurity,ASP.NET
LiteSpeed,301,1,43663,None,Spring_Boot
nginx/1.18.0,500,0,27113,None,Express
BigIP,403,1,23371,F5_BIG_IP,Django
cloudflare-nginx,403,1,24026,Cloudflare,Vue
cloudflare,200,1,22331,Cloudflare,Unknown
Incapsula,301,1,3900,Imperva,Unknown
Incapsula,403,1,24066,Imperva,Django
nginx/1.18.0,500,1,6970,None,WordPress
AmazonS3,200,1,23642,AWS_WAF,Unknown
Sucuri/Cloudproxy,404,1,32317,Sucuri,Node.js
BigIP,301,1,43354,F5_BIG_IP,Vue
cloudflare,403,1,35848,Cloudflare,Express
BigIP,200,1,24894,F5_BIG_IP,React
BigIP,302,1,29410,F5_BIG_IP,ASP.NET
BigIP,301,1,10472,F5_BIG_IP,Django
nginx/1.18.0,301,1,7918,ModSecurity,Django
cloudflare-nginx,200,1,22371,Cloudflare,Laravel
CloudFront,403,1,6145,AWS_WAF,Spring_Boot
nginx/1.18.0,200,1,45742,ModSecurity,Express
LiteSpeed,301,0,2435,None,Laravel
LiteSpeed,200,0,32698,None,ASP.NET
nginx/1.18.0,500,0,48531,None,React
Apache/2.4.41 (Ubuntu),403,1,26405,ModSecurity,Node.js
Apache/2.4.41,302,0,43895,None,Node.js
Apache/2.4.41 (Ubuntu),403,1,47361,ModSecurity,Node.js
BIG-IP,403,1,18778,F5_BIG_IP,Django
Incapsula,200,1,4002,Imperva,WordPress
Incapsula,403,1,25948,Imperva,Laravel
BigIP,301,1,33782,F5_BIG_IP,React
BigIP,404,1,42969,F5_BIG_IP,Express
BigIP,302,1,8479,F5_BIG_IP,React
CloudFront,403,1,8874,AWS_WAF,Express
BigIP,200,1,37778,F5_BIG_IP,React
BIG-IP,500,1,15540,F5_BIG_IP,ASP.NET
Apache/2.4.41 (Ubuntu),403,1,16359,ModSecurity,Spring_Boot
Sucuri/Cloudproxy,500,1,47945,Sucuri,Laravel
Incapsula,403,1,24310,Imperva,Laravel
Apache/2.4.41 (Ubuntu),403,1,13080,ModSecurity,Spring_Boot
AWS,301,1,22281,AWS_WAF,Node.js
Incapsula,500,1,20678,Imperva,Spring_Boot
cloudflare-nginx,500,1,30826,Cloudflare,WordPress
cloudflare-nginx,403,1,46890,Cloudflare,React
cloudflare-nginx,500,1,41077,Cloudflare,Node.js
Incapsula,302,1,32032,Imperva,Django
BigIP,404,1,3490,F5_BIG_IP,WordPress
AWS,403,1,33204,AWS_WAF,Spring_Boot
BigIP,403,1,39439,F5_BIG_IP,ASP.NET
Incapsula,404,1,7215,Imperva,WordPress
nginx/1.18.0,500,0,19977,None,ASP.NET
AWS,404,1,1024,AWS_WAF,Laravel
BigIP,404,1,18133,F5_BIG_IP,React
cloudflare,403,1,26586,Cloudflare,Spring_Boot
Microsoft-IIS/10.0,500,0,22611,None,React
nginx/1.18.0,500,0,537,None,Spring_Boot
BIG-IP,403,1,28401,F5_BIG_IP,Laravel
Incapsula,500,1,9216,Imperva,Unknown
Microsoft-IIS/10.0,404,0,16273,None,ASP.NET
AmazonS3,302,1,40257,AWS_WAF,Vue
nginx/1.18.0,301,1,6206,ModSecurity,ASP.NET
Apache/2.4.41,404,0,34133,None,Express
AWS,301,1,34978,AWS_WAF,Laravel
Incapsula,200,1,7292,Imperva,Node.js
nginx/1.18.0,404,1,16882,ModSecurity,Node.js
cloudflare,403,1,5373,Cloudflare,Django
Incapsula,403,1,10150,Imperva,Django
AWS,200,1,8492,AWS_WAF,ASP.NET
Apache/2.4.41,500,0,38319,None,Node.js
Sucuri/Cloudproxy,403,1,10831,Sucuri,Unknown
nginx/1.18.0,301,1,26000,ModSecurity,WordPress
Apache/2.4.41 (Ubuntu),302,1,45815,ModSecurity,Express
Sucuri/Cloudproxy,302,1,44106,Sucuri,Vue
Incapsula,403,1,28484,Imperva,Vue
BIG-IP,302,1,42801,F5_BIG_IP,Django
Incapsula,301,1,47950,Imperva,ASP.NET
Incapsula,200,1,29444,Imperva,Express
Incapsula,301,1,39555,Imperva,WordPress
nginx/1.18.0,500,1,17871,ModSecurity,Vue
BigIP,301,1,13091,F5_BIG_IP,Express
LiteSpeed,404,0,8387,None,Spring_Boot
BIG-IP,500,1,46062,F5_BIG_IP,React
Incapsula,200,1,34563,Imperva,Laravel
cloudflare,200,1,15246,Cloudflare,Node.js
BIG-IP,403,1,7230,F5_BIG_IP,Vue
LiteSpeed,404,0,43720,None,Express
Incapsula,500,1,40396,Imperva,Spring_Boot
cloudflare-nginx,302,1,22043,Cloudflare,Spring_Boot
AWS,500,1,33939,AWS_WAF,ASP.NET
cloudflare-nginx,500,1,45526,Cloudflare,Laravel
cloudflare,302,1,33274,Cloudflare,ASP.NET
Incapsula,403,1,33316,Imperva,Laravel
AmazonS3,403,1,28924,AWS_WAF,ASP.NET
cloudflare-nginx,403,1,32636,Cloudflare,Laravel
cloudflare-nginx,500,1,18610,Cloudflare,ASP.NET
nginx/1.18.0,404,1,19199,ModSecurity,Spring_Boot
BIG-IP,200,1,17908,F5_BIG_IP,Node.js
cloudflare,200,1,25767,Cloudflare,Django
cloudflare,500,1,24627,Cloudflare,WordPress
Sucuri/Cloudproxy,301,1,4901,Sucuri,Vue
nginx/1.18.0,500,1,15466,ModSecurity,Django
Apache/2.4.41 (Ubuntu),404,1,5619,ModSecurity,React
nginx/1.18.0,302,0,26358,None,Express
Sucuri/Cloudproxy,302,1,24439,Sucuri,WordPress
Incapsula,403,1,36547,Imperva,WordPress
nginx/1.18.0,301,1,9401,ModSecurity,Unknown
AWS,403,1,5371,AWS_WAF,Express
CloudFront,302,1,831,AWS_WAF,ASP.NET
cloudflare-nginx,404,1,3727,Cloudflare,Node.js
Incapsula,302,1,31110,Imperva,Laravel
Sucuri/Cloudproxy,301,1,6267,Sucuri,React
CloudFront,301,1,2704,AWS_WAF,Unknown
LiteSpeed,200,0,17135,None,ASP.NET
Sucuri/Cloudproxy,301,1,2399,Sucuri,React
Incapsula,500,1,448,Imperva,Express
AmazonS3,403,1,9594,AWS_WAF,Node.js
Sucuri/Cloudproxy,302,1,25386,Sucuri,Laravel
cloudflare-nginx,403,1,20180,Cloudflare,Express
Incapsula,302,1,36068,Imperva,WordPress
Incapsula,403,1,34064,Imperva,Spring_Boot
CloudFront,403,1,20278,AWS_WAF,Node.js
BigIP,404,1,36959,F5_BIG_IP,Node.js
Apache/2.4.41 (Ubuntu),403,1,46637,ModSecurity,Unknown
AmazonS3,403,1,46005,AWS_WAF,Vue
BIG-IP,500,1,47051,F5_BIG_IP,WordPress
Sucuri/Cloudproxy,302,1,32627,Sucuri,ASP.NET
BigIP,200,1,20983,F5_BIG_IP,Unknown
BIG-IP,500,1,33767,F5_BIG_IP,Node.js
nginx/1.18.0,302,1,22863,ModSecurity,Express
AmazonS3,200,1,20177,AWS_WAF,Vue
Incapsula,403,1,894,Imperva,Node.js
Sucuri/Cloudproxy,403,1,37676,Sucuri,React
Apache/2.4.41 (Ubuntu),403,1,4116,ModSecurity,Unknown
cloudflare-nginx,301,1,38771,Cloudflare,ASP.NET
nginx/1.18.0,500,0,42496,None,Spring_Boot
Sucuri/Cloudproxy,403,1,45329,Sucuri,Laravel
cloudflare-nginx,403,1,40778,Cloudflare,Express
Microsoft-IIS/10.0,404,0,20163,None,WordPress
Apache/2.4.41 (Ubuntu),200,1,22388,ModSecurity,Express
Sucuri/Cloudproxy,301,1,19926,Sucuri,React
Apache/2.4.41 (Ubuntu),200,1,6612,ModSecurity,Unknown
cloudflare,403,1,20497,Cloudflare,Express
cloudflare,404,1,36193,Cloudflare,Express
Microsoft-IIS/10.0,200,1,32564,None,Laravel
Sucuri/Cloudproxy,200,1,26854,Sucuri,Express
BIG-IP,200,1,18466,F5_BIG_IP,Django
BigIP,403,1,34674,F5_BIG_IP,Spring_Boot
Sucuri/Cloudproxy,302,1,42729,Sucuri,Unknown
AmazonS3,403,1,40599,AWS_WAF,Unknown
AmazonS3,403,1,46062,AWS_WAF,Django
Sucuri/Cloudproxy,301,1,1769,Sucuri,Spring_Boot
cloudflare-nginx,500,1,33699,Cloudflare,Laravel
LiteSpeed,500,0,9370,None,WordPress
CloudFront,403,1,43983,AWS_WAF,ASP.NET
Incapsula,302,1,3936,Imperva,Express
LiteSpeed,301,0,28405,None,Spring_Boot
CloudFront,404,1,3744,AWS_WAF,Spring_Boot
cloudflare-nginx,404,1,12941,Cloudflare,WordPress
AWS,301,1,35180,AWS_WAF,ASP.NET
CloudFront,403,1,36918,AWS_WAF,ASP.NET
AWS,403,1,10731,AWS_WAF,Django
cloudflare,500,1,25042,Cloudflare,WordPress
nginx/1.18.0,200,1,11628,ModSecurity,Spring_Boot
AWS,403,1,8761,AWS_WAF,React
BigIP,200,1,43277,F5_BIG_IP,Spring_Boot
Sucuri/Cloudproxy,403,1,3970,Sucuri,React
AWS,302,1,125,AWS_WAF,WordPress
nginx/1.18.0,500,0,47178,None,Express
BigIP,403,1,17206,F5_BIG_IP,Express
BIG-IP,404,1,31158,F5_BIG_IP,ASP.NET
Sucuri/Cloudproxy,403,1,16528,Sucuri,React
Sucuri/Cloudproxy,404,1,20233,Sucuri,Unknown
AWS,403,1,7628,AWS_WAF,Spring_Boot
cloudflare,403,1,18362,Cloudflare,Unknown
Sucuri/Cloudproxy,200,1,11407,Sucuri,Vue
cloudflare,301,1,21930,Cloudflare,React
Sucuri/Cloudproxy,500,1,41271,Sucuri,React
Apache/2.4.41,404,1,2192,None,Django
BIG-IP,301,1,1240,F5_BIG_IP,Django
Sucuri/Cloudproxy,200,1,12790,Sucuri,Express
Incapsula,403,1,6826,Imperva,Express
cloudflare,500,1,35649,Cloudflare,Unknown
LiteSpeed,200,0,47820,None,WordPress
cloudflare,302,1,17039,Cloudflare,Vue
cloudflare,403,1,1046,Cloudflare,React
BIG-IP,403,1,33365,F5_BIG_IP,Spring_Boot
BigIP,302,1,26453,F5_BIG_IP,React
Sucuri/Cloudproxy,404,1,47712,Sucuri,Express
Sucuri/Cloudproxy,200,1,24570,Sucuri,ASP.NET
BIG-IP,404,1,34867,F5_BIG_IP,Node.js
Apache/2.4.41 (Ubuntu),301,1,8663,ModSecurity,WordPress
Incapsula,301,1,36631,Imperva,Spring_Boot
cloudflare-nginx,404,1,39852,Cloudflare,WordPress
nginx/1.18.0,200,0,15313,None,WordPress
cloudflare,301,1,19141,Cloudflare,Django
nginx/1.18.0,500,0,34517,None,Django
nginx/1.18.0,500,1,28648,ModSecurity,Spring_Boot
Sucuri/Cloudproxy,200,1,44498,Sucuri,Unknown
AWS,302,1,24208,AWS_WAF,React
nginx/1.18.0,302,1,30627,ModSecurity,Django
Sucuri/Cloudproxy,302,1,49667,Sucuri,Laravel
BigIP,200,1,23624,F5_BIG_IP,Express
cloudflare,403,1,5631,Cloudflare,Node.js
LiteSpeed,404,0,13023,None,Node.js
BigIP,403,1,4579,F5_BIG_IP,Unknown
Apache/2.4.41 (Ubuntu),403,1,8468,ModSecurity,Django
nginx/1.18.0,301,1,3819,ModSecurity,Express
CloudFront,403,1,33910,AWS_WAF,Django
BigIP,200,1,32915,F5_BIG_IP,Express
nginx/1.18.0,404,0,25764,None,Laravel
Incapsula,403,1,30735,Imperva,WordPress
Sucuri/Cloudproxy,403,1,11984,Sucuri,React
BIG-IP,301,1,44140,F5_BIG_IP,Laravel
BIG-IP,404,1,6130,F5_BIG_IP,Unknown
Incapsula,403,1,31312,Imperva,Laravel
Incapsula,403,1,9551,Imperva,Unknown
cloudflare-nginx,403,1,48394,Cloudflare,Unknown
nginx/1.18.0,301,1,32611,ModSecurity,React
CloudFront,403,1,14470,AWS_WAF,Django
AWS,301,1,47197,AWS_WAF,Express
CloudFront,200,1,23959,AWS_WAF,React
Incapsula,500,1,40633,Imperva,Unknown
BIG-IP,403,1,45758,F5_BIG_IP,React
AmazonS3,403,1,25432,AWS_WAF,Laravel
Incapsula,403,1,32937,Imperva,React
Apache/2.4.41,302,0,6313,None,WordPress
nginx/1.18.0,301,1,46684,None,Laravel
cloudflare,301,1,36296,Cloudflare,Vue
Sucuri/Cloudproxy,500,1,42267,Sucuri,Unknown
cloudflare-nginx,200,1,24086,Cloudflare,Spring_Boot
Incapsula,403,1,5836,Imperva,Express
Incapsula,200,1,3037,Imperva,ASP.NET
Microsoft-IIS/10.0,404,0,23296,None,WordPress
nginx/1.18.0,301,0,5304,None,Unknown
Sucuri/Cloudproxy,403,1,29958,Sucuri,ASP.NET
Sucuri/Cloudproxy,403,1,47062,Sucuri,WordPress
nginx/1.18.0,200,1,11832,ModSecurity,Spring_Boot
cloudflare,404,1,49237,Cloudflare,Laravel
Incapsula,301,1,40525,Imperva,Django
BIG-IP,404,1,13277,F5_BIG_IP,Vue
Incapsula,301,1,5074,Imperva,Vue
Sucuri/Cloudproxy,302,1,35779,Sucuri,Vue
CloudFront,403,1,5402,AWS_WAF,React
LiteSpeed,404,0,21782,None,Express
nginx/1.18.0,500,0,3524,None,Vue
Microsoft-IIS/10.0,404,0,1765,None,React
Sucuri/Cloudproxy,403,1,10663,Sucuri,Laravel
Apache/2.4.41,301,1,46666,None,WordPress
Incapsula,500,1,34398,Imperva,Unknown
AWS,403,1,15494,AWS_WAF,Laravel
nginx/1.18.0,403,1,36125,ModSecurity,Node.js
AWS,403,1,3359,AWS_WAF,Unknown
Microsoft-IIS/10.0,302,1,16499,None,Spring_Boot
AWS,302,1,38951,AWS_WAF,Vue
BigIP,500,1,48493,F5_BIG_IP,WordPress
BigIP,301,1,25902,F5_BIG_IP,Django
nginx/1.18.0,403,1,18534,ModSecurity,Django
BIG-IP,301,1,18739,F5_BIG_IP,WordPress
AWS,403,1,18484,AWS_WAF,ASP.NET
LiteSpeed,500,1,29819,None,Unknown
Incapsula,403,1,12967,Imperva,Vue
Microsoft-IIS/10.0,301,1,37740,None,Spring_Boot
BIG-IP,200,1,37928,F5_BIG_IP,Laravel
cloudflare,200,1,40016,Cloudflare,React
BIG-IP,403,1,25695,F5_BIG_IP,WordPress
LiteSpeed,404,1,8831,None,ASP.NET
BIG-IP,200,1,37068,F5_BIG_IP,Express
BigIP,301,1,37424,F5_BIG_IP,Django
Incapsula,403,1,4880,Imperva,Unknown
cloudflare-nginx,403,1,8415,Cloudflare,Express
BigIP,403,1,2815,F5_BIG_IP,ASP.NET
BigIP,301,1,2961,F5_BIG_IP,Django
Apache/2.4.41,200,0,5299,None,Unknown
Incapsula,301,1,10756,Imperva,Django
cloudflare,404,1,14353,Cloudflare,Node.js
CloudFront,500,1,4981,AWS_WAF,Unknown
cloudflare-nginx,500,1,16147,Cloudflare,Spring_Boot
AmazonS3,302,1,11629,AWS_WAF,Vue
Sucuri/Cloudproxy,404,1,33043,Sucuri,Node.js
Sucuri/Cloudproxy,200,1,27507,Sucuri,Vue
LiteSpeed,500,0,9682,None,Node.js
Apache/2.4.41 (Ubuntu),200,1,1782,ModSecurity,React
Apache/2.4.41,301,0,39716,None,ASP.NET
Incapsula,301,1,44408,Imperva,WordPress
BIG-IP,302,1,12449,F5_BIG_IP,WordPress
Apache/2.4.41 (Ubuntu),301,1,43575,ModSecurity,Node.js
Incapsula,404,1,12392,Imperva,Node.js
BigIP,301,1,31656,F5_BIG_IP,Unknown
Incapsula,404,1,29023,Imperva,WordPress
Incapsula,403,1,29764,Imperva,Vue
AmazonS3,301,1,49642,AWS_WAF,ASP.NET
Sucuri/Cloudproxy,200,1,43361,Sucuri,WordPress
CloudFront,200,1,9860,AWS_WAF,Vue
cloudflare,403,1,22284,Cloudflare,Django
AmazonS3,500,1,43249,AWS_WAF,Unknown
CloudFront,301,1,3678,AWS_WAF,ASP.NET
cloudflare,200,1,13717,Cloudflare,Vue
Apache/2.4.41 (Ubuntu),200,1,12035,ModSecurity,Django
Apache/2.4.41 (Ubuntu),404,1,18604,ModSecurity,Express
Apache/2.4.41,404,0,43465,None,Vue
Sucuri/Cloudproxy,403,1,4201,Sucuri,Express
Incapsula,403,1,7927,Imperva,Node.js
cloudflare-nginx,403,1,29049,Cloudflare,ASP.NET
Apache/2.4.41,301,0,4766,None,Vue
cloudflare-nginx,403,1,46322,Cloudflare,Node.js
AWS,403,1,32132,AWS_WAF,WordPress
CloudFront,404,1,38729,AWS_WAF,Express
cloudflare,403,1,16753,Cloudflare,Vue
nginx/1.18.0,404,0,28795,None,Django
LiteSpeed,200,0,2539,None,Node.js
Sucuri/Cloudproxy,200,1,19035,Sucuri,Django
cloudflare-nginx,403,1,15329,Cloudflare,Express
cloudflare,404,1,15220,Cloudflare,Laravel
Apache/2.4.41,302,1,41866,None,WordPress
Sucuri/Cloudproxy,403,1,11022,Sucuri,Unknown
Sucuri/Cloudproxy,404,1,20450,Sucuri,Node.js
Sucuri/Cloudproxy,500,1,44469,Sucuri,Vue
cloudflare,403,1,17387,Cloudflare,Express
Incapsula,301,1,4293,Imperva,Laravel
cloudflare-nginx,403,1,45612,Cloudflare,Spring_Boot
Incapsula,403,1,30226,Imperva,WordPress
cloudflare,403,1,12872,Cloudflare,Spring_Boot
AWS,200,1,18594,AWS_WAF,Express
Incapsula,403,1,28570,Imperva,Node.js
cloudflare,404,1,14733,Cloudflare,WordPress
Microsoft-IIS/10.0,301,0,32971,None,Unknown
cloudflare-nginx,200,1,12869,Cloudflare,WordPress
cloudflare,403,1,11394,Cloudflare,Laravel
cloudflare-nginx,403,1,18728,Cloudflare,WordPress
CloudFront,200,1,22467,AWS_WAF,Express
Sucuri/Cloudproxy,301,1,35294,Sucuri,WordPress
Sucuri/Cloudproxy,403,1,18968,Sucuri,Express
Sucuri/Cloudproxy,301,1,46890,Sucuri,WordPress
Sucuri/Cloudproxy,403,1,30790,Sucuri,Django
cloudflare-nginx,500,1,15078,Cloudflare,Node.js
CloudFront,404,1,5256,AWS_WAF,Express
AWS,403,1,17493,AWS_WAF,React
Incapsula,403,1,47610,Imperva,React
Sucuri/Cloudproxy,301,1,20574,Sucuri,Django
BigIP,200,1,11296,F5_BIG_IP,ASP.NET
Microsoft-IIS/10.0,301,1,31048,None,Unknown
Microsoft-IIS/10.0,500,1,35333,None,Spring_Boot
nginx/1.18.0,500,0,13359,None,Django
cloudflare,403,1,24388,Cloudflare,Node.js
Incapsula,403,1,30872,Imperva,Laravel
nginx/1.18.0,404,0,25100,None,Laravel
nginx/1.18.0,301,1,32893,ModSecurity,React
Sucuri/Cloudproxy,403,1,44780,Sucuri,WordPress
Apache/2.4.41 (Ubuntu),302,1,23336,ModSecurity,Spring_Boot
nginx/1.18.0,500,0,7951,None,Unknown
Incapsula,500,1,16940,Imperva,Node.js
Incapsula,301,1,37697,Imperva,Express
nginx/1.18.0,500,0,30117,None,Vue
BigIP,301,1,22364,F5_BIG_IP,Vue
Microsoft-IIS/10.0,404,1,3515,None,Node.js
Apache/2.4.41,500,1,42322,None,React
AWS,301,1,26591,AWS_WAF,WordPress
Sucuri/Cloudproxy,200,1,30419,Sucuri,WordPress
CloudFront,302,1,24827,AWS_WAF,WordPress
BigIP,403,1,41213,F5_BIG_IP,Spring_Boot
Incapsula,200,1,29578,Imperva,Django
LiteSpeed,301,0,39090,None,ASP.NET
Microsoft-IIS/10.0,404,1,12827,None,Express
Sucuri/Cloudproxy,200,1,36762,Sucuri,Node.js
Incapsula,403,1,45645,Imperva,Node.js
Sucuri/Cloudproxy,403,1,8666,Sucuri,Unknown
Incapsula,403,1,25874,Imperva,Express
CloudFront,403,1,17628,AWS_WAF,Spring_Boot
cloudflare,403,1,36568,Cloudflare,Django
cloudflare,500,1,6468,Cloudflare,Node.js
Sucuri/Cloudproxy,500,1,13521,Sucuri,Unknown
Sucuri/Cloudproxy,404,1,28757,Sucuri,Spring_Boot
Sucuri/Cloudproxy,500,1,10001,Sucuri,Vue
LiteSpeed,404,0,6060,None,ASP.NET
Microsoft-IIS/10.0,404,0,40842,None,Unknown
nginx/1.18.0,500,1,9609,ModSecurity,Node.js
Incapsula,404,1,43077,Imperva,Unknown
Incapsula,404,1,15837,Imperva,React
nginx/1.18.0,403,1,20990,ModSecurity,Node.js
BigIP,403,1,8113,F5_BIG_IP,Express
nginx/1.18.0,403,1,11745,ModSecurity,WordPress
cloudflare,200,1,9855,Cloudflare,React
cloudflare,404,1,29609,Cloudflare,React
BIG-IP,200,1,45609,F5_BIG_IP,Unknown
Sucuri/Cloudproxy,500,1,48257,Sucuri,WordPress
cloudflare-nginx,200,1,6221,Cloudflare,Django
cloudflare-nginx,403,1,10403,Cloudflare,Laravel
BIG-IP,403,1,12368,F5_BIG_IP,ASP.NET
AWS,403,1,8194,AWS_WAF,Vue
cloudflare,500,1,15572,Cloudflare,Express
AWS,404,1,7435,AWS_WAF,WordPress
CloudFront,200,1,405,AWS_WAF,Unknown
cloudflare-nginx,200,1,10339,Cloudflare,Laravel
nginx/1.18.0,301,1,38619,ModSecurity,ASP.NET
Sucuri/Cloudproxy,404,1,17053,Sucuri,Vue
Apache/2.4.41,302,0,28953,None,WordPress
Microsoft-IIS/10.0,302,0,22976,None,React
cloudflare,403,1,33471,Cloudflare,Node.js
Incapsula,404,1,46134,Imperva,React
Sucuri/Cloudproxy,301,1,20800,Sucuri,Unknown
BigIP,500,1,6993,F5_BIG_IP,Express
nginx/1.18.0,500,1,44572,ModSecurity,Express
cloudflare-nginx,403,1,30136,Cloudflare,Express
Sucuri/Cloudproxy,403,1,40742,Sucuri,Django
Microsoft-IIS/10.0,301,1,21692,None,WordPress
Sucuri/Cloudproxy,301,1,2746,Sucuri,Node.js
BigIP,403,1,20949,F5_BIG_IP,Node.js
nginx/1.18.0,403,1,15169,ModSecurity,Vue
nginx/1.18.0,404,0,21719,None,Vue
AWS,403,1,7291,AWS_WAF,React
BIG-IP,302,1,6791,F5_BIG_IP,Node.js
BigIP,403,1,49374,F5_BIG_IP,Laravel
cloudflare-nginx,500,1,19432,Cloudflare,Vue
CloudFront,403,1,14762,AWS_WAF,WordPress
Incapsula,301,1,32261,Imperva,Express
Incapsula,200,1,43729,Imperva,Django
CloudFront,500,1,16025,AWS_WAF,Unknown
Sucuri/Cloudproxy,403,1,8182,Sucuri,ASP.NET
cloudflare,404,1,15878,Cloudflare,Unknown
AmazonS3,404,1,5722,AWS_WAF,React
Sucuri/Cloudproxy,200,1,16122,Sucuri,ASP.NET
AWS,403,1,48650,AWS_WAF,Laravel
Sucuri/Cloudproxy,403,1,44230,Sucuri,Spring_Boot
AWS,500,1,6596,AWS_WAF,WordPress
BigIP,200,1,26003,F5_BIG_IP,Spring_Boot
CloudFront,302,1,10795,AWS_WAF,Unknown
Sucuri/Cloudproxy,403,1,27900,Sucuri,Unknown
cloudflare-nginx,403,1,31711,Cloudflare,Django
BIG-IP,403,1,49269,F5_BIG_IP,Express
nginx/1.18.0,403,1,28132,ModSecurity,Vue
LiteSpeed,302,0,22809,None,Node.js
BigIP,301,1,18447,F5_BIG_IP,Express
CloudFront,500,1,31801,AWS_WAF,Express
Sucuri/Cloudproxy,500,1,28139,Sucuri,React
BigIP,403,1,33786,F5_BIG_IP,Laravel
BIG-IP,500,1,44409,F5_BIG_IP,Laravel
Apache/2.4.41,301,1,12359,None,Spring_Boot
Incapsula,403,1,26353,Imperva,React
Apache/2.4.41 (Ubuntu),403,1,10985,ModSecurity,Unknown
nginx/1.18.0,403,1,9581,ModSecurity,Unknown
Incapsula,200,1,43170,Imperva,Unknown
Apache/2.4.41 (Ubuntu),403,1,28861,ModSecurity,Unknown
cloudflare,200,1,47171,Cloudflare,React
BigIP,500,1,46740,F5_BIG_IP,Laravel
Apache/2.4.41,500,0,7612,None,Laravel
Apache/2.4.41 (Ubuntu),500,1,17289,ModSecurity,Vue
Apache/2.4.41 (Ubuntu),403,1,39423,ModSecurity,ASP.NET
nginx/1.18.0,301,1,7718,ModSecurity,ASP.NET
Incapsula,403,1,44973,Imperva,Express
Incapsula,200,1,39307,Imperva,Unknown
Incapsula,403,1,1706,Imperva,WordPress
Apache/2.4.41 (Ubuntu),200,1,6577,ModSecurity,Spring_Boot
cloudflare-nginx,301,1,31103,Cloudflare,Unknown
Sucuri/Cloudproxy,404,1,6414,Sucuri,Node.js
Microsoft-IIS/10.0,301,0,45825,None,Node.js
Sucuri/Cloudproxy,302,1,33510,Sucuri,Spring_Boot
BigIP,500,1,36090,F5_BIG_IP,Express
nginx/1.18.0,403,1,32081,ModSecurity,Express
Incapsula,301,1,12813,Imperva,React
BigIP,403,1,36324,F5_BIG_IP,Django
AWS,404,1,40097,AWS_WAF,Spring_Boot
Apache/2.4.41 (Ubuntu),403,1,16756,ModSecurity,Unknown
nginx/1.18.0,302,1,32970,None,Django
Sucuri/Cloudproxy,301,1,42946,Sucuri,ASP.NET
Sucuri/Cloudproxy,301,1,45435,Sucuri,Unknown
BIG-IP,500,1,19012,F5_BIG_IP,Laravel
Sucuri/Cloudproxy,403,1,10436,Sucuri,Django
AmazonS3,403,1,39344,AWS_WAF,React
cloudflare-nginx,403,1,40197,Cloudflare,Node.js
LiteSpeed,302,0,41389,None,React
AmazonS3,500,1,11653,AWS_WAF,WordPress
Microsoft-IIS/10.0,302,0,45833,None,Vue
Apache/2.4.41,500,0,26189,None,WordPress
LiteSpeed,404,0,30049,None,Laravel
LiteSpeed,404,0,19202,None,ASP.NET
nginx/1.18.0,404,0,36736,None,Vue
BIG-IP,403,1,25971,F5_BIG_IP,Node.js
BIG-IP,403,1,31259,F5_BIG_IP,Django
Incapsula,302,1,32396,Imperva,Django
BIG-IP,403,1,39083,F5_BIG_IP,Django
Apache/2.4.41 (Ubuntu),403,1,17631,ModSecurity,ASP.NET
CloudFront,403,1,41350,AWS_WAF,React
Apache/2.4.41 (Ubuntu),500,1,48664,ModSecurity,ASP.NET
cloudflare,404,1,14532,Cloudflare,Spring_Boot
Sucuri/Cloudproxy,301,1,47359,Sucuri,Node.js
nginx/1.18.0,302,1,15652,ModSecurity,WordPress
AmazonS3,403,1,19947,AWS_WAF,Laravel
BigIP,403,1,14943,F5_BIG_IP,Vue
Incapsula,403,1,1855,Imperva,React
nginx/1.18.0,403,1,38361,ModSecurity,Express
Incapsula,403,1,3592,Imperva,WordPress
BigIP,404,1,15453,F5_BIG_IP,React
Sucuri/Cloudproxy,403,1,38011,Sucuri,ASP.NET
nginx/1.18.0,302,1,40231,ModSecurity,Django
Sucuri/Cloudproxy,301,1,10336,Sucuri,Node.js
cloudflare,301,1,10963,Cloudflare,React
nginx/1.18.0,404,1,13025,ModSecurity,React
LiteSpeed,302,0,27153,None,Express
BIG-IP,403,1,5854,F5_BIG_IP,Django
Apache/2.4.41 (Ubuntu),500,1,7348,ModSecurity,Vue
nginx/1.18.0,403,1,48185,ModSecurity,Vue
Apache/2.4.41 (Ubuntu),301,1,40305,ModSecurity,Vue
Microsoft-IIS/10.0,301,0,14466,None,Vue
Apache/2.4.41,301,1,23111,None,WordPress
Sucuri/Cloudproxy,403,1,36238,Sucuri,Laravel
BIG-IP,404,1,25118,F5_BIG_IP,Laravel
BigIP,404,1,7201,F5_BIG_IP,Unknown
AWS,403,1,27434,AWS_WAF,Django
LiteSpeed,301,0,33763,None,Unknown
nginx/1.18.0,404,1,15559,ModSecurity,ASP.NET
nginx/1.18.0,403,1,23864,ModSecurity,React
nginx/1.18.0,200,1,44339,ModSecurity,Laravel
AWS,200,1,5350,AWS_WAF,Express
Sucuri/Cloudproxy,403,1,1837,Sucuri,Express
Apache/2.4.41,301,0,17468,None,Django
Sucuri/Cloudproxy,200,1,23897,Sucuri,Spring_Boot
Sucuri/Cloudproxy,403,1,36217,Sucuri,Express
AmazonS3,403,1,43625,AWS_WAF,Django
Incapsula,403,1,45279,Imperva,Django
CloudFront,302,1,15649,AWS_WAF,Laravel
BigIP,500,1,48831,F5_BIG_IP,React
Incapsula,200,1,45979,Imperva,Node.js
BigIP,200,1,2416,F5_BIG_IP,Unknown
nginx/1.18.0,302,1,5145,None,Node.js
AWS,301,1,47962,AWS_WAF,React
Incapsula,500,1,12603,Imperva,Vue
BIG-IP,403,1,36800,F5_BIG_IP,ASP.NET
nginx/1.18.0,200,1,13102,ModSecurity,Express
Sucuri/Cloudproxy,404,1,10184,Sucuri,Node.js
Sucuri/Cloudproxy,301,1,20928,Sucuri,Django
Incapsula,404,1,24137,Imperva,React
Sucuri/Cloudproxy,403,1,3958,Sucuri,ASP.NET
CloudFront,500,1,37626,AWS_WAF,Vue
Sucuri/Cloudproxy,500,1,47762,Sucuri,Express
Apache/2.4.41 (Ubuntu),500,1,23840,ModSecurity,Django
AmazonS3,301,1,36535,AWS_WAF,WordPress
LiteSpeed,200,1,29289,None,Django
AmazonS3,404,1,9985,AWS_WAF,Unknown
AmazonS3,500,1,11446,AWS_WAF,Express
cloudflare-nginx,200,1,23790,Cloudflare,WordPress
cloudflare-nginx,302,1,28377,Cloudflare,Vue
Microsoft-IIS/10.0,302,0,39919,None,WordPress
Sucuri/Cloudproxy,403,1,18040,Sucuri,Unknown
Microsoft-IIS/10.0,302,0,9889,None,Node.js
BIG-IP,301,1,36546,F5_BIG_IP,Express
Microsoft-IIS/10.0,500,0,21658,None,Django
AmazonS3,403,1,2339,AWS_WAF,Express
BIG-IP,301,1,23564,F5_BIG_IP,Vue
nginx/1.18.0,404,1,27182,None,Express
Apache/2.4.41,200,1,33273,None,React
BIG-IP,404,1,42854,F5_BIG_IP,Express
AmazonS3,403,1,12072,AWS_WAF,Django
BigIP,302,1,49639,F5_BIG_IP,React
Apache/2.4.41,200,0,29494,None,Django
Sucuri/Cloudproxy,500,1,16269,Sucuri,Vue
Sucuri/Cloudproxy,403,1,3963,Sucuri,React
cloudflare-nginx,500,1,35930,Cloudflare,Unknown
Incapsula,404,1,44697,Imperva,Vue
Microsoft-IIS/10.0,404,0,47461,None,WordPress
BIG-IP,302,1,41119,F5_BIG_IP,Django
Sucuri/Cloudproxy,403,1,14364,Sucuri,ASP.NET
Sucuri/Cloudproxy,403,1,1695,Sucuri,Vue
Apache/2.4.41 (Ubuntu),500,1,38339,ModSecurity,Express
Incapsula,403,1,47284,Imperva,Unknown
Sucuri/Cloudproxy,200,1,15657,Sucuri,Vue
Microsoft-IIS/10.0,301,0,30970,None,Node.js
cloudflare-nginx,404,1,47323,Cloudflare,ASP.NET
cloudflare-nginx,404,1,49457,Cloudflare,Unknown
cloudflare-nginx,403,1,13896,Cloudflare,Laravel
Incapsula,500,1,27924,Imperva,ASP.NET
Sucuri/Cloudproxy,302,1,31585,Sucuri,Express
cloudflare,404,1,35829,Cloudflare,React
cloudflare,302,1,6782,Cloudflare,WordPress
cloudflare-nginx,200,1,425,Cloudflare,Spring_Boot
AWS,301,1,42259,AWS_WAF,Spring_Boot
Microsoft-IIS/10.0,200,1,34385,None,React
Apache/2.4.41 (Ubuntu),200,1,37789,ModSecurity,Spring_Boot
BIG-IP,404,1,23971,F5_BIG_IP,Django
Apache/2.4.41,301,1,8691,None,Express
nginx/1.18.0,302,1,31884,ModSecurity,React
Sucuri/Cloudproxy,403,1,4133,Sucuri,Vue
nginx/1.18.0,200,0,951,None,Node.js
cloudflare-nginx,500,1,14595,Cloudflare,Express
Incapsula,200,1,1436,Imperva,Express
AmazonS3,403,1,43484,AWS_WAF,Unknown
Incapsula,403,1,29419,Imperva,Express
Incapsula,302,1,49811,Imperva,Laravel
CloudFront,301,1,41313,AWS_WAF,Laravel
Sucuri/Cloudproxy,403,1,28223,Sucuri,Laravel
AWS,403,1,36077,AWS_WAF,ASP.NET
AWS,500,1,36077,AWS_WAF,Spring_Boot
cloudflare-nginx,403,1,34611,Cloudflare,Unknown
Incapsula,302,1,43932,Imperva,Vue
Apache/2.4.41 (Ubuntu),500,1,41089,ModSecurity,Vue
Apache/2.4.41 (Ubuntu),403,1,25580,ModSecurity,ASP.NET
Sucuri/Cloudproxy,301,1,25167,Sucuri,WordPress
cloudflare-nginx,403,1,26675,Cloudflare,Unknown
AWS,403,1,24467,AWS_WAF,Unknown
BIG-IP,500,1,32063,F5_BIG_IP,Laravel
nginx/1.18.0,302,1,41158,ModSecurity,Unknown
CloudFront,200,1,48683,AWS_WAF,WordPress
LiteSpeed,404,0,26660,None,Vue
cloudflare,200,1,10839,Cloudflare,ASP.NET
Sucuri/Cloudproxy,500,1,10108,Sucuri,WordPress
Apache/2.4.41,302,0,2864,None,React
AmazonS3,404,1,15818,AWS_WAF,Node.js
Sucuri/Cloudproxy,301,1,42655,Sucuri,Spring_Boot
Sucuri/Cloudproxy,301,1,33019,Sucuri,Node.js
AmazonS3,302,1,15003,AWS_WAF,React
cloudflare,302,1,46130,Cloudflare,Vue
AmazonS3,403,1,39909,AWS_WAF,Node.js
nginx/1.18.0,200,1,48893,ModSecurity,Node.js
nginx/1.18.0,500,1,27637,None,WordPress
nginx/1.18.0,301,0,41559,None,Express
cloudflare,301,1,25156,Cloudflare,WordPress
Incapsula,302,1,22278,Imperva,Unknown
BigIP,403,1,10100,F5_BIG_IP,Spring_Boot
BIG-IP,302,1,6888,F5_BIG_IP,ASP.NET
AWS,404,1,43953,AWS_WAF,Vue
BigIP,500,1,3891,F5_BIG_IP,Django
BIG-IP,302,1,16428,F5_BIG_IP,Vue
Apache/2.4.41 (Ubuntu),404,1,17235,ModSecurity,ASP.NET
CloudFront,500,1,47471,AWS_WAF,Vue
Sucuri/Cloudproxy,302,1,29732,Sucuri,Django
AmazonS3,302,1,28617,AWS_WAF,Vue
AmazonS3,302,1,32092,AWS_WAF,WordPress
Incapsula,302,1,47722,Imperva,Vue
cloudflare,301,1,33686,Cloudflare,Node.js
Sucuri/Cloudproxy,301,1,37458,Sucuri,Django
nginx/1.18.0,301,1,39487,ModSecurity,WordPress
Microsoft-IIS/10.0,500,0,33573,None,Unknown
Incapsula,500,1,14741,Imperva,Django
BigIP,301,1,34481,F5_BIG_IP,Node.js
Sucuri/Cloudproxy,404,1,28468,Sucuri,Express
nginx/1.18.0,403,1,22215,ModSecurity,Node.js
cloudflare-nginx,403,1,38716,Cloudflare,Node.js
cloudflare-nginx,403,1,25289,Cloudflare,Django
AmazonS3,404,1,45645,AWS_WAF,Django
Incapsula,403,1,48189,Imperva,WordPress
cloudflare-nginx,301,1,7621,Cloudflare,WordPress
Sucuri/Cloudproxy,500,1,298,Sucuri,Spring_Boot
CloudFront,403,1,14127,AWS_WAF,ASP.NET
Incapsula,200,1,33491,Imperva,WordPress
BIG-IP,404,1,42176,F5_BIG_IP,WordPress
AWS,403,1,21370,AWS_WAF,Unknown
BigIP,403,1,38574,F5_BIG_IP,Django
BigIP,403,1,28929,F5_BIG_IP,Laravel
cloudflare,302,1,35380,Cloudflare,WordPress
Sucuri/Cloudproxy,200,1,24898,Sucuri,React
Incapsula,500,1,26061,Imperva,React
Incapsula,403,1,1533,Imperva,Express
nginx/1.18.0,403,1,47826,ModSecurity,Laravel
nginx/1.18.0,302,0,29657,None,Spring_Boot
BIG-IP,500,1,24545,F5_BIG_IP,Laravel
Apache/2.4.41 (Ubuntu),403,1,26332,ModSecurity,Laravel
cloudflare,301,1,48395,Cloudflare,Spring_Boot
nginx/1.18.0,403,1,20156,ModSecurity,WordPress
Sucuri/Cloudproxy,403,1,5058,Sucuri,Vue
AWS,404,1,46974,AWS_WAF,Spring_Boot
Sucuri/Cloudproxy,403,1,37894,Sucuri,React
LiteSpeed,500,0,44769,None,Express
AWS,403,1,14322,AWS_WAF,WordPress
AWS,500,1,43445,AWS_WAF,Spring_Boot
cloudflare,403,1,18942,Cloudflare,Node.js
nginx/1.18.0,301,1,24991,ModSecurity,Express
Apache/2.4.41 (Ubuntu),403,1,7802,ModSecurity,React
AWS,500,1,6750,AWS_WAF,Vue
Apache/2.4.41 (Ubuntu),403,1,14976,ModSecurity,WordPress
cloudflare-nginx,403,1,16608,Cloudflare,ASP.NET
Incapsula,403,1,5519,Imperva,ASP.NET
Apache/2.4.41 (Ubuntu),403,1,48191,ModSecurity,React
nginx/1.18.0,200,1,45787,ModSecurity,Vue
Sucuri/Cloudproxy,404,1,23619,Sucuri,Django
BigIP,500,1,41089,F5_BIG_IP,React
BigIP,404,1,19434,F5_BIG_IP,Unknown
nginx/1.18.0,500,1,2595,ModSecurity,ASP.NET
Sucuri/Cloudproxy,404,1,47666,Sucuri,Laravel
Incapsula,200,1,45360,Imperva,WordPress
AWS,302,1,15868,AWS_WAF,Unknown
Apache/2.4.41,200,1,31690,None,React
BIG-IP,302,1,10178,F5_BIG_IP,Express
Incapsula,301,1,43281,Imperva,Django
nginx/1.18.0,404,1,47676,ModSecurity,WordPress
Sucuri/Cloudproxy,404,1,26530,Sucuri,Express
AmazonS3,302,1,23685,AWS_WAF,Django
Sucuri/Cloudproxy,403,1,4214,Sucuri,WordPress
cloudflare,403,1,40532,Cloudflare,Spring_Boot
Incapsula,302,1,27853,Imperva,Spring_Boot
BigIP,404,1,41259,F5_BIG_IP,Express
Incapsula,301,1,40011,Imperva,Vue
Incapsula,302,1,26795,Imperva,ASP.NET
cloudflare-nginx,403,1,44204,Cloudflare,Vue
Incapsula,302,1,27195,Imperva,WordPress
Microsoft-IIS/10.0,404,0,47326,None,Spring_Boot
Sucuri/Cloudproxy,302,1,28122,Sucuri,Node.js
Sucuri/Cloudproxy,301,1,23895,Sucuri,Vue
cloudflare-nginx,500,1,19505,Cloudflare,Node.js
nginx/1.18.0,403,1,18424,ModSecurity,Spring_Boot
nginx/1.18.0,301,0,38581,None,ASP.NET
Apache/2.4.41 (Ubuntu),404,1,620,ModSecurity,Vue
Apache/2.4.41 (Ubuntu),301,1,34444,ModSecurity,Express
Incapsula,404,1,2456,Imperva,ASP.NET
cloudflare-nginx,403,1,28939,Cloudflare,WordPress
cloudflare,403,1,23826,Cloudflare,Unknown
BIG-IP,302,1,6994,F5_BIG_IP,Django
nginx/1.18.0,301,0,22599,None,Express
Incapsula,403,1,37049,Imperva,Unknown
Microsoft-IIS/10.0,500,1,28002,None,Express
Microsoft-IIS/10.0,404,1,13336,None,WordPress
Sucuri/Cloudproxy,403,1,31039,Sucuri,Unknown
AWS,403,1,42900,AWS_WAF,Django
Microsoft-IIS/10.0,404,0,26779,None,ASP.NET
BIG-IP,403,1,43817,F5_BIG_IP,React
Sucuri/Cloudproxy,302,1,48232,Sucuri,Django
cloudflare,200,1,8804,Cloudflare,Unknown
cloudflare-nginx,500,1,14112,Cloudflare,Spring_Boot
Apache/2.4.41 (Ubuntu),200,1,21648,ModSecurity,Django
AWS,301,1,4594,AWS_WAF,Vue
AWS,403,1,47492,AWS_WAF,Vue
BigIP,403,1,42362,F5_BIG_IP,React
Incapsula,403,1,189,Imperva,WordPress
Microsoft-IIS/10.0,301,1,49874,None,Vue
nginx/1.18.0,403,1,10738,ModSecurity,Laravel
BIG-IP,302,1,49747,F5_BIG_IP,Unknown
CloudFront,301,1,45890,AWS_WAF,React
Apache/2.4.41 (Ubuntu),301,1,43625,ModSecurity,Vue
BigIP,500,1,12596,F5_BIG_IP,Laravel
cloudflare-nginx,403,1,40127,Cloudflare,Node.js
cloudflare-nginx,404,1,24426,Cloudflare,Django
BIG-IP,403,1,36866,F5_BIG_IP,ASP.NET
Microsoft-IIS/10.0,302,1,22389,None,Spring_Boot
BIG-IP,200,1,31596,F5_BIG_IP,Django
Microsoft-IIS/10.0,500,0,27207,None,Unknown
Sucuri/Cloudproxy,403,1,41390,Sucuri,WordPress
BigIP,403,1,13575,F5_BIG_IP,React
LiteSpeed,500,0,9830,None,Spring_Boot
Incapsula,404,1,12476,Imperva,ASP.NET
cloudflare-nginx,200,1,28411,Cloudflare,Express
Sucuri/Cloudproxy,403,1,3708,Sucuri,Node.js
Apache/2.4.41 (Ubuntu),301,1,34612,ModSecurity,Unknown
Apache/2.4.41 (Ubuntu),200,1,13827,ModSecurity,Unknown
Sucuri/Cloudproxy,403,1,29107,Sucuri,Laravel
Apache/2.4.41 (Ubuntu),403,1,37777,ModSecurity,Django
Incapsula,403,1,19128,Imperva,ASP.NET
BigIP,200,1,42718,F5_BIG_IP,ASP.NET
Incapsula,302,1,39491,Imperva,WordPress
AmazonS3,301,1,7965,AWS_WAF,Node.js
Apache/2.4.41 (Ubuntu),200,1,31714,ModSecurity,Express
Sucuri/Cloudproxy,500,1,29504,Sucuri,Vue
cloudflare,302,1,4564,Cloudflare,Spring_Boot
Microsoft-IIS/10.0,404,0,12395,None,Express
nginx/1.18.0,302,1,28728,ModSecurity,Express
Apache/2.4.41 (Ubuntu),404,1,33990,ModSecurity,Express
LiteSpeed,301,0,20204,None,Express
Sucuri/Cloudproxy,403,1,29012,Sucuri,Express
Sucuri/Cloudproxy,301,1,27896,Sucuri,Django
cloudflare-nginx,200,1,20463,Cloudflare,Spring_Boot
BigIP,301,1,35035,F5_BIG_IP,Laravel
cloudflare,302,1,29780,Cloudflare,React
AWS,302,1,46020,AWS_WAF,Django
nginx/1.18.0,403,1,27361,ModSecurity,Spring_Boot
BigIP,200,1,35383,F5_BIG_IP,Node.js
BIG-IP,403,1,46448,F5_BIG_IP,Laravel
BIG-IP,403,1,14296,F5_BIG_IP,Unknown
Incapsula,403,1,11761,Imperva,Unknown
BIG-IP,500,1,3053,F5_BIG_IP,Laravel
Incapsula,403,1,7859,Imperva,Unknown
nginx/1.18.0,301,1,17237,None,Unknown
nginx/1.18.0,403,1,45390,ModSecurity,Laravel
Incapsula,403,1,24587,Imperva,ASP.NET
LiteSpeed,500,0,21106,None,Node.js
BIG-IP,403,1,33529,F5_BIG_IP,Unknown
Microsoft-IIS/10.0,301,1,19533,None,Express
Apache/2.4.41 (Ubuntu),404,1,29553,ModSecurity,Unknown
Incapsula,302,1,22631,Imperva,React
BigIP,403,1,8988,F5_BIG_IP,Unknown
BIG-IP,302,1,33220,F5_BIG_IP,Laravel
Microsoft-IIS/10.0,301,0,42849,None,WordPress
Microsoft-IIS/10.0,404,0,26706,None,ASP.NET
Sucuri/Cloudproxy,404,1,22737,Sucuri,Spring_Boot
cloudflare,404,1,26188,Cloudflare,WordPress
nginx/1.18.0,200,1,33364,ModSecurity,Express
Sucuri/Cloudproxy,200,1,16139,Sucuri,Laravel
cloudflare,302,1,3712,Cloudflare,Laravel
cloudflare-nginx,403,1,30233,Cloudflare,Unknown
Incapsula,301,1,6054,Imperva,Unknown
Sucuri/Cloudproxy,302,1,36406,Sucuri,Node.js
cloudflare,500,1,22297,Cloudflare,Unknown
Sucuri/Cloudproxy,403,1,44878,Sucuri,Spring_Boot
AmazonS3,403,1,3471,AWS_WAF,ASP.NET
Sucuri/Cloudproxy,403,1,49390,Sucuri,ASP.NET
LiteSpeed,200,0,8541,None,WordPress
Sucuri/Cloudproxy,404,1,5351,Sucuri,ASP.NET
AmazonS3,302,1,36919,AWS_WAF,WordPress
Incapsula,403,1,16449,Imperva,Vue
Sucuri/Cloudproxy,403,1,24820,Sucuri,Laravel
Sucuri/Cloudproxy,500,1,20199,Sucuri,Spring_Boot
Apache/2.4.41 (Ubuntu),403,1,34980,ModSecurity,Django
Microsoft-IIS/10.0,301,0,4736,None,Django
BIG-IP,302,1,39406,F5_BIG_IP,Unknown
cloudflare-nginx,301,1,48746,Cloudflare,Spring_Boot
Incapsula,403,1,17196,Imperva,Vue
Incapsula,403,1,47850,Imperva,Node.js
Sucuri/Cloudproxy,403,1,45121,Sucuri,Laravel
Incapsula,302,1,41643,Imperva,React
BigIP,200,1,5991,F5_BIG_IP,ASP.NET
cloudflare-nginx,403,1,38904,Cloudflare,Unknown
cloudflare,404,1,42779,Cloudflare,Django
cloudflare-nginx,302,1,21549,Cloudflare,ASP.NET
BIG-IP,404,1,44177,F5_BIG_IP,Node.js
AmazonS3,200,1,47942,AWS_WAF,Spring_Boot
Incapsula,301,1,48850,Imperva,Laravel
cloudflare,200,1,40288,Cloudflare,Vue
cloudflare-nginx,301,1,32408,Cloudflare,ASP.NET
Apache/2.4.41 (Ubuntu),500,1,20271,ModSecurity,React
nginx/1.18.0,302,1,31103,ModSecurity,Vue
Sucuri/Cloudproxy,302,1,14134,Sucuri,Unknown
CloudFront,301,1,19880,AWS_WAF,ASP.NET
Microsoft-IIS/10.0,200,0,33083,None,Node.js
LiteSpeed,200,0,34439,None,Django
cloudflare,500,1,27986,Cloudflare,Express
Sucuri/Cloudproxy,500,1,36918,Sucuri,Express
nginx/1.18.0,200,0,14407,None,Express
Sucuri/Cloudproxy,500,1,36254,Sucuri,WordPress
Incapsula,403,1,46363,Imperva,Spring_Boot
BIG-IP,403,1,37388,F5_BIG_IP,WordPress
cloudflare-nginx,404,1,6562,Cloudflare,Vue
Apache/2.4.41 (Ubuntu),500,1,30405,ModSecurity,React
Sucuri/Cloudproxy,404,1,34045,Sucuri,Node.js
cloudflare,301,1,24490,Cloudflare,Spring_Boot
cloudflare-nginx,302,1,41000,Cloudflare,Node.js
Microsoft-IIS/10.0,200,1,35714,None,ASP.NET
BIG-IP,403,1,16377,F5_BIG_IP,Spring_Boot
Incapsula,302,1,33885,Imperva,React
cloudflare,403,1,26662,Cloudflare,Laravel
nginx/1.18.0,302,0,21443,None,Vue
Incapsula,403,1,25283,Imperva,Spring_Boot
CloudFront,403,1,19023,AWS_WAF,Node.js
cloudflare-nginx,403,1,39963,Cloudflare,ASP.NET
LiteSpeed,200,0,36742,None,ASP.NET
AWS,403,1,25156,AWS_WAF,ASP.NET
AmazonS3,500,1,34477,AWS_WAF,Unknown
LiteSpeed,302,1,37625,None,ASP.NET
CloudFront,500,1,27807,AWS_WAF,Django
Sucuri/Cloudproxy,302,1,39567,Sucuri,Express
Sucuri/Cloudproxy,200,1,10364,Sucuri,Express
cloudflare,403,1,42903,Cloudflare,React
LiteSpeed,404,0,14488,None,Express
cloudflare-nginx,403,1,2470,Cloudflare,Spring_Boot
AmazonS3,403,1,31884,AWS_WAF,Django
Incapsula,403,1,46758,Imperva,WordPress
BigIP,404,1,155,F5_BIG_IP,WordPress
Incapsula,403,1,15046,Imperva,Spring_Boot
nginx/1.18.0,200,1,10584,None,Spring_Boot
Apache/2.4.41,301,0,45444,None,Node.js
cloudflare-nginx,200,1,6906,Cloudflare,Vue
BIG-IP,403,1,3244,F5_BIG_IP,React
nginx/1.18.0,500,1,29184,ModSecurity,React
LiteSpeed,404,0,9068,None,React
BigIP,404,1,35297,F5_BIG_IP,Unknown
Incapsula,403,1,39762,Imperva,Express
Sucuri/Cloudproxy,403,1,48410,Sucuri,WordPress
CloudFront,403,1,42713,AWS_WAF,Spring_Boot
BIG-IP,301,1,38497,F5_BIG_IP,ASP.NET
CloudFront,404,1,785,AWS_WAF,Unknown
Microsoft-IIS/10.0,302,1,48357,None,Node.js
Sucuri/Cloudproxy,200,1,21990,Sucuri,Vue
BIG-IP,200,1,30019,F5_BIG_IP,Express
Sucuri/Cloudproxy,403,1,6936,Sucuri,ASP.NET
nginx/1.18.0,302,0,6413,None,Vue
AWS,403,1,48253,AWS_WAF,Express
Microsoft-IIS/10.0,301,0,47946,None,Vue
CloudFront,200,1,37672,AWS_WAF,ASP.NET
cloudflare-nginx,403,1,14233,Cloudflare,Laravel
Incapsula,500,1,13340,Imperva,Spring_Boot
Sucuri/Cloudproxy,301,1,41979,Sucuri,Express
Apache/2.4.41 (Ubuntu),403,1,24136,ModSecurity,ASP.NET
Incapsula,500,1,4141,Imperva,Spring_Boot
AmazonS3,500,1,34341,AWS_WAF,Express
Sucuri/Cloudproxy,403,1,44117,Sucuri,Express
Apache/2.4.41 (Ubuntu),403,1,46141,ModSecurity,Django
Sucuri/Cloudproxy,200,1,47857,Sucuri,Vue
CloudFront,403,1,7841,AWS_WAF,Django
Incapsula,403,1,29195,Imperva,Laravel
AmazonS3,403,1,48688,AWS_WAF,Vue
LiteSpeed,301,1,44109,None,Django
Incapsula,403,1,49189,Imperva,Django
Incapsula,302,1,16050,Imperva,Unknown
Incapsula,403,1,4116,Imperva,WordPress
AWS,301,1,33533,AWS_WAF,Node.js
Apache/2.4.41 (Ubuntu),301,1,20046,ModSecurity,Vue
nginx/1.18.0,403,1,8408,ModSecurity,React
Sucuri/Cloudproxy,403,1,5592,Sucuri,Node.js
Microsoft-IIS/10.0,301,0,36027,None,Laravel
Incapsula,302,1,1793,Imperva,React
Apache/2.4.41,500,1,725,None,Vue
Incapsula,200,1,19626,Imperva,Spring_Boot
Incapsula,403,1,14721,Imperva,React
AWS,403,1,49960,AWS_WAF,Vue
AmazonS3,403,1,35360,AWS_WAF,Django
Sucuri/Cloudproxy,404,1,31433,Sucuri,ASP.NET
Sucuri/Cloudproxy,403,1,3119,Sucuri,ASP.NET
nginx/1.18.0,403,1,10949,ModSecurity,WordPress
Incapsula,200,1,8411,Imperva,Vue
Incapsula,403,1,18489,Imperva,Laravel
CloudFront,404,1,4358,AWS_WAF,ASP.NET
BIG-IP,200,1,22098,F5_BIG_IP,Express
Incapsula,403,1,16051,Imperva,Vue
AWS,403,1,6001,AWS_WAF,Laravel
AWS,404,1,10517,AWS_WAF,Django
Apache/2.4.41,404,1,28354,None,React
Sucuri/Cloudproxy,500,1,5663,Sucuri,React
BigIP,500,1,11132,F5_BIG_IP,Django
nginx/1.18.0,500,1,2491,ModSecurity,Laravel
Sucuri/Cloudproxy,403,1,26614,Sucuri,Unknown
AmazonS3,404,1,17287,AWS_WAF,React
BIG-IP,403,1,31485,F5_BIG_IP,Node.js
nginx/1.18.0,500,1,25217,ModSecurity,Express
Incapsula,403,1,43708,Imperva,React
cloudflare,404,1,14968,Cloudflare,React
cloudflare-nginx,403,1,42633,Cloudflare,Node.js
cloudflare-nginx,500,1,4846,Cloudflare,Node.js
Sucuri/Cloudproxy,403,1,12114,Sucuri,Node.js
AmazonS3,403,1,14970,AWS_WAF,Spring_Boot
cloudflare,403,1,45022,Cloudflare,React
Incapsula,301,1,1162,Imperva,Express
Microsoft-IIS/10.0,301,1,12743,None,Node.js
BigIP,200,1,38482,F5_BIG_IP,Vue
BIG-IP,301,1,33186,F5_BIG_IP,Spring_Boot
Apache/2.4.41 (Ubuntu),500,1,22069,ModSecurity,React
Sucuri/Cloudproxy,403,1,47614,Sucuri,WordPress
BigIP,200,1,36435,F5_BIG_IP,WordPress
Sucuri/Cloudproxy,200,1,47061,Sucuri,Unknown
BIG-IP,403,1,38590,F5_BIG_IP,Express
Apache/2.4.41,302,1,27362,None,Unknown
cloudflare-nginx,404,1,44061,Cloudflare,Vue
cloudflare,200,1,45698,Cloudflare,ASP.NET
AWS,200,1,1949,AWS_WAF,ASP.NET
CloudFront,200,1,5294,AWS_WAF,Unknown
Sucuri/Cloudproxy,403,1,44671,Sucuri,Node.js
Incapsula,302,1,4698,Imperva,ASP.NET
Sucuri/Cloudproxy,403,1,709,Sucuri,Laravel
Incapsula,301,1,12883,Imperva,Unknown
nginx/1.18.0,500,1,22022,ModSecurity,Django
BigIP,404,1,18411,F5_BIG_IP,Laravel
BIG-IP,200,1,46468,F5_BIG_IP,Node.js
nginx/1.18.0,200,1,3848,ModSecurity,Express
Sucuri/Cloudproxy,403,1,28961,Sucuri,Unknown
Sucuri/Cloudproxy,302,1,48118,Sucuri,Node.js
AWS,404,1,39251,AWS_WAF,Spring_Boot
nginx/1.18.0,403,1,37574,ModSecurity,React
Apache/2.4.41,301,0,17701,None,Spring_Boot
cloudflare,403,1,30992,Cloudflare,Laravel
cloudflare,404,1,20287,Cloudflare,Laravel
nginx/1.18.0,500,1,4969,None,Express
AmazonS3,404,1,43211,AWS_WAF,React
cloudflare,200,1,12025,Cloudflare,Vue
Sucuri/Cloudproxy,403,1,33941,Sucuri,Express
BIG-IP,403,1,33891,F5_BIG_IP,Unknown
BIG-IP,403,1,6899,F5_BIG_IP,Django
Apache/2.4.41 (Ubuntu),301,1,33765,ModSecurity,Express
Sucuri/Cloudproxy,302,1,45099,Sucuri,Django
Apache/2.4.41,500,0,1064,None,Express
Sucuri/Cloudproxy,403,1,30118,Sucuri,Spring_Boot
LiteSpeed,301,0,41303,None,Django
cloudflare-nginx,403,1,10618,Cloudflare,Vue
Incapsula,403,1,20338,Imperva,Vue
Sucuri/Cloudproxy,500,1,35569,Sucuri,Django
Apache/2.4.41 (Ubuntu),500,1,28375,ModSecurity,Unknown
BigIP,200,1,33964,F5_BIG_IP,Node.js
Sucuri/Cloudproxy,301,1,33263,Sucuri,Vue
Sucuri/Cloudproxy,302,1,10986,Sucuri,WordPress
Incapsula,200,1,28768,Imperva,Express
BIG-IP,403,1,31317,F5_BIG_IP,ASP.NET
Incapsula,301,1,32570,Imperva,Vue
Sucuri/Cloudproxy,301,1,44201,Sucuri,Laravel
Microsoft-IIS/10.0,301,0,2726,None,Unknown
AmazonS3,403,1,42937,AWS_WAF,Node.js
Sucuri/Cloudproxy,404,1,734,Sucuri,React
Apache/2.4.41,302,1,25391,None,Node.js
nginx/1.18.0,302,1,1358,ModSecurity,Laravel
cloudflare-nginx,301,1,32647,Cloudflare,Django
BIG-IP,302,1,9813,F5_BIG_IP,Spring_Boot
LiteSpeed,301,0,23801,None,Node.js
Sucuri/Cloudproxy,403,1,40795,Sucuri,Vue
nginx/1.18.0,403,1,36993,ModSecurity,ASP.NET
Incapsula,500,1,38770,Imperva,Spring_Boot
cloudflare-nginx,403,1,38227,Cloudflare,Laravel
BigIP,301,1,19604,F5_BIG_IP,React
Incapsula,403,1,44192,Imperva,Django
BigIP,200,1,11475,F5_BIG_IP,ASP.NET
Sucuri/Cloudproxy,403,1,44754,Sucuri,Vue
nginx/1.18.0,302,1,20847,ModSecurity,ASP.NET
AWS,403,1,45783,AWS_WAF,React
CloudFront,403,1,22333,AWS_WAF,Laravel
Microsoft-IIS/10.0,301,0,48661,None,Vue
BigIP,404,1,29745,F5_BIG_IP,React
cloudflare,404,1,18535,Cloudflare,React
BIG-IP,403,1,13971,F5_BIG_IP,Django
cloudflare-nginx,500,1,17176,Cloudflare,Django
BIG-IP,404,1,12023,F5_BIG_IP,Spring_Boot
Sucuri/Cloudproxy,302,1,7924,Sucuri,ASP.NET
cloudflare,403,1,10985,Cloudflare,WordPress
cloudflare-nginx,403,1,16925,Cloudflare,ASP.NET
nginx/1.18.0,403,1,24671,ModSecurity,React
Sucuri/Cloudproxy,403,1,956,Sucuri,Node.js
Microsoft-IIS/10.0,200,0,29301,None,Vue
Sucuri/Cloudproxy,301,1,6507,Sucuri,React
BIG-IP,403,1,20893,F5_BIG_IP,Express
BigIP,403,1,29340,F5_BIG_IP,Django
nginx/1.18.0,200,1,2616,ModSecurity,Django
cloudflare-nginx,500,1,5714,Cloudflare,Laravel
Apache/2.4.41 (Ubuntu),200,1,36471,ModSecurity,Spring_Boot
LiteSpeed,200,1,33660,None,Django
Sucuri/Cloudproxy,200,1,43324,Sucuri,Laravel
BIG-IP,404,1,9583,F5_BIG_IP,Unknown
Incapsula,500,1,34719,Imperva,Spring_Boot
BIG-IP,404,1,6955,F5_BIG_IP,React
Sucuri/Cloudproxy,403,1,32549,Sucuri,Django
cloudflare-nginx,403,1,35308,Cloudflare,ASP.NET
Apache/2.4.41,302,0,24151,None,Vue
cloudflare-nginx,302,1,5784,Cloudflare,React
Incapsula,403,1,27921,Imperva,Unknown
cloudflare,500,1,8619,Cloudflare,Spring_Boot
AmazonS3,403,1,46119,AWS_WAF,React
cloudflare,403,1,12947,Cloudflare,Unknown
Sucuri/Cloudproxy,403,1,23964,Sucuri,Spring_Boot
CloudFront,200,1,48111,AWS_WAF,Node.js
Apache/2.4.41,301,0,17358,None,ASP.NET
nginx/1.18.0,302,1,10176,ModSecurity,ASP.NET
Incapsula,200,1,37980,Imperva,Vue
Apache/2.4.41 (Ubuntu),403,1,38615,ModSecurity,Django
Apache/2.4.41 (Ubuntu),500,1,24735,ModSecurity,Django
Apache/2.4.41 (Ubuntu),200,1,33008,ModSecurity,Node.js
Incapsula,301,1,46760,Imperva,React
cloudflare-nginx,403,1,38136,Cloudflare,Spring_Boot
Incapsula,403,1,8498,Imperva,ASP.NET
Sucuri/Cloudproxy,301,1,9905,Sucuri,Unknown
Incapsula,500,1,32927,Imperva,Express
AWS,403,1,19862,AWS_WAF,WordPress
AWS,403,1,677,AWS_WAF,React
Microsoft-IIS/10.0,404,0,44863,None,Spring_Boot
BigIP,302,1,11816,F5_BIG_IP,Node.js
AWS,301,1,16631,AWS_WAF,ASP.NET
Sucuri/Cloudproxy,403,1,40087,Sucuri,WordPress
CloudFront,404,1,4947,AWS_WAF,Spring_Boot
nginx/1.18.0,302,1,35606,ModSecurity,React
AmazonS3,403,1,4091,AWS_WAF,Laravel
BIG-IP,403,1,1836,F5_BIG_IP,Express
Sucuri/Cloudproxy,403,1,19647,Sucuri,Django
AWS,403,1,6285,AWS_WAF,ASP.NET
CloudFront,404,1,15723,AWS_WAF,Unknown
nginx/1.18.0,200,0,24235,None,Django
Apache/2.4.41 (Ubuntu),403,1,18949,ModSecurity,Django
AWS,404,1,27398,AWS_WAF,Laravel
Apache/2.4.41,500,0,5047,None,Express
cloudflare,301,1,15814,Cloudflare,React
Sucuri/Cloudproxy,500,1,35252,Sucuri,Laravel
Sucuri/Cloudproxy,403,1,3800,Sucuri,Node.js
CloudFront,404,1,31080,AWS_WAF,Spring_Boot
cloudflare-nginx,403,1,2676,Cloudflare,WordPress
BIG-IP,403,1,18286,F5_BIG_IP,Django
BigIP,403,1,15428,F5_BIG_IP,WordPress
cloudflare,301,1,18548,Cloudflare,ASP.NET
nginx/1.18.0,403,1,24011,ModSecurity,Vue
cloudflare,403,1,36365,Cloudflare,Vue
Apache/2.4.41,301,0,36552,None,Spring_Boot
BIG-IP,404,1,4884,F5_BIG_IP,Express
nginx/1.18.0,500,0,32739,None,Unknown
cloudflare,403,1,25450,Cloudflare,ASP.NET
cloudflare,403,1,27160,Cloudflare,ASP.NET
BigIP,301,1,45119,F5_BIG_IP,Spring_Boot
cloudflare,302,1,25844,Cloudflare,WordPress
nginx/1.18.0,500,0,12884,None,ASP.NET
Incapsula,404,1,33116,Imperva,ASP.NET
BIG-IP,403,1,25220,F5_BIG_IP,WordPress
Sucuri/Cloudproxy,500,1,18608,Sucuri,Unknown
Apache/2.4.41 (Ubuntu),403,1,30452,ModSecurity,Express
nginx/1.18.0,403,1,33589,ModSecurity,React
nginx/1.18.0,302,0,32204,None,Express
Sucuri/Cloudproxy,302,1,3342,Sucuri,Express
nginx/1.18.0,200,0,35543,None,Spring_Boot
AmazonS3,403,1,45662,AWS_WAF,Node.js
cloudflare-nginx,404,1,43352,Cloudflare,WordPress
nginx/1.18.0,302,1,6298,None,Laravel
Incapsula,200,1,37521,Imperva,Vue
cloudflare,301,1,30407,Cloudflare,Vue
cloudflare,403,1,47054,Cloudflare,Express
AmazonS3,403,1,24734,AWS_WAF,React
Incapsula,404,1,1782,Imperva,ASP.NET
nginx/1.18.0,404,1,17447,ModSecurity,React
Incapsula,301,1,21348,Imperva,React
Microsoft-IIS/10.0,404,0,38861,None,Laravel
nginx/1.18.0,404,1,17581,ModSecurity,Laravel
Apache/2.4.41 (Ubuntu),302,1,10629,ModSecurity,ASP.NET
Sucuri/Cloudproxy,200,1,11984,Sucuri,Node.js
Microsoft-IIS/10.0,500,0,21815,None,Spring_Boot
AmazonS3,200,1,9109,AWS_WAF,WordPress
Apache/2.4.41,404,1,30823,None,WordPress
Apache/2.4.41 (Ubuntu),403,1,46436,ModSecurity,ASP.NET
Apache/2.4.41 (Ubuntu),302,1,41413,ModSecurity,Spring_Boot
Apache/2.4.41 (Ubuntu),403,1,32805,ModSecurity,Laravel
Apache/2.4.41,404,0,32812,None,WordPress
Sucuri/Cloudproxy,302,1,39604,Sucuri,React
Sucuri/Cloudproxy,403,1,1394,Sucuri,Vue
cloudflare,500,1,39598,Cloudflare,Django
BigIP,301,1,36749,F5_BIG_IP,Express
Apache/2.4.41 (Ubuntu),302,1,42695,ModSecurity,Laravel
Apache/2.4.41 (Ubuntu),403,1,10777,ModSecurity,Node.js
nginx/1.18.0,302,1,27094,ModSecurity,Laravel
Incapsula,500,1,40960,Imperva,WordPress
CloudFront,200,1,49629,AWS_WAF,WordPress
Incapsula,403,1,24911,Imperva,Vue
BigIP,403,1,5366,F5_BIG_IP,Spring_Boot
Apache/2.4.41 (Ubuntu),301,1,18063,ModSecurity,React
Apache/2.4.41 (Ubuntu),500,1,38152,ModSecurity,Spring_Boot
CloudFront,200,1,32804,AWS_WAF,React
Incapsula,302,1,13294,Imperva,Spring_Boot
Incapsula,403,1,12231,Imperva,Node.js
CloudFront,500,1,35217,AWS_WAF,Spring_Boot
LiteSpeed,500,0,49174,None,Node.js
Sucuri/Cloudproxy,403,1,23180,Sucuri,Laravel
Incapsula,403,1,14162,Imperva,Vue
nginx/1.18.0,200,1,24021,ModSecurity,Unknown
nginx/1.18.0,302,1,41370,ModSecurity,React
nginx/1.18.0,301,1,15095,None,Unknown
BIG-IP,403,1,48557,F5_BIG_IP,Express
cloudflare-nginx,404,1,20040,Cloudflare,React
cloudflare,200,1,6077,Cloudflare,Django
AWS,403,1,13002,AWS_WAF,Unknown
nginx/1.18.0,301,1,38291,ModSecurity,Express
Incapsula,403,1,421,Imperva,WordPress
AWS,403,1,21967,AWS_WAF,ASP.NET
Incapsula,404,1,29465,Imperva,Express
Sucuri/Cloudproxy,404,1,6341,Sucuri,Unknown
Incapsula,403,1,25393,Imperva,Laravel
Sucuri/Cloudproxy,302,1,15977,Sucuri,WordPress
cloudflare,404,1,33981,Cloudflare,Unknown
Sucuri/Cloudproxy,403,1,1525,Sucuri,Express
Incapsula,301,1,17362,Imperva,Django
Sucuri/Cloudproxy,200,1,21501,Sucuri,React
BIG-IP,500,1,47554,F5_BIG_IP,Express
AWS,403,1,29677,AWS_WAF,ASP.NET
cloudflare-nginx,301,1,7907,Cloudflare,ASP.NET
Sucuri/Cloudproxy,301,1,6376,Sucuri,React
BIG-IP,404,1,5770,F5_BIG_IP,Laravel
cloudflare,301,1,22787,Cloudflare,Vue
Incapsula,403,1,39117,Imperva,Laravel
nginx/1.18.0,403,1,40419,ModSecurity,Spring_Boot
Sucuri/Cloudproxy,500,1,12470,Sucuri,Express
BigIP,500,1,14505,F5_BIG_IP,Unknown
Incapsula,404,1,46291,Imperva,Spring_Boot
Apache/2.4.41,200,0,33432,None,ASP.NET
Incapsula,301,1,18089,Imperva,WordPress
cloudflare-nginx,403,1,13154,Cloudflare,Express
CloudFront,403,1,3991,AWS_WAF,React
BIG-IP,301,1,1449,F5_BIG_IP,Django
Sucuri/Cloudproxy,404,1,48023,Sucuri,ASP.NET
nginx/1.18.0,404,0,49234,None,Vue
cloudflare,500,1,11132,Cloudflare,WordPress
AmazonS3,500,1,26055,AWS_WAF,Spring_Boot
Sucuri/Cloudproxy,403,1,11647,Sucuri,WordPress
Incapsula,403,1,41368,Imperva,React
BIG-IP,302,1,10803,F5_BIG_IP,Unknown
Sucuri/Cloudproxy,200,1,8243,Sucuri,Express
Sucuri/Cloudproxy,403,1,48710,Sucuri,Vue
cloudflare,403,1,12316,Cloudflare,Node.js
BigIP,404,1,11449,F5_BIG_IP,ASP.NET
Microsoft-IIS/10.0,301,1,9124,None,Unknown
Apache/2.4.41 (Ubuntu),403,1,28705,ModSecurity,Node.js
Incapsula,403,1,26150,Imperva,WordPress
BIG-IP,403,1,42221,F5_BIG_IP,Spring_Boot
AWS,403,1,5342,AWS_WAF,Unknown
AmazonS3,200,1,5961,AWS_WAF,Vue
Incapsula,302,1,42428,Imperva,ASP.NET
CloudFront,403,1,29838,AWS_WAF,Laravel
Incapsula,200,1,34500,Imperva,React
cloudflare-nginx,403,1,3534,Cloudflare,WordPress
BigIP,403,1,12859,F5_BIG_IP,React
Sucuri/Cloudproxy,302,1,23427,Sucuri,Django
Incapsula,403,1,26350,Imperva,Unknown
CloudFront,404,1,33820,AWS_WAF,Node.js
Apache/2.4.41,200,0,33472,None,React
BigIP,403,1,32742,F5_BIG_IP,Node.js
nginx/1.18.0,200,1,32749,None,Node.js
BigIP,403,1,28755,F5_BIG_IP,ASP.NET
nginx/1.18.0,302,1,39134,ModSecurity,Django
BigIP,301,1,17621,F5_BIG_IP,Unknown
Microsoft-IIS/10.0,404,1,30653,None,Laravel
Incapsula,301,1,36047,Imperva,Vue
BIG-IP,200,1,23616,F5_BIG_IP,Node.js
cloudflare-nginx,500,1,25354,Cloudflare,WordPress
Apache/2.4.41 (Ubuntu),200,1,20745,ModSecurity,React
cloudflare-nginx,403,1,10559,Cloudflare,Django
cloudflare-nginx,403,1,38205,Cloudflare,Unknown
BIG-IP,403,1,23956,F5_BIG_IP,ASP.NET
nginx/1.18.0,301,0,18178,None,Express
Sucuri/Cloudproxy,200,1,49284,Sucuri,Spring_Boot
Sucuri/Cloudproxy,404,1,2129,Sucuri,Laravel
Microsoft-IIS/10.0,500,0,5159,None,Spring_Boot
BigIP,404,1,24875,F5_BIG_IP,Vue
Incapsula,403,1,9445,Imperva,Express
BigIP,403,1,5870,F5_BIG_IP,Vue
Sucuri/Cloudproxy,403,1,21960,Sucuri,ASP.NET
cloudflare-nginx,302,1,8806,Cloudflare,Laravel
BigIP,302,1,17426,F5_BIG_IP,Unknown
Apache/2.4.41 (Ubuntu),404,1,16824,ModSecurity,WordPress
BIG-IP,404,1,49357,F5_BIG_IP,Vue
Incapsula,403,1,38112,Imperva,Express
Incapsula,403,1,7279,Imperva,Django
AmazonS3,403,1,26238,AWS_WAF,Spring_Boot
Incapsula,403,1,10091,Imperva,Vue
cloudflare-nginx,500,1,5922,Cloudflare,ASP.NET
cloudflare-nginx,403,1,31268,Cloudflare,Express
Apache/2.4.41,500,0,14978,None,Node.js
BigIP,403,1,12826,F5_BIG_IP,ASP.NET
LiteSpeed,200,0,28729,None,Node.js
BIG-IP,403,1,16610,F5_BIG_IP,Spring_Boot
CloudFront,301,1,47321,AWS_WAF,Vue
CloudFront,302,1,30879,AWS_WAF,Vue
Apache/2.4.41 (Ubuntu),200,1,33523,ModSecurity,Unknown
cloudflare-nginx,500,1,25756,Cloudflare,React
Sucuri/Cloudproxy,301,1,31249,Sucuri,Node.js
Sucuri/Cloudproxy,403,1,37637,Sucuri,Express
AmazonS3,403,1,37646,AWS_WAF,Spring_Boot
cloudflare,200,1,21361,Cloudflare,Spring_Boot
nginx/1.18.0,301,0,42857,None,Laravel
LiteSpeed,302,1,35599,None,Unknown
nginx/1.18.0,301,1,16973,ModSecurity,Spring_Boot
Apache/2.4.41 (Ubuntu),301,1,21999,ModSecurity,Spring_Boot
cloudflare-nginx,403,1,31690,Cloudflare,React
Apache/2.4.41,302,1,19855,None,Laravel
nginx/1.18.0,200,1,41575,ModSecurity,React
Incapsula,404,1,46840,Imperva,Unknown
cloudflare-nginx,302,1,33491,Cloudflare,ASP.NET
AmazonS3,200,1,9748,AWS_WAF,React
Apache/2.4.41 (Ubuntu),302,1,1988,ModSecurity,Vue
Microsoft-IIS/10.0,301,0,38670,None,Spring_Boot
AWS,403,1,41584,AWS_WAF,WordPress
Incapsula,500,1,48597,Imperva,Vue
nginx/1.18.0,404,1,14942,ModSecurity,ASP.NET
AWS,403,1,44001,AWS_WAF,ASP.NET
Sucuri/Cloudproxy,403,1,1283,Sucuri,Django
cloudflare,302,1,42112,Cloudflare,Unknown
cloudflare-nginx,403,1,40881,Cloudflare,Django
BigIP,403,1,46495,F5_BIG_IP,Django
Incapsula,403,1,38382,Imperva,Spring_Boot
BIG-IP,404,1,30528,F5_BIG_IP,React
Incapsula,500,1,42597,Imperva,Vue
nginx/1.18.0,403,1,10544,ModSecurity,Laravel
cloudflare-nginx,500,1,1406,Cloudflare,Spring_Boot
Apache/2.4.41 (Ubuntu),500,1,14785,ModSecurity,Laravel
Apache/2.4.41,301,1,10362,None,Laravel
Apache/2.4.41 (Ubuntu),302,1,41841,ModSecurity,WordPress
Sucuri/Cloudproxy,301,1,44300,Sucuri,Vue
cloudflare-nginx,302,1,45569,Cloudflare,Django
Incapsula,301,1,16628,Imperva,Django
BIG-IP,403,1,39951,F5_BIG_IP,Unknown
Sucuri/Cloudproxy,500,1,17592,Sucuri,ASP.NET
nginx/1.18.0,301,1,9558,ModSecurity,Laravel
BIG-IP,500,1,192,F5_BIG_IP,React
LiteSpeed,301,0,33446,None,Node.js
cloudflare,404,1,18845,Cloudflare,React
Incapsula,403,1,18358,Imperva,React
AWS,301,1,6386,AWS_WAF,Django
nginx/1.18.0,200,0,18110,None,WordPress
Apache/2.4.41,302,0,22165,None,Django
cloudflare,403,1,19975,Cloudflare,Laravel
CloudFront,403,1,28646,AWS_WAF,Laravel
BIG-IP,403,1,4924,F5_BIG_IP,React
Sucuri/Cloudproxy,403,1,31111,Sucuri,Django
AWS,500,1,5916,AWS_WAF,Spring_Boot
LiteSpeed,302,0,20000,None,Express
Sucuri/Cloudproxy,403,1,6442,Sucuri,Node.js
nginx/1.18.0,500,1,33944,ModSecurity,Vue
cloudflare,404,1,32615,Cloudflare,Laravel
Incapsula,301,1,10633,Imperva,React
BigIP,301,1,40027,F5_BIG_IP,Vue
Incapsula,301,1,21742,Imperva,Vue
BIG-IP,302,1,37856,F5_BIG_IP,Unknown
AmazonS3,302,1,10902,AWS_WAF,React
cloudflare,403,1,19457,Cloudflare,Vue
nginx/1.18.0,302,0,25494,None,Laravel
Sucuri/Cloudproxy,403,1,17723,Sucuri,Node.js
Incapsula,403,1,9816,Imperva,Laravel
Apache/2.4.41,500,0,26151,None,Vue
nginx/1.18.0,404,1,858,ModSecurity,ASP.NET
Sucuri/Cloudproxy,403,1,42698,Sucuri,React
Incapsula,403,1,41270,Imperva,Spring_Boot
LiteSpeed,200,0,22229,None,Django
CloudFront,403,1,48303,AWS_WAF,Express
BigIP,500,1,3881,F5_BIG_IP,Node.js
BigIP,404,1,29629,F5_BIG_IP,Node.js
Microsoft-IIS/10.0,301,0,21885,None,Laravel
nginx/1.18.0,403,1,17644,ModSecurity,React
Incapsula,200,1,6287,Imperva,Laravel
cloudflare,403,1,36608,Cloudflare,Django
Sucuri/Cloudproxy,302,1,45557,Sucuri,WordPress
BigIP,403,1,1057,F5_BIG_IP,ASP.NET
Incapsula,403,1,28589,Imperva,Laravel
Apache/2.4.41,404,0,21150,None,Django
Sucuri/Cloudproxy,200,1,8532,Sucuri,Node.js
Sucuri/Cloudproxy,500,1,2104,Sucuri,Vue
cloudflare,403,1,286,Cloudflare,Unknown
nginx/1.18.0,302,0,45374,None,Spring_Boot
AmazonS3,403,1,25740,AWS_WAF,Django
Incapsula,403,1,8827,Imperva,Node.js
Microsoft-IIS/10.0,200,0,42031,None,Express
cloudflare-nginx,404,1,6035,Cloudflare,Django
Apache/2.4.41 (Ubuntu),404,1,31376,ModSecurity,Unknown
Incapsula,500,1,8169,Imperva,Django
nginx/1.18.0,403,1,46155,ModSecurity,React
AWS,403,1,39426,AWS_WAF,WordPress
Sucuri/Cloudproxy,404,1,8444,Sucuri,ASP.NET
LiteSpeed,500,0,1722,None,Laravel
nginx/1.18.0,302,1,32811,ModSecurity,Laravel
AmazonS3,302,1,7005,AWS_WAF,Vue
Sucuri/Cloudproxy,500,1,17810,Sucuri,Node.js
cloudflare,200,1,30914,Cloudflare,Vue
cloudflare,301,1,21112,Cloudflare,WordPress
Incapsula,200,1,41844,Imperva,Laravel
Apache/2.4.41 (Ubuntu),403,1,29952,ModSecurity,Laravel
CloudFront,404,1,23643,AWS_WAF,React
nginx/1.18.0,301,0,27524,None,React
Sucuri/Cloudproxy,403,1,16834,Sucuri,WordPress
cloudflare,301,1,16047,Cloudflare,Unknown
cloudflare-nginx,302,1,42953,Cloudflare,WordPress
Incapsula,403,1,6158,Imperva,Django
CloudFront,403,1,8147,AWS_WAF,Unknown
cloudflare-nginx,200,1,701,Cloudflare,Unknown
BigIP,403,1,42570,F5_BIG_IP,React
Apache/2.4.41 (Ubuntu),403,1,39700,ModSecurity,Spring_Boot
BIG-IP,301,1,44743,F5_BIG_IP,React
cloudflare-nginx,404,1,21399,Cloudflare,Spring_Boot
Incapsula,500,1,41631,Imperva,ASP.NET
nginx/1.18.0,500,1,25466,ModSecurity,React
Incapsula,403,1,12626,Imperva,React
BIG-IP,403,1,45614,F5_BIG_IP,ASP.NET
BIG-IP,403,1,37212,F5_BIG_IP,Laravel
BigIP,404,1,38581,F5_BIG_IP,Node.js
Apache/2.4.41,301,1,34427,None,ASP.NET
LiteSpeed,302,0,33677,None,Unknown
cloudflare,500,1,23918,Cloudflare,Node.js
BigIP,200,1,40942,F5_BIG_IP,Express
cloudflare,403,1,3057,Cloudflare,React
BIG-IP,404,1,49186,F5_BIG_IP,Spring_Boot
BIG-IP,301,1,48957,F5_BIG_IP,Express
BigIP,403,1,12871,F5_BIG_IP,WordPress
Incapsula,500,1,18306,Imperva,Vue
BigIP,403,1,27564,F5_BIG_IP,WordPress
Apache/2.4.41 (Ubuntu),301,1,16472,ModSecurity,ASP.NET
Sucuri/Cloudproxy,404,1,32115,Sucuri,Spring_Boot
BigIP,200,1,48159,F5_BIG_IP,Django
Microsoft-IIS/10.0,404,1,34111,None,WordPress
cloudflare,404,1,31582,Cloudflare,React
Microsoft-IIS/10.0,500,0,33785,None,ASP.NET
nginx/1.18.0,500,0,38264,None,WordPress
Sucuri/Cloudproxy,403,1,24706,Sucuri,WordPress
BigIP,302,1,7875,F5_BIG_IP,ASP.NET
Sucuri/Cloudproxy,404,1,49811,Sucuri,Node.js
Apache/2.4.41 (Ubuntu),302,1,24854,ModSecurity,Laravel
BIG-IP,301,1,5838,F5_BIG_IP,Laravel
Incapsula,403,1,45395,Imperva,ASP.NET
CloudFront,403,1,24959,AWS_WAF,WordPress
CloudFront,200,1,35070,AWS_WAF,Spring_Boot
LiteSpeed,200,0,7803,None,Vue
LiteSpeed,200,0,6941,None,Vue
Apache/2.4.41 (Ubuntu),403,1,2239,ModSecurity,Express
CloudFront,403,1,33509,AWS_WAF,Node.js
cloudflare-nginx,403,1,35801,Cloudflare,Unknown
BigIP,500,1,26106,F5_BIG_IP,ASP.NET
cloudflare,302,1,6335,Cloudflare,Node.js
Sucuri/Cloudproxy,301,1,46353,Sucuri,Laravel
cloudflare,403,1,2333,Cloudflare,Node.js
BIG-IP,301,1,16331,F5_BIG_IP,Unknown
nginx/1.18.0,403,1,7847,ModSecurity,WordPress
Incapsula,301,1,24811,Imperva,Node.js
Incapsula,404,1,18906,Imperva,Laravel
Sucuri/Cloudproxy,403,1,32255,Sucuri,ASP.NET
nginx/1.18.0,404,1,3712,ModSecurity,React
LiteSpeed,301,1,42798,None,React
cloudflare,403,1,25170,Cloudflare,React
Apache/2.4.41 (Ubuntu),404,1,49749,ModSecurity,ASP.NET
BigIP,403,1,47766,F5_BIG_IP,Unknown
Sucuri/Cloudproxy,403,1,24376,Sucuri,Vue
CloudFront,403,1,8688,AWS_WAF,Express
Sucuri/Cloudproxy,404,1,31936,Sucuri,ASP.NET
Sucuri/Cloudproxy,500,1,28839,Sucuri,Unknown
AmazonS3,200,1,31239,AWS_WAF,WordPress
BigIP,404,1,19266,F5_BIG_IP,WordPress
cloudflare-nginx,302,1,28021,Cloudflare,Express
Apache/2.4.41 (Ubuntu),200,1,46663,ModSecurity,Node.js
BIG-IP,403,1,8700,F5_BIG_IP,Unknown
BIG-IP,403,1,4844,F5_BIG_IP,Vue
LiteSpeed,301,0,7642,None,WordPress
Apache/2.4.41,500,1,8638,None,Express
Incapsula,302,1,8083,Imperva,Laravel
nginx/1.18.0,301,0,9585,None,Unknown
nginx/1.18.0,403,1,47944,ModSecurity,Laravel
CloudFront,403,1,27496,AWS_WAF,Unknown
Incapsula,403,1,49059,Imperva,Express
AWS,403,1,42129,AWS_WAF,Vue
BIG-IP,301,1,39323,F5_BIG_IP,Django
Apache/2.4.41 (Ubuntu),302,1,25462,ModSecurity,Node.js
AmazonS3,403,1,6097,AWS_WAF,Django
Apache/2.4.41 (Ubuntu),500,1,42889,ModSecurity,Spring_Boot
cloudflare,500,1,41793,Cloudflare,Spring_Boot
Incapsula,301,1,46234,Imperva,ASP.NET
AmazonS3,500,1,7115,AWS_WAF,Spring_Boot
nginx/1.18.0,403,1,31203,ModSecurity,Django
Microsoft-IIS/10.0,302,1,24430,None,Laravel
Incapsula,404,1,44112,Imperva,Unknown
BIG-IP,403,1,33127,F5_BIG_IP,Express
cloudflare-nginx,500,1,17692,Cloudflare,ASP.NET
nginx/1.18.0,500,1,31041,ModSecurity,Django
cloudflare-nginx,200,1,38998,Cloudflare,Node.js
nginx/1.18.0,301,1,12221,None,ASP.NET
BIG-IP,404,1,46183,F5_BIG_IP,Express
Sucuri/Cloudproxy,403,1,31526,Sucuri,Express
BigIP,404,1,19381,F5_BIG_IP,React
nginx/1.18.0,500,1,177,ModSecurity,Laravel
Apache/2.4.41 (Ubuntu),403,1,13241,ModSecurity,Express
cloudflare,200,1,6840,Cloudflare,Laravel
Incapsula,404,1,1497,Imperva,Vue
Incapsula,200,1,27255,Imperva,Node.js
nginx/1.18.0,404,1,19179,ModSecurity,WordPress
BIG-IP,500,1,38523,F5_BIG_IP,Express
AmazonS3,403,1,20387,AWS_WAF,Django
nginx/1.18.0,302,0,1710,None,Node.js
Sucuri/Cloudproxy,200,1,2611,Sucuri,Vue
Incapsula,403,1,47071,Imperva,Unknown
Incapsula,403,1,23334,Imperva,Laravel
nginx/1.18.0,403,1,33450,ModSecurity,Express
nginx/1.18.0,403,1,10231,ModSecurity,Spring_Boot
BIG-IP,200,1,19995,F5_BIG_IP,Vue
cloudflare-nginx,302,1,46343,Cloudflare,React
Incapsula,301,1,36916,Imperva,Express
nginx/1.18.0,302,1,44993,None,Node.js
Microsoft-IIS/10.0,200,0,24647,None,React
Sucuri/Cloudproxy,403,1,29393,Sucuri,Laravel
cloudflare,403,1,22559,Cloudflare,Spring_Boot
AWS,403,1,1843,AWS_WAF,Vue
nginx/1.18.0,200,0,13411,None,Node.js
AmazonS3,302,1,33819,AWS_WAF,Django
cloudflare,302,1,19115,Cloudflare,Vue
BIG-IP,500,1,1869,F5_BIG_IP,WordPress
nginx/1.18.0,500,1,38920,ModSecurity,Unknown
Apache/2.4.41 (Ubuntu),404,1,15405,ModSecurity,Laravel
Incapsula,403,1,9629,Imperva,Node.js
Apache/2.4.41 (Ubuntu),200,1,1207,ModSecurity,Node.js
nginx/1.18.0,500,1,38163,ModSecurity,Laravel
BigIP,404,1,6736,F5_BIG_IP,Django
Microsoft-IIS/10.0,404,0,40960,None,React
Sucuri/Cloudproxy,302,1,17938,Sucuri,Unknown
cloudflare-nginx,404,1,25589,Cloudflare,WordPress
AmazonS3,200,1,35890,AWS_WAF,Vue
BIG-IP,403,1,27374,F5_BIG_IP,React
nginx/1.18.0,500,0,23175,None,Spring_Boot
Incapsula,500,1,24579,Imperva,Laravel
AWS,404,1,45294,AWS_WAF,Unknown
Sucuri/Cloudproxy,404,1,3409,Sucuri,WordPress
BigIP,403,1,17594,F5_BIG_IP,React
Apache/2.4.41,302,0,25144,None,Vue
Incapsula,200,1,14925,Imperva,Laravel
Apache/2.4.41 (Ubuntu),500,1,21976,ModSecurity,ASP.NET
AmazonS3,500,1,29259,AWS_WAF,Node.js
CloudFront,301,1,34882,AWS_WAF,ASP.NET
Apache/2.4.41 (Ubuntu),302,1,17273,ModSecurity,Express
Sucuri/Cloudproxy,403,1,37927,Sucuri,WordPress
AmazonS3,403,1,31845,AWS_WAF,Django
Apache/2.4.41,200,0,48428,None,Laravel
BigIP,403,1,16882,F5_BIG_IP,Spring_Boot
Incapsula,403,1,39319,Imperva,Spring_Boot
cloudflare-nginx,404,1,9541,Cloudflare,WordPress
AWS,500,1,26669,AWS_WAF,Spring_Boot
AmazonS3,403,1,36774,AWS_WAF,Unknown
Sucuri/Cloudproxy,403,1,19579,Sucuri,WordPress
Sucuri/Cloudproxy,403,1,4377,Sucuri,Node.js
cloudflare,403,1,29504,Cloudflare,React
BigIP,500,1,49983,F5_BIG_IP,Django
CloudFront,500,1,19940,AWS_WAF,Vue
Apache/2.4.41 (Ubuntu),200,1,31005,ModSecurity,Vue
nginx/1.18.0,500,1,22341,None,Laravel
Incapsula,500,1,3783,Imperva,WordPress
cloudflare,403,1,9851,Cloudflare,Django
Incapsula,302,1,7111,Imperva,ASP.NET
Apache/2.4.41,301,0,11462,None,Laravel
BIG-IP,403,1,49569,F5_BIG_IP,Unknown
cloudflare-nginx,302,1,4130,Cloudflare,React
LiteSpeed,302,0,42211,None,Express
BIG-IP,301,1,46278,F5_BIG_IP,Node.js
cloudflare,200,1,24331,Cloudflare,Django
AmazonS3,404,1,4881,AWS_WAF,Vue
LiteSpeed,200,1,47049,None,Django
Incapsula,500,1,10302,Imperva,Django
Sucuri/Cloudproxy,404,1,29478,Sucuri,Express
Sucuri/Cloudproxy,302,1,35644,Sucuri,React
AmazonS3,403,1,12612,AWS_WAF,ASP.NET
cloudflare,403,1,11321,Cloudflare,ASP.NET
Microsoft-IIS/10.0,404,1,27425,None,WordPress
Incapsula,500,1,27909,Imperva,Spring_Boot
cloudflare,200,1,6357,Cloudflare,ASP.NET
Incapsula,403,1,6616,Imperva,Laravel
cloudflare,403,1,2733,Cloudflare,Laravel
cloudflare-nginx,403,1,28225,Cloudflare,React
Sucuri/Cloudproxy,200,1,36644,Sucuri,WordPress
Incapsula,500,1,25407,Imperva,Laravel
Sucuri/Cloudproxy,403,1,40876,Sucuri,WordPress
Sucuri/Cloudproxy,302,1,26806,Sucuri,Node.js
Incapsula,403,1,42876,Imperva,Laravel
cloudflare-nginx,302,1,49740,Cloudflare,Express
Incapsula,200,1,21373,Imperva,Django
cloudflare,200,1,8594,Cloudflare,React
AmazonS3,404,1,49599,AWS_WAF,Vue
cloudflare,200,1,20422,Cloudflare,WordPress
Sucuri/Cloudproxy,403,1,34927,Sucuri,Unknown
nginx/1.18.0,500,0,42194,None,Django
BigIP,403,1,34211,F5_BIG_IP,Django
Microsoft-IIS/10.0,404,0,7265,None,Unknown
cloudflare,403,1,12210,Cloudflare,Vue
Apache/2.4.41 (Ubuntu),301,1,29404,ModSecurity,ASP.NET
Incapsula,200,1,45412,Imperva,Vue
CloudFront,302,1,30150,AWS_WAF,React
BIG-IP,403,1,3159,F5_BIG_IP,React
BIG-IP,500,1,34711,F5_BIG_IP,Vue
Apache/2.4.41 (Ubuntu),403,1,14365,ModSecurity,Django
Apache/2.4.41,302,0,7174,None,Spring_Boot
Apache/2.4.41 (Ubuntu),403,1,30283,ModSecurity,ASP.NET
nginx/1.18.0,403,1,32149,ModSecurity,WordPress
Apache/2.4.41 (Ubuntu),404,1,25839,ModSecurity,Vue
Incapsula,403,1,16703,Imperva,Laravel
AWS,500,1,40738,AWS_WAF,Vue
Incapsula,302,1,6978,Imperva,React
Incapsula,301,1,27614,Imperva,ASP.NET
cloudflare,302,1,533,Cloudflare,Laravel
AmazonS3,301,1,24830,AWS_WAF,React
Apache/2.4.41 (Ubuntu),302,1,47757,ModSecurity,Unknown
CloudFront,301,1,32994,AWS_WAF,Django
AWS,403,1,42396,AWS_WAF,WordPress
cloudflare,302,1,40105,Cloudflare,React
AmazonS3,403,1,15024,AWS_WAF,Django
Incapsula,301,1,29472,Imperva,WordPress
AmazonS3,403,1,44162,AWS_WAF,Spring_Boot
Sucuri/Cloudproxy,403,1,4896,Sucuri,Express
Sucuri/Cloudproxy,403,1,8205,Sucuri,React
cloudflare-nginx,403,1,41277,Cloudflare,Node.js
Incapsula,403,1,14344,Imperva,Laravel
cloudflare-nginx,403,1,22433,Cloudflare,Spring_Boot
LiteSpeed,404,1,30940,None,WordPress
Apache/2.4.41,500,0,49369,None,Laravel
cloudflare-nginx,500,1,33879,Cloudflare,Node.js
nginx/1.18.0,404,0,4115,None,ASP.NET
nginx/1.18.0,301,0,34919,None,Unknown
Incapsula,500,1,5039,Imperva,Unknown
nginx/1.18.0,301,0,11201,None,Node.js
Sucuri/Cloudproxy,302,1,297,Sucuri,Django
Incapsula,302,1,27692,Imperva,React
Sucuri/Cloudproxy,403,1,37817,Sucuri,Laravel
Sucuri/Cloudproxy,403,1,25492,Sucuri,React
BigIP,200,1,14532,F5_BIG_IP,Spring_Boot
Apache/2.4.41,302,1,29455,None,Node.js
BIG-IP,403,1,33369,F5_BIG_IP,WordPress
BIG-IP,403,1,47451,F5_BIG_IP,Node.js
Incapsula,403,1,30133,Imperva,ASP.NET
Sucuri/Cloudproxy,500,1,45976,Sucuri,Spring_Boot
Sucuri/Cloudproxy,403,1,21426,Sucuri,Vue
Sucuri/Cloudproxy,404,1,25825,Sucuri,React
Incapsula,403,1,31713,Imperva,Unknown
Incapsula,403,1,41716,Imperva,Laravel
nginx/1.18.0,404,0,5087,None,React
cloudflare-nginx,200,1,36951,Cloudflare,Node.js
Incapsula,500,1,7100,Imperva,Node.js
nginx/1.18.0,500,0,24037,None,Vue
Apache/2.4.41,302,1,29142,None,React
Incapsula,301,1,5379,Imperva,Laravel
LiteSpeed,200,0,37751,None,Django
cloudflare,200,1,1441,Cloudflare,Express
nginx/1.18.0,403,1,33950,ModSecurity,React
Incapsula,403,1,48964,Imperva,Django
Apache/2.4.41 (Ubuntu),404,1,44911,ModSecurity,Spring_Boot
nginx/1.18.0,403,1,43827,ModSecurity,Laravel
BIG-IP,403,1,25114,F5_BIG_IP,Node.js
Sucuri/Cloudproxy,403,1,33766,Sucuri,Vue
cloudflare-nginx,404,1,38490,Cloudflare,Unknown
Apache/2.4.41 (Ubuntu),403,1,15717,ModSecurity,Vue
Apache/2.4.41 (Ubuntu),301,1,3202,ModSecurity,React
Incapsula,500,1,27283,Imperva,ASP.NET
BigIP,500,1,36641,F5_BIG_IP,Django
Apache/2.4.41 (Ubuntu),302,1,13278,ModSecurity,React
Sucuri/Cloudproxy,301,1,37666,Sucuri,Django
Sucuri/Cloudproxy,301,1,21189,Sucuri,Laravel
AmazonS3,403,1,6704,AWS_WAF,Django
cloudflare,500,1,12123,Cloudflare,ASP.NET
BigIP,500,1,38693,F5_BIG_IP,Django
nginx/1.18.0,404,1,18266,ModSecurity,Unknown
Apache/2.4.41,302,0,31424,None,Laravel
cloudflare-nginx,500,1,42096,Cloudflare,ASP.NET
cloudflare,500,1,287,Cloudflare,Spring_Boot
AWS,200,1,24858,AWS_WAF,Spring_Boot
Apache/2.4.41 (Ubuntu),404,1,8767,ModSecurity,Express
Apache/2.4.41 (Ubuntu),403,1,3069,ModSecurity,Unknown
Microsoft-IIS/10.0,301,0,21038,None,Vue
nginx/1.18.0,403,1,34921,ModSecurity,Vue
cloudflare,500,1,5413,Cloudflare,WordPress
nginx/1.18.0,500,1,38912,ModSecurity,React
AmazonS3,302,1,49881,AWS_WAF,Unknown
AmazonS3,404,1,7610,AWS_WAF,Express
nginx/1.18.0,302,1,47491,ModSecurity,Laravel
CloudFront,403,1,45668,AWS_WAF,Laravel
Sucuri/Cloudproxy,403,1,28721,Sucuri,Vue
Incapsula,404,1,36900,Imperva,ASP.NET
cloudflare-nginx,500,1,31419,Cloudflare,Unknown
Incapsula,500,1,42484,Imperva,Django
Microsoft-IIS/10.0,404,1,38757,None,Node.js
LiteSpeed,404,0,17445,None,ASP.NET
CloudFront,200,1,49858,AWS_WAF,ASP.NET
nginx/1.18.0,404,0,3997,None,Vue
BigIP,302,1,18328,F5_BIG_IP,Unknown
cloudflare-nginx,200,1,47970,Cloudflare,Laravel
nginx/1.18.0,403,1,48266,ModSecurity,Django
Sucuri/Cloudproxy,403,1,10094,Sucuri,WordPress
BIG-IP,404,1,28133,F5_BIG_IP,Node.js
CloudFront,404,1,14977,AWS_WAF,React
BigIP,403,1,558,F5_BIG_IP,Node.js
Incapsula,200,1,29651,Imperva,Express
Apache/2.4.41 (Ubuntu),200,1,34311,ModSecurity,ASP.NET
BIG-IP,403,1,48699,F5_BIG_IP,Node.js
Apache/2.4.41 (Ubuntu),403,1,1634,ModSecurity,Django
Apache/2.4.41,301,1,12104,None,Django
cloudflare-nginx,302,1,37925,Cloudflare,Django
CloudFront,302,1,35825,AWS_WAF,ASP.NET
Sucuri/Cloudproxy,403,1,9639,Sucuri,Spring_Boot
Apache/2.4.41,200,1,28940,None,Django
CloudFront,200,1,12948,AWS_WAF,Express
cloudflare,200,1,40049,Cloudflare,Spring_Boot
nginx/1.18.0,302,1,33093,ModSecurity,ASP.NET
cloudflare,403,1,37714,Cloudflare,Unknown
cloudflare-nginx,403,1,20917,Cloudflare,Django
Apache/2.4.41 (Ubuntu),200,1,11844,ModSecurity,Spring_Boot
cloudflare-nginx,403,1,37287,Cloudflare,Node.js
CloudFront,500,1,38567,AWS_WAF,React
Sucuri/Cloudproxy,403,1,17433,Sucuri,ASP.NET
CloudFront,404,1,46900,AWS_WAF,ASP.NET
LiteSpeed,200,1,7921,None,ASP.NET
BigIP,500,1,26495,F5_BIG_IP,ASP.NET
AmazonS3,500,1,35652,AWS_WAF,Spring_Boot
Sucuri/Cloudproxy,302,1,185,Sucuri,React
BigIP,301,1,42283,F5_BIG_IP,Django
Sucuri/Cloudproxy,500,1,13014,Sucuri,WordPress
cloudflare,403,1,28319,Cloudflare,React
Apache/2.4.41 (Ubuntu),500,1,31104,ModSecurity,Laravel
BIG-IP,403,1,33857,F5_BIG_IP,Express
cloudflare-nginx,404,1,47666,Cloudflare,Node.js
nginx/1.18.0,404,0,3661,None,Vue
cloudflare-nginx,403,1,21212,Cloudflare,Django
BIG-IP,403,1,32595,F5_BIG_IP,WordPress
BIG-IP,200,1,6181,F5_BIG_IP,React
Apache/2.4.41,301,0,4432,None,ASP.NET
CloudFront,403,1,36095,AWS_WAF,React
Incapsula,301,1,29609,Imperva,Unknown
cloudflare-nginx,500,1,42240,Cloudflare,Vue
BIG-IP,403,1,1511,F5_BIG_IP,ASP.NET
cloudflare,301,1,2877,Cloudflare,Unknown
nginx/1.18.0,404,1,33586,ModSecurity,Spring_Boot
nginx/1.18.0,500,1,43236,ModSecurity,WordPress
Incapsula,302,1,15923,Imperva,Laravel
CloudFront,301,1,37856,AWS_WAF,Express
Apache/2.4.41 (Ubuntu),403,1,6372,ModSecurity,ASP.NET
cloudflare,403,1,46912,Cloudflare,ASP.NET
Apache/2.4.41,301,1,48158,None,Laravel
Sucuri/Cloudproxy,403,1,22546,Sucuri,WordPress
cloudflare,302,1,8862,Cloudflare,Express
Incapsula,403,1,29117,Imperva,WordPress
Microsoft-IIS/10.0,500,0,6894,None,WordPress
LiteSpeed,301,1,19810,None,ASP.NET
Sucuri/Cloudproxy,403,1,34699,Sucuri,Express
nginx/1.18.0,200,1,8102,None,Express
nginx/1.18.0,302,1,47675,ModSecurity,Unknown
Sucuri/Cloudproxy,500,1,21618,Sucuri,Django
nginx/1.18.0,403,1,22686,ModSecurity,WordPress
cloudflare-nginx,302,1,32224,Cloudflare,Django
Incapsula,403,1,29283,Imperva,ASP.NET
nginx/1.18.0,403,1,15914,ModSecurity,WordPress
Microsoft-IIS/10.0,301,0,35020,None,Unknown
Incapsula,200,1,21446,Imperva,WordPress
BigIP,500,1,22179,F5_BIG_IP,Node.js
nginx/1.18.0,403,1,39330,ModSecurity,ASP.NET
BIG-IP,200,1,32489,F5_BIG_IP,Django
Microsoft-IIS/10.0,301,0,30408,None,ASP.NET
Incapsula,301,1,44074,Imperva,Django
Incapsula,302,1,12017,Imperva,Vue
nginx/1.18.0,404,1,45109,ModSecurity,Django
Sucuri/Cloudproxy,500,1,4101,Sucuri,WordPress
AmazonS3,301,1,49155,AWS_WAF,Unknown
Sucuri/Cloudproxy,404,1,44645,Sucuri,Vue
BIG-IP,403,1,43528,F5_BIG_IP,Spring_Boot
Incapsula,404,1,1319,Imperva,WordPress
Microsoft-IIS/10.0,301,0,22209,None,Laravel
Sucuri/Cloudproxy,403,1,26116,Sucuri,Express
Apache/2.4.41 (Ubuntu),403,1,12687,ModSecurity,WordPress
BigIP,403,1,3419,F5_BIG_IP,Vue
Sucuri/Cloudproxy,403,1,26700,Sucuri,Node.js
CloudFront,403,1,17425,AWS_WAF,Django
Incapsula,404,1,5291,Imperva,ASP.NET
cloudflare,302,1,27346,Cloudflare,Node.js
Microsoft-IIS/10.0,302,0,4595,None,React
Incapsula,403,1,34227,Imperva,ASP.NET
BigIP,301,1,21251,F5_BIG_IP,Vue
nginx/1.18.0,403,1,7307,ModSecurity,Laravel
Sucuri/Cloudproxy,200,1,25316,Sucuri,Django
cloudflare-nginx,301,1,35637,Cloudflare,Django
Sucuri/Cloudproxy,302,1,19945,Sucuri,Express
BIG-IP,302,1,1858,F5_BIG_IP,Node.js
BigIP,403,1,41602,F5_BIG_IP,Laravel
BIG-IP,403,1,24161,F5_BIG_IP,Spring_Boot
cloudflare-nginx,500,1,10975,Cloudflare,React
Incapsula,500,1,42049,Imperva,ASP.NET
Sucuri/Cloudproxy,404,1,2927,Sucuri,Spring_Boot
cloudflare,403,1,30877,Cloudflare,Node.js
LiteSpeed,500,0,42934,None,Spring_Boot
CloudFront,302,1,44724,AWS_WAF,Django
BigIP,301,1,30538,F5_BIG_IP,Unknown
Incapsula,404,1,22136,Imperva,ASP.NET
AmazonS3,403,1,8502,AWS_WAF,Laravel
BIG-IP,500,1,4379,F5_BIG_IP,ASP.NET
Incapsula,500,1,16491,Imperva,ASP.NET
BIG-IP,301,1,43964,F5_BIG_IP,WordPress
Incapsula,404,1,22406,Imperva,React
cloudflare-nginx,302,1,42202,Cloudflare,Laravel
Apache/2.4.41,404,1,4942,None,Express
Microsoft-IIS/10.0,200,0,48559,None,Django
cloudflare-nginx,404,1,22113,Cloudflare,Unknown
BIG-IP,500,1,12844,F5_BIG_IP,Laravel
Apache/2.4.41 (Ubuntu),200,1,19481,ModSecurity,Vue
Apache/2.4.41,301,0,39727,None,Laravel
BigIP,403,1,15813,F5_BIG_IP,React
Apache/2.4.41 (Ubuntu),403,1,24070,ModSecurity,Unknown
CloudFront,500,1,15866,AWS_WAF,React
AWS,403,1,23719,AWS_WAF,Spring_Boot
nginx/1.18.0,200,1,22917,ModSecurity,Express
Sucuri/Cloudproxy,200,1,28913,Sucuri,Express
AWS,403,1,32262,AWS_WAF,Django
nginx/1.18.0,403,1,24696,ModSecurity,Vue
AWS,403,1,34589,AWS_WAF,Django
cloudflare-nginx,403,1,49062,Cloudflare,Django
nginx/1.18.0,301,1,14085,ModSecurity,Laravel
Incapsula,301,1,25765,Imperva,React
Apache/2.4.41,500,0,38151,None,Node.js
BIG-IP,403,1,4679,F5_BIG_IP,React
Sucuri/Cloudproxy,200,1,24562,Sucuri,Vue
BigIP,301,1,7481,F5_BIG_IP,Unknown
LiteSpeed,302,1,49303,None,Spring_Boot
cloudflare,404,1,35514,Cloudflare,Vue
Microsoft-IIS/10.0,301,1,6862,None,Django
AWS,403,1,7110,AWS_WAF,React
Apache/2.4.41,404,1,41844,None,Django
LiteSpeed,301,0,6747,None,Unknown
Sucuri/Cloudproxy,403,1,41031,Sucuri,Unknown
Incapsula,403,1,30846,Imperva,Django
Incapsula,403,1,42675,Imperva,Unknown
Incapsula,403,1,40778,Imperva,Node.js
Sucuri/Cloudproxy,500,1,40354,Sucuri,Vue
Incapsula,403,1,31956,Imperva,Express
BIG-IP,302,1,41033,F5_BIG_IP,Spring_Boot
BigIP,200,1,27233,F5_BIG_IP,WordPress
cloudflare,404,1,1237,Cloudflare,Node.js
Sucuri/Cloudproxy,500,1,16479,Sucuri,Vue
CloudFront,500,1,16906,AWS_WAF,WordPress
Incapsula,403,1,45280,Imperva,Vue
BIG-IP,500,1,47588,F5_BIG_IP,ASP.NET
CloudFront,403,1,46999,AWS_WAF,React
BIG-IP,500,1,7078,F5_BIG_IP,Django
nginx/1.18.0,500,1,524,ModSecurity,Django
nginx/1.18.0,404,1,37255,ModSecurity,Express
Sucuri/Cloudproxy,302,1,39201,Sucuri,WordPress
CloudFront,403,1,44512,AWS_WAF,Express
Apache/2.4.41 (Ubuntu),200,1,24461,ModSecurity,ASP.NET
AmazonS3,403,1,9047,AWS_WAF,Unknown
Incapsula,200,1,37431,Imperva,Laravel
cloudflare-nginx,403,1,25541,Cloudflare,Laravel
nginx/1.18.0,200,1,21866,ModSecurity,Express
LiteSpeed,200,0,47660,None,Unknown
Sucuri/Cloudproxy,500,1,10475,Sucuri,Node.js
nginx/1.18.0,403,1,38207,ModSecurity,Unknown
Sucuri/Cloudproxy,302,1,21873,Sucuri,Unknown
nginx/1.18.0,200,1,12534,None,React
nginx/1.18.0,404,1,19066,ModSecurity,Django
nginx/1.18.0,200,0,46351,None,Express
Incapsula,403,1,24156,Imperva,Express
Incapsula,404,1,33391,Imperva,Express
Sucuri/Cloudproxy,403,1,8676,Sucuri,Laravel
Sucuri/Cloudproxy,403,1,9313,Sucuri,React
BIG-IP,403,1,5644,F5_BIG_IP,React
CloudFront,302,1,49152,AWS_WAF,Node.js
BIG-IP,404,1,6294,F5_BIG_IP,Django
Apache/2.4.41 (Ubuntu),403,1,39454,ModSecurity,ASP.NET
AWS,403,1,26013,AWS_WAF,WordPress
BigIP,302,1,25340,F5_BIG_IP,React
Microsoft-IIS/10.0,302,1,6508,None,ASP.NET
nginx/1.18.0,403,1,18835,ModSecurity,Express
CloudFront,403,1,48442,AWS_WAF,Express
cloudflare-nginx,404,1,10648,Cloudflare,Laravel
BigIP,301,1,3842,F5_BIG_IP,Vue
Sucuri/Cloudproxy,301,1,44598,Sucuri,Vue
Microsoft-IIS/10.0,404,1,49553,None,Django
Microsoft-IIS/10.0,200,1,25866,None,Unknown
Sucuri/Cloudproxy,200,1,32302,Sucuri,Django
Incapsula,500,1,32255,Imperva,Spring_Boot
Incapsula,302,1,21314,Imperva,Vue
LiteSpeed,500,1,45786,None,Vue
nginx/1.18.0,301,1,8775,ModSecurity,ASP.NET
AWS,403,1,6245,AWS_WAF,Spring_Boot
BIG-IP,403,1,48710,F5_BIG_IP,Django
nginx/1.18.0,302,1,4420,ModSecurity,Express
Incapsula,403,1,44104,Imperva,Node.js
Sucuri/Cloudproxy,403,1,45172,Sucuri,Laravel
AWS,301,1,30507,AWS_WAF,Express
Apache/2.4.41 (Ubuntu),403,1,42291,ModSecurity,Vue
Sucuri/Cloudproxy,404,1,2255,Sucuri,Spring_Boot
cloudflare-nginx,500,1,25499,Cloudflare,Node.js
Apache/2.4.41,404,0,31000,None,Node.js
BIG-IP,403,1,18631,F5_BIG_IP,Vue
cloudflare-nginx,302,1,15031,Cloudflare,Unknown
cloudflare,301,1,2169,Cloudflare,WordPress
Apache/2.4.41 (Ubuntu),403,1,24709,ModSecurity,ASP.NET
Apache/2.4.41 (Ubuntu),301,1,48739,ModSecurity,Spring_Boot
Apache/2.4.41 (Ubuntu),404,1,8870,ModSecurity,WordPress
cloudflare-nginx,404,1,39646,Cloudflare,Vue
cloudflare,404,1,41250,Cloudflare,Unknown
Sucuri/Cloudproxy,302,1,43507,Sucuri,WordPress
BigIP,403,1,20038,F5_BIG_IP,Unknown
Incapsula,403,1,12545,Imperva,Node.js
BigIP,301,1,42105,F5_BIG_IP,Vue
Microsoft-IIS/10.0,301,0,49943,None,Node.js
BIG-IP,301,1,4120,F5_BIG_IP,Django
cloudflare-nginx,403,1,7411,Cloudflare,Vue
nginx/1.18.0,404,0,23121,None,ASP.NET
Apache/2.4.41,302,1,9781,None,Unknown
Sucuri/Cloudproxy,403,1,11429,Sucuri,Django
nginx/1.18.0,500,1,48565,ModSecurity,React
nginx/1.18.0,301,1,17921,ModSecurity,WordPress
cloudflare-nginx,302,1,41097,Cloudflare,ASP.NET
AWS,404,1,31503,AWS_WAF,Unknown
Sucuri/Cloudproxy,200,1,5634,Sucuri,Unknown
Sucuri/Cloudproxy,403,1,35750,Sucuri,Vue
Sucuri/Cloudproxy,302,1,35488,Sucuri,Unknown
CloudFront,200,1,44163,AWS_WAF,Django
BigIP,403,1,13614,F5_BIG_IP,WordPress
nginx/1.18.0,500,1,25860,ModSecurity,Express
AWS,301,1,8800,AWS_WAF,Unknown
CloudFront,200,1,32702,AWS_WAF,Unknown
Sucuri/Cloudproxy,403,1,1257,Sucuri,Django
cloudflare-nginx,404,1,24253,Cloudflare,Express
Apache/2.4.41 (Ubuntu),200,1,33495,ModSecurity,Unknown
Sucuri/Cloudproxy,302,1,40031,Sucuri,Laravel
CloudFront,403,1,23452,AWS_WAF,Node.js
Incapsula,500,1,8195,Imperva,Laravel
BIG-IP,403,1,43478,F5_BIG_IP,Spring_Boot
Incapsula,301,1,33816,Imperva,Node.js
Incapsula,302,1,14803,Imperva,Express
Microsoft-IIS/10.0,302,0,23328,None,Node.js
Apache/2.4.41,200,0,23485,None,WordPress
nginx/1.18.0,403,1,48483,ModSecurity,Spring_Boot
Sucuri/Cloudproxy,403,1,35586,Sucuri,Node.js
BigIP,404,1,27953,F5_BIG_IP,Express
nginx/1.18.0,200,0,34648,None,React
cloudflare-nginx,301,1,46864,Cloudflare,Vue
BIG-IP,301,1,26380,F5_BIG_IP,WordPress
BigIP,200,1,36914,F5_BIG_IP,Vue
LiteSpeed,302,0,44809,None,ASP.NET
cloudflare,301,1,8073,Cloudflare,React
BigIP,200,1,14273,F5_BIG_IP,Spring_Boot
AmazonS3,403,1,7431,AWS_WAF,Express
CloudFront,301,1,7941,AWS_WAF,Unknown
cloudflare-nginx,403,1,2345,Cloudflare,WordPress
BIG-IP,301,1,14559,F5_BIG_IP,Spring_Boot
nginx/1.18.0,200,0,27972,None,Unknown
Microsoft-IIS/10.0,500,0,35546,None,Django
CloudFront,403,1,9070,AWS_WAF,Django
Apache/2.4.41,404,0,11985,None,Express
nginx/1.18.0,200,1,7961,None,Express
nginx/1.18.0,301,1,8184,ModSecurity,ASP.NET
Apache/2.4.41 (Ubuntu),500,1,20413,ModSecurity,Vue
AWS,301,1,37491,AWS_WAF,WordPress
Microsoft-IIS/10.0,302,0,32873,None,Node.js
cloudflare-nginx,200,1,41391,Cloudflare,WordPress
nginx/1.18.0,301,1,15033,ModSecurity,Django
Sucuri/Cloudproxy,200,1,47708,Sucuri,WordPress
nginx/1.18.0,404,1,21916,ModSecurity,Spring_Boot
cloudflare,403,1,13942,Cloudflare,Express
nginx/1.18.0,500,0,47842,None,Express
BIG-IP,403,1,17939,F5_BIG_IP,Laravel
Incapsula,500,1,29246,Imperva,Django
cloudflare,500,1,12733,Cloudflare,Node.js
Apache/2.4.41,200,0,39192,None,Node.js
Microsoft-IIS/10.0,404,0,43150,None,Unknown
Sucuri/Cloudproxy,404,1,16193,Sucuri,Express
BIG-IP,403,1,12087,F5_BIG_IP,Django
nginx/1.18.0,500,1,34092,None,WordPress
Apache/2.4.41 (Ubuntu),200,1,11575,ModSecurity,WordPress
CloudFront,404,1,36239,AWS_WAF,Laravel
cloudflare-nginx,404,1,2129,Cloudflare,ASP.NET
Sucuri/Cloudproxy,500,1,22693,Sucuri,ASP.NET
BIG-IP,404,1,5889,F5_BIG_IP,WordPress
Sucuri/Cloudproxy,404,1,22388,Sucuri,Django
cloudflare-nginx,500,1,39812,Cloudflare,Django
cloudflare,200,1,3110,Cloudflare,Vue
LiteSpeed,302,0,11895,None,WordPress
Incapsula,200,1,41760,Imperva,Vue
AmazonS3,302,1,34932,AWS_WAF,Vue
BIG-IP,403,1,45631,F5_BIG_IP,Spring_Boot
cloudflare,404,1,48903,Cloudflare,Node.js
nginx/1.18.0,404,0,44596,None,Django
Incapsula,200,1,33165,Imperva,WordPress
BigIP,404,1,19681,F5_BIG_IP,Unknown
BigIP,500,1,5370,F5_BIG_IP,ASP.NET
BIG-IP,200,1,48628,F5_BIG_IP,React
nginx/1.18.0,301,0,46878,None,Express
Incapsula,500,1,25364,Imperva,Vue
Incapsula,403,1,33720,Imperva,ASP.NET
Incapsula,301,1,6954,Imperva,Spring_Boot
Incapsula,200,1,9898,Imperva,Laravel
nginx/1.18.0,302,1,38090,ModSecurity,Vue
AmazonS3,403,1,274,AWS_WAF,ASP.NET
Incapsula,302,1,13351,Imperva,Vue
BIG-IP,403,1,3635,F5_BIG_IP,Vue
nginx/1.18.0,200,1,3094,None,Node.js
Sucuri/Cloudproxy,302,1,22108,Sucuri,WordPress
AWS,403,1,39342,AWS_WAF,React
Sucuri/Cloudproxy,403,1,7134,Sucuri,Laravel
Incapsula,301,1,29739,Imperva,Vue
cloudflare-nginx,404,1,43381,Cloudflare,Django
Sucuri/Cloudproxy,302,1,38980,Sucuri,ASP.NET
BIG-IP,403,1,24976,F5_BIG_IP,Django
nginx/1.18.0,500,1,34064,ModSecurity,Node.js
Apache/2.4.41,302,0,32591,None,Django
LiteSpeed,301,0,5486,None,Spring_Boot
Apache/2.4.41 (Ubuntu),500,1,29622,ModSecurity,Node.js
nginx/1.18.0,403,1,17999,ModSecurity,WordPress
BIG-IP,403,1,29630,F5_BIG_IP,Laravel
cloudflare-nginx,403,1,24119,Cloudflare,Spring_Boot
Sucuri/Cloudproxy,403,1,15463,Sucuri,Spring_Boot
Apache/2.4.41,301,0,11614,None,ASP.NET
Apache/2.4.41 (Ubuntu),302,1,2617,ModSecurity,Django
cloudflare-nginx,500,1,25854,Cloudflare,ASP.NET
Apache/2.4.41 (Ubuntu),301,1,44447,ModSecurity,WordPress
cloudflare-nginx,200,1,18555,Cloudflare,Laravel
Sucuri/Cloudproxy,302,1,48804,Sucuri,Django
Incapsula,403,1,30008,Imperva,Vue
Sucuri/Cloudproxy,403,1,2650,Sucuri,Vue
AWS,302,1,48384,AWS_WAF,Node.js
Apache/2.4.41 (Ubuntu),403,1,30974,ModSecurity,Spring_Boot
Sucuri/Cloudproxy,302,1,4197,Sucuri,React
Apache/2.4.41,301,0,557,None,WordPress
cloudflare-nginx,500,1,32357,Cloudflare,Unknown
Sucuri/Cloudproxy,403,1,37675,Sucuri,Django
cloudflare-nginx,403,1,15932,Cloudflare,Vue
BIG-IP,403,1,11745,F5_BIG_IP,Laravel
AmazonS3,301,1,16888,AWS_WAF,Spring_Boot
Apache/2.4.41 (Ubuntu),500,1,14542,ModSecurity,Spring_Boot
nginx/1.18.0,403,1,48482,ModSecurity,Express
nginx/1.18.0,500,1,32919,None,Vue
cloudflare,403,1,42212,Cloudflare,Node.js
BigIP,500,1,27188,F5_BIG_IP,Spring_Boot
Sucuri/Cloudproxy,302,1,31403,Sucuri,React
BigIP,500,1,15417,F5_BIG_IP,WordPress
Incapsula,200,1,13013,Imperva,Express
nginx/1.18.0,500,1,18643,ModSecurity,Vue
nginx/1.18.0,200,1,9274,None,Laravel
BigIP,500,1,15863,F5_BIG_IP,Unknown
LiteSpeed,302,0,24421,None,Vue
Sucuri/Cloudproxy,403,1,31133,Sucuri,Vue
Sucuri/Cloudproxy,403,1,18607,Sucuri,Spring_Boot
cloudflare-nginx,403,1,28729,Cloudflare,Express
Microsoft-IIS/10.0,200,0,4373,None,Express
Incapsula,404,1,49384,Imperva,Vue
BIG-IP,200,1,4802,F5_BIG_IP,React
Incapsula,302,1,18493,Imperva,Express
AmazonS3,200,1,19053,AWS_WAF,WordPress
Apache/2.4.41,302,0,33898,None,WordPress
Sucuri/Cloudproxy,403,1,46506,Sucuri,Spring_Boot
Sucuri/Cloudproxy,301,1,9095,Sucuri,Django
Sucuri/Cloudproxy,500,1,6074,Sucuri,Django
AmazonS3,403,1,224,AWS_WAF,React
Apache/2.4.41,404,1,37903,None,ASP.NET
Sucuri/Cloudproxy,404,1,26626,Sucuri,WordPress
AWS,301,1,45837,AWS_WAF,Laravel
BigIP,302,1,41244,F5_BIG_IP,ASP.NET
Sucuri/Cloudproxy,500,1,28133,Sucuri,Unknown
cloudflare,301,1,4090,Cloudflare,WordPress
Microsoft-IIS/10.0,500,0,12263,None,WordPress
Apache/2.4.41 (Ubuntu),403,1,25410,ModSecurity,Vue
Sucuri/Cloudproxy,403,1,4672,Sucuri,Django
nginx/1.18.0,403,1,5349,ModSecurity,Laravel
BIG-IP,302,1,422,F5_BIG_IP,WordPress
cloudflare,200,1,44419,Cloudflare,Django
LiteSpeed,404,0,16894,None,Unknown
cloudflare-nginx,302,1,23420,Cloudflare,Node.js
BIG-IP,500,1,7131,F5_BIG_IP,Node.js
BIG-IP,403,1,3933,F5_BIG_IP,WordPress
cloudflare-nginx,302,1,2141,Cloudflare,Unknown
cloudflare-nginx,301,1,29372,Cloudflare,Spring_Boot
BIG-IP,500,1,24100,F5_BIG_IP,Unknown
Apache/2.4.41,200,0,5096,None,Vue
LiteSpeed,500,1,5616,None,Vue
BIG-IP,403,1,8906,F5_BIG_IP,WordPress
Apache/2.4.41,500,0,44844,None,Laravel
cloudflare,403,1,8575,Cloudflare,React
cloudflare,403,1,17249,Cloudflare,React
nginx/1.18.0,500,1,21345,ModSecurity,Django
Sucuri/Cloudproxy,404,1,23558,Sucuri,WordPress
Sucuri/Cloudproxy,301,1,7279,Sucuri,Express
CloudFront,403,1,18318,AWS_WAF,Laravel
cloudflare-nginx,500,1,5635,Cloudflare,Spring_Boot
AmazonS3,403,1,26932,AWS_WAF,ASP.NET
Sucuri/Cloudproxy,200,1,32770,Sucuri,Vue
Apache/2.4.41 (Ubuntu),302,1,5442,ModSecurity,Unknown
Incapsula,404,1,31220,Imperva,Express
Apache/2.4.41,200,0,7157,None,WordPress
BIG-IP,500,1,35739,F5_BIG_IP,Unknown
Incapsula,403,1,3079,Imperva,React
AWS,403,1,9226,AWS_WAF,Spring_Boot
LiteSpeed,301,0,4276,None,Node.js
Apache/2.4.41,404,1,12114,None,Express
BIG-IP,403,1,5122,F5_BIG_IP,React
BIG-IP,403,1,26631,F5_BIG_IP,Unknown
Microsoft-IIS/10.0,301,0,17647,None,Django
BigIP,403,1,11129,F5_BIG_IP,Vue
Apache/2.4.41,200,1,142,None,Express
BIG-IP,200,1,41670,F5_BIG_IP,Node.js
Apache/2.4.41,301,0,22927,None,React
cloudflare-nginx,301,1,36796,Cloudflare,Django
Microsoft-IIS/10.0,302,0,39378,None,Laravel
CloudFront,200,1,14464,AWS_WAF,Unknown
cloudflare,200,1,3662,Cloudflare,React
Incapsula,500,1,21816,Imperva,ASP.NET
Apache/2.4.41 (Ubuntu),403,1,38943,ModSecurity,WordPress
cloudflare,403,1,42469,Cloudflare,Node.js
Sucuri/Cloudproxy,200,1,41919,Sucuri,ASP.NET
BigIP,403,1,2624,F5_BIG_IP,ASP.NET
Microsoft-IIS/10.0,500,1,3316,None,Unknown
Apache/2.4.41 (Ubuntu),404,1,36985,ModSecurity,Django
Apache/2.4.41 (Ubuntu),302,1,36470,ModSecurity,Laravel
cloudflare-nginx,403,1,13283,Cloudflare,Django
AWS,404,1,47079,AWS_WAF,Node.js
Apache/2.4.41 (Ubuntu),302,1,18148,ModSecurity,Express
Apache/2.4.41,200,0,24528,None,ASP.NET
Apache/2.4.41 (Ubuntu),403,1,44508,ModSecurity,Vue
Incapsula,403,1,4574,Imperva,ASP.NET
cloudflare,403,1,45805,Cloudflare,WordPress
BigIP,200,1,46881,F5_BIG_IP,Spring_Boot
AWS,403,1,9515,AWS_WAF,Node.js
Incapsula,403,1,46227,Imperva,Django
Microsoft-IIS/10.0,302,1,48190,None,Spring_Boot
Apache/2.4.41,404,1,17872,None,Laravel
nginx/1.18.0,500,1,14440,None,React
cloudflare,403,1,42500,Cloudflare,React
Incapsula,500,1,24251,Imperva,Express
Sucuri/Cloudproxy,403,1,23568,Sucuri,Express
Incapsula,403,1,28348,Imperva,Laravel
Sucuri/Cloudproxy,200,1,22154,Sucuri,Unknown
cloudflare,403,1,21750,Cloudflare,Express
Sucuri/Cloudproxy,301,1,10126,Sucuri,WordPress
nginx/1.18.0,302,0,30303,None,React
Apache/2.4.41,302,0,35380,None,Unknown
Incapsula,403,1,44774,Imperva,Unknown
Apache/2.4.41,302,1,9727,None,Laravel
BigIP,404,1,8601,F5_BIG_IP,Django
Incapsula,403,1,14763,Imperva,React
Apache/2.4.41 (Ubuntu),301,1,37675,ModSecurity,Laravel
BIG-IP,500,1,36520,F5_BIG_IP,Node.js
cloudflare,403,1,47743,Cloudflare,ASP.NET
AmazonS3,301,1,37142,AWS_WAF,WordPress
cloudflare,403,1,33463,Cloudflare,Vue
Microsoft-IIS/10.0,404,0,17908,None,WordPress
Incapsula,301,1,24088,Imperva,Django
cloudflare,302,1,40444,Cloudflare,Vue
Incapsula,200,1,39399,Imperva,Django
Incapsula,403,1,43614,Imperva,React
nginx/1.18.0,403,1,4184,ModSecurity,Vue
Sucuri/Cloudproxy,301,1,40360,Sucuri,Node.js
BigIP,301,1,39260,F5_BIG_IP,Django
Sucuri/Cloudproxy,404,1,5815,Sucuri,Node.js
Microsoft-IIS/10.0,500,1,7323,None,Node.js
Incapsula,302,1,21397,Imperva,Spring_Boot
AWS,200,1,47707,AWS_WAF,WordPress
BigIP,301,1,5422,F5_BIG_IP,Node.js
Microsoft-IIS/10.0,301,0,9019,None,Node.js
Sucuri/Cloudproxy,403,1,26965,Sucuri,React
cloudflare,500,1,37779,Cloudflare,Spring_Boot
BIG-IP,500,1,13542,F5_BIG_IP,Django
cloudflare,403,1,36658,Cloudflare,Laravel
Microsoft-IIS/10.0,301,0,34443,None,Django
LiteSpeed,404,0,39211,None,React
Sucuri/Cloudproxy,500,1,36171,Sucuri,ASP.NET
Microsoft-IIS/10.0,404,0,7997,None,Django
BIG-IP,302,1,33785,F5_BIG_IP,Vue
cloudflare-nginx,301,1,16807,Cloudflare,Node.js
AWS,200,1,1652,AWS_WAF,Express
Incapsula,403,1,9488,Imperva,Laravel
BIG-IP,403,1,11503,F5_BIG_IP,React
Incapsula,403,1,32114,Imperva,Express
Incapsula,403,1,8771,Imperva,ASP.NET
AmazonS3,403,1,41553,AWS_WAF,React
cloudflare-nginx,403,1,24124,Cloudflare,Express
CloudFront,301,1,36887,AWS_WAF,ASP.NET
Apache/2.4.41 (Ubuntu),403,1,49292,ModSecurity,Vue
cloudflare,403,1,25252,Cloudflare,Laravel
BIG-IP,302,1,1561,F5_BIG_IP,React
nginx/1.18.0,302,0,17602,None,Spring_Boot
BigIP,403,1,46336,F5_BIG_IP,Vue
Incapsula,302,1,2465,Imperva,Unknown
AWS,403,1,5280,AWS_WAF,React
Incapsula,403,1,3063,Imperva,Django
BIG-IP,302,1,43881,F5_BIG_IP,Vue
Incapsula,500,1,11492,Imperva,Laravel
BIG-IP,302,1,43209,F5_BIG_IP,Unknown
Sucuri/Cloudproxy,403,1,42013,Sucuri,WordPress
Sucuri/Cloudproxy,302,1,43339,Sucuri,Express
LiteSpeed,302,0,44163,None,Vue
BIG-IP,403,1,27210,F5_BIG_IP,Unknown
Sucuri/Cloudproxy,500,1,42967,Sucuri,Express
Incapsula,200,1,18055,Imperva,WordPress
cloudflare-nginx,302,1,34408,Cloudflare,Laravel
BIG-IP,403,1,17670,F5_BIG_IP,Vue
Microsoft-IIS/10.0,301,1,17204,None,Laravel
Sucuri/Cloudproxy,404,1,14708,Sucuri,ASP.NET
cloudflare,200,1,32449,Cloudflare,Vue
Sucuri/Cloudproxy,403,1,30154,Sucuri,Vue
AWS,500,1,27927,AWS_WAF,Node.js
Sucuri/Cloudproxy,403,1,8417,Sucuri,Node.js
Sucuri/Cloudproxy,403,1,35467,Sucuri,React
Incapsula,403,1,4521,Imperva,WordPress
AWS,404,1,2049,AWS_WAF,Vue
CloudFront,403,1,24675,AWS_WAF,Node.js
Incapsula,403,1,32329,Imperva,Laravel
Sucuri/Cloudproxy,200,1,31868,Sucuri,Laravel
BigIP,403,1,33217,F5_BIG_IP,Express
Apache/2.4.41,404,0,10546,None,ASP.NET
Incapsula,403,1,37474,Imperva,Laravel
Incapsula,500,1,19099,Imperva,Vue
Apache/2.4.41 (Ubuntu),403,1,33774,ModSecurity,Express
Sucuri/Cloudproxy,404,1,44756,Sucuri,WordPress
AWS,200,1,49874,AWS_WAF,React
Incapsula,403,1,36480,Imperva,ASP.NET
Incapsula,403,1,14004,Imperva,Unknown
BigIP,500,1,25124,F5_BIG_IP,React
Apache/2.4.41 (Ubuntu),302,1,40289,ModSecurity,ASP.NET
cloudflare-nginx,403,1,21561,Cloudflare,React
Microsoft-IIS/10.0,200,0,38266,None,Laravel
Sucuri/Cloudproxy,404,1,43457,Sucuri,Vue
Sucuri/Cloudproxy,500,1,40145,Sucuri,ASP.NET
Apache/2.4.41 (Ubuntu),302,1,47465,ModSecurity,Unknown
Microsoft-IIS/10.0,302,0,31508,None,React
nginx/1.18.0,403,1,26360,ModSecurity,Unknown
Incapsula,403,1,27836,Imperva,Laravel
Incapsula,302,1,45507,Imperva,Express
Incapsula,403,1,7932,Imperva,Django
Sucuri/Cloudproxy,403,1,42614,Sucuri,WordPress
cloudflare,301,1,15869,Cloudflare,Spring_Boot
Incapsula,403,1,8161,Imperva,Laravel
Incapsula,404,1,18473,Imperva,React
Apache/2.4.41,302,0,24240,None,Node.js
Sucuri/Cloudproxy,200,1,10631,Sucuri,Django
BIG-IP,301,1,34401,F5_BIG_IP,WordPress
CloudFront,500,1,2948,AWS_WAF,Express
Incapsula,403,1,20898,Imperva,Django
LiteSpeed,500,1,27732,None,ASP.NET
Incapsula,302,1,29358,Imperva,Spring_Boot
Sucuri/Cloudproxy,200,1,26882,Sucuri,Django
CloudFront,403,1,40392,AWS_WAF,Spring_Boot
AmazonS3,403,1,27024,AWS_WAF,Node.js
Sucuri/Cloudproxy,301,1,10834,Sucuri,Node.js
BigIP,500,1,40530,F5_BIG_IP,Unknown
AmazonS3,403,1,42393,AWS_WAF,Spring_Boot
Incapsula,301,1,40949,Imperva,Laravel
BigIP,403,1,40263,F5_BIG_IP,Spring_Boot
Microsoft-IIS/10.0,302,0,40746,None,Express
cloudflare,301,1,17848,Cloudflare,React
BigIP,500,1,27192,F5_BIG_IP,ASP.NET
Incapsula,302,1,32025,Imperva,ASP.NET
BIG-IP,200,1,7988,F5_BIG_IP,Spring_Boot
Apache/2.4.41 (Ubuntu),404,1,31424,ModSecurity,Unknown
Apache/2.4.41 (Ubuntu),404,1,6131,ModSecurity,React
nginx/1.18.0,200,1,31776,ModSecurity,WordPress
BIG-IP,403,1,23793,F5_BIG_IP,ASP.NET
cloudflare-nginx,301,1,13338,Cloudflare,Vue
Incapsula,404,1,16216,Imperva,Spring_Boot
LiteSpeed,301,1,47737,None,Spring_Boot
BIG-IP,302,1,16971,F5_BIG_IP,Vue
Apache/2.4.41 (Ubuntu),404,1,21525,ModSecurity,ASP.NET
Incapsula,403,1,429,Imperva,Laravel
nginx/1.18.0,500,1,44114,ModSecurity,Django
Sucuri/Cloudproxy,403,1,15636,Sucuri,ASP.NET
BIG-IP,404,1,488,F5_BIG_IP,Node.js
Microsoft-IIS/10.0,500,1,1118,None,ASP.NET
cloudflare-nginx,302,1,948,Cloudflare,Node.js
Sucuri/Cloudproxy,500,1,3004,Sucuri,Unknown
Sucuri/Cloudproxy,403,1,48193,Sucuri,Laravel
Apache/2.4.41,200,0,49314,None,Express
Microsoft-IIS/10.0,500,0,35384,None,Node.js
Apache/2.4.41,302,1,17000,None,Unknown
cloudflare,200,1,34791,Cloudflare,Express
Apache/2.4.41 (Ubuntu),301,1,8338,ModSecurity,Node.js
CloudFront,403,1,3494,AWS_WAF,Laravel
LiteSpeed,301,0,21739,None,Node.js
Apache/2.4.41,200,0,6835,None,ASP.NET
BigIP,301,1,32710,F5_BIG_IP,Django
BIG-IP,200,1,990,F5_BIG_IP,React
nginx/1.18.0,403,1,46460,ModSecurity,Node.js
BigIP,404,1,39187,F5_BIG_IP,WordPress
BIG-IP,404,1,24109,F5_BIG_IP,ASP.NET
cloudflare,404,1,8546,Cloudflare,Unknown
Apache/2.4.41 (Ubuntu),403,1,36597,ModSecurity,Laravel
CloudFront,404,1,29484,AWS_WAF,React
Sucuri/Cloudproxy,403,1,38827,Sucuri,Unknown
CloudFront,403,1,23559,AWS_WAF,Express
cloudflare-nginx,500,1,11243,Cloudflare,Django
BIG-IP,301,1,2056,F5_BIG_IP,Laravel
Sucuri/Cloudproxy,302,1,8660,Sucuri,WordPress
Incapsula,403,1,42691,Imperva,Laravel
Sucuri/Cloudproxy,500,1,17121,Sucuri,WordPress
cloudflare,403,1,38317,Cloudflare,React
Sucuri/Cloudproxy,403,1,35484,Sucuri,WordPress
Apache/2.4.41,500,0,10157,None,Node.js
Sucuri/Cloudproxy,403,1,41411,Sucuri,Laravel
cloudflare,403,1,42551,Cloudflare,ASP.NET
Sucuri/Cloudproxy,301,1,1805,Sucuri,ASP.NET
LiteSpeed,404,0,1379,None,Vue
Apache/2.4.41 (Ubuntu),302,1,47761,ModSecurity,React
cloudflare,500,1,12268,Cloudflare,Vue
CloudFront,500,1,48799,AWS_WAF,Unknown
cloudflare,404,1,48183,Cloudflare,WordPress
Incapsula,403,1,47352,Imperva,WordPress
CloudFront,301,1,35980,AWS_WAF,WordPress
Microsoft-IIS/10.0,301,0,13028,None,ASP.NET
CloudFront,301,1,20068,AWS_WAF,Unknown
BigIP,500,1,9765,F5_BIG_IP,React
Microsoft-IIS/10.0,200,0,37050,None,Node.js
Incapsula,403,1,1338,Imperva,WordPress
LiteSpeed,200,0,11178,None,Vue
Sucuri/Cloudproxy,302,1,48496,Sucuri,Laravel
cloudflare,403,1,6597,Cloudflare,React
BigIP,403,1,22323,F5_BIG_IP,Laravel
BigIP,301,1,27953,F5_BIG_IP,Spring_Boot
Apache/2.4.41 (Ubuntu),302,1,12762,ModSecurity,Express
CloudFront,404,1,20362,AWS_WAF,Express
BigIP,302,1,2603,F5_BIG_IP,Spring_Boot
Apache/2.4.41 (Ubuntu),403,1,15213,ModSecurity,Spring_Boot
cloudflare-nginx,403,1,28607,Cloudflare,WordPress
cloudflare-nginx,403,1,752,Cloudflare,Spring_Boot
Sucuri/Cloudproxy,200,1,36571,Sucuri,Laravel
Sucuri/Cloudproxy,302,1,41241,Sucuri,Vue
Apache/2.4.41,301,1,14236,None,ASP.NET
cloudflare,404,1,9671,Cloudflare,ASP.NET
cloudflare-nginx,301,1,34778,Cloudflare,ASP.NET
nginx/1.18.0,302,0,12454,None,WordPress
AWS,404,1,36306,AWS_WAF,Vue
AmazonS3,403,1,34388,AWS_WAF,Spring_Boot
Sucuri/Cloudproxy,403,1,43762,Sucuri,Vue
BIG-IP,500,1,36055,F5_BIG_IP,Laravel
cloudflare,500,1,27899,Cloudflare,Express
Incapsula,403,1,15436,Imperva,Unknown
AWS,403,1,37270,AWS_WAF,ASP.NET
cloudflare,403,1,27992,Cloudflare,Unknown
AWS,404,1,37481,AWS_WAF,WordPress
nginx/1.18.0,404,1,14191,None,Django
Sucuri/Cloudproxy,403,1,48453,Sucuri,Laravel
Incapsula,301,1,13651,Imperva,WordPress
BigIP,301,1,23195,F5_BIG_IP,Node.js
Apache/2.4.41 (Ubuntu),301,1,30438,ModSecurity,WordPress
nginx/1.18.0,200,0,28044,None,WordPress
LiteSpeed,500,0,5854,None,Vue
BIG-IP,404,1,22740,F5_BIG_IP,Spring_Boot
Sucuri/Cloudproxy,302,1,5385,Sucuri,Unknown
BigIP,500,1,2499,F5_BIG_IP,Node.js
Sucuri/Cloudproxy,200,1,29154,Sucuri,Spring_Boot
Apache/2.4.41,404,0,14886,None,Unknown
Incapsula,500,1,10508,Imperva,Laravel
cloudflare-nginx,302,1,43241,Cloudflare,Laravel
Incapsula,403,1,13559,Imperva,ASP.NET
Apache/2.4.41 (Ubuntu),200,1,45153,ModSecurity,Vue
nginx/1.18.0,301,0,18574,None,Django
AmazonS3,404,1,36370,AWS_WAF,Unknown
nginx/1.18.0,404,1,8237,ModSecurity,Spring_Boot
BigIP,403,1,48670,F5_BIG_IP,WordPress
AWS,403,1,770,AWS_WAF,Unknown
cloudflare,500,1,25859,Cloudflare,Vue
Incapsula,404,1,10738,Imperva,Django
Sucuri/Cloudproxy,200,1,33329,Sucuri,Django
Sucuri/Cloudproxy,403,1,25815,Sucuri,React
nginx/1.18.0,404,0,49613,None,Vue
Microsoft-IIS/10.0,404,0,29138,None,React
Sucuri/Cloudproxy,403,1,15857,Sucuri,Spring_Boot
Incapsula,302,1,41000,Imperva,Spring_Boot
Apache/2.4.41,500,1,3258,None,Laravel
Incapsula,403,1,3192,Imperva,Node.js
AWS,403,1,2205,AWS_WAF,Django
Sucuri/Cloudproxy,403,1,46882,Sucuri,Express
Sucuri/Cloudproxy,302,1,43426,Sucuri,Spring_Boot
cloudflare,301,1,14415,Cloudflare,Laravel
Sucuri/Cloudproxy,404,1,6770,Sucuri,WordPress
AWS,200,1,4617,AWS_WAF,Express
BigIP,403,1,13334,F5_BIG_IP,ASP.NET
Incapsula,301,1,26809,Imperva,Unknown
AWS,301,1,21724,AWS_WAF,Node.js
Incapsula,403,1,18171,Imperva,Django
AWS,302,1,46166,AWS_WAF,React
CloudFront,302,1,22558,AWS_WAF,Vue
Sucuri/Cloudproxy,301,1,10648,Sucuri,Vue
AWS,500,1,32883,AWS_WAF,Django
cloudflare-nginx,301,1,17248,Cloudflare,Vue
CloudFront,301,1,16689,AWS_WAF,Django
Sucuri/Cloudproxy,302,1,1152,Sucuri,WordPress
Sucuri/Cloudproxy,403,1,9263,Sucuri,Unknown
nginx/1.18.0,301,1,27811,ModSecurity,Django
Apache/2.4.41 (Ubuntu),500,1,34771,ModSecurity,Django
LiteSpeed,200,0,34343,None,Django
Sucuri/Cloudproxy,301,1,42532,Sucuri,Vue
AWS,302,1,34109,AWS_WAF,Node.js
CloudFront,404,1,45359,AWS_WAF,Unknown
AmazonS3,403,1,3124,AWS_WAF,Vue
Sucuri/Cloudproxy,404,1,42240,Sucuri,Spring_Boot
BIG-IP,302,1,17905,F5_BIG_IP,Vue
cloudflare-nginx,403,1,7410,Cloudflare,Node.js
Incapsula,200,1,4141,Imperva,Spring_Boot
cloudflare-nginx,403,1,14674,Cloudflare,React
Sucuri/Cloudproxy,403,1,26827,Sucuri,Laravel
Incapsula,403,1,17122,Imperva,Node.js
Sucuri/Cloudproxy,200,1,49979,Sucuri,Laravel
nginx/1.18.0,403,1,39250,ModSecurity,Unknown
Incapsula,200,1,37820,Imperva,Laravel
Apache/2.4.41,404,0,42752,None,Node.js
BigIP,403,1,16160,F5_BIG_IP,Express
BIG-IP,200,1,17777,F5_BIG_IP,Node.js
Apache/2.4.41,404,0,31728,None,Unknown
AmazonS3,200,1,30316,AWS_WAF,ASP.NET
cloudflare,301,1,13354,Cloudflare,Unknown
Sucuri/Cloudproxy,403,1,11370,Sucuri,Laravel
Apache/2.4.41 (Ubuntu),403,1,5761,ModSecurity,Node.js
BIG-IP,500,1,10039,F5_BIG_IP,Node.js
Sucuri/Cloudproxy,403,1,8650,Sucuri,Django
BigIP,403,1,47609,F5_BIG_IP,Spring_Boot
Sucuri/Cloudproxy,404,1,35653,Sucuri,ASP.NET
Sucuri/Cloudproxy,500,1,23741,Sucuri,Spring_Boot
BigIP,301,1,15711,F5_BIG_IP,Vue
Incapsula,403,1,40802,Imperva,Vue
Apache/2.4.41,302,0,2364,None,Django
Apache/2.4.41,404,0,16719,None,ASP.NET
BIG-IP,302,1,45561,F5_BIG_IP,Spring_Boot
LiteSpeed,404,0,44466,None,Express
nginx/1.18.0,404,1,23298,ModSecurity,Unknown
cloudflare-nginx,301,1,48670,Cloudflare,Django
Microsoft-IIS/10.0,200,1,3099,None,Express
Incapsula,403,1,20133,Imperva,Express
BIG-IP,500,1,25468,F5_BIG_IP,WordPress
Apache/2.4.41 (Ubuntu),403,1,31798,ModSecurity,Vue
Incapsula,301,1,12215,Imperva,Vue
Incapsula,403,1,45709,Imperva,Spring_Boot
cloudflare,404,1,29745,Cloudflare,Vue
Sucuri/Cloudproxy,302,1,41193,Sucuri,Vue
LiteSpeed,200,0,548,None,Node.js
Incapsula,200,1,38476,Imperva,React
AWS,403,1,10454,AWS_WAF,Node.js
BigIP,403,1,36989,F5_BIG_IP,Django
Incapsula,301,1,689,Imperva,Unknown
cloudflare,403,1,12393,Cloudflare,Spring_Boot
AWS,404,1,24569,AWS_WAF,Unknown
BigIP,403,1,42385,F5_BIG_IP,Node.js
Incapsula,403,1,3309,Imperva,WordPress
AWS,403,1,15459,AWS_WAF,WordPress
AWS,403,1,8821,AWS_WAF,Django
BIG-IP,500,1,28353,F5_BIG_IP,Unknown
cloudflare,302,1,37459,Cloudflare,Unknown
AmazonS3,302,1,37447,AWS_WAF,Unknown
nginx/1.18.0,301,0,38994,None,Vue
Incapsula,301,1,7869,Imperva,ASP.NET
AmazonS3,403,1,25066,AWS_WAF,Unknown
Sucuri/Cloudproxy,301,1,17649,Sucuri,WordPress
Sucuri/Cloudproxy,403,1,5015,Sucuri,Laravel
LiteSpeed,301,0,4646,None,Vue
Sucuri/Cloudproxy,403,1,21553,Sucuri,Unknown
AWS,302,1,49960,AWS_WAF,WordPress
AmazonS3,500,1,42088,AWS_WAF,Spring_Boot
AmazonS3,403,1,4714,AWS_WAF,Vue
cloudflare-nginx,403,1,26923,Cloudflare,Vue
nginx/1.18.0,301,0,24016,None,Spring_Boot
Apache/2.4.41 (Ubuntu),403,1,32172,ModSecurity,Laravel
LiteSpeed,301,1,46548,None,WordPress
nginx/1.18.0,404,1,17859,ModSecurity,Vue
Sucuri/Cloudproxy,500,1,42573,Sucuri,WordPress
Apache/2.4.41 (Ubuntu),403,1,43904,ModSecurity,Express
Microsoft-IIS/10.0,301,0,18936,None,Laravel
Sucuri/Cloudproxy,403,1,29111,Sucuri,ASP.NET
AmazonS3,302,1,14222,AWS_WAF,Unknown
cloudflare,500,1,25035,Cloudflare,Laravel
Sucuri/Cloudproxy,403,1,18014,Sucuri,Django
Sucuri/Cloudproxy,403,1,9528,Sucuri,Django
BigIP,500,1,23328,F5_BIG_IP,WordPress
nginx/1.18.0,200,1,33612,ModSecurity,Node.js
Incapsula,403,1,33690,Imperva,Django
BIG-IP,301,1,6878,F5_BIG_IP,ASP.NET
Sucuri/Cloudproxy,404,1,20147,Sucuri,ASP.NET
Incapsula,403,1,44723,Imperva,ASP.NET
Sucuri/Cloudproxy,301,1,2258,Sucuri,Node.js
Incapsula,403,1,35226,Imperva,Vue
Incapsula,403,1,14523,Imperva,Node.js
BigIP,200,1,49728,F5_BIG_IP,React
Sucuri/Cloudproxy,404,1,27236,Sucuri,React
nginx/1.18.0,403,1,18039,ModSecurity,Node.js
cloudflare-nginx,301,1,17974,Cloudflare,Node.js
BigIP,200,1,13942,F5_BIG_IP,Laravel
BigIP,302,1,33962,F5_BIG_IP,Laravel
cloudflare,301,1,33491,Cloudflare,Django
BIG-IP,403,1,48652,F5_BIG_IP,React
Sucuri/Cloudproxy,403,1,42130,Sucuri,Express
cloudflare,500,1,13052,Cloudflare,Unknown
nginx/1.18.0,302,1,26299,None,Express
Sucuri/Cloudproxy,403,1,586,Sucuri,WordPress
BigIP,404,1,17199,F5_BIG_IP,Node.js
Incapsula,200,1,30966,Imperva,React
nginx/1.18.0,500,0,19949,None,Unknown
nginx/1.18.0,500,0,22107,None,Express
cloudflare,403,1,2468,Cloudflare,Express
Microsoft-IIS/10.0,302,0,39889,None,React
Apache/2.4.41 (Ubuntu),500,1,20914,ModSecurity,Node.js
Incapsula,302,1,29638,Imperva,ASP.NET
Sucuri/Cloudproxy,302,1,1767,Sucuri,Laravel
nginx/1.18.0,200,1,21347,ModSecurity,Unknown
Sucuri/Cloudproxy,302,1,46568,Sucuri,React
cloudflare,403,1,42216,Cloudflare,Express
nginx/1.18.0,302,1,13240,ModSecurity,Django
Apache/2.4.41 (Ubuntu),302,1,20754,ModSecurity,Laravel
Sucuri/Cloudproxy,200,1,30526,Sucuri,Unknown
Sucuri/Cloudproxy,302,1,9202,Sucuri,Laravel
BigIP,302,1,35233,F5_BIG_IP,ASP.NET
Apache/2.4.41,301,0,38717,None,Spring_Boot
Microsoft-IIS/10.0,200,0,31841,None,Spring_Boot
BIG-IP,403,1,44733,F5_BIG_IP,Node.js
Sucuri/Cloudproxy,404,1,49514,Sucuri,Node.js
nginx/1.18.0,302,1,16803,ModSecurity,Express
AmazonS3,302,1,38336,AWS_WAF,React
Apache/2.4.41 (Ubuntu),302,1,47593,ModSecurity,Express
nginx/1.18.0,404,1,18231,ModSecurity,WordPress
AWS,301,1,46457,AWS_WAF,Spring_Boot
cloudflare-nginx,403,1,27219,Cloudflare,Vue
nginx/1.18.0,301,1,14721,ModSecurity,Vue
AmazonS3,403,1,20168,AWS_WAF,ASP.NET
Sucuri/Cloudproxy,200,1,42662,Sucuri,ASP.NET
BigIP,403,1,4145,F5_BIG_IP,Express
Sucuri/Cloudproxy,403,1,33061,Sucuri,Vue
Apache/2.4.41 (Ubuntu),403,1,7970,ModSecurity,Node.js
Sucuri/Cloudproxy,302,1,11966,Sucuri,Vue
Sucuri/Cloudproxy,500,1,19864,Sucuri,Django
Apache/2.4.41 (Ubuntu),200,1,45696,ModSecurity,WordPress
CloudFront,200,1,43247,AWS_WAF,WordPress
Sucuri/Cloudproxy,500,1,45956,Sucuri,Unknown
Sucuri/Cloudproxy,200,1,31874,Sucuri,Spring_Boot
nginx/1.18.0,500,1,37980,None,Vue
Incapsula,403,1,4201,Imperva,Unknown
AmazonS3,403,1,14823,AWS_WAF,ASP.NET
Sucuri/Cloudproxy,301,1,16861,Sucuri,React
AWS,403,1,22080,AWS_WAF,React
Sucuri/Cloudproxy,301,1,33159,Sucuri,Node.js
nginx/1.18.0,500,0,31521,None,Express
cloudflare,500,1,23550,Cloudflare,Node.js
cloudflare,302,1,6730,Cloudflare,Vue
Incapsula,302,1,2896,Imperva,Django
Microsoft-IIS/10.0,200,0,6548,None,WordPress
cloudflare,404,1,21721,Cloudflare,Express
cloudflare,200,1,36691,Cloudflare,Node.js
Microsoft-IIS/10.0,301,0,6185,None,ASP.NET
Sucuri/Cloudproxy,301,1,16326,Sucuri,Unknown
BigIP,404,1,13070,F5_BIG_IP,Node.js
AWS,403,1,37325,AWS_WAF,Django
nginx/1.18.0,301,1,23014,ModSecurity,ASP.NET
Sucuri/Cloudproxy,301,1,16656,Sucuri,Vue
Sucuri/Cloudproxy,500,1,25730,Sucuri,ASP.NET
BigIP,500,1,11298,F5_BIG_IP,Unknown
Sucuri/Cloudproxy,301,1,46178,Sucuri,React
cloudflare-nginx,403,1,7694,Cloudflare,WordPress
cloudflare-nginx,404,1,24593,Cloudflare,ASP.NET
LiteSpeed,500,0,27747,None,ASP.NET
BigIP,403,1,2177,F5_BIG_IP,Express
AWS,403,1,1703,AWS_WAF,React
Incapsula,302,1,13689,Imperva,Node.js
AWS,403,1,12250,AWS_WAF,React
BigIP,302,1,46830,F5_BIG_IP,Spring_Boot
BIG-IP,403,1,31991,F5_BIG_IP,WordPress
Sucuri/Cloudproxy,403,1,28224,Sucuri,ASP.NET
Apache/2.4.41 (Ubuntu),301,1,38303,ModSecurity,Unknown
cloudflare,404,1,19165,Cloudflare,Node.js
BigIP,301,1,20765,F5_BIG_IP,Express
cloudflare,403,1,13100,Cloudflare,Django
Sucuri/Cloudproxy,302,1,16344,Sucuri,Unknown
cloudflare,200,1,46463,Cloudflare,WordPress
Incapsula,301,1,45507,Imperva,ASP.NET
cloudflare,500,1,5337,Cloudflare,Express
Sucuri/Cloudproxy,403,1,45998,Sucuri,WordPress
Sucuri/Cloudproxy,500,1,28186,Sucuri,Vue
nginx/1.18.0,403,1,29895,ModSecurity,Laravel
Apache/2.4.41 (Ubuntu),302,1,18528,ModSecurity,WordPress
cloudflare,200,1,1482,Cloudflare,ASP.NET
nginx/1.18.0,200,1,25880,ModSecurity,Vue
BIG-IP,500,1,15259,F5_BIG_IP,React
nginx/1.18.0,200,0,28874,None,WordPress
AWS,301,1,38067,AWS_WAF,Node.js
LiteSpeed,302,0,23303,None,React
BIG-IP,403,1,39345,F5_BIG_IP,Laravel
cloudflare-nginx,404,1,31032,Cloudflare,WordPress
nginx/1.18.0,403,1,20834,ModSecurity,Spring_Boot
AWS,500,1,2119,AWS_WAF,Unknown
nginx/1.18.0,403,1,32853,ModSecurity,ASP.NET
cloudflare-nginx,200,1,16601,Cloudflare,Express
cloudflare,403,1,40685,Cloudflare,Spring_Boot
Incapsula,403,1,3923,Imperva,Express
Sucuri/Cloudproxy,200,1,11465,Sucuri,WordPress
cloudflare,500,1,29425,Cloudflare,Express
Incapsula,403,1,23304,Imperva,WordPress
cloudflare,302,1,20996,Cloudflare,Django
nginx/1.18.0,301,0,41314,None,Express
BigIP,200,1,31380,F5_BIG_IP,Vue
BigIP,403,1,20712,F5_BIG_IP,Spring_Boot
Incapsula,403,1,23721,Imperva,Express
BIG-IP,403,1,38206,F5_BIG_IP,Laravel
cloudflare-nginx,301,1,45999,Cloudflare,Laravel
CloudFront,404,1,1373,AWS_WAF,Vue
BigIP,403,1,33114,F5_BIG_IP,Unknown
Incapsula,403,1,19924,Imperva,Spring_Boot
Sucuri/Cloudproxy,403,1,12251,Sucuri,React
cloudflare,403,1,9329,Cloudflare,ASP.NET
Incapsula,302,1,41890,Imperva,Laravel
BigIP,302,1,14416,F5_BIG_IP,Node.js
LiteSpeed,200,0,29425,None,Spring_Boot
Apache/2.4.41,302,1,32039,None,React
cloudflare,404,1,13192,Cloudflare,Django
cloudflare-nginx,403,1,7162,Cloudflare,Unknown
Sucuri/Cloudproxy,403,1,21670,Sucuri,Unknown
AWS,403,1,14735,AWS_WAF,WordPress
Incapsula,403,1,10338,Imperva,Django
Apache/2.4.41 (Ubuntu),403,1,8937,ModSecurity,Express
nginx/1.18.0,403,1,21310,ModSecurity,Django
cloudflare,403,1,30400,Cloudflare,Vue
Apache/2.4.41 (Ubuntu),200,1,15297,ModSecurity,ASP.NET
AmazonS3,302,1,48644,AWS_WAF,React
Microsoft-IIS/10.0,500,0,24152,None,React
cloudflare,403,1,21677,Cloudflare,Django
nginx/1.18.0,200,1,35225,ModSecurity,Django
Microsoft-IIS/10.0,500,0,27471,None,Laravel
CloudFront,302,1,36594,AWS_WAF,Express
AmazonS3,302,1,20384,AWS_WAF,Laravel
cloudflare,403,1,26586,Cloudflare,Unknown
nginx/1.18.0,200,1,6410,ModSecurity,Vue
Sucuri/Cloudproxy,404,1,1015,Sucuri,Unknown
Incapsula,302,1,36791,Imperva,Node.js
BigIP,403,1,5370,F5_BIG_IP,Express
nginx/1.18.0,404,0,25145,None,Unknown
nginx/1.18.0,302,1,45580,ModSecurity,Express
Apache/2.4.41 (Ubuntu),500,1,13035,ModSecurity,WordPress
AmazonS3,301,1,17212,AWS_WAF,ASP.NET
BIG-IP,301,1,3009,F5_BIG_IP,ASP.NET
BIG-IP,404,1,47116,F5_BIG_IP,Node.js
CloudFront,301,1,15319,AWS_WAF,WordPress
Sucuri/Cloudproxy,404,1,39073,Sucuri,Laravel
cloudflare-nginx,403,1,39940,Cloudflare,Node.js
Sucuri/Cloudproxy,302,1,17660,Sucuri,ASP.NET
BIG-IP,500,1,34089,F5_BIG_IP,ASP.NET
AWS,403,1,2448,AWS_WAF,React
Apache/2.4.41 (Ubuntu),403,1,38774,ModSecurity,Spring_Boot
Incapsula,404,1,34035,Imperva,ASP.NET
AWS,302,1,27455,AWS_WAF,ASP.NET
nginx/1.18.0,404,0,15849,None,React
Apache/2.4.41,200,0,7671,None,ASP.NET
BIG-IP,403,1,18787,F5_BIG_IP,WordPress
cloudflare-nginx,404,1,26250,Cloudflare,Spring_Boot
Sucuri/Cloudproxy,301,1,10593,Sucuri,Django
Apache/2.4.41 (Ubuntu),403,1,29013,ModSecurity,Vue
LiteSpeed,301,0,16294,None,React
Incapsula,301,1,35438,Imperva,Laravel
Sucuri/Cloudproxy,301,1,34328,Sucuri,Node.js
nginx/1.18.0,200,1,35523,ModSecurity,Node.js
cloudflare-nginx,302,1,13243,Cloudflare,Express
Apache/2.4.41 (Ubuntu),404,1,46685,ModSecurity,Unknown
BIG-IP,403,1,27269,F5_BIG_IP,Vue
Incapsula,403,1,17994,Imperva,React
BigIP,403,1,10847,F5_BIG_IP,ASP.NET
cloudflare,403,1,36649,Cloudflare,Vue
Incapsula,403,1,597,Imperva,Laravel
Microsoft-IIS/10.0,301,0,6857,None,React
Sucuri/Cloudproxy,403,1,45011,Sucuri,Django
Apache/2.4.41,500,1,547,None,Laravel
cloudflare-nginx,403,1,49517,Cloudflare,Express
Sucuri/Cloudproxy,302,1,38125,Sucuri,React
cloudflare,302,1,46762,Cloudflare,Express
Apache/2.4.41 (Ubuntu),403,1,4822,ModSecurity,React
Sucuri/Cloudproxy,403,1,4071,Sucuri,React
cloudflare-nginx,403,1,21930,Cloudflare,Spring_Boot
Sucuri/Cloudproxy,403,1,5231,Sucuri,Django
cloudflare,403,1,15312,Cloudflare,Node.js
cloudflare-nginx,403,1,26477,Cloudflare,ASP.NET
Apache/2.4.41,301,0,6328,None,WordPress
BIG-IP,403,1,30501,F5_BIG_IP,React
cloudflare-nginx,403,1,20573,Cloudflare,Django
Incapsula,500,1,44177,Imperva,Express
AmazonS3,301,1,26106,AWS_WAF,Django
cloudflare,403,1,20054,Cloudflare,Laravel
LiteSpeed,200,1,6487,None,Spring_Boot
cloudflare,200,1,5440,Cloudflare,Django
LiteSpeed,302,0,13393,None,Unknown
nginx/1.18.0,200,1,36134,None,WordPress
cloudflare,302,1,10990,Cloudflare,Node.js
Sucuri/Cloudproxy,404,1,3548,Sucuri,Django
Sucuri/Cloudproxy,200,1,31428,Sucuri,Django
Incapsula,301,1,7245,Imperva,Laravel
CloudFront,403,1,45333,AWS_WAF,Laravel
nginx/1.18.0,302,1,16536,None,Unknown
AWS,403,1,47620,AWS_WAF,ASP.NET
AmazonS3,500,1,45465,AWS_WAF,Laravel
Apache/2.4.41,302,1,4681,None,React
Microsoft-IIS/10.0,302,0,33438,None,Spring_Boot
Apache/2.4.41,200,0,5757,None,Spring_Boot
BigIP,302,1,12292,F5_BIG_IP,Vue
cloudflare,403,1,23542,Cloudflare,Spring_Boot
Incapsula,403,1,6254,Imperva,Node.js
Apache/2.4.41,500,0,11467,None,Vue
cloudflare-nginx,403,1,43068,Cloudflare,Unknown
CloudFront,403,1,17750,AWS_WAF,ASP.NET
BIG-IP,200,1,32999,F5_BIG_IP,React
Incapsula,403,1,44293,Imperva,Vue
AmazonS3,403,1,285,AWS_WAF,Express
cloudflare,301,1,7677,Cloudflare,Vue
Sucuri/Cloudproxy,403,1,4731,Sucuri,ASP.NET
BIG-IP,301,1,9211,F5_BIG_IP,ASP.NET
AWS,403,1,4726,AWS_WAF,WordPress
AmazonS3,403,1,5502,AWS_WAF,React
cloudflare,302,1,49791,Cloudflare,Django
BIG-IP,200,1,40442,F5_BIG_IP,Express
Microsoft-IIS/10.0,404,1,43769,None,Vue
nginx/1.18.0,302,1,24608,None,ASP.NET
Incapsula,302,1,25656,Imperva,Django
nginx/1.18.0,403,1,9756,ModSecurity,Spring_Boot
Incapsula,404,1,6920,Imperva,Unknown
nginx/1.18.0,404,0,11303,None,Django
cloudflare-nginx,403,1,48019,Cloudflare,WordPress
Sucuri/Cloudproxy,500,1,5399,Sucuri,Vue
Incapsula,500,1,20148,Imperva,Spring_Boot
AWS,403,1,49516,AWS_WAF,React
Incapsula,403,1,43437,Imperva,Spring_Boot
BIG-IP,403,1,32361,F5_BIG_IP,Unknown
nginx/1.18.0,500,1,18963,ModSecurity,WordPress
BIG-IP,403,1,28055,F5_BIG_IP,Laravel
Sucuri/Cloudproxy,404,1,22486,Sucuri,Unknown
BIG-IP,302,1,11277,F5_BIG_IP,Spring_Boot
BigIP,403,1,12569,F5_BIG_IP,Express
Incapsula,301,1,26933,Imperva,Spring_Boot
Apache/2.4.41,302,0,21407,None,Node.js
Incapsula,403,1,32740,Imperva,ASP.NET
Apache/2.4.41,500,0,2972,None,React
Sucuri/Cloudproxy,200,1,17481,Sucuri,Vue
cloudflare-nginx,403,1,39554,Cloudflare,WordPress
AWS,403,1,37636,AWS_WAF,Django
Incapsula,500,1,18444,Imperva,Node.js
CloudFront,403,1,36056,AWS_WAF,Spring_Boot
Sucuri/Cloudproxy,403,1,18814,Sucuri,React
Apache/2.4.41 (Ubuntu),301,1,21689,ModSecurity,Unknown
Sucuri/Cloudproxy,404,1,21198,Sucuri,Unknown
Incapsula,500,1,16471,Imperva,ASP.NET
cloudflare-nginx,200,1,43457,Cloudflare,Laravel
Apache/2.4.41 (Ubuntu),403,1,42983,ModSecurity,Express
Apache/2.4.41,200,0,6848,None,WordPress
nginx/1.18.0,403,1,17989,ModSecurity,WordPress
Microsoft-IIS/10.0,200,1,26969,None,React
Sucuri/Cloudproxy,403,1,17849,Sucuri,Express
Microsoft-IIS/10.0,500,0,32993,None,React
Apache/2.4.41 (Ubuntu),404,1,1499,ModSecurity,Unknown
cloudflare-nginx,200,1,33542,Cloudflare,React
Incapsula,200,1,13510,Imperva,Spring_Boot
Apache/2.4.41,301,1,13154,None,Django
AmazonS3,404,1,5523,AWS_WAF,WordPress
cloudflare-nginx,302,1,1752,Cloudflare,Node.js
Sucuri/Cloudproxy,403,1,49547,Sucuri,Vue
nginx/1.18.0,404,0,29095,None,React
cloudflare,500,1,25025,Cloudflare,WordPress
Incapsula,200,1,19739,Imperva,Django
CloudFront,200,1,42879,AWS_WAF,ASP.NET
BIG-IP,403,1,12048,F5_BIG_IP,Unknown
Incapsula,403,1,29978,Imperva,Spring_Boot
Sucuri/Cloudproxy,301,1,48922,Sucuri,React
cloudflare,403,1,689,Cloudflare,Spring_Boot
cloudflare,403,1,24209,Cloudflare,Unknown
Sucuri/Cloudproxy,500,1,11471,Sucuri,Unknown
AmazonS3,301,1,47854,AWS_WAF,Vue
Incapsula,403,1,28985,Imperva,Django
Incapsula,403,1,632,Imperva,Django
Sucuri/Cloudproxy,403,1,43340,Sucuri,Express
BIG-IP,403,1,6394,F5_BIG_IP,Spring_Boot
BigIP,404,1,30352,F5_BIG_IP,ASP.NET
BIG-IP,403,1,49674,F5_BIG_IP,Spring_Boot
Apache/2.4.41 (Ubuntu),302,1,21037,ModSecurity,Node.js
AWS,301,1,19602,AWS_WAF,WordPress
Sucuri/Cloudproxy,404,1,3853,Sucuri,Express
cloudflare,404,1,48539,Cloudflare,WordPress
Sucuri/Cloudproxy,301,1,24789,Sucuri,Unknown
cloudflare-nginx,403,1,26851,Cloudflare,Express
AmazonS3,500,1,49111,AWS_WAF,Django
Sucuri/Cloudproxy,301,1,1687,Sucuri,Express
CloudFront,500,1,4663,AWS_WAF,Node.js
Sucuri/Cloudproxy,404,1,41926,Sucuri,React
LiteSpeed,500,0,34929,None,Spring_Boot
cloudflare-nginx,403,1,11407,Cloudflare,Vue
Sucuri/Cloudproxy,403,1,6169,Sucuri,Node.js
Apache/2.4.41,404,0,1105,None,Spring_Boot
Incapsula,200,1,44904,Imperva,Unknown
Apache/2.4.41 (Ubuntu),403,1,37845,ModSecurity,ASP.NET
Incapsula,403,1,38949,Imperva,Unknown
nginx/1.18.0,403,1,21275,ModSecurity,Vue
AWS,500,1,17026,AWS_WAF,Vue
Microsoft-IIS/10.0,200,0,3222,None,Laravel
BIG-IP,302,1,28245,F5_BIG_IP,Spring_Boot
BIG-IP,301,1,15270,F5_BIG_IP,Express
Apache/2.4.41 (Ubuntu),403,1,39996,ModSecurity,Django
BigIP,500,1,19903,F5_BIG_IP,ASP.NET
nginx/1.18.0,301,0,16645,None,Laravel
Apache/2.4.41 (Ubuntu),403,1,17031,ModSecurity,WordPress
Sucuri/Cloudproxy,301,1,47614,Sucuri,ASP.NET
CloudFront,403,1,27973,AWS_WAF,Spring_Boot
Microsoft-IIS/10.0,200,1,3959,None,Express
AWS,403,1,39005,AWS_WAF,Express
nginx/1.18.0,404,1,34109,ModSecurity,Express
nginx/1.18.0,404,1,24698,ModSecurity,Unknown
LiteSpeed,500,0,6886,None,Laravel
Apache/2.4.41 (Ubuntu),500,1,1056,ModSecurity,Spring_Boot
cloudflare-nginx,302,1,17770,Cloudflare,Django
Apache/2.4.41 (Ubuntu),404,1,17340,ModSecurity,WordPress
Apache/2.4.41 (Ubuntu),404,1,44545,ModSecurity,Spring_Boot
nginx/1.18.0,403,1,46547,ModSecurity,React
CloudFront,404,1,48691,AWS_WAF,Django
cloudflare-nginx,404,1,22621,Cloudflare,Laravel
Sucuri/Cloudproxy,403,1,31905,Sucuri,Spring_Boot
CloudFront,302,1,9604,AWS_WAF,Django
BIG-IP,403,1,9144,F5_BIG_IP,Laravel
Microsoft-IIS/10.0,301,1,7935,None,WordPress
cloudflare-nginx,403,1,25591,Cloudflare,Vue
AWS,302,1,26007,AWS_WAF,Node.js
CloudFront,403,1,3469,AWS_WAF,Spring_Boot
cloudflare-nginx,301,1,17699,Cloudflare,Express
cloudflare,403,1,23682,Cloudflare,Vue
Incapsula,403,1,16978,Imperva,Node.js
Incapsula,403,1,26155,Imperva,Vue
Sucuri/Cloudproxy,200,1,13273,Sucuri,React
BIG-IP,500,1,38143,F5_BIG_IP,Node.js
cloudflare-nginx,302,1,31506,Cloudflare,Vue
AWS,500,1,39843,AWS_WAF,Laravel
nginx/1.18.0,200,1,24965,None,Unknown
cloudflare-nginx,403,1,6579,Cloudflare,Laravel
Incapsula,200,1,49455,Imperva,Laravel
nginx/1.18.0,301,0,30342,None,Vue
BigIP,403,1,4712,F5_BIG_IP,React
Apache/2.4.41 (Ubuntu),404,1,13539,ModSecurity,React
BigIP,302,1,29189,F5_BIG_IP,React
BIG-IP,500,1,21601,F5_BIG_IP,WordPress
nginx/1.18.0,403,1,8458,ModSecurity,Express
LiteSpeed,200,0,47004,None,Django
Sucuri/Cloudproxy,403,1,12167,Sucuri,Django
AmazonS3,403,1,11932,AWS_WAF,Unknown
cloudflare-nginx,403,1,7396,Cloudflare,WordPress
Incapsula,403,1,15997,Imperva,ASP.NET
Apache/2.4.41 (Ubuntu),404,1,38318,ModSecurity,Laravel
BigIP,403,1,46696,F5_BIG_IP,Unknown
AmazonS3,404,1,4722,AWS_WAF,Spring_Boot
BigIP,403,1,36585,F5_BIG_IP,Django
Sucuri/Cloudproxy,403,1,32691,Sucuri,Express
Apache/2.4.41 (Ubuntu),302,1,43513,ModSecurity,Spring_Boot
BigIP,403,1,40721,F5_BIG_IP,Express
BIG-IP,302,1,11317,F5_BIG_IP,Spring_Boot
AmazonS3,403,1,20609,AWS_WAF,Node.js
Sucuri/Cloudproxy,301,1,15254,Sucuri,React
Sucuri/Cloudproxy,301,1,45149,Sucuri,Express
AmazonS3,200,1,41134,AWS_WAF,WordPress
AmazonS3,200,1,24713,AWS_WAF,Django
cloudflare-nginx,301,1,15925,Cloudflare,React
cloudflare-nginx,403,1,13094,Cloudflare,Express
Microsoft-IIS/10.0,200,0,26322,None,Express
Incapsula,500,1,10153,Imperva,ASP.NET
LiteSpeed,200,0,26560,None,ASP.NET
Sucuri/Cloudproxy,500,1,38279,Sucuri,Vue
Sucuri/Cloudproxy,301,1,29556,Sucuri,Laravel
Incapsula,302,1,41845,Imperva,React
AWS,403,1,22997,AWS_WAF,Django
CloudFront,200,1,37510,AWS_WAF,Django
AmazonS3,301,1,21765,AWS_WAF,Node.js
nginx/1.18.0,404,1,8834,None,Spring_Boot
Sucuri/Cloudproxy,200,1,7496,Sucuri,Spring_Boot
BigIP,403,1,38265,F5_BIG_IP,React
Apache/2.4.41 (Ubuntu),301,1,12072,ModSecurity,React
cloudflare-nginx,500,1,1581,Cloudflare,Unknown
AWS,403,1,28332,AWS_WAF,WordPress
Incapsula,403,1,44087,Imperva,Spring_Boot
nginx/1.18.0,301,0,17753,None,Node.js
cloudflare-nginx,403,1,27168,Cloudflare,Laravel
Incapsula,500,1,26116,Imperva,ASP.NET
BigIP,403,1,26266,F5_BIG_IP,Unknown
Microsoft-IIS/10.0,500,1,30555,None,Node.js
Incapsula,301,1,1880,Imperva,Unknown
Sucuri/Cloudproxy,403,1,28441,Sucuri,Laravel
nginx/1.18.0,200,1,16746,ModSecurity,Unknown
Apache/2.4.41,301,0,32004,None,Node.js
cloudflare-nginx,500,1,22835,Cloudflare,Node.js
BIG-IP,500,1,31356,F5_BIG_IP,React
Sucuri/Cloudproxy,403,1,6670,Sucuri,WordPress
Apache/2.4.41 (Ubuntu),403,1,43947,ModSecurity,Node.js
Sucuri/Cloudproxy,404,1,13852,Sucuri,Vue
AmazonS3,403,1,37908,AWS_WAF,Django
Apache/2.4.41 (Ubuntu),403,1,19686,ModSecurity,Django
BigIP,301,1,2355,F5_BIG_IP,Node.js
cloudflare,403,1,37295,Cloudflare,Express
cloudflare-nginx,301,1,37247,Cloudflare,ASP.NET
nginx/1.18.0,403,1,45342,ModSecurity,React
CloudFront,403,1,45024,AWS_WAF,Laravel
cloudflare,403,1,2321,Cloudflare,Node.js
cloudflare,403,1,4849,Cloudflare,Vue
cloudflare-nginx,403,1,200,Cloudflare,WordPress
Apache/2.4.41,404,1,7536,None,Django
Apache/2.4.41,200,0,41363,None,Django
cloudflare,404,1,606,Cloudflare,ASP.NET
Apache/2.4.41 (Ubuntu),403,1,29159,ModSecurity,Spring_Boot
Sucuri/Cloudproxy,403,1,36354,Sucuri,Express
Sucuri/Cloudproxy,302,1,23579,Sucuri,WordPress
Incapsula,403,1,46801,Imperva,Unknown
cloudflare-nginx,403,1,31030,Cloudflare,Vue
nginx/1.18.0,200,1,8937,ModSecurity,Vue
CloudFront,403,1,23820,AWS_WAF,Spring_Boot
BIG-IP,403,1,985,F5_BIG_IP,Django
cloudflare,500,1,8228,Cloudflare,Spring_Boot
cloudflare-nginx,403,1,22722,Cloudflare,Node.js
Incapsula,403,1,4455,Imperva,Vue
CloudFront,404,1,29108,AWS_WAF,Express
Sucuri/Cloudproxy,404,1,8742,Sucuri,Unknown
Apache/2.4.41 (Ubuntu),403,1,49953,ModSecurity,Vue
AmazonS3,301,1,45428,AWS_WAF,Django
BIG-IP,403,1,31453,F5_BIG_IP,ASP.NET
AWS,302,1,27880,AWS_WAF,Unknown
BIG-IP,301,1,31717,F5_BIG_IP,Laravel
AmazonS3,500,1,45432,AWS_WAF,React
BIG-IP,404,1,20749,F5_BIG_IP,ASP.NET
Incapsula,302,1,4690,Imperva,Express
Microsoft-IIS/10.0,302,1,9561,None,Express
CloudFront,403,1,19007,AWS_WAF,Vue
Sucuri/Cloudproxy,500,1,22791,Sucuri,ASP.NET
Sucuri/Cloudproxy,500,1,26751,Sucuri,Django
nginx/1.18.0,500,1,24323,ModSecurity,ASP.NET
nginx/1.18.0,403,1,21296,ModSecurity,React
Sucuri/Cloudproxy,403,1,44180,Sucuri,Node.js
Microsoft-IIS/10.0,302,0,23678,None,Express
LiteSpeed,302,0,9076,None,React
nginx/1.18.0,302,1,13411,None,Django
cloudflare-nginx,302,1,19273,Cloudflare,Spring_Boot
nginx/1.18.0,403,1,18577,ModSecurity,Laravel
Microsoft-IIS/10.0,301,1,23931,None,React
LiteSpeed,200,1,41551,None,WordPress
nginx/1.18.0,200,0,41453,None,WordPress
Sucuri/Cloudproxy,301,1,23107,Sucuri,Laravel
nginx/1.18.0,403,1,46574,ModSecurity,Laravel
Apache/2.4.41 (Ubuntu),302,1,19139,ModSecurity,Laravel
BIG-IP,500,1,7291,F5_BIG_IP,Unknown
cloudflare,302,1,49888,Cloudflare,Laravel
Sucuri/Cloudproxy,500,1,45948,Sucuri,React
nginx/1.18.0,404,1,7018,ModSecurity,Django
Incapsula,404,1,38039,Imperva,Express
Incapsula,403,1,26577,Imperva,Django
Apache/2.4.41 (Ubuntu),500,1,30690,ModSecurity,React
cloudflare,403,1,14492,Cloudflare,Vue
Apache/2.4.41 (Ubuntu),200,1,6988,ModSecurity,React
Sucuri/Cloudproxy,301,1,18915,Sucuri,ASP.NET
Incapsula,500,1,25513,Imperva,Django
LiteSpeed,404,0,5638,None,Unknown
cloudflare-nginx,404,1,34454,Cloudflare,Node.js
AmazonS3,403,1,16334,AWS_WAF,Laravel
Sucuri/Cloudproxy,403,1,8733,Sucuri,Unknown
CloudFront,403,1,26267,AWS_WAF,Node.js
Incapsula,403,1,16238,Imperva,Node.js
CloudFront,302,1,42745,AWS_WAF,Express
AWS,301,1,37561,AWS_WAF,WordPress
nginx/1.18.0,404,1,25213,ModSecurity,Spring_Boot
Apache/2.4.41 (Ubuntu),403,1,6905,ModSecurity,Vue
Apache/2.4.41 (Ubuntu),403,1,32561,ModSecurity,Node.js
nginx/1.18.0,403,1,47364,ModSecurity,Laravel
Incapsula,302,1,26617,Imperva,ASP.NET
cloudflare,302,1,44134,Cloudflare,React
BigIP,403,1,42555,F5_BIG_IP,React
Apache/2.4.41 (Ubuntu),403,1,18164,ModSecurity,WordPress
Apache/2.4.41 (Ubuntu),403,1,25564,ModSecurity,Unknown
Sucuri/Cloudproxy,403,1,43444,Sucuri,ASP.NET
nginx/1.18.0,301,1,27499,ModSecurity,Spring_Boot
Sucuri/Cloudproxy,302,1,39759,Sucuri,Unknown
Sucuri/Cloudproxy,403,1,14231,Sucuri,Django
BIG-IP,404,1,1249,F5_BIG_IP,Laravel
Sucuri/Cloudproxy,403,1,9060,Sucuri,Spring_Boot
AmazonS3,200,1,30421,AWS_WAF,Spring_Boot
Sucuri/Cloudproxy,500,1,26604,Sucuri,Vue
Incapsula,403,1,22609,Imperva,Django
Incapsula,404,1,4574,Imperva,Unknown
cloudflare,403,1,8629,Cloudflare,Node.js
cloudflare,302,1,21193,Cloudflare,Unknown
Sucuri/Cloudproxy,500,1,5929,Sucuri,Node.js
nginx/1.18.0,403,1,19972,ModSecurity,WordPress
Sucuri/Cloudproxy,403,1,44799,Sucuri,Express
Incapsula,403,1,38941,Imperva,Laravel
Apache/2.4.41 (Ubuntu),403,1,43161,ModSecurity,Vue
