port,protocol,banner_text,service_label
513,tcp,,unknown
443,tcp,,https
514,tcp,,unknown
27017,tcp,ismaster,unknown
111,tcp,,unknown
873,tcp,,unknown
5900,tcp,RFB 003.008,unknown
1521,tcp,Oracle TNS Listener,unknown
8888,tcp,,unknown
445,tcp,,unknown
513,tcp,,unknown
5900,tcp,RealVNC,unknown
110,tcp,+OK POP3 ready,pop3
5432,tcp,PostgreSQL 14.2,postgresql
443,tcp,LiteSpeed,https
2049,tcp,,nfs
513,tcp,,unknown
3306,tcp,MariaDB 10.6,mysql
139,tcp,,unknown
445,tcp,Windows SMB,unknown
4444,tcp,,unknown
1433,tcp,Microsoft SQL Server 2019,unknown
8080,tcp,Tomcat/9.0,http
8080,tcp,Apache/2.4.41,http
3306,tcp,MySQL 5.7.38,mysql
1433,tcp,Microsoft SQL Server 2019,unknown
873,tcp,,unknown
80,tcp,LiteSpeed,http
27017,tcp,MongoDB 6.0,unknown
27017,tcp,MongoDB 6.0,unknown
5432,tcp,PostgreSQL 14.2,postgresql
5432,tcp,PostgreSQL 14.2,postgresql
53,tcp,,unknown
873,tcp,,unknown
445,tcp,,unknown
514,tcp,,unknown
1521,tcp,Oracle TNS Listener,unknown
873,tcp,,unknown
110,tcp,+OK Dovecot,pop3
443,tcp,Apache/2.4.41,https
514,tcp,,unknown
5432,tcp,PostgreSQL 14.2,postgresql
25,tcp,Sendmail 8.15,smtp
514,tcp,,unknown
5900,tcp,RFB 003.008,unknown
8443,tcp,Apache/2.4.41,unknown
5432,tcp,PostgreSQL 14.2,postgresql
143,tcp,* OK [CAPABILITY IMAP4rev1],imap
80,tcp,LiteSpeed,http
443,tcp,LiteSpeed,https
873,tcp,,unknown
6379,tcp,Redis server v=7.0.4,redis
143,tcp,Dovecot IMAP,imap
445,tcp,Samba,unknown
111,tcp,,unknown
873,tcp,,unknown
514,tcp,,unknown
3306,tcp,MySQL 5.7.38,mysql
8443,tcp,Apache/2.4.41,unknown
25,tcp,Postfix ESMTP,smtp
873,tcp,,unknown
2049,tcp,,nfs
445,tcp,Samba,unknown
443,tcp,nginx/1.18.0,https
2049,tcp,,nfs
4444,tcp,,unknown
80,tcp,,http
445,tcp,,unknown
443,tcp,LiteSpeed,https
53,tcp,,unknown
3389,tcp,Microsoft Terminal Services,unknown
27017,tcp,MongoDB 6.0,unknown
8080,tcp,Tomcat/9.0,http
69,tcp,,tftp
80,tcp,Microsoft-IIS/10.0,http
25,tcp,Postfix ESMTP,smtp
27017,tcp,ismaster,unknown
5900,tcp,RealVNC,unknown
5900,tcp,RealVNC,unknown
111,tcp,,unknown
21,tcp,Pure-FTPd,ftp
514,tcp,,unknown
111,tcp,,unknown
2049,tcp,,nfs
27017,tcp,ismaster,unknown
3389,tcp,Microsoft Terminal Services,unknown
21,tcp,ProFTPD 1.3.5,ftp
4444,tcp,,unknown
8888,tcp,,unknown
512,tcp,,unknown
111,tcp,,unknown
110,tcp,Dovecot ready,pop3
873,tcp,,unknown
445,tcp,Samba,unknown
8888,tcp,,unknown
8080,tcp,Apache/2.4.41,http
443,tcp,LiteSpeed,https
513,tcp,,unknown
23,tcp,,telnet
513,tcp,,unknown
443,tcp,nginx/1.18.0,https
21,tcp,ProFTPD 1.3.5,ftp
3306,tcp,MariaDB 10.6,mysql
1433,tcp,Microsoft SQL Server 2019,unknown
1521,tcp,Oracle TNS Listener,unknown
3389,tcp,,unknown
2049,tcp,,nfs
143,tcp,* OK [CAPABILITY IMAP4rev1],imap
443,tcp,,https
445,tcp,,unknown
8080,tcp,Jetty,http
513,tcp,,unknown
873,tcp,,unknown
5900,tcp,RealVNC,unknown
514,tcp,,unknown
27017,tcp,MongoDB 6.0,unknown
5432,tcp,PostgreSQL 14.2,postgresql
6379,tcp,Redis server v=7.0.4,redis
6379,tcp,+OK,redis
1521,tcp,Oracle TNS Listener,unknown
512,tcp,,unknown
513,tcp,,unknown
110,tcp,+OK POP3 ready,pop3
69,tcp,,tftp
8443,tcp,Apache/2.4.41,unknown
21,tcp,Pure-FTPd,ftp
8443,tcp,nginx/1.18.0,unknown
139,tcp,Samba,unknown
6379,tcp,+OK,redis
2049,tcp,,nfs
80,tcp,LiteSpeed,http
2049,tcp,,nfs
4444,tcp,,unknown
22,tcp,SSH-2.0-OpenSSH_9.0,ssh
4444,tcp,,unknown
513,tcp,,unknown
8443,tcp,,unknown
21,tcp,vsftpd 3.0.3,ftp
443,tcp,nginx/1.18.0,https
143,tcp,* OK [CAPABILITY IMAP4rev1],imap
110,tcp,Dovecot ready,pop3
8888,tcp,,unknown
3306,tcp,MySQL 8.0.28,mysql
443,tcp,LiteSpeed,https
514,tcp,,unknown
53,tcp,,unknown
5900,tcp,RealVNC,unknown
445,tcp,Windows SMB,unknown
27017,tcp,MongoDB 6.0,unknown
143,tcp,Dovecot IMAP,imap
873,tcp,,unknown
143,tcp,Dovecot IMAP,imap
69,tcp,,tftp
53,tcp,,unknown
69,tcp,,tftp
53,tcp,,unknown
139,tcp,,unknown
6379,tcp,Redis server v=7.0.4,redis
111,tcp,,unknown
2049,tcp,,nfs
873,tcp,,unknown
8080,tcp,Tomcat/9.0,http
25,tcp,Exim 4.95,smtp
69,tcp,,tftp
110,tcp,+OK Dovecot,pop3
6379,tcp,Redis server v=7.0.4,redis
4444,tcp,,unknown
1521,tcp,Oracle TNS Listener,unknown
6379,tcp,Redis server v=7.0.4,redis
25,tcp,Microsoft ESMTP,smtp
111,tcp,,unknown
21,tcp,FileZilla FTP,ftp
1433,tcp,Microsoft SQL Server 2019,unknown
27017,tcp,MongoDB 6.0,unknown
1521,tcp,Oracle TNS Listener,unknown
8443,tcp,Apache/2.4.41,unknown
3306,tcp,MySQL 5.7.38,mysql
1433,tcp,Microsoft SQL Server 2019,unknown
53,tcp,,unknown
69,tcp,,tftp
8443,tcp,Apache/2.4.41,unknown
21,tcp,vsftpd 3.0.3,ftp
443,tcp,nginx/1.18.0,https
2049,tcp,,nfs
5432,tcp,PostgreSQL 14.2,postgresql
873,tcp,,unknown
8080,tcp,nginx/1.18.0,http
8888,tcp,,unknown
111,tcp,,unknown
27017,tcp,MongoDB 6.0,unknown
3306,tcp,MariaDB 10.6,mysql
512,tcp,,unknown
873,tcp,,unknown
5900,tcp,RFB 003.008,unknown
443,tcp,LiteSpeed,https
1433,tcp,Microsoft SQL Server 2019,unknown
143,tcp,Dovecot IMAP,imap
8888,tcp,,unknown
1521,tcp,Oracle TNS Listener,unknown
5432,tcp,PostgreSQL 14.2,postgresql
23,tcp,,telnet
8080,tcp,Tomcat/9.0,http
8080,tcp,nginx/1.18.0,http
5432,tcp,PostgreSQL 14.2,postgresql
53,tcp,,unknown
512,tcp,,unknown
512,tcp,,unknown
53,tcp,,unknown
110,tcp,+OK POP3 ready,pop3
1433,tcp,Microsoft SQL Server 2019,unknown
53,tcp,,unknown
143,tcp,* OK [CAPABILITY IMAP4rev1],imap
3306,tcp,MariaDB 10.6,mysql
23,tcp,,telnet
69,tcp,,tftp
514,tcp,,unknown
513,tcp,,unknown
445,tcp,Windows SMB,unknown
143,tcp,* OK [CAPABILITY IMAP4rev1],imap
53,tcp,,unknown
4444,tcp,,unknown
27017,tcp,ismaster,unknown
110,tcp,Dovecot ready,pop3
2049,tcp,,nfs
53,tcp,,unknown
69,tcp,,tftp
143,tcp,* OK [CAPABILITY IMAP4rev1],imap
5432,tcp,PostgreSQL 14.2,postgresql
143,tcp,Dovecot IMAP,imap
8443,tcp,Apache/2.4.41,unknown
21,tcp,ProFTPD 1.3.5,ftp
80,tcp,Apache/2.4.41,http
513,tcp,,unknown
5432,tcp,PostgreSQL 14.2,postgresql
139,tcp,Samba,unknown
4444,tcp,,unknown
3389,tcp,,unknown
6379,tcp,Redis server v=7.0.4,redis
8443,tcp,,unknown
5900,tcp,RFB 003.008,unknown
27017,tcp,MongoDB 6.0,unknown
1433,tcp,Microsoft SQL Server 2019,unknown
139,tcp,Samba,unknown
513,tcp,,unknown
4444,tcp,,unknown
2049,tcp,,nfs
4444,tcp,,unknown
80,tcp,nginx/1.18.0,http
443,tcp,,https
53,tcp,,unknown
2049,tcp,,nfs
22,tcp,OpenSSH_8.2p1,ssh
4444,tcp,,unknown
23,tcp,,telnet
6379,tcp,Redis server v=7.0.4,redis
513,tcp,,unknown
8080,tcp,Jetty,http
139,tcp,Samba,unknown
3389,tcp,,unknown
1521,tcp,Oracle TNS Listener,unknown
53,tcp,,unknown
8443,tcp,,unknown
513,tcp,,unknown
21,tcp,Pure-FTPd,ftp
21,tcp,vsftpd 3.0.3,ftp
23,tcp,,telnet
5432,tcp,PostgreSQL 14.2,postgresql
443,tcp,Apache/2.4.41,https
1521,tcp,Oracle TNS Listener,unknown
25,tcp,Sendmail 8.15,smtp
53,tcp,,unknown
4444,tcp,,unknown
1521,tcp,Oracle TNS Listener,unknown
69,tcp,,tftp
1433,tcp,Microsoft SQL Server 2019,unknown
513,tcp,,unknown
4444,tcp,,unknown
110,tcp,+OK POP3 ready,pop3
69,tcp,,tftp
111,tcp,,unknown
8443,tcp,nginx/1.18.0,unknown
53,tcp,,unknown
4444,tcp,,unknown
873,tcp,,unknown
143,tcp,Dovecot IMAP,imap
8888,tcp,,unknown
4444,tcp,,unknown
21,tcp,ProFTPD 1.3.5,ftp
5432,tcp,PostgreSQL 14.2,postgresql
6379,tcp,+OK,redis
4444,tcp,,unknown
4444,tcp,,unknown
25,tcp,Sendmail 8.15,smtp
8080,tcp,Tomcat/9.0,http
443,tcp,,https
111,tcp,,unknown
80,tcp,LiteSpeed,http
4444,tcp,,unknown
25,tcp,Microsoft ESMTP,smtp
443,tcp,Apache/2.4.41,https
143,tcp,Dovecot IMAP,imap
3306,tcp,MariaDB 10.6,mysql
69,tcp,,tftp
25,tcp,Exim 4.95,smtp
873,tcp,,unknown
5900,tcp,RFB 003.008,unknown
111,tcp,,unknown
3389,tcp,,unknown
111,tcp,,unknown
514,tcp,,unknown
512,tcp,,unknown
445,tcp,Samba,unknown
110,tcp,+OK POP3 ready,pop3
514,tcp,,unknown
27017,tcp,MongoDB 6.0,unknown
139,tcp,,unknown
5900,tcp,RFB 003.008,unknown
1433,tcp,,unknown
6379,tcp,Redis server v=7.0.4,redis
8443,tcp,,unknown
27017,tcp,MongoDB 6.0,unknown
111,tcp,,unknown
8080,tcp,Jetty,http
3306,tcp,MySQL 5.7.38,mysql
22,tcp,OpenSSH_8.2p1,ssh
3389,tcp,,unknown
1433,tcp,Microsoft SQL Server 2019,unknown
873,tcp,,unknown
25,tcp,Postfix ESMTP,smtp
8080,tcp,nginx/1.18.0,http
2049,tcp,,nfs
873,tcp,,unknown
5900,tcp,RealVNC,unknown
143,tcp,* OK [CAPABILITY IMAP4rev1],imap
139,tcp,,unknown
143,tcp,* OK [CAPABILITY IMAP4rev1],imap
143,tcp,* OK [CAPABILITY IMAP4rev1],imap
5900,tcp,RealVNC,unknown
3389,tcp,,unknown
69,tcp,,tftp
512,tcp,,unknown
21,tcp,FileZilla FTP,ftp
513,tcp,,unknown
8443,tcp,Apache/2.4.41,unknown
21,tcp,vsftpd 3.0.3,ftp
1433,tcp,Microsoft SQL Server 2019,unknown
110,tcp,Dovecot ready,pop3
5432,tcp,PostgreSQL 14.2,postgresql
2049,tcp,,nfs
8443,tcp,Apache/2.4.41,unknown
445,tcp,Windows SMB,unknown
143,tcp,Dovecot IMAP,imap
6379,tcp,+OK,redis
69,tcp,,tftp
512,tcp,,unknown
445,tcp,Samba,unknown
4444,tcp,,unknown
4444,tcp,,unknown
873,tcp,,unknown
27017,tcp,ismaster,unknown
21,tcp,Pure-FTPd,ftp
111,tcp,,unknown
514,tcp,,unknown
2049,tcp,,nfs
5900,tcp,RealVNC,unknown
512,tcp,,unknown
69,tcp,,tftp
143,tcp,* OK [CAPABILITY IMAP4rev1],imap
873,tcp,,unknown
1521,tcp,Oracle TNS Listener,unknown
143,tcp,* OK [CAPABILITY IMAP4rev1],imap
8080,tcp,Jetty,http
3306,tcp,MySQL 5.7.38,mysql
513,tcp,,unknown
21,tcp,FileZilla FTP,ftp
111,tcp,,unknown
513,tcp,,unknown
5432,tcp,PostgreSQL 14.2,postgresql
111,tcp,,unknown
8080,tcp,Jetty,http
110,tcp,+OK Dovecot,pop3
3306,tcp,MySQL 8.0.28,mysql
8080,tcp,nginx/1.18.0,http
22,tcp,OpenSSH_7.4p1,ssh
5432,tcp,PostgreSQL 14.2,postgresql
445,tcp,,unknown
2049,tcp,,nfs
69,tcp,,tftp
139,tcp,Samba,unknown
5900,tcp,RFB 003.008,unknown
8080,tcp,nginx/1.18.0,http
514,tcp,,unknown
1433,tcp,Microsoft SQL Server 2019,unknown
3306,tcp,MySQL 8.0.28,mysql
514,tcp,,unknown
445,tcp,Samba,unknown
6379,tcp,Redis server v=7.0.4,redis
3306,tcp,MySQL 5.7.38,mysql
513,tcp,,unknown
1521,tcp,Oracle TNS Listener,unknown
69,tcp,,tftp
4444,tcp,,unknown
139,tcp,,unknown
445,tcp,Windows SMB,unknown
3306,tcp,MySQL 5.7.38,mysql
4444,tcp,,unknown
23,tcp,,telnet
513,tcp,,unknown
21,tcp,FileZilla FTP,ftp
5900,tcp,RFB 003.008,unknown
139,tcp,Samba,unknown
513,tcp,,unknown
139,tcp,Samba,unknown
27017,tcp,ismaster,unknown
4444,tcp,,unknown
1521,tcp,Oracle TNS Listener,unknown
22,tcp,Dropbear SSH,ssh
5900,tcp,RFB 003.008,unknown
23,tcp,,telnet
25,tcp,Sendmail 8.15,smtp
8443,tcp,,unknown
111,tcp,,unknown
80,tcp,,http
3389,tcp,,unknown
5432,tcp,PostgreSQL 14.2,postgresql
23,tcp,,telnet
514,tcp,,unknown
80,tcp,,http
53,tcp,,unknown
3306,tcp,MySQL 5.7.38,mysql
21,tcp,ProFTPD 1.3.5,ftp
21,tcp,vsftpd 3.0.3,ftp
512,tcp,,unknown
143,tcp,* OK [CAPABILITY IMAP4rev1],imap
873,tcp,,unknown
514,tcp,,unknown
53,tcp,,unknown
8080,tcp,nginx/1.18.0,http
69,tcp,,tftp
8080,tcp,Jetty,http
873,tcp,,unknown
6379,tcp,+OK,redis
27017,tcp,ismaster,unknown
8080,tcp,Apache/2.4.41,http
8080,tcp,nginx/1.18.0,http
8888,tcp,,unknown
22,tcp,SSH-2.0-OpenSSH_9.0,ssh
8443,tcp,nginx/1.18.0,unknown
8443,tcp,Apache/2.4.41,unknown
3306,tcp,MariaDB 10.6,mysql
8443,tcp,,unknown
512,tcp,,unknown
8888,tcp,,unknown
4444,tcp,,unknown
25,tcp,Sendmail 8.15,smtp
514,tcp,,unknown
69,tcp,,tftp
513,tcp,,unknown
5900,tcp,RFB 003.008,unknown
111,tcp,,unknown
8888,tcp,,unknown
513,tcp,,unknown
80,tcp,Microsoft-IIS/10.0,http
1433,tcp,Microsoft SQL Server 2019,unknown
513,tcp,,unknown
139,tcp,Samba,unknown
4444,tcp,,unknown
110,tcp,+OK Dovecot,pop3
110,tcp,+OK Dovecot,pop3
3306,tcp,MariaDB 10.6,mysql
111,tcp,,unknown
5900,tcp,RealVNC,unknown
873,tcp,,unknown
143,tcp,* OK [CAPABILITY IMAP4rev1],imap
445,tcp,Samba,unknown
514,tcp,,unknown
21,tcp,vsftpd 3.0.3,ftp
3306,tcp,MySQL 8.0.28,mysql
53,tcp,,unknown
2049,tcp,,nfs
4444,tcp,,unknown
5900,tcp,RealVNC,unknown
514,tcp,,unknown
80,tcp,Apache/2.4.41,http
6379,tcp,+OK,redis
6379,tcp,+OK,redis
80,tcp,LiteSpeed,http
69,tcp,,tftp
6379,tcp,+OK,redis
5432,tcp,PostgreSQL 14.2,postgresql
1521,tcp,Oracle TNS Listener,unknown
3306,tcp,MariaDB 10.6,mysql
513,tcp,,unknown
513,tcp,,unknown
27017,tcp,MongoDB 6.0,unknown
22,tcp,OpenSSH_7.4p1,ssh
4444,tcp,,unknown
143,tcp,Dovecot IMAP,imap
8080,tcp,Jetty,http
8888,tcp,,unknown
2049,tcp,,nfs
445,tcp,Samba,unknown
69,tcp,,tftp
6379,tcp,Redis server v=7.0.4,redis
8443,tcp,Apache/2.4.41,unknown
1521,tcp,Oracle TNS Listener,unknown
110,tcp,+OK POP3 ready,pop3
4444,tcp,,unknown
513,tcp,,unknown
8888,tcp,,unknown
111,tcp,,unknown
25,tcp,Exim 4.95,smtp
8443,tcp,Apache/2.4.41,unknown
873,tcp,,unknown
143,tcp,* OK [CAPABILITY IMAP4rev1],imap
512,tcp,,unknown
23,tcp,,telnet
21,tcp,ProFTPD 1.3.5,ftp
1521,tcp,Oracle TNS Listener,unknown
25,tcp,Microsoft ESMTP,smtp
5432,tcp,PostgreSQL 14.2,postgresql
27017,tcp,ismaster,unknown
1433,tcp,,unknown
4444,tcp,,unknown
69,tcp,,tftp
8443,tcp,,unknown
1433,tcp,Microsoft SQL Server 2019,unknown
23,tcp,,telnet
25,tcp,Microsoft ESMTP,smtp
873,tcp,,unknown
25,tcp,Exim 4.95,smtp
69,tcp,,tftp
445,tcp,,unknown
69,tcp,,tftp
514,tcp,,unknown
21,tcp,ProFTPD 1.3.5,ftp
1521,tcp,Oracle TNS Listener,unknown
5900,tcp,RealVNC,unknown
514,tcp,,unknown
25,tcp,Sendmail 8.15,smtp
27017,tcp,ismaster,unknown
513,tcp,,unknown
4444,tcp,,unknown
443,tcp,,https
8888,tcp,,unknown
111,tcp,,unknown
111,tcp,,unknown
512,tcp,,unknown
25,tcp,Exim 4.95,smtp
445,tcp,,unknown
110,tcp,+OK POP3 ready,pop3
111,tcp,,unknown
139,tcp,,unknown
22,tcp,SSH-2.0-OpenSSH_9.0,ssh
2049,tcp,,nfs
110,tcp,Dovecot ready,pop3
111,tcp,,unknown
443,tcp,,https
1521,tcp,Oracle TNS Listener,unknown
443,tcp,,https
8080,tcp,Apache/2.4.41,http
3389,tcp,,unknown
21,tcp,vsftpd 3.0.3,ftp
5900,tcp,RFB 003.008,unknown
139,tcp,Samba,unknown
513,tcp,,unknown
110,tcp,Dovecot ready,pop3
23,tcp,,telnet
8443,tcp,Apache/2.4.41,unknown
23,tcp,,telnet
27017,tcp,ismaster,unknown
21,tcp,vsftpd 3.0.3,ftp
23,tcp,,telnet
27017,tcp,ismaster,unknown
443,tcp,nginx/1.18.0,https
80,tcp,Microsoft-IIS/10.0,http
5432,tcp,PostgreSQL 14.2,postgresql
512,tcp,,unknown
513,tcp,,unknown
22,tcp,OpenSSH_8.2p1,ssh
1521,tcp,Oracle TNS Listener,unknown
443,tcp,LiteSpeed,https
445,tcp,Windows SMB,unknown
3389,tcp,Microsoft Terminal Services,unknown
513,tcp,,unknown
1433,tcp,Microsoft SQL Server 2019,unknown
1521,tcp,Oracle TNS Listener,unknown
8443,tcp,Apache/2.4.41,unknown
4444,tcp,,unknown
110,tcp,+OK POP3 ready,pop3
8080,tcp,Tomcat/9.0,http
53,tcp,,unknown
4444,tcp,,unknown
21,tcp,Pure-FTPd,ftp
1433,tcp,,unknown
3306,tcp,MariaDB 10.6,mysql
21,tcp,Pure-FTPd,ftp
143,tcp,Dovecot IMAP,imap
6379,tcp,Redis server v=7.0.4,redis
443,tcp,nginx/1.18.0,https
1521,tcp,Oracle TNS Listener,unknown
110,tcp,Dovecot ready,pop3
6379,tcp,Redis server v=7.0.4,redis
23,tcp,,telnet
23,tcp,,telnet
111,tcp,,unknown
110,tcp,+OK Dovecot,pop3
5900,tcp,RealVNC,unknown
143,tcp,* OK [CAPABILITY IMAP4rev1],imap
27017,tcp,MongoDB 6.0,unknown
110,tcp,+OK Dovecot,pop3
514,tcp,,unknown
69,tcp,,tftp
8443,tcp,Apache/2.4.41,unknown
6379,tcp,Redis server v=7.0.4,redis
8080,tcp,Apache/2.4.41,http
1521,tcp,Oracle TNS Listener,unknown
139,tcp,,unknown
2049,tcp,,nfs
3389,tcp,Microsoft Terminal Services,unknown
139,tcp,Samba,unknown
443,tcp,,https
27017,tcp,ismaster,unknown
513,tcp,,unknown
110,tcp,Dovecot ready,pop3
512,tcp,,unknown
143,tcp,* OK [CAPABILITY IMAP4rev1],imap
25,tcp,Sendmail 8.15,smtp
80,tcp,LiteSpeed,http
2049,tcp,,nfs
53,tcp,,unknown
5432,tcp,PostgreSQL 14.2,postgresql
143,tcp,* OK [CAPABILITY IMAP4rev1],imap
139,tcp,,unknown
27017,tcp,MongoDB 6.0,unknown
69,tcp,,tftp
445,tcp,Windows SMB,unknown
1521,tcp,Oracle TNS Listener,unknown
22,tcp,OpenSSH_8.2p1,ssh
139,tcp,Samba,unknown
2049,tcp,,nfs
1433,tcp,Microsoft SQL Server 2019,unknown
4444,tcp,,unknown
21,tcp,Pure-FTPd,ftp
53,tcp,,unknown
1521,tcp,Oracle TNS Listener,unknown
139,tcp,,unknown
22,tcp,Dropbear SSH,ssh
21,tcp,ProFTPD 1.3.5,ftp
22,tcp,SSH-2.0-OpenSSH_9.0,ssh
22,tcp,OpenSSH_7.4p1,ssh
80,tcp,Apache/2.4.41,http
514,tcp,,unknown
2049,tcp,,nfs
23,tcp,,telnet
514,tcp,,unknown
23,tcp,,telnet
23,tcp,,telnet
8888,tcp,,unknown
6379,tcp,Redis server v=7.0.4,redis
80,tcp,Microsoft-IIS/10.0,http
443,tcp,,https
8080,tcp,Tomcat/9.0,http
80,tcp,nginx/1.18.0,http
3306,tcp,MariaDB 10.6,mysql
873,tcp,,unknown
21,tcp,ProFTPD 1.3.5,ftp
2049,tcp,,nfs
1521,tcp,Oracle TNS Listener,unknown
8888,tcp,,unknown
8888,tcp,,unknown
6379,tcp,Redis server v=7.0.4,redis
80,tcp,Microsoft-IIS/10.0,http
5900,tcp,RealVNC,unknown
873,tcp,,unknown
5432,tcp,PostgreSQL 14.2,postgresql
443,tcp,nginx/1.18.0,https
80,tcp,,http
8443,tcp,nginx/1.18.0,unknown
6379,tcp,+OK,redis
25,tcp,Exim 4.95,smtp
8443,tcp,Apache/2.4.41,unknown
3389,tcp,,unknown
443,tcp,LiteSpeed,https
8443,tcp,nginx/1.18.0,unknown
443,tcp,,https
6379,tcp,+OK,redis
80,tcp,,http
873,tcp,,unknown
21,tcp,Pure-FTPd,ftp
5432,tcp,PostgreSQL 14.2,postgresql
5432,tcp,PostgreSQL 14.2,postgresql
111,tcp,,unknown
873,tcp,,unknown
1433,tcp,Microsoft SQL Server 2019,unknown
8888,tcp,,unknown
22,tcp,OpenSSH_7.4p1,ssh
4444,tcp,,unknown
3389,tcp,Microsoft Terminal Services,unknown
111,tcp,,unknown
2049,tcp,,nfs
5432,tcp,PostgreSQL 14.2,postgresql
8888,tcp,,unknown
110,tcp,+OK Dovecot,pop3
25,tcp,Microsoft ESMTP,smtp
139,tcp,Samba,unknown
513,tcp,,unknown
5432,tcp,PostgreSQL 14.2,postgresql
111,tcp,,unknown
6379,tcp,+OK,redis
1433,tcp,Microsoft SQL Server 2019,unknown
4444,tcp,,unknown
4444,tcp,,unknown
2049,tcp,,nfs
143,tcp,Dovecot IMAP,imap
873,tcp,,unknown
8888,tcp,,unknown
110,tcp,+OK Dovecot,pop3
3306,tcp,MySQL 5.7.38,mysql
6379,tcp,Redis server v=7.0.4,redis
139,tcp,,unknown
69,tcp,,tftp
111,tcp,,unknown
8443,tcp,Apache/2.4.41,unknown
8080,tcp,nginx/1.18.0,http
8080,tcp,nginx/1.18.0,http
445,tcp,Windows SMB,unknown
3306,tcp,MariaDB 10.6,mysql
143,tcp,Dovecot IMAP,imap
143,tcp,Dovecot IMAP,imap
53,tcp,,unknown
143,tcp,Dovecot IMAP,imap
1521,tcp,Oracle TNS Listener,unknown
143,tcp,* OK [CAPABILITY IMAP4rev1],imap
139,tcp,Samba,unknown
443,tcp,Apache/2.4.41,https
513,tcp,,unknown
443,tcp,Apache/2.4.41,https
6379,tcp,Redis server v=7.0.4,redis
512,tcp,,unknown
111,tcp,,unknown
443,tcp,Apache/2.4.41,https
110,tcp,Dovecot ready,pop3
25,tcp,Exim 4.95,smtp
8888,tcp,,unknown
6379,tcp,Redis server v=7.0.4,redis
21,tcp,ProFTPD 1.3.5,ftp
3389,tcp,Microsoft Terminal Services,unknown
4444,tcp,,unknown
110,tcp,+OK Dovecot,pop3
23,tcp,,telnet
23,tcp,,telnet
139,tcp,,unknown
23,tcp,,telnet
8443,tcp,nginx/1.18.0,unknown
69,tcp,,tftp
5900,tcp,RFB 003.008,unknown
1433,tcp,,unknown
139,tcp,Samba,unknown
21,tcp,Pure-FTPd,ftp
143,tcp,Dovecot IMAP,imap
8443,tcp,nginx/1.18.0,unknown
111,tcp,,unknown
23,tcp,,telnet
873,tcp,,unknown
2049,tcp,,nfs
873,tcp,,unknown
143,tcp,* OK [CAPABILITY IMAP4rev1],imap
111,tcp,,unknown
110,tcp,Dovecot ready,pop3
25,tcp,Postfix ESMTP,smtp
143,tcp,Dovecot IMAP,imap
513,tcp,,unknown
512,tcp,,unknown
53,tcp,,unknown
1521,tcp,Oracle TNS Listener,unknown
512,tcp,,unknown
27017,tcp,MongoDB 6.0,unknown
53,tcp,,unknown
3306,tcp,MySQL 5.7.38,mysql
139,tcp,,unknown
111,tcp,,unknown
873,tcp,,unknown
139,tcp,,unknown
6379,tcp,+OK,redis
139,tcp,,unknown
2049,tcp,,nfs
3306,tcp,MariaDB 10.6,mysql
8443,tcp,,unknown
513,tcp,,unknown
513,tcp,,unknown
2049,tcp,,nfs
1433,tcp,Microsoft SQL Server 2019,unknown
3306,tcp,MySQL 8.0.28,mysql
22,tcp,OpenSSH_7.4p1,ssh
4444,tcp,,unknown
22,tcp,Dropbear SSH,ssh
3389,tcp,Microsoft Terminal Services,unknown
512,tcp,,unknown
53,tcp,,unknown
27017,tcp,ismaster,unknown
69,tcp,,tftp
514,tcp,,unknown
1521,tcp,Oracle TNS Listener,unknown
514,tcp,,unknown
69,tcp,,tftp
3306,tcp,MariaDB 10.6,mysql
110,tcp,Dovecot ready,pop3
873,tcp,,unknown
21,tcp,Pure-FTPd,ftp
1521,tcp,Oracle TNS Listener,unknown
4444,tcp,,unknown
873,tcp,,unknown
22,tcp,OpenSSH_7.4p1,ssh
5900,tcp,RealVNC,unknown
5900,tcp,RealVNC,unknown
25,tcp,Sendmail 8.15,smtp
3389,tcp,,unknown
5900,tcp,RealVNC,unknown
513,tcp,,unknown
5900,tcp,RFB 003.008,unknown
69,tcp,,tftp
6379,tcp,Redis server v=7.0.4,redis
23,tcp,,telnet
512,tcp,,unknown
27017,tcp,ismaster,unknown
5900,tcp,RFB 003.008,unknown
21,tcp,vsftpd 3.0.3,ftp
25,tcp,Postfix ESMTP,smtp
6379,tcp,Redis server v=7.0.4,redis
110,tcp,+OK Dovecot,pop3
8888,tcp,,unknown
8080,tcp,nginx/1.18.0,http
139,tcp,,unknown
4444,tcp,,unknown
5432,tcp,PostgreSQL 14.2,postgresql
21,tcp,Pure-FTPd,ftp
22,tcp,Dropbear SSH,ssh
25,tcp,Sendmail 8.15,smtp
25,tcp,Exim 4.95,smtp
513,tcp,,unknown
111,tcp,,unknown
139,tcp,,unknown
22,tcp,OpenSSH_8.2p1,ssh
513,tcp,,unknown
443,tcp,,https
445,tcp,Windows SMB,unknown
3306,tcp,MariaDB 10.6,mysql
3306,tcp,MariaDB 10.6,mysql
53,tcp,,unknown
1521,tcp,Oracle TNS Listener,unknown
110,tcp,+OK Dovecot,pop3
80,tcp,,http
143,tcp,* OK [CAPABILITY IMAP4rev1],imap
80,tcp,LiteSpeed,http
110,tcp,Dovecot ready,pop3
21,tcp,Pure-FTPd,ftp
4444,tcp,,unknown
80,tcp,Microsoft-IIS/10.0,http
21,tcp,FileZilla FTP,ftp
27017,tcp,MongoDB 6.0,unknown
1521,tcp,Oracle TNS Listener,unknown
514,tcp,,unknown
3306,tcp,MySQL 8.0.28,mysql
110,tcp,Dovecot ready,pop3
8080,tcp,Apache/2.4.41,http
6379,tcp,Redis server v=7.0.4,redis
23,tcp,,telnet
1433,tcp,,unknown
4444,tcp,,unknown
8443,tcp,Apache/2.4.41,unknown
1521,tcp,Oracle TNS Listener,unknown
8888,tcp,,unknown
443,tcp,LiteSpeed,https
53,tcp,,unknown
514,tcp,,unknown
6379,tcp,+OK,redis
513,tcp,,unknown
80,tcp,LiteSpeed,http
53,tcp,,unknown
873,tcp,,unknown
23,tcp,,telnet
143,tcp,Dovecot IMAP,imap
8443,tcp,nginx/1.18.0,unknown
513,tcp,,unknown
1521,tcp,Oracle TNS Listener,unknown
53,tcp,,unknown
873,tcp,,unknown
21,tcp,Pure-FTPd,ftp
513,tcp,,unknown
873,tcp,,unknown
445,tcp,Samba,unknown
1521,tcp,Oracle TNS Listener,unknown
443,tcp,nginx/1.18.0,https
4444,tcp,,unknown
3389,tcp,,unknown
1521,tcp,Oracle TNS Listener,unknown
21,tcp,ProFTPD 1.3.5,ftp
6379,tcp,Redis server v=7.0.4,redis
22,tcp,SSH-2.0-OpenSSH_9.0,ssh
53,tcp,,unknown
1433,tcp,Microsoft SQL Server 2019,unknown
8888,tcp,,unknown
8888,tcp,,unknown
512,tcp,,unknown
6379,tcp,Redis server v=7.0.4,redis
25,tcp,Microsoft ESMTP,smtp
2049,tcp,,nfs
21,tcp,Pure-FTPd,ftp
513,tcp,,unknown
25,tcp,Sendmail 8.15,smtp
445,tcp,Windows SMB,unknown
4444,tcp,,unknown
25,tcp,Microsoft ESMTP,smtp
23,tcp,,telnet
143,tcp,Dovecot IMAP,imap
1433,tcp,Microsoft SQL Server 2019,unknown
1521,tcp,Oracle TNS Listener,unknown
4444,tcp,,unknown
21,tcp,Pure-FTPd,ftp
110,tcp,+OK POP3 ready,pop3
514,tcp,,unknown
6379,tcp,+OK,redis
110,tcp,Dovecot ready,pop3
5432,tcp,PostgreSQL 14.2,postgresql
5900,tcp,RealVNC,unknown
4444,tcp,,unknown
514,tcp,,unknown
514,tcp,,unknown
139,tcp,,unknown
143,tcp,Dovecot IMAP,imap
6379,tcp,Redis server v=7.0.4,redis
5900,tcp,RFB 003.008,unknown
1433,tcp,,unknown
110,tcp,Dovecot ready,pop3
2049,tcp,,nfs
5900,tcp,RFB 003.008,unknown
8888,tcp,,unknown
445,tcp,Samba,unknown
111,tcp,,unknown
22,tcp,OpenSSH_8.2p1,ssh
514,tcp,,unknown
4444,tcp,,unknown
443,tcp,Apache/2.4.41,https
8888,tcp,,unknown
5432,tcp,PostgreSQL 14.2,postgresql
69,tcp,,tftp
23,tcp,,telnet
69,tcp,,tftp
53,tcp,,unknown
27017,tcp,MongoDB 6.0,unknown
23,tcp,,telnet
8443,tcp,,unknown
5900,tcp,RFB 003.008,unknown
443,tcp,Apache/2.4.41,https
8443,tcp,nginx/1.18.0,unknown
5900,tcp,RealVNC,unknown
5900,tcp,RealVNC,unknown
23,tcp,,telnet
22,tcp,Dropbear SSH,ssh
512,tcp,,unknown
6379,tcp,+OK,redis
21,tcp,ProFTPD 1.3.5,ftp
1521,tcp,Oracle TNS Listener,unknown
4444,tcp,,unknown
8080,tcp,Tomcat/9.0,http
513,tcp,,unknown
445,tcp,Windows SMB,unknown
5432,tcp,PostgreSQL 14.2,postgresql
443,tcp,,https
27017,tcp,ismaster,unknown
6379,tcp,Redis server v=7.0.4,redis
8888,tcp,,unknown
110,tcp,Dovecot ready,pop3
143,tcp,Dovecot IMAP,imap
445,tcp,Samba,unknown
443,tcp,Apache/2.4.41,https
110,tcp,+OK Dovecot,pop3
6379,tcp,Redis server v=7.0.4,redis
512,tcp,,unknown
25,tcp,Exim 4.95,smtp
25,tcp,Exim 4.95,smtp
25,tcp,Microsoft ESMTP,smtp
8080,tcp,Jetty,http
445,tcp,Windows SMB,unknown
2049,tcp,,nfs
514,tcp,,unknown
3389,tcp,Microsoft Terminal Services,unknown
8443,tcp,,unknown
53,tcp,,unknown
5900,tcp,RealVNC,unknown
5900,tcp,RFB 003.008,unknown
443,tcp,,https
8888,tcp,,unknown
23,tcp,,telnet
513,tcp,,unknown
4444,tcp,,unknown
53,tcp,,unknown
3306,tcp,MySQL 8.0.28,mysql
27017,tcp,MongoDB 6.0,unknown
25,tcp,Microsoft ESMTP,smtp
110,tcp,+OK Dovecot,pop3
139,tcp,,unknown
8888,tcp,,unknown
8443,tcp,,unknown
22,tcp,OpenSSH_7.4p1,ssh
5900,tcp,RealVNC,unknown
1521,tcp,Oracle TNS Listener,unknown
8443,tcp,,unknown
25,tcp,Sendmail 8.15,smtp
3306,tcp,MySQL 8.0.28,mysql
514,tcp,,unknown
27017,tcp,MongoDB 6.0,unknown
6379,tcp,+OK,redis
111,tcp,,unknown
69,tcp,,tftp
139,tcp,Samba,unknown
53,tcp,,unknown
143,tcp,Dovecot IMAP,imap
1433,tcp,,unknown
139,tcp,Samba,unknown
53,tcp,,unknown
110,tcp,+OK POP3 ready,pop3
445,tcp,Samba,unknown
23,tcp,,telnet
53,tcp,,unknown
27017,tcp,ismaster,unknown
5900,tcp,RFB 003.008,unknown
111,tcp,,unknown
22,tcp,SSH-2.0-OpenSSH_9.0,ssh
139,tcp,Samba,unknown
3389,tcp,,unknown
69,tcp,,tftp
23,tcp,,telnet
27017,tcp,ismaster,unknown
4444,tcp,,unknown
512,tcp,,unknown
3389,tcp,,unknown
111,tcp,,unknown
80,tcp,LiteSpeed,http
139,tcp,,unknown
80,tcp,LiteSpeed,http
27017,tcp,MongoDB 6.0,unknown
512,tcp,,unknown
21,tcp,FileZilla FTP,ftp
513,tcp,,unknown
514,tcp,,unknown
5432,tcp,PostgreSQL 14.2,postgresql
80,tcp,LiteSpeed,http
8443,tcp,Apache/2.4.41,unknown
2049,tcp,,nfs
512,tcp,,unknown
22,tcp,Dropbear SSH,ssh
80,tcp,Microsoft-IIS/10.0,http
513,tcp,,unknown
8888,tcp,,unknown
53,tcp,,unknown
111,tcp,,unknown
23,tcp,,telnet
23,tcp,,telnet
8888,tcp,,unknown
8443,tcp,,unknown
4444,tcp,,unknown
80,tcp,Microsoft-IIS/10.0,http
110,tcp,+OK Dovecot,pop3
21,tcp,ProFTPD 1.3.5,ftp
53,tcp,,unknown
53,tcp,,unknown
25,tcp,Sendmail 8.15,smtp
8080,tcp,Tomcat/9.0,http
27017,tcp,ismaster,unknown
1521,tcp,Oracle TNS Listener,unknown
23,tcp,,telnet
80,tcp,,http
1521,tcp,Oracle TNS Listener,unknown
873,tcp,,unknown
3389,tcp,,unknown
8888,tcp,,unknown
4444,tcp,,unknown
5900,tcp,RFB 003.008,unknown
22,tcp,Dropbear SSH,ssh
143,tcp,Dovecot IMAP,imap
4444,tcp,,unknown
8888,tcp,,unknown
21,tcp,FileZilla FTP,ftp
445,tcp,Windows SMB,unknown
53,tcp,,unknown
443,tcp,LiteSpeed,https
8080,tcp,nginx/1.18.0,http
873,tcp,,unknown
5432,tcp,PostgreSQL 14.2,postgresql
2049,tcp,,nfs
8080,tcp,Tomcat/9.0,http
25,tcp,Microsoft ESMTP,smtp
3306,tcp,MySQL 8.0.28,mysql
2049,tcp,,nfs
25,tcp,Microsoft ESMTP,smtp
3389,tcp,Microsoft Terminal Services,unknown
23,tcp,,telnet
53,tcp,,unknown
1521,tcp,Oracle TNS Listener,unknown
514,tcp,,unknown
2049,tcp,,nfs
80,tcp,Microsoft-IIS/10.0,http
445,tcp,,unknown
513,tcp,,unknown
27017,tcp,ismaster,unknown
22,tcp,SSH-2.0-OpenSSH_9.0,ssh
8080,tcp,Jetty,http
2049,tcp,,nfs
69,tcp,,tftp
25,tcp,Postfix ESMTP,smtp
111,tcp,,unknown
53,tcp,,unknown
1433,tcp,Microsoft SQL Server 2019,unknown
111,tcp,,unknown
514,tcp,,unknown
1433,tcp,,unknown
8443,tcp,nginx/1.18.0,unknown
1521,tcp,Oracle TNS Listener,unknown
6379,tcp,Redis server v=7.0.4,redis
110,tcp,Dovecot ready,pop3
1521,tcp,Oracle TNS Listener,unknown
514,tcp,,unknown
2049,tcp,,nfs
69,tcp,,tftp
4444,tcp,,unknown
27017,tcp,ismaster,unknown
69,tcp,,tftp
25,tcp,Exim 4.95,smtp
23,tcp,,telnet
80,tcp,nginx/1.18.0,http
80,tcp,,http
445,tcp,Windows SMB,unknown
513,tcp,,unknown
8888,tcp,,unknown
21,tcp,ProFTPD 1.3.5,ftp
513,tcp,,unknown
8443,tcp,Apache/2.4.41,unknown
1433,tcp,,unknown
21,tcp,FileZilla FTP,ftp
8443,tcp,nginx/1.18.0,unknown
2049,tcp,,nfs
445,tcp,Windows SMB,unknown
3306,tcp,MySQL 5.7.38,mysql
8443,tcp,,unknown
25,tcp,Postfix ESMTP,smtp
21,tcp,vsftpd 3.0.3,ftp
53,tcp,,unknown
513,tcp,,unknown
69,tcp,,tftp
8888,tcp,,unknown
873,tcp,,unknown
8888,tcp,,unknown
513,tcp,,unknown
111,tcp,,unknown
512,tcp,,unknown
110,tcp,Dovecot ready,pop3
4444,tcp,,unknown
143,tcp,* OK [CAPABILITY IMAP4rev1],imap
445,tcp,,unknown
111,tcp,,unknown
23,tcp,,telnet
873,tcp,,unknown
2049,tcp,,nfs
5432,tcp,PostgreSQL 14.2,postgresql
21,tcp,ProFTPD 1.3.5,ftp
5900,tcp,RFB 003.008,unknown
3306,tcp,MariaDB 10.6,mysql
111,tcp,,unknown
873,tcp,,unknown
8888,tcp,,unknown
111,tcp,,unknown
5900,tcp,RFB 003.008,unknown
5900,tcp,RFB 003.008,unknown
8888,tcp,,unknown
6379,tcp,Redis server v=7.0.4,redis
80,tcp,Microsoft-IIS/10.0,http
514,tcp,,unknown
53,tcp,,unknown
80,tcp,nginx/1.18.0,http
8888,tcp,,unknown
513,tcp,,unknown
445,tcp,Samba,unknown
3389,tcp,,unknown
1433,tcp,Microsoft SQL Server 2019,unknown
514,tcp,,unknown
445,tcp,,unknown
5432,tcp,PostgreSQL 14.2,postgresql
22,tcp,OpenSSH_7.4p1,ssh
143,tcp,Dovecot IMAP,imap
8888,tcp,,unknown
1521,tcp,Oracle TNS Listener,unknown
80,tcp,Apache/2.4.41,http
53,tcp,,unknown
8080,tcp,nginx/1.18.0,http
80,tcp,Apache/2.4.41,http
25,tcp,Sendmail 8.15,smtp
513,tcp,,unknown
27017,tcp,ismaster,unknown
8888,tcp,,unknown
27017,tcp,ismaster,unknown
6379,tcp,Redis server v=7.0.4,redis
23,tcp,,telnet
873,tcp,,unknown
8443,tcp,Apache/2.4.41,unknown
139,tcp,,unknown
80,tcp,,http
1521,tcp,Oracle TNS Listener,unknown
513,tcp,,unknown
69,tcp,,tftp
139,tcp,,unknown
21,tcp,ProFTPD 1.3.5,ftp
22,tcp,Dropbear SSH,ssh
69,tcp,,tftp
513,tcp,,unknown
21,tcp,Pure-FTPd,ftp
8080,tcp,nginx/1.18.0,http
8443,tcp,Apache/2.4.41,unknown
513,tcp,,unknown
80,tcp,Apache/2.4.41,http
5432,tcp,PostgreSQL 14.2,postgresql
8888,tcp,,unknown
69,tcp,,tftp
53,tcp,,unknown
6379,tcp,+OK,redis
8443,tcp,,unknown
4444,tcp,,unknown
8080,tcp,Jetty,http
1433,tcp,,unknown
873,tcp,,unknown
139,tcp,,unknown
513,tcp,,unknown
1521,tcp,Oracle TNS Listener,unknown
21,tcp,Pure-FTPd,ftp
22,tcp,OpenSSH_8.2p1,ssh
25,tcp,Postfix ESMTP,smtp
69,tcp,,tftp
21,tcp,FileZilla FTP,ftp
143,tcp,* OK [CAPABILITY IMAP4rev1],imap
21,tcp,FileZilla FTP,ftp
443,tcp,Apache/2.4.41,https
53,tcp,,unknown
3306,tcp,MySQL 5.7.38,mysql
27017,tcp,MongoDB 6.0,unknown
1521,tcp,Oracle TNS Listener,unknown
8888,tcp,,unknown
27017,tcp,MongoDB 6.0,unknown
23,tcp,,telnet
1521,tcp,Oracle TNS Listener,unknown
22,tcp,OpenSSH_8.2p1,ssh
69,tcp,,tftp
514,tcp,,unknown
5432,tcp,PostgreSQL 14.2,postgresql
443,tcp,LiteSpeed,https
873,tcp,,unknown
513,tcp,,unknown
110,tcp,+OK POP3 ready,pop3
22,tcp,OpenSSH_7.4p1,ssh
5900,tcp,RealVNC,unknown
25,tcp,Exim 4.95,smtp
21,tcp,vsftpd 3.0.3,ftp
69,tcp,,tftp
3389,tcp,Microsoft Terminal Services,unknown
1433,tcp,Microsoft SQL Server 2019,unknown
80,tcp,LiteSpeed,http
1433,tcp,,unknown
8080,tcp,Tomcat/9.0,http
1521,tcp,Oracle TNS Listener,unknown
25,tcp,Microsoft ESMTP,smtp
2049,tcp,,nfs
5432,tcp,PostgreSQL 14.2,postgresql
25,tcp,Microsoft ESMTP,smtp
3389,tcp,,unknown
445,tcp,Samba,unknown
1433,tcp,,unknown
1433,tcp,,unknown
8080,tcp,Tomcat/9.0,http
512,tcp,,unknown
3306,tcp,MySQL 8.0.28,mysql
8080,tcp,Jetty,http
111,tcp,,unknown
1433,tcp,,unknown
25,tcp,Sendmail 8.15,smtp
22,tcp,OpenSSH_8.2p1,ssh
3389,tcp,,unknown
514,tcp,,unknown
27017,tcp,MongoDB 6.0,unknown
8443,tcp,nginx/1.18.0,unknown
110,tcp,+OK Dovecot,pop3
21,tcp,ProFTPD 1.3.5,ftp
27017,tcp,ismaster,unknown
2049,tcp,,nfs
8080,tcp,Apache/2.4.41,http
1433,tcp,,unknown
5432,tcp,PostgreSQL 14.2,postgresql
1433,tcp,,unknown
2049,tcp,,nfs
23,tcp,,telnet
3389,tcp,Microsoft Terminal Services,unknown
8080,tcp,nginx/1.18.0,http
3306,tcp,MySQL 5.7.38,mysql
25,tcp,Exim 4.95,smtp
21,tcp,ProFTPD 1.3.5,ftp
69,tcp,,tftp
21,tcp,Pure-FTPd,ftp
513,tcp,,unknown
1433,tcp,Microsoft SQL Server 2019,unknown
143,tcp,Dovecot IMAP,imap
443,tcp,Apache/2.4.41,https
27017,tcp,MongoDB 6.0,unknown
873,tcp,,unknown
4444,tcp,,unknown
2049,tcp,,nfs
69,tcp,,tftp
4444,tcp,,unknown
2049,tcp,,nfs
6379,tcp,Redis server v=7.0.4,redis
2049,tcp,,nfs
23,tcp,,telnet
8888,tcp,,unknown
1433,tcp,,unknown
4444,tcp,,unknown
1521,tcp,Oracle TNS Listener,unknown
53,tcp,,unknown
445,tcp,Samba,unknown
1521,tcp,Oracle TNS Listener,unknown
111,tcp,,unknown
5900,tcp,RFB 003.008,unknown
5900,tcp,RealVNC,unknown
512,tcp,,unknown
5900,tcp,RealVNC,unknown
139,tcp,,unknown
53,tcp,,unknown
53,tcp,,unknown
1521,tcp,Oracle TNS Listener,unknown
1433,tcp,Microsoft SQL Server 2019,unknown
5900,tcp,RFB 003.008,unknown
3306,tcp,MySQL 8.0.28,mysql
513,tcp,,unknown
6379,tcp,+OK,redis
4444,tcp,,unknown
445,tcp,,unknown
110,tcp,+OK POP3 ready,pop3
3306,tcp,MariaDB 10.6,mysql
80,tcp,LiteSpeed,http
21,tcp,vsftpd 3.0.3,ftp
6379,tcp,+OK,redis
21,tcp,Pure-FTPd,ftp
1433,tcp,Microsoft SQL Server 2019,unknown
3389,tcp,,unknown
8080,tcp,nginx/1.18.0,http
21,tcp,Pure-FTPd,ftp
8443,tcp,nginx/1.18.0,unknown
53,tcp,,unknown
512,tcp,,unknown
873,tcp,,unknown
25,tcp,Sendmail 8.15,smtp
1433,tcp,,unknown
2049,tcp,,nfs
4444,tcp,,unknown
8080,tcp,Tomcat/9.0,http
27017,tcp,ismaster,unknown
23,tcp,,telnet
514,tcp,,unknown
514,tcp,,unknown
53,tcp,,unknown
111,tcp,,unknown
110,tcp,Dovecot ready,pop3
111,tcp,,unknown
3389,tcp,Microsoft Terminal Services,unknown
143,tcp,* OK [CAPABILITY IMAP4rev1],imap
80,tcp,LiteSpeed,http
80,tcp,nginx/1.18.0,http
5432,tcp,PostgreSQL 14.2,postgresql
1521,tcp,Oracle TNS Listener,unknown
8443,tcp,Apache/2.4.41,unknown
2049,tcp,,nfs
111,tcp,,unknown
445,tcp,Windows SMB,unknown
80,tcp,Microsoft-IIS/10.0,http
1521,tcp,Oracle TNS Listener,unknown
111,tcp,,unknown
2049,tcp,,nfs
69,tcp,,tftp
110,tcp,+OK Dovecot,pop3
69,tcp,,tftp
22,tcp,OpenSSH_7.4p1,ssh
143,tcp,* OK [CAPABILITY IMAP4rev1],imap
513,tcp,,unknown
1521,tcp,Oracle TNS Listener,unknown
21,tcp,Pure-FTPd,ftp
80,tcp,Microsoft-IIS/10.0,http
4444,tcp,,unknown
139,tcp,,unknown
6379,tcp,+OK,redis
2049,tcp,,nfs
111,tcp,,unknown
3306,tcp,MySQL 5.7.38,mysql
110,tcp,+OK POP3 ready,pop3
110,tcp,+OK Dovecot,pop3
513,tcp,,unknown
512,tcp,,unknown
69,tcp,,tftp
53,tcp,,unknown
3306,tcp,MySQL 8.0.28,mysql
2049,tcp,,nfs
111,tcp,,unknown
4444,tcp,,unknown
4444,tcp,,unknown
512,tcp,,unknown
5900,tcp,RealVNC,unknown
27017,tcp,ismaster,unknown
5432,tcp,PostgreSQL 14.2,postgresql
1521,tcp,Oracle TNS Listener,unknown
111,tcp,,unknown
23,tcp,,telnet
1521,tcp,Oracle TNS Listener,unknown
4444,tcp,,unknown
2049,tcp,,nfs
27017,tcp,ismaster,unknown
1433,tcp,Microsoft SQL Server 2019,unknown
22,tcp,OpenSSH_7.4p1,ssh
21,tcp,Pure-FTPd,ftp
8888,tcp,,unknown
53,tcp,,unknown
69,tcp,,tftp
3306,tcp,MySQL 5.7.38,mysql
6379,tcp,+OK,redis
6379,tcp,+OK,redis
445,tcp,Samba,unknown
22,tcp,Dropbear SSH,ssh
23,tcp,,telnet
873,tcp,,unknown
1521,tcp,Oracle TNS Listener,unknown
873,tcp,,unknown
110,tcp,+OK POP3 ready,pop3
1433,tcp,Microsoft SQL Server 2019,unknown
5432,tcp,PostgreSQL 14.2,postgresql
514,tcp,,unknown
22,tcp,OpenSSH_8.2p1,ssh
23,tcp,,telnet
69,tcp,,tftp
53,tcp,,unknown
143,tcp,Dovecot IMAP,imap
512,tcp,,unknown
8888,tcp,,unknown
143,tcp,* OK [CAPABILITY IMAP4rev1],imap
3306,tcp,MySQL 5.7.38,mysql
110,tcp,Dovecot ready,pop3
111,tcp,,unknown
22,tcp,OpenSSH_8.2p1,ssh
110,tcp,Dovecot ready,pop3
3389,tcp,Microsoft Terminal Services,unknown
27017,tcp,ismaster,unknown
21,tcp,vsftpd 3.0.3,ftp
111,tcp,,unknown
110,tcp,+OK Dovecot,pop3
80,tcp,,http
111,tcp,,unknown
69,tcp,,tftp
445,tcp,,unknown
21,tcp,Pure-FTPd,ftp
8080,tcp,Jetty,http
22,tcp,Dropbear SSH,ssh
5900,tcp,RFB 003.008,unknown
5432,tcp,PostgreSQL 14.2,postgresql
8443,tcp,Apache/2.4.41,unknown
873,tcp,,unknown
27017,tcp,ismaster,unknown
139,tcp,Samba,unknown
25,tcp,Sendmail 8.15,smtp
1433,tcp,,unknown
27017,tcp,MongoDB 6.0,unknown
69,tcp,,tftp
111,tcp,,unknown
8080,tcp,Apache/2.4.41,http
873,tcp,,unknown
3306,tcp,MySQL 5.7.38,mysql
5432,tcp,PostgreSQL 14.2,postgresql
445,tcp,Windows SMB,unknown
21,tcp,ProFTPD 1.3.5,ftp
25,tcp,Sendmail 8.15,smtp
22,tcp,Dropbear SSH,ssh
1521,tcp,Oracle TNS Listener,unknown
8888,tcp,,unknown
3306,tcp,MySQL 8.0.28,mysql
143,tcp,Dovecot IMAP,imap
1433,tcp,,unknown
514,tcp,,unknown
139,tcp,,unknown
5900,tcp,RealVNC,unknown
3306,tcp,MariaDB 10.6,mysql
2049,tcp,,nfs
8080,tcp,nginx/1.18.0,http
111,tcp,,unknown
2049,tcp,,nfs
5900,tcp,RFB 003.008,unknown
1521,tcp,Oracle TNS Listener,unknown
3306,tcp,MySQL 5.7.38,mysql
514,tcp,,unknown
110,tcp,+OK POP3 ready,pop3
22,tcp,SSH-2.0-OpenSSH_9.0,ssh
443,tcp,nginx/1.18.0,https
139,tcp,,unknown
4444,tcp,,unknown
25,tcp,Exim 4.95,smtp
53,tcp,,unknown
8888,tcp,,unknown
111,tcp,,unknown
3306,tcp,MySQL 8.0.28,mysql
8443,tcp,Apache/2.4.41,unknown
2049,tcp,,nfs
3389,tcp,Microsoft Terminal Services,unknown
8080,tcp,Tomcat/9.0,http
1521,tcp,Oracle TNS Listener,unknown
3306,tcp,MySQL 5.7.38,mysql
2049,tcp,,nfs
8443,tcp,,unknown
2049,tcp,,nfs
3389,tcp,,unknown
1433,tcp,Microsoft SQL Server 2019,unknown
1521,tcp,Oracle TNS Listener,unknown
8443,tcp,nginx/1.18.0,unknown
3306,tcp,MySQL 8.0.28,mysql
514,tcp,,unknown
110,tcp,+OK POP3 ready,pop3
53,tcp,,unknown
514,tcp,,unknown
69,tcp,,tftp
5900,tcp,RFB 003.008,unknown
3389,tcp,Microsoft Terminal Services,unknown
21,tcp,Pure-FTPd,ftp
4444,tcp,,unknown
111,tcp,,unknown
8443,tcp,,unknown
1521,tcp,Oracle TNS Listener,unknown
5900,tcp,RealVNC,unknown
25,tcp,Microsoft ESMTP,smtp
3306,tcp,MySQL 8.0.28,mysql
445,tcp,Samba,unknown
69,tcp,,tftp
8443,tcp,nginx/1.18.0,unknown
1521,tcp,Oracle TNS Listener,unknown
110,tcp,Dovecot ready,pop3
139,tcp,,unknown
21,tcp,vsftpd 3.0.3,ftp
2049,tcp,,nfs
443,tcp,Apache/2.4.41,https
110,tcp,+OK Dovecot,pop3
143,tcp,Dovecot IMAP,imap
21,tcp,ProFTPD 1.3.5,ftp
69,tcp,,tftp
1433,tcp,Microsoft SQL Server 2019,unknown
6379,tcp,+OK,redis
1433,tcp,Microsoft SQL Server 2019,unknown
3389,tcp,Microsoft Terminal Services,unknown
110,tcp,+OK POP3 ready,pop3
80,tcp,Microsoft-IIS/10.0,http
512,tcp,,unknown
23,tcp,,telnet
25,tcp,Sendmail 8.15,smtp
1521,tcp,Oracle TNS Listener,unknown
80,tcp,Apache/2.4.41,http
69,tcp,,tftp
8080,tcp,nginx/1.18.0,http
3389,tcp,Microsoft Terminal Services,unknown
5900,tcp,RealVNC,unknown
111,tcp,,unknown
445,tcp,Samba,unknown
8888,tcp,,unknown
3389,tcp,Microsoft Terminal Services,unknown
21,tcp,FileZilla FTP,ftp
514,tcp,,unknown
143,tcp,Dovecot IMAP,imap
69,tcp,,tftp
110,tcp,Dovecot ready,pop3
512,tcp,,unknown
27017,tcp,ismaster,unknown
22,tcp,SSH-2.0-OpenSSH_9.0,ssh
53,tcp,,unknown
1433,tcp,,unknown
3389,tcp,Microsoft Terminal Services,unknown
1521,tcp,Oracle TNS Listener,unknown
1521,tcp,Oracle TNS Listener,unknown
143,tcp,* OK [CAPABILITY IMAP4rev1],imap
22,tcp,OpenSSH_8.2p1,ssh
2049,tcp,,nfs
25,tcp,Sendmail 8.15,smtp
23,tcp,,telnet
69,tcp,,tftp
25,tcp,Postfix ESMTP,smtp
445,tcp,Windows SMB,unknown
110,tcp,+OK POP3 ready,pop3
53,tcp,,unknown
443,tcp,nginx/1.18.0,https
5900,tcp,RFB 003.008,unknown
8888,tcp,,unknown
69,tcp,,tftp
143,tcp,Dovecot IMAP,imap
513,tcp,,unknown
8443,tcp,nginx/1.18.0,unknown
512,tcp,,unknown
22,tcp,OpenSSH_8.2p1,ssh
53,tcp,,unknown
111,tcp,,unknown
80,tcp,,http
512,tcp,,unknown
23,tcp,,telnet
514,tcp,,unknown
80,tcp,Apache/2.4.41,http
23,tcp,,telnet
22,tcp,OpenSSH_8.2p1,ssh
110,tcp,Dovecot ready,pop3
69,tcp,,tftp
111,tcp,,unknown
25,tcp,Postfix ESMTP,smtp
445,tcp,Samba,unknown
1433,tcp,,unknown
139,tcp,,unknown
2049,tcp,,nfs
21,tcp,vsftpd 3.0.3,ftp
139,tcp,Samba,unknown
111,tcp,,unknown
8080,tcp,Jetty,http
445,tcp,Samba,unknown
6379,tcp,+OK,redis
111,tcp,,unknown
8443,tcp,Apache/2.4.41,unknown
873,tcp,,unknown
8443,tcp,Apache/2.4.41,unknown
143,tcp,* OK [CAPABILITY IMAP4rev1],imap
2049,tcp,,nfs
6379,tcp,+OK,redis
111,tcp,,unknown
5900,tcp,RFB 003.008,unknown
512,tcp,,unknown
1433,tcp,,unknown
514,tcp,,unknown
80,tcp,,http
110,tcp,+OK Dovecot,pop3
8888,tcp,,unknown
8080,tcp,nginx/1.18.0,http
445,tcp,Windows SMB,unknown
514,tcp,,unknown
873,tcp,,unknown
25,tcp,Microsoft ESMTP,smtp
80,tcp,nginx/1.18.0,http
873,tcp,,unknown
5432,tcp,PostgreSQL 14.2,postgresql
2049,tcp,,nfs
111,tcp,,unknown
514,tcp,,unknown
1433,tcp,,unknown
8443,tcp,nginx/1.18.0,unknown
3306,tcp,MySQL 8.0.28,mysql
8080,tcp,Jetty,http
22,tcp,Dropbear SSH,ssh
111,tcp,,unknown
873,tcp,,unknown
3389,tcp,Microsoft Terminal Services,unknown
139,tcp,,unknown
8080,tcp,Apache/2.4.41,http
80,tcp,nginx/1.18.0,http
445,tcp,Samba,unknown
1521,tcp,Oracle TNS Listener,unknown
873,tcp,,unknown
53,tcp,,unknown
1521,tcp,Oracle TNS Listener,unknown
6379,tcp,Redis server v=7.0.4,redis
53,tcp,,unknown
873,tcp,,unknown
139,tcp,,unknown
8443,tcp,Apache/2.4.41,unknown
23,tcp,,telnet
23,tcp,,telnet
21,tcp,Pure-FTPd,ftp
3389,tcp,Microsoft Terminal Services,unknown
53,tcp,,unknown
1433,tcp,,unknown
8080,tcp,Jetty,http
512,tcp,,unknown
1433,tcp,,unknown
80,tcp,LiteSpeed,http
27017,tcp,MongoDB 6.0,unknown
25,tcp,Exim 4.95,smtp
2049,tcp,,nfs
8080,tcp,Jetty,http
2049,tcp,,nfs
27017,tcp,ismaster,unknown
1521,tcp,Oracle TNS Listener,unknown
69,tcp,,tftp
4444,tcp,,unknown
143,tcp,* OK [CAPABILITY IMAP4rev1],imap
27017,tcp,ismaster,unknown
23,tcp,,telnet
8888,tcp,,unknown
514,tcp,,unknown
8888,tcp,,unknown
53,tcp,,unknown
27017,tcp,MongoDB 6.0,unknown
3389,tcp,Microsoft Terminal Services,unknown
2049,tcp,,nfs
3306,tcp,MySQL 8.0.28,mysql
53,tcp,,unknown
512,tcp,,unknown
21,tcp,FileZilla FTP,ftp
512,tcp,,unknown
873,tcp,,unknown
143,tcp,Dovecot IMAP,imap
8443,tcp,nginx/1.18.0,unknown
143,tcp,Dovecot IMAP,imap
443,tcp,nginx/1.18.0,https
27017,tcp,ismaster,unknown
143,tcp,Dovecot IMAP,imap
514,tcp,,unknown
2049,tcp,,nfs
80,tcp,Apache/2.4.41,http
514,tcp,,unknown
111,tcp,,unknown
514,tcp,,unknown
3306,tcp,MySQL 8.0.28,mysql
23,tcp,,telnet
21,tcp,vsftpd 3.0.3,ftp
25,tcp,Sendmail 8.15,smtp
873,tcp,,unknown
5432,tcp,PostgreSQL 14.2,postgresql
4444,tcp,,unknown
3389,tcp,,unknown
445,tcp,Samba,unknown
25,tcp,Postfix ESMTP,smtp
8443,tcp,Apache/2.4.41,unknown
25,tcp,Microsoft ESMTP,smtp
873,tcp,,unknown
139,tcp,Samba,unknown
25,tcp,Postfix ESMTP,smtp
443,tcp,nginx/1.18.0,https
6379,tcp,+OK,redis
5432,tcp,PostgreSQL 14.2,postgresql
8888,tcp,,unknown
80,tcp,nginx/1.18.0,http
1521,tcp,Oracle TNS Listener,unknown
8443,tcp,Apache/2.4.41,unknown
514,tcp,,unknown
27017,tcp,ismaster,unknown
512,tcp,,unknown
5432,tcp,PostgreSQL 14.2,postgresql
21,tcp,ProFTPD 1.3.5,ftp
8888,tcp,,unknown
25,tcp,Microsoft ESMTP,smtp
514,tcp,,unknown
21,tcp,ProFTPD 1.3.5,ftp
80,tcp,nginx/1.18.0,http
4444,tcp,,unknown
139,tcp,,unknown
22,tcp,OpenSSH_8.2p1,ssh
1433,tcp,,unknown
1433,tcp,Microsoft SQL Server 2019,unknown
513,tcp,,unknown
8443,tcp,,unknown
513,tcp,,unknown
3389,tcp,Microsoft Terminal Services,unknown
512,tcp,,unknown
1521,tcp,Oracle TNS Listener,unknown
111,tcp,,unknown
5900,tcp,RFB 003.008,unknown
1521,tcp,Oracle TNS Listener,unknown
110,tcp,+OK Dovecot,pop3
80,tcp,Apache/2.4.41,http
25,tcp,Microsoft ESMTP,smtp
512,tcp,,unknown
110,tcp,+OK POP3 ready,pop3
21,tcp,vsftpd 3.0.3,ftp
514,tcp,,unknown
3306,tcp,MySQL 5.7.38,mysql
23,tcp,,telnet
111,tcp,,unknown
873,tcp,,unknown
69,tcp,,tftp
8888,tcp,,unknown
8443,tcp,nginx/1.18.0,unknown
110,tcp,+OK POP3 ready,pop3
22,tcp,OpenSSH_8.2p1,ssh
1521,tcp,Oracle TNS Listener,unknown
8888,tcp,,unknown
5432,tcp,PostgreSQL 14.2,postgresql
111,tcp,,unknown
514,tcp,,unknown
8443,tcp,Apache/2.4.41,unknown
4444,tcp,,unknown
873,tcp,,unknown
69,tcp,,tftp
27017,tcp,ismaster,unknown
514,tcp,,unknown
23,tcp,,telnet
110,tcp,Dovecot ready,pop3
3389,tcp,Microsoft Terminal Services,unknown
6379,tcp,+OK,redis
69,tcp,,tftp
873,tcp,,unknown
69,tcp,,tftp
8888,tcp,,unknown
512,tcp,,unknown
139,tcp,Samba,unknown
5900,tcp,RealVNC,unknown
4444,tcp,,unknown
6379,tcp,Redis server v=7.0.4,redis
111,tcp,,unknown
1433,tcp,,unknown
5432,tcp,PostgreSQL 14.2,postgresql
5432,tcp,PostgreSQL 14.2,postgresql
23,tcp,,telnet
8888,tcp,,unknown
53,tcp,,unknown
514,tcp,,unknown
2049,tcp,,nfs
513,tcp,,unknown
8443,tcp,nginx/1.18.0,unknown
23,tcp,,telnet
80,tcp,,http
53,tcp,,unknown
69,tcp,,tftp
445,tcp,,unknown
873,tcp,,unknown
514,tcp,,unknown
4444,tcp,,unknown
1521,tcp,Oracle TNS Listener,unknown
514,tcp,,unknown
443,tcp,Apache/2.4.41,https
8080,tcp,Jetty,http
69,tcp,,tftp
21,tcp,FileZilla FTP,ftp
27017,tcp,ismaster,unknown
1521,tcp,Oracle TNS Listener,unknown
22,tcp,Dropbear SSH,ssh
1433,tcp,,unknown
53,tcp,,unknown
23,tcp,,telnet
5900,tcp,RealVNC,unknown
445,tcp,Samba,unknown
443,tcp,Apache/2.4.41,https
69,tcp,,tftp
1433,tcp,Microsoft SQL Server 2019,unknown
139,tcp,,unknown
512,tcp,,unknown
873,tcp,,unknown
2049,tcp,,nfs
4444,tcp,,unknown
27017,tcp,ismaster,unknown
23,tcp,,telnet
3306,tcp,MySQL 8.0.28,mysql
8080,tcp,Tomcat/9.0,http
8443,tcp,,unknown
3306,tcp,MySQL 5.7.38,mysql
8080,tcp,Apache/2.4.41,http
110,tcp,Dovecot ready,pop3
69,tcp,,tftp
443,tcp,Apache/2.4.41,https
6379,tcp,Redis server v=7.0.4,redis
443,tcp,Apache/2.4.41,https
53,tcp,,unknown
443,tcp,Apache/2.4.41,https
512,tcp,,unknown
4444,tcp,,unknown
111,tcp,,unknown
8443,tcp,Apache/2.4.41,unknown
1433,tcp,Microsoft SQL Server 2019,unknown
3389,tcp,,unknown
3306,tcp,MySQL 5.7.38,mysql
22,tcp,OpenSSH_8.2p1,ssh
8888,tcp,,unknown
512,tcp,,unknown
21,tcp,ProFTPD 1.3.5,ftp
69,tcp,,tftp
21,tcp,FileZilla FTP,ftp
2049,tcp,,nfs
873,tcp,,unknown
8080,tcp,Apache/2.4.41,http
8443,tcp,Apache/2.4.41,unknown
8080,tcp,Tomcat/9.0,http
5900,tcp,RealVNC,unknown
512,tcp,,unknown
53,tcp,,unknown
25,tcp,Microsoft ESMTP,smtp
69,tcp,,tftp
445,tcp,Windows SMB,unknown
80,tcp,LiteSpeed,http
25,tcp,Microsoft ESMTP,smtp
110,tcp,Dovecot ready,pop3
1433,tcp,,unknown
21,tcp,vsftpd 3.0.3,ftp
110,tcp,+OK Dovecot,pop3
8443,tcp,,unknown
3306,tcp,MariaDB 10.6,mysql
5900,tcp,RealVNC,unknown
53,tcp,,unknown
69,tcp,,tftp
110,tcp,+OK POP3 ready,pop3
21,tcp,FileZilla FTP,ftp
25,tcp,Postfix ESMTP,smtp
27017,tcp,MongoDB 6.0,unknown
2049,tcp,,nfs
514,tcp,,unknown
111,tcp,,unknown
139,tcp,Samba,unknown
23,tcp,,telnet
6379,tcp,Redis server v=7.0.4,redis
445,tcp,Samba,unknown
4444,tcp,,unknown
110,tcp,+OK Dovecot,pop3
5900,tcp,RFB 003.008,unknown
80,tcp,,http
1433,tcp,,unknown
5432,tcp,PostgreSQL 14.2,postgresql
22,tcp,OpenSSH_8.2p1,ssh
111,tcp,,unknown
22,tcp,OpenSSH_7.4p1,ssh
111,tcp,,unknown
22,tcp,SSH-2.0-OpenSSH_9.0,ssh
1521,tcp,Oracle TNS Listener,unknown
3389,tcp,Microsoft Terminal Services,unknown
22,tcp,OpenSSH_8.2p1,ssh
8888,tcp,,unknown
8888,tcp,,unknown
2049,tcp,,nfs
3306,tcp,MySQL 5.7.38,mysql
4444,tcp,,unknown
4444,tcp,,unknown
23,tcp,,telnet
513,tcp,,unknown
443,tcp,Apache/2.4.41,https
69,tcp,,tftp
139,tcp,Samba,unknown
512,tcp,,unknown
873,tcp,,unknown
4444,tcp,,unknown
514,tcp,,unknown
512,tcp,,unknown
873,tcp,,unknown
110,tcp,Dovecot ready,pop3
139,tcp,Samba,unknown
110,tcp,+OK POP3 ready,pop3
139,tcp,Samba,unknown
23,tcp,,telnet
8888,tcp,,unknown
513,tcp,,unknown
3389,tcp,,unknown
23,tcp,,telnet
8888,tcp,,unknown
8080,tcp,Tomcat/9.0,http
5900,tcp,RealVNC,unknown
27017,tcp,MongoDB 6.0,unknown
139,tcp,,unknown
1521,tcp,Oracle TNS Listener,unknown
445,tcp,Windows SMB,unknown
69,tcp,,tftp
69,tcp,,tftp
1521,tcp,Oracle TNS Listener,unknown
139,tcp,Samba,unknown
5900,tcp,RFB 003.008,unknown
23,tcp,,telnet
21,tcp,vsftpd 3.0.3,ftp
4444,tcp,,unknown
139,tcp,,unknown
22,tcp,SSH-2.0-OpenSSH_9.0,ssh
8888,tcp,,unknown
80,tcp,nginx/1.18.0,http
2049,tcp,,nfs
69,tcp,,tftp
8888,tcp,,unknown
143,tcp,* OK [CAPABILITY IMAP4rev1],imap
8080,tcp,nginx/1.18.0,http
21,tcp,Pure-FTPd,ftp
512,tcp,,unknown
1433,tcp,Microsoft SQL Server 2019,unknown
111,tcp,,unknown
513,tcp,,unknown
443,tcp,Apache/2.4.41,https
139,tcp,,unknown
69,tcp,,tftp
69,tcp,,tftp
80,tcp,Apache/2.4.41,http
22,tcp,OpenSSH_7.4p1,ssh
22,tcp,OpenSSH_8.2p1,ssh
21,tcp,vsftpd 3.0.3,ftp
25,tcp,Postfix ESMTP,smtp
6379,tcp,Redis server v=7.0.4,redis
53,tcp,,unknown
110,tcp,+OK Dovecot,pop3
21,tcp,ProFTPD 1.3.5,ftp
27017,tcp,MongoDB 6.0,unknown
21,tcp,Pure-FTPd,ftp
22,tcp,OpenSSH_7.4p1,ssh
5432,tcp,PostgreSQL 14.2,postgresql
873,tcp,,unknown
8443,tcp,Apache/2.4.41,unknown
443,tcp,nginx/1.18.0,https
111,tcp,,unknown
8443,tcp,,unknown
111,tcp,,unknown
53,tcp,,unknown
5432,tcp,PostgreSQL 14.2,postgresql
5432,tcp,PostgreSQL 14.2,postgresql
53,tcp,,unknown
514,tcp,,unknown
445,tcp,,unknown
80,tcp,Microsoft-IIS/10.0,http
110,tcp,+OK POP3 ready,pop3
25,tcp,Exim 4.95,smtp
514,tcp,,unknown
3306,tcp,MySQL 8.0.28,mysql
6379,tcp,Redis server v=7.0.4,redis
21,tcp,Pure-FTPd,ftp
23,tcp,,telnet
27017,tcp,MongoDB 6.0,unknown
5432,tcp,PostgreSQL 14.2,postgresql
5900,tcp,RealVNC,unknown
512,tcp,,unknown
22,tcp,Dropbear SSH,ssh
23,tcp,,telnet
23,tcp,,telnet
1433,tcp,Microsoft SQL Server 2019,unknown
873,tcp,,unknown
22,tcp,OpenSSH_8.2p1,ssh
4444,tcp,,unknown
21,tcp,Pure-FTPd,ftp
5432,tcp,PostgreSQL 14.2,postgresql
443,tcp,LiteSpeed,https
3389,tcp,,unknown
22,tcp,Dropbear SSH,ssh
445,tcp,Samba,unknown
25,tcp,Postfix ESMTP,smtp
111,tcp,,unknown
2049,tcp,,nfs
8888,tcp,,unknown
8080,tcp,Jetty,http
514,tcp,,unknown
27017,tcp,MongoDB 6.0,unknown
6379,tcp,+OK,redis
27017,tcp,MongoDB 6.0,unknown
22,tcp,OpenSSH_8.2p1,ssh
8888,tcp,,unknown
514,tcp,,unknown
445,tcp,Windows SMB,unknown
53,tcp,,unknown
1433,tcp,,unknown
3306,tcp,MariaDB 10.6,mysql
3389,tcp,Microsoft Terminal Services,unknown
513,tcp,,unknown
80,tcp,LiteSpeed,http
3389,tcp,Microsoft Terminal Services,unknown
139,tcp,,unknown
8080,tcp,nginx/1.18.0,http
513,tcp,,unknown
514,tcp,,unknown
1521,tcp,Oracle TNS Listener,unknown
443,tcp,LiteSpeed,https
69,tcp,,tftp
69,tcp,,tftp
873,tcp,,unknown
111,tcp,,unknown
69,tcp,,tftp
143,tcp,Dovecot IMAP,imap
1521,tcp,Oracle TNS Listener,unknown
80,tcp,Microsoft-IIS/10.0,http
1433,tcp,,unknown
23,tcp,,telnet
27017,tcp,MongoDB 6.0,unknown
445,tcp,Windows SMB,unknown
2049,tcp,,nfs
1433,tcp,,unknown
1521,tcp,Oracle TNS Listener,unknown
8443,tcp,nginx/1.18.0,unknown
27017,tcp,MongoDB 6.0,unknown
22,tcp,Dropbear SSH,ssh
873,tcp,,unknown
513,tcp,,unknown
25,tcp,Exim 4.95,smtp
80,tcp,Apache/2.4.41,http
5432,tcp,PostgreSQL 14.2,postgresql
8888,tcp,,unknown
53,tcp,,unknown
3306,tcp,MySQL 8.0.28,mysql
6379,tcp,Redis server v=7.0.4,redis
445,tcp,Samba,unknown
873,tcp,,unknown
513,tcp,,unknown
143,tcp,* OK [CAPABILITY IMAP4rev1],imap
513,tcp,,unknown
514,tcp,,unknown
1433,tcp,Microsoft SQL Server 2019,unknown
69,tcp,,tftp
111,tcp,,unknown
873,tcp,,unknown
80,tcp,Microsoft-IIS/10.0,http
27017,tcp,ismaster,unknown
22,tcp,SSH-2.0-OpenSSH_9.0,ssh
445,tcp,Samba,unknown
5432,tcp,PostgreSQL 14.2,postgresql
512,tcp,,unknown
8080,tcp,Tomcat/9.0,http
21,tcp,Pure-FTPd,ftp
23,tcp,,telnet
25,tcp,Exim 4.95,smtp
3389,tcp,,unknown
80,tcp,,http
2049,tcp,,nfs
443,tcp,nginx/1.18.0,https
5432,tcp,PostgreSQL 14.2,postgresql
53,tcp,,unknown
23,tcp,,telnet
4444,tcp,,unknown
23,tcp,,telnet
6379,tcp,+OK,redis
110,tcp,+OK Dovecot,pop3
1433,tcp,Microsoft SQL Server 2019,unknown
25,tcp,Sendmail 8.15,smtp
139,tcp,Samba,unknown
3389,tcp,Microsoft Terminal Services,unknown
2049,tcp,,nfs
23,tcp,,telnet
27017,tcp,MongoDB 6.0,unknown
5900,tcp,RealVNC,unknown
22,tcp,Dropbear SSH,ssh
8080,tcp,Tomcat/9.0,http
443,tcp,nginx/1.18.0,https
2049,tcp,,nfs
514,tcp,,unknown
27017,tcp,MongoDB 6.0,unknown
21,tcp,ProFTPD 1.3.5,ftp
1521,tcp,Oracle TNS Listener,unknown
3306,tcp,MySQL 8.0.28,mysql
23,tcp,,telnet
23,tcp,,telnet
3306,tcp,MySQL 8.0.28,mysql
22,tcp,SSH-2.0-OpenSSH_9.0,ssh
4444,tcp,,unknown
1521,tcp,Oracle TNS Listener,unknown
21,tcp,ProFTPD 1.3.5,ftp
53,tcp,,unknown
110,tcp,Dovecot ready,pop3
512,tcp,,unknown
8888,tcp,,unknown
514,tcp,,unknown
445,tcp,Samba,unknown
514,tcp,,unknown
69,tcp,,tftp
69,tcp,,tftp
512,tcp,,unknown
21,tcp,Pure-FTPd,ftp
514,tcp,,unknown
25,tcp,Microsoft ESMTP,smtp
110,tcp,+OK POP3 ready,pop3
6379,tcp,Redis server v=7.0.4,redis
8443,tcp,Apache/2.4.41,unknown
1433,tcp,Microsoft SQL Server 2019,unknown
5432,tcp,PostgreSQL 14.2,postgresql
111,tcp,,unknown
443,tcp,Apache/2.4.41,https
27017,tcp,MongoDB 6.0,unknown
2049,tcp,,nfs
1521,tcp,Oracle TNS Listener,unknown
4444,tcp,,unknown
53,tcp,,unknown
5900,tcp,RealVNC,unknown
3306,tcp,MariaDB 10.6,mysql
80,tcp,LiteSpeed,http
2049,tcp,,nfs
8443,tcp,,unknown
2049,tcp,,nfs
8443,tcp,,unknown
2049,tcp,,nfs
3306,tcp,MySQL 8.0.28,mysql
8080,tcp,nginx/1.18.0,http
8888,tcp,,unknown
25,tcp,Postfix ESMTP,smtp
4444,tcp,,unknown
3306,tcp,MariaDB 10.6,mysql
27017,tcp,ismaster,unknown
514,tcp,,unknown
8080,tcp,nginx/1.18.0,http
69,tcp,,tftp
443,tcp,LiteSpeed,https
27017,tcp,MongoDB 6.0,unknown
2049,tcp,,nfs
5900,tcp,RealVNC,unknown
6379,tcp,+OK,redis
8888,tcp,,unknown
110,tcp,Dovecot ready,pop3
3306,tcp,MySQL 5.7.38,mysql
8443,tcp,,unknown
1433,tcp,Microsoft SQL Server 2019,unknown
3389,tcp,,unknown
873,tcp,,unknown
4444,tcp,,unknown
25,tcp,Sendmail 8.15,smtp
8443,tcp,nginx/1.18.0,unknown
23,tcp,,telnet
27017,tcp,MongoDB 6.0,unknown
27017,tcp,ismaster,unknown
8443,tcp,nginx/1.18.0,unknown
3389,tcp,,unknown
2049,tcp,,nfs
8080,tcp,nginx/1.18.0,http
111,tcp,,unknown
5900,tcp,RealVNC,unknown
8888,tcp,,unknown
110,tcp,+OK Dovecot,pop3
3306,tcp,MySQL 8.0.28,mysql
512,tcp,,unknown
23,tcp,,telnet
139,tcp,Samba,unknown
3389,tcp,,unknown
5900,tcp,RFB 003.008,unknown
8443,tcp,nginx/1.18.0,unknown
3389,tcp,Microsoft Terminal Services,unknown
2049,tcp,,nfs
513,tcp,,unknown
5432,tcp,PostgreSQL 14.2,postgresql
111,tcp,,unknown
23,tcp,,telnet
110,tcp,+OK POP3 ready,pop3
21,tcp,Pure-FTPd,ftp
6379,tcp,+OK,redis
8080,tcp,nginx/1.18.0,http
445,tcp,,unknown
69,tcp,,tftp
53,tcp,,unknown
143,tcp,* OK [CAPABILITY IMAP4rev1],imap
27017,tcp,ismaster,unknown
5432,tcp,PostgreSQL 14.2,postgresql
873,tcp,,unknown
8443,tcp,nginx/1.18.0,unknown
3306,tcp,MariaDB 10.6,mysql
143,tcp,* OK [CAPABILITY IMAP4rev1],imap
53,tcp,,unknown
6379,tcp,+OK,redis
1521,tcp,Oracle TNS Listener,unknown
80,tcp,nginx/1.18.0,http
445,tcp,Samba,unknown
143,tcp,* OK [CAPABILITY IMAP4rev1],imap
445,tcp,Samba,unknown
111,tcp,,unknown
8888,tcp,,unknown
23,tcp,,telnet
514,tcp,,unknown
27017,tcp,ismaster,unknown
8443,tcp,,unknown
27017,tcp,ismaster,unknown
143,tcp,* OK [CAPABILITY IMAP4rev1],imap
514,tcp,,unknown
53,tcp,,unknown
445,tcp,,unknown
873,tcp,,unknown
513,tcp,,unknown
513,tcp,,unknown
23,tcp,,telnet
8080,tcp,Jetty,http
6379,tcp,+OK,redis
873,tcp,,unknown
4444,tcp,,unknown
8888,tcp,,unknown
5432,tcp,PostgreSQL 14.2,postgresql
6379,tcp,Redis server v=7.0.4,redis
443,tcp,Apache/2.4.41,https
1521,tcp,Oracle TNS Listener,unknown
1433,tcp,Microsoft SQL Server 2019,unknown
69,tcp,,tftp
8080,tcp,Apache/2.4.41,http
27017,tcp,MongoDB 6.0,unknown
27017,tcp,ismaster,unknown
139,tcp,Samba,unknown
25,tcp,Postfix ESMTP,smtp
21,tcp,FileZilla FTP,ftp
5432,tcp,PostgreSQL 14.2,postgresql
1433,tcp,,unknown
5432,tcp,PostgreSQL 14.2,postgresql
27017,tcp,ismaster,unknown
4444,tcp,,unknown
25,tcp,Postfix ESMTP,smtp
2049,tcp,,nfs
512,tcp,,unknown
21,tcp,ProFTPD 1.3.5,ftp
514,tcp,,unknown
21,tcp,vsftpd 3.0.3,ftp
8443,tcp,Apache/2.4.41,unknown
27017,tcp,ismaster,unknown
111,tcp,,unknown
4444,tcp,,unknown
8888,tcp,,unknown
5432,tcp,PostgreSQL 14.2,postgresql
22,tcp,OpenSSH_7.4p1,ssh
3389,tcp,,unknown
2049,tcp,,nfs
110,tcp,+OK Dovecot,pop3
6379,tcp,+OK,redis
143,tcp,Dovecot IMAP,imap
443,tcp,nginx/1.18.0,https
21,tcp,ProFTPD 1.3.5,ftp
139,tcp,,unknown
69,tcp,,tftp
514,tcp,,unknown
2049,tcp,,nfs
69,tcp,,tftp
22,tcp,Dropbear SSH,ssh
6379,tcp,+OK,redis
3306,tcp,MySQL 5.7.38,mysql
445,tcp,Samba,unknown
3389,tcp,Microsoft Terminal Services,unknown
6379,tcp,+OK,redis
21,tcp,vsftpd 3.0.3,ftp
8080,tcp,Apache/2.4.41,http
5432,tcp,PostgreSQL 14.2,postgresql
5900,tcp,RFB 003.008,unknown
6379,tcp,Redis server v=7.0.4,redis
514,tcp,,unknown
8888,tcp,,unknown
25,tcp,Postfix ESMTP,smtp
2049,tcp,,nfs
8443,tcp,,unknown
8080,tcp,Tomcat/9.0,http
22,tcp,OpenSSH_7.4p1,ssh
443,tcp,nginx/1.18.0,https
3306,tcp,MySQL 8.0.28,mysql
3306,tcp,MySQL 8.0.28,mysql
27017,tcp,MongoDB 6.0,unknown
5432,tcp,PostgreSQL 14.2,postgresql
21,tcp,ProFTPD 1.3.5,ftp
8443,tcp,,unknown
8080,tcp,Tomcat/9.0,http
23,tcp,,telnet
69,tcp,,tftp
111,tcp,,unknown
111,tcp,,unknown
27017,tcp,ismaster,unknown
3306,tcp,MySQL 5.7.38,mysql
110,tcp,+OK Dovecot,pop3
80,tcp,LiteSpeed,http
512,tcp,,unknown
110,tcp,+OK POP3 ready,pop3
8443,tcp,Apache/2.4.41,unknown
23,tcp,,telnet
111,tcp,,unknown
21,tcp,vsftpd 3.0.3,ftp
22,tcp,SSH-2.0-OpenSSH_9.0,ssh
139,tcp,Samba,unknown
8888,tcp,,unknown
80,tcp,,http
8888,tcp,,unknown
445,tcp,Samba,unknown
53,tcp,,unknown
139,tcp,Samba,unknown
8443,tcp,,unknown
21,tcp,ProFTPD 1.3.5,ftp
3306,tcp,MySQL 8.0.28,mysql
514,tcp,,unknown
3306,tcp,MariaDB 10.6,mysql
21,tcp,Pure-FTPd,ftp
443,tcp,Apache/2.4.41,https
4444,tcp,,unknown
22,tcp,Dropbear SSH,ssh
1433,tcp,Microsoft SQL Server 2019,unknown
512,tcp,,unknown
139,tcp,,unknown
69,tcp,,tftp
22,tcp,Dropbear SSH,ssh
25,tcp,Microsoft ESMTP,smtp
3306,tcp,MySQL 5.7.38,mysql
6379,tcp,Redis server v=7.0.4,redis
8080,tcp,Tomcat/9.0,http
443,tcp,nginx/1.18.0,https
111,tcp,,unknown
23,tcp,,telnet
143,tcp,* OK [CAPABILITY IMAP4rev1],imap
27017,tcp,MongoDB 6.0,unknown
1433,tcp,Microsoft SQL Server 2019,unknown
4444,tcp,,unknown
21,tcp,Pure-FTPd,ftp
69,tcp,,tftp
80,tcp,Apache/2.4.41,http
514,tcp,,unknown
21,tcp,FileZilla FTP,ftp
69,tcp,,tftp
111,tcp,,unknown
4444,tcp,,unknown
80,tcp,Apache/2.4.41,http
1521,tcp,Oracle TNS Listener,unknown
5900,tcp,RealVNC,unknown
8443,tcp,nginx/1.18.0,unknown
23,tcp,,telnet
8443,tcp,,unknown
110,tcp,Dovecot ready,pop3
3306,tcp,MariaDB 10.6,mysql
69,tcp,,tftp
111,tcp,,unknown
873,tcp,,unknown
8888,tcp,,unknown
53,tcp,,unknown
445,tcp,Windows SMB,unknown
23,tcp,,telnet
5432,tcp,PostgreSQL 14.2,postgresql
22,tcp,SSH-2.0-OpenSSH_9.0,ssh
4444,tcp,,unknown
6379,tcp,+OK,redis
513,tcp,,unknown
8080,tcp,Apache/2.4.41,http
445,tcp,,unknown
2049,tcp,,nfs
4444,tcp,,unknown
6379,tcp,Redis server v=7.0.4,redis
514,tcp,,unknown
445,tcp,Samba,unknown
445,tcp,Samba,unknown
21,tcp,ProFTPD 1.3.5,ftp
513,tcp,,unknown
3306,tcp,MariaDB 10.6,mysql
111,tcp,,unknown
23,tcp,,telnet
8888,tcp,,unknown
25,tcp,Sendmail 8.15,smtp
8080,tcp,Jetty,http
80,tcp,,http
27017,tcp,MongoDB 6.0,unknown
80,tcp,Apache/2.4.41,http
4444,tcp,,unknown
1433,tcp,,unknown
1433,tcp,,unknown
6379,tcp,+OK,redis
8888,tcp,,unknown
5432,tcp,PostgreSQL 14.2,postgresql
443,tcp,nginx/1.18.0,https
873,tcp,,unknown
443,tcp,Apache/2.4.41,https
3389,tcp,,unknown
139,tcp,Samba,unknown
53,tcp,,unknown
111,tcp,,unknown
514,tcp,,unknown
3306,tcp,MySQL 5.7.38,mysql
3306,tcp,MariaDB 10.6,mysql
27017,tcp,ismaster,unknown
53,tcp,,unknown
5432,tcp,PostgreSQL 14.2,postgresql
139,tcp,,unknown
1433,tcp,Microsoft SQL Server 2019,unknown
445,tcp,Samba,unknown
53,tcp,,unknown
513,tcp,,unknown
69,tcp,,tftp
22,tcp,SSH-2.0-OpenSSH_9.0,ssh
1433,tcp,,unknown
1521,tcp,Oracle TNS Listener,unknown
5432,tcp,PostgreSQL 14.2,postgresql
111,tcp,,unknown
8443,tcp,Apache/2.4.41,unknown
514,tcp,,unknown
69,tcp,,tftp
23,tcp,,telnet
8888,tcp,,unknown
21,tcp,FileZilla FTP,ftp
1521,tcp,Oracle TNS Listener,unknown
111,tcp,,unknown
5432,tcp,PostgreSQL 14.2,postgresql
21,tcp,vsftpd 3.0.3,ftp
1433,tcp,,unknown
27017,tcp,ismaster,unknown
25,tcp,Microsoft ESMTP,smtp
512,tcp,,unknown
110,tcp,Dovecot ready,pop3
143,tcp,Dovecot IMAP,imap
512,tcp,,unknown
23,tcp,,telnet
873,tcp,,unknown
143,tcp,* OK [CAPABILITY IMAP4rev1],imap
3306,tcp,MariaDB 10.6,mysql
25,tcp,Microsoft ESMTP,smtp
69,tcp,,tftp
23,tcp,,telnet
445,tcp,,unknown
22,tcp,OpenSSH_8.2p1,ssh
2049,tcp,,nfs
53,tcp,,unknown
2049,tcp,,nfs
873,tcp,,unknown
69,tcp,,tftp
3306,tcp,MySQL 8.0.28,mysql
5432,tcp,PostgreSQL 14.2,postgresql
25,tcp,Exim 4.95,smtp
443,tcp,nginx/1.18.0,https
5900,tcp,RealVNC,unknown
111,tcp,,unknown
1521,tcp,Oracle TNS Listener,unknown
21,tcp,vsftpd 3.0.3,ftp
513,tcp,,unknown
27017,tcp,ismaster,unknown
8888,tcp,,unknown
514,tcp,,unknown
53,tcp,,unknown
21,tcp,vsftpd 3.0.3,ftp
3389,tcp,Microsoft Terminal Services,unknown
8080,tcp,Jetty,http
25,tcp,Postfix ESMTP,smtp
3389,tcp,,unknown
110,tcp,Dovecot ready,pop3
443,tcp,Apache/2.4.41,https
514,tcp,,unknown
514,tcp,,unknown
21,tcp,vsftpd 3.0.3,ftp
8888,tcp,,unknown
22,tcp,OpenSSH_7.4p1,ssh
110,tcp,+OK Dovecot,pop3
3306,tcp,MariaDB 10.6,mysql
23,tcp,,telnet
5900,tcp,RFB 003.008,unknown
3306,tcp,MySQL 8.0.28,mysql
110,tcp,+OK POP3 ready,pop3
139,tcp,Samba,unknown
22,tcp,SSH-2.0-OpenSSH_9.0,ssh
69,tcp,,tftp
27017,tcp,MongoDB 6.0,unknown
512,tcp,,unknown
69,tcp,,tftp
4444,tcp,,unknown
8888,tcp,,unknown
1433,tcp,,unknown
27017,tcp,ismaster,unknown
8888,tcp,,unknown
27017,tcp,MongoDB 6.0,unknown
27017,tcp,ismaster,unknown
5900,tcp,RFB 003.008,unknown
8888,tcp,,unknown
80,tcp,Microsoft-IIS/10.0,http
1521,tcp,Oracle TNS Listener,unknown
443,tcp,LiteSpeed,https
27017,tcp,MongoDB 6.0,unknown
1521,tcp,Oracle TNS Listener,unknown
443,tcp,LiteSpeed,https
8888,tcp,,unknown
873,tcp,,unknown
873,tcp,,unknown
8080,tcp,Jetty,http
443,tcp,Apache/2.4.41,https
21,tcp,Pure-FTPd,ftp
8080,tcp,Tomcat/9.0,http
139,tcp,,unknown
4444,tcp,,unknown
53,tcp,,unknown
6379,tcp,+OK,redis
21,tcp,ProFTPD 1.3.5,ftp
22,tcp,Dropbear SSH,ssh
139,tcp,,unknown
53,tcp,,unknown
3389,tcp,Microsoft Terminal Services,unknown
1433,tcp,Microsoft SQL Server 2019,unknown
3306,tcp,MySQL 5.7.38,mysql
139,tcp,,unknown
5432,tcp,PostgreSQL 14.2,postgresql
8080,tcp,Apache/2.4.41,http
445,tcp,,unknown
443,tcp,Apache/2.4.41,https
8443,tcp,nginx/1.18.0,unknown
3306,tcp,MariaDB 10.6,mysql
8080,tcp,Jetty,http
111,tcp,,unknown
25,tcp,Exim 4.95,smtp
21,tcp,Pure-FTPd,ftp
873,tcp,,unknown
25,tcp,Microsoft ESMTP,smtp
513,tcp,,unknown
143,tcp,Dovecot IMAP,imap
143,tcp,Dovecot IMAP,imap
23,tcp,,telnet
443,tcp,LiteSpeed,https
1433,tcp,Microsoft SQL Server 2019,unknown
111,tcp,,unknown
3306,tcp,MariaDB 10.6,mysql
27017,tcp,ismaster,unknown
873,tcp,,unknown
23,tcp,,telnet
8888,tcp,,unknown
2049,tcp,,nfs
4444,tcp,,unknown
22,tcp,OpenSSH_8.2p1,ssh
80,tcp,Microsoft-IIS/10.0,http
445,tcp,Windows SMB,unknown
27017,tcp,MongoDB 6.0,unknown
445,tcp,Windows SMB,unknown
23,tcp,,telnet
4444,tcp,,unknown
111,tcp,,unknown
1433,tcp,,unknown
143,tcp,* OK [CAPABILITY IMAP4rev1],imap
873,tcp,,unknown
3389,tcp,,unknown
1521,tcp,Oracle TNS Listener,unknown
27017,tcp,MongoDB 6.0,unknown
22,tcp,Dropbear SSH,ssh
513,tcp,,unknown
3306,tcp,MariaDB 10.6,mysql
512,tcp,,unknown
139,tcp,Samba,unknown
139,tcp,Samba,unknown
5432,tcp,PostgreSQL 14.2,postgresql
25,tcp,Sendmail 8.15,smtp
3389,tcp,Microsoft Terminal Services,unknown
443,tcp,Apache/2.4.41,https
53,tcp,,unknown
3306,tcp,MySQL 5.7.38,mysql
22,tcp,SSH-2.0-OpenSSH_9.0,ssh
513,tcp,,unknown
1521,tcp,Oracle TNS Listener,unknown
80,tcp,LiteSpeed,http
8080,tcp,Apache/2.4.41,http
110,tcp,+OK POP3 ready,pop3
3389,tcp,Microsoft Terminal Services,unknown
512,tcp,,unknown
8443,tcp,Apache/2.4.41,unknown
22,tcp,SSH-2.0-OpenSSH_9.0,ssh
6379,tcp,Redis server v=7.0.4,redis
5432,tcp,PostgreSQL 14.2,postgresql
4444,tcp,,unknown
4444,tcp,,unknown
22,tcp,Dropbear SSH,ssh
6379,tcp,+OK,redis
1433,tcp,,unknown
143,tcp,* OK [CAPABILITY IMAP4rev1],imap
53,tcp,,unknown
873,tcp,,unknown
513,tcp,,unknown
5900,tcp,RealVNC,unknown
139,tcp,,unknown
3389,tcp,,unknown
6379,tcp,+OK,redis
6379,tcp,+OK,redis
139,tcp,,unknown
143,tcp,* OK [CAPABILITY IMAP4rev1],imap
873,tcp,,unknown
512,tcp,,unknown
445,tcp,,unknown
873,tcp,,unknown
1433,tcp,Microsoft SQL Server 2019,unknown
110,tcp,+OK POP3 ready,pop3
873,tcp,,unknown
8888,tcp,,unknown
53,tcp,,unknown
6379,tcp,+OK,redis
6379,tcp,+OK,redis
27017,tcp,MongoDB 6.0,unknown
1521,tcp,Oracle TNS Listener,unknown
21,tcp,vsftpd 3.0.3,ftp
512,tcp,,unknown
5432,tcp,PostgreSQL 14.2,postgresql
514,tcp,,unknown
53,tcp,,unknown
4444,tcp,,unknown
873,tcp,,unknown
27017,tcp,MongoDB 6.0,unknown
22,tcp,SSH-2.0-OpenSSH_9.0,ssh
1521,tcp,Oracle TNS Listener,unknown
6379,tcp,+OK,redis
110,tcp,Dovecot ready,pop3
23,tcp,,telnet
69,tcp,,tftp
8443,tcp,nginx/1.18.0,unknown
445,tcp,Windows SMB,unknown
1433,tcp,Microsoft SQL Server 2019,unknown
1433,tcp,,unknown
2049,tcp,,nfs
512,tcp,,unknown
8443,tcp,nginx/1.18.0,unknown
1433,tcp,Microsoft SQL Server 2019,unknown
111,tcp,,unknown
873,tcp,,unknown
8888,tcp,,unknown
8443,tcp,,unknown
3306,tcp,MySQL 5.7.38,mysql
514,tcp,,unknown
445,tcp,,unknown
5900,tcp,RealVNC,unknown
1521,tcp,Oracle TNS Listener,unknown
110,tcp,+OK POP3 ready,pop3
5432,tcp,PostgreSQL 14.2,postgresql
111,tcp,,unknown
5432,tcp,PostgreSQL 14.2,postgresql
5432,tcp,PostgreSQL 14.2,postgresql
22,tcp,OpenSSH_7.4p1,ssh
27017,tcp,MongoDB 6.0,unknown
25,tcp,Postfix ESMTP,smtp
3306,tcp,MariaDB 10.6,mysql
3306,tcp,MySQL 5.7.38,mysql
80,tcp,,http
445,tcp,Windows SMB,unknown
22,tcp,OpenSSH_7.4p1,ssh
6379,tcp,Redis server v=7.0.4,redis
3306,tcp,MySQL 5.7.38,mysql
23,tcp,,telnet
53,tcp,,unknown
21,tcp,FileZilla FTP,ftp
69,tcp,,tftp
873,tcp,,unknown
8080,tcp,nginx/1.18.0,http
6379,tcp,Redis server v=7.0.4,redis
8080,tcp,nginx/1.18.0,http
21,tcp,FileZilla FTP,ftp
111,tcp,,unknown
111,tcp,,unknown
80,tcp,LiteSpeed,http
80,tcp,Microsoft-IIS/10.0,http
6379,tcp,Redis server v=7.0.4,redis
2049,tcp,,nfs
80,tcp,LiteSpeed,http
27017,tcp,MongoDB 6.0,unknown
2049,tcp,,nfs
53,tcp,,unknown
514,tcp,,unknown
25,tcp,Sendmail 8.15,smtp
4444,tcp,,unknown
3306,tcp,MySQL 8.0.28,mysql
445,tcp,Windows SMB,unknown
21,tcp,ProFTPD 1.3.5,ftp
111,tcp,,unknown
8888,tcp,,unknown
6379,tcp,Redis server v=7.0.4,redis
512,tcp,,unknown
6379,tcp,+OK,redis
27017,tcp,ismaster,unknown
1433,tcp,Microsoft SQL Server 2019,unknown
25,tcp,Exim 4.95,smtp
4444,tcp,,unknown
143,tcp,Dovecot IMAP,imap
23,tcp,,telnet
5432,tcp,PostgreSQL 14.2,postgresql
25,tcp,Postfix ESMTP,smtp
143,tcp,Dovecot IMAP,imap
8080,tcp,Jetty,http
53,tcp,,unknown
69,tcp,,tftp
53,tcp,,unknown
6379,tcp,Redis server v=7.0.4,redis
6379,tcp,+OK,redis
8080,tcp,Jetty,http
3306,tcp,MySQL 5.7.38,mysql
8443,tcp,Apache/2.4.41,unknown
80,tcp,Microsoft-IIS/10.0,http
22,tcp,OpenSSH_7.4p1,ssh
513,tcp,,unknown
513,tcp,,unknown
143,tcp,Dovecot IMAP,imap
1433,tcp,Microsoft SQL Server 2019,unknown
110,tcp,+OK Dovecot,pop3
6379,tcp,+OK,redis
80,tcp,LiteSpeed,http
8888,tcp,,unknown
69,tcp,,tftp
514,tcp,,unknown
8080,tcp,nginx/1.18.0,http
8080,tcp,nginx/1.18.0,http
21,tcp,FileZilla FTP,ftp
443,tcp,Apache/2.4.41,https
25,tcp,Microsoft ESMTP,smtp
5432,tcp,PostgreSQL 14.2,postgresql
53,tcp,,unknown
445,tcp,,unknown
25,tcp,Postfix ESMTP,smtp
139,tcp,Samba,unknown
8080,tcp,nginx/1.18.0,http
514,tcp,,unknown
512,tcp,,unknown
53,tcp,,unknown
23,tcp,,telnet
6379,tcp,Redis server v=7.0.4,redis
3389,tcp,,unknown
53,tcp,,unknown
512,tcp,,unknown
25,tcp,Microsoft ESMTP,smtp
445,tcp,Samba,unknown
873,tcp,,unknown
143,tcp,* OK [CAPABILITY IMAP4rev1],imap
69,tcp,,tftp
139,tcp,,unknown
513,tcp,,unknown
873,tcp,,unknown
111,tcp,,unknown
4444,tcp,,unknown
5432,tcp,PostgreSQL 14.2,postgresql
6379,tcp,Redis server v=7.0.4,redis
2049,tcp,,nfs
1521,tcp,Oracle TNS Listener,unknown
2049,tcp,,nfs
53,tcp,,unknown
4444,tcp,,unknown
8888,tcp,,unknown
110,tcp,+OK Dovecot,pop3
1521,tcp,Oracle TNS Listener,unknown
873,tcp,,unknown
111,tcp,,unknown
512,tcp,,unknown
3389,tcp,Microsoft Terminal Services,unknown
69,tcp,,tftp
53,tcp,,unknown
69,tcp,,tftp
2049,tcp,,nfs
21,tcp,vsftpd 3.0.3,ftp
512,tcp,,unknown
3306,tcp,MariaDB 10.6,mysql
3389,tcp,Microsoft Terminal Services,unknown
69,tcp,,tftp
443,tcp,LiteSpeed,https
513,tcp,,unknown
21,tcp,FileZilla FTP,ftp
8888,tcp,,unknown
8080,tcp,nginx/1.18.0,http
21,tcp,ProFTPD 1.3.5,ftp
8888,tcp,,unknown
512,tcp,,unknown
53,tcp,,unknown
21,tcp,vsftpd 3.0.3,ftp
1433,tcp,,unknown
22,tcp,OpenSSH_8.2p1,ssh
512,tcp,,unknown
513,tcp,,unknown
443,tcp,Apache/2.4.41,https
21,tcp,vsftpd 3.0.3,ftp
443,tcp,Apache/2.4.41,https
514,tcp,,unknown
4444,tcp,,unknown
1433,tcp,,unknown
4444,tcp,,unknown
513,tcp,,unknown
8888,tcp,,unknown
2049,tcp,,nfs
80,tcp,LiteSpeed,http
143,tcp,* OK [CAPABILITY IMAP4rev1],imap
512,tcp,,unknown
2049,tcp,,nfs
143,tcp,Dovecot IMAP,imap
22,tcp,Dropbear SSH,ssh
22,tcp,Dropbear SSH,ssh
5432,tcp,PostgreSQL 14.2,postgresql
5432,tcp,PostgreSQL 14.2,postgresql
1521,tcp,Oracle TNS Listener,unknown
3306,tcp,MySQL 8.0.28,mysql
21,tcp,ProFTPD 1.3.5,ftp
514,tcp,,unknown
8888,tcp,,unknown
8888,tcp,,unknown
2049,tcp,,nfs
873,tcp,,unknown
8443,tcp,nginx/1.18.0,unknown
443,tcp,,https
8443,tcp,,unknown
21,tcp,FileZilla FTP,ftp
1521,tcp,Oracle TNS Listener,unknown
21,tcp,FileZilla FTP,ftp
139,tcp,Samba,unknown
80,tcp,Microsoft-IIS/10.0,http
443,tcp,LiteSpeed,https
110,tcp,Dovecot ready,pop3
8888,tcp,,unknown
6379,tcp,Redis server v=7.0.4,redis
23,tcp,,telnet
6379,tcp,+OK,redis
110,tcp,+OK POP3 ready,pop3
25,tcp,Microsoft ESMTP,smtp
512,tcp,,unknown
139,tcp,,unknown
143,tcp,* OK [CAPABILITY IMAP4rev1],imap
8080,tcp,Jetty,http
21,tcp,FileZilla FTP,ftp
23,tcp,,telnet
873,tcp,,unknown
69,tcp,,tftp
3306,tcp,MySQL 8.0.28,mysql
6379,tcp,Redis server v=7.0.4,redis
5432,tcp,PostgreSQL 14.2,postgresql
873,tcp,,unknown
111,tcp,,unknown
8443,tcp,nginx/1.18.0,unknown
21,tcp,vsftpd 3.0.3,ftp
22,tcp,OpenSSH_8.2p1,ssh
69,tcp,,tftp
5900,tcp,RFB 003.008,unknown
514,tcp,,unknown
139,tcp,Samba,unknown
514,tcp,,unknown
22,tcp,Dropbear SSH,ssh
1433,tcp,Microsoft SQL Server 2019,unknown
8080,tcp,Apache/2.4.41,http
1521,tcp,Oracle TNS Listener,unknown
8443,tcp,nginx/1.18.0,unknown
8080,tcp,Tomcat/9.0,http
445,tcp,Windows SMB,unknown
443,tcp,LiteSpeed,https
873,tcp,,unknown
3306,tcp,MariaDB 10.6,mysql
3389,tcp,,unknown
443,tcp,Apache/2.4.41,https
3306,tcp,MySQL 5.7.38,mysql
445,tcp,Windows SMB,unknown
22,tcp,Dropbear SSH,ssh
512,tcp,,unknown
6379,tcp,Redis server v=7.0.4,redis
143,tcp,Dovecot IMAP,imap
445,tcp,,unknown
873,tcp,,unknown
25,tcp,Exim 4.95,smtp
445,tcp,Samba,unknown
873,tcp,,unknown
443,tcp,LiteSpeed,https
513,tcp,,unknown
443,tcp,,https
513,tcp,,unknown
8888,tcp,,unknown
21,tcp,vsftpd 3.0.3,ftp
3389,tcp,Microsoft Terminal Services,unknown
8080,tcp,Tomcat/9.0,http
8888,tcp,,unknown
1521,tcp,Oracle TNS Listener,unknown
514,tcp,,unknown
1521,tcp,Oracle TNS Listener,unknown
21,tcp,Pure-FTPd,ftp
8443,tcp,,unknown
2049,tcp,,nfs
22,tcp,OpenSSH_8.2p1,ssh
6379,tcp,+OK,redis
23,tcp,,telnet
8080,tcp,Tomcat/9.0,http
2049,tcp,,nfs
3389,tcp,Microsoft Terminal Services,unknown
513,tcp,,unknown
1433,tcp,,unknown
513,tcp,,unknown
5900,tcp,RealVNC,unknown
25,tcp,Postfix ESMTP,smtp
3389,tcp,Microsoft Terminal Services,unknown
2049,tcp,,nfs
8443,tcp,Apache/2.4.41,unknown
3389,tcp,Microsoft Terminal Services,unknown
23,tcp,,telnet
4444,tcp,,unknown
5900,tcp,RealVNC,unknown
2049,tcp,,nfs
445,tcp,Samba,unknown
513,tcp,,unknown
80,tcp,Microsoft-IIS/10.0,http
513,tcp,,unknown
143,tcp,* OK [CAPABILITY IMAP4rev1],imap
512,tcp,,unknown
8080,tcp,Tomcat/9.0,http
4444,tcp,,unknown
111,tcp,,unknown
80,tcp,Apache/2.4.41,http
22,tcp,Dropbear SSH,ssh
513,tcp,,unknown
53,tcp,,unknown
5900,tcp,RFB 003.008,unknown
512,tcp,,unknown
110,tcp,+OK Dovecot,pop3
23,tcp,,telnet
1521,tcp,Oracle TNS Listener,unknown
110,tcp,+OK Dovecot,pop3
27017,tcp,MongoDB 6.0,unknown
22,tcp,OpenSSH_7.4p1,ssh
5900,tcp,RealVNC,unknown
6379,tcp,Redis server v=7.0.4,redis
1433,tcp,Microsoft SQL Server 2019,unknown
143,tcp,Dovecot IMAP,imap
23,tcp,,telnet
25,tcp,Microsoft ESMTP,smtp
8080,tcp,Tomcat/9.0,http
873,tcp,,unknown
873,tcp,,unknown
110,tcp,Dovecot ready,pop3
27017,tcp,ismaster,unknown
3306,tcp,MySQL 8.0.28,mysql
4444,tcp,,unknown
443,tcp,Apache/2.4.41,https
6379,tcp,Redis server v=7.0.4,redis
8888,tcp,,unknown
5432,tcp,PostgreSQL 14.2,postgresql
143,tcp,* OK [CAPABILITY IMAP4rev1],imap
22,tcp,OpenSSH_8.2p1,ssh
8888,tcp,,unknown
1433,tcp,,unknown
3306,tcp,MySQL 8.0.28,mysql
513,tcp,,unknown
1521,tcp,Oracle TNS Listener,unknown
111,tcp,,unknown
443,tcp,,https
873,tcp,,unknown
139,tcp,,unknown
139,tcp,,unknown
3306,tcp,MySQL 8.0.28,mysql
2049,tcp,,nfs
139,tcp,Samba,unknown
443,tcp,Apache/2.4.41,https
1521,tcp,Oracle TNS Listener,unknown
513,tcp,,unknown
139,tcp,Samba,unknown
873,tcp,,unknown
143,tcp,Dovecot IMAP,imap
27017,tcp,ismaster,unknown
3389,tcp,,unknown
8443,tcp,Apache/2.4.41,unknown
111,tcp,,unknown
80,tcp,,http
111,tcp,,unknown
111,tcp,,unknown
69,tcp,,tftp
1521,tcp,Oracle TNS Listener,unknown
514,tcp,,unknown
139,tcp,Samba,unknown
3389,tcp,,unknown
1521,tcp,Oracle TNS Listener,unknown
512,tcp,,unknown
8443,tcp,Apache/2.4.41,unknown
873,tcp,,unknown
3306,tcp,MySQL 8.0.28,mysql
6379,tcp,+OK,redis
27017,tcp,MongoDB 6.0,unknown
8888,tcp,,unknown
2049,tcp,,nfs
873,tcp,,unknown
69,tcp,,tftp
53,tcp,,unknown
5900,tcp,RealVNC,unknown
143,tcp,* OK [CAPABILITY IMAP4rev1],imap
6379,tcp,+OK,redis
3306,tcp,MySQL 8.0.28,mysql
21,tcp,Pure-FTPd,ftp
513,tcp,,unknown
53,tcp,,unknown
69,tcp,,tftp
5432,tcp,PostgreSQL 14.2,postgresql
513,tcp,,unknown
513,tcp,,unknown
3389,tcp,Microsoft Terminal Services,unknown
143,tcp,Dovecot IMAP,imap
110,tcp,+OK Dovecot,pop3
443,tcp,Apache/2.4.41,https
21,tcp,Pure-FTPd,ftp
6379,tcp,+OK,redis
111,tcp,,unknown
443,tcp,Apache/2.4.41,https
139,tcp,,unknown
514,tcp,,unknown
8443,tcp,nginx/1.18.0,unknown
5900,tcp,RealVNC,unknown
4444,tcp,,unknown
514,tcp,,unknown
1433,tcp,Microsoft SQL Server 2019,unknown
139,tcp,Samba,unknown
80,tcp,,http
445,tcp,,unknown
4444,tcp,,unknown
143,tcp,Dovecot IMAP,imap
8443,tcp,,unknown
53,tcp,,unknown
513,tcp,,unknown
27017,tcp,ismaster,unknown
80,tcp,nginx/1.18.0,http
1433,tcp,Microsoft SQL Server 2019,unknown
2049,tcp,,nfs
5432,tcp,PostgreSQL 14.2,postgresql
512,tcp,,unknown
69,tcp,,tftp
25,tcp,Exim 4.95,smtp
139,tcp,Samba,unknown
512,tcp,,unknown
25,tcp,Microsoft ESMTP,smtp
1433,tcp,,unknown
5432,tcp,PostgreSQL 14.2,postgresql
8080,tcp,Jetty,http
445,tcp,Windows SMB,unknown
69,tcp,,tftp
5900,tcp,RealVNC,unknown
443,tcp,Apache/2.4.41,https
5432,tcp,PostgreSQL 14.2,postgresql
1433,tcp,,unknown
445,tcp,Windows SMB,unknown
5900,tcp,RealVNC,unknown
69,tcp,,tftp
2049,tcp,,nfs
111,tcp,,unknown
25,tcp,Sendmail 8.15,smtp
139,tcp,,unknown
873,tcp,,unknown
69,tcp,,tftp
5900,tcp,RealVNC,unknown
5900,tcp,RealVNC,unknown
514,tcp,,unknown
514,tcp,,unknown
111,tcp,,unknown
443,tcp,LiteSpeed,https
513,tcp,,unknown
139,tcp,Samba,unknown
512,tcp,,unknown
445,tcp,Samba,unknown
23,tcp,,telnet
443,tcp,LiteSpeed,https
23,tcp,,telnet
21,tcp,ProFTPD 1.3.5,ftp
139,tcp,,unknown
8888,tcp,,unknown
2049,tcp,,nfs
3306,tcp,MariaDB 10.6,mysql
53,tcp,,unknown
5432,tcp,PostgreSQL 14.2,postgresql
69,tcp,,tftp
443,tcp,LiteSpeed,https
22,tcp,OpenSSH_7.4p1,ssh
873,tcp,,unknown
1521,tcp,Oracle TNS Listener,unknown
80,tcp,,http
6379,tcp,+OK,redis
1433,tcp,,unknown
2049,tcp,,nfs
1521,tcp,Oracle TNS Listener,unknown
8080,tcp,Tomcat/9.0,http
513,tcp,,unknown
514,tcp,,unknown
111,tcp,,unknown
1433,tcp,Microsoft SQL Server 2019,unknown
6379,tcp,Redis server v=7.0.4,redis
110,tcp,+OK Dovecot,pop3
512,tcp,,unknown
512,tcp,,unknown
443,tcp,LiteSpeed,https
3389,tcp,Microsoft Terminal Services,unknown
143,tcp,* OK [CAPABILITY IMAP4rev1],imap
6379,tcp,Redis server v=7.0.4,redis
4444,tcp,,unknown
513,tcp,,unknown
1521,tcp,Oracle TNS Listener,unknown
1433,tcp,Microsoft SQL Server 2019,unknown
8888,tcp,,unknown
25,tcp,Postfix ESMTP,smtp
2049,tcp,,nfs
139,tcp,Samba,unknown
512,tcp,,unknown
513,tcp,,unknown
2049,tcp,,nfs
512,tcp,,unknown
6379,tcp,+OK,redis
8080,tcp,nginx/1.18.0,http
873,tcp,,unknown
873,tcp,,unknown
1433,tcp,,unknown
21,tcp,FileZilla FTP,ftp
22,tcp,OpenSSH_8.2p1,ssh
21,tcp,ProFTPD 1.3.5,ftp
22,tcp,OpenSSH_8.2p1,ssh
513,tcp,,unknown
4444,tcp,,unknown
514,tcp,,unknown
1521,tcp,Oracle TNS Listener,unknown
53,tcp,,unknown
512,tcp,,unknown
445,tcp,,unknown
8888,tcp,,unknown
53,tcp,,unknown
445,tcp,Windows SMB,unknown
69,tcp,,tftp
1521,tcp,Oracle TNS Listener,unknown
80,tcp,Microsoft-IIS/10.0,http
1433,tcp,,unknown
27017,tcp,ismaster,unknown
873,tcp,,unknown
514,tcp,,unknown
27017,tcp,MongoDB 6.0,unknown
25,tcp,Postfix ESMTP,smtp
27017,tcp,MongoDB 6.0,unknown
873,tcp,,unknown
1433,tcp,Microsoft SQL Server 2019,unknown
4444,tcp,,unknown
443,tcp,,https
2049,tcp,,nfs
5900,tcp,RFB 003.008,unknown
443,tcp,nginx/1.18.0,https
110,tcp,Dovecot ready,pop3
873,tcp,,unknown
1433,tcp,Microsoft SQL Server 2019,unknown
4444,tcp,,unknown
5432,tcp,PostgreSQL 14.2,postgresql
139,tcp,Samba,unknown
873,tcp,,unknown
143,tcp,* OK [CAPABILITY IMAP4rev1],imap
21,tcp,ProFTPD 1.3.5,ftp
4444,tcp,,unknown
25,tcp,Sendmail 8.15,smtp
80,tcp,Microsoft-IIS/10.0,http
27017,tcp,MongoDB 6.0,unknown
22,tcp,Dropbear SSH,ssh
8888,tcp,,unknown
2049,tcp,,nfs
80,tcp,LiteSpeed,http
22,tcp,SSH-2.0-OpenSSH_9.0,ssh
443,tcp,,https
3306,tcp,MySQL 5.7.38,mysql
21,tcp,FileZilla FTP,ftp
5432,tcp,PostgreSQL 14.2,postgresql
53,tcp,,unknown
27017,tcp,ismaster,unknown
5900,tcp,RFB 003.008,unknown
69,tcp,,tftp
4444,tcp,,unknown
873,tcp,,unknown
8888,tcp,,unknown
23,tcp,,telnet
445,tcp,Windows SMB,unknown
143,tcp,Dovecot IMAP,imap
512,tcp,,unknown
143,tcp,* OK [CAPABILITY IMAP4rev1],imap
2049,tcp,,nfs
8888,tcp,,unknown
4444,tcp,,unknown
25,tcp,Sendmail 8.15,smtp
4444,tcp,,unknown
6379,tcp,+OK,redis
21,tcp,Pure-FTPd,ftp
8080,tcp,Tomcat/9.0,http
8888,tcp,,unknown
443,tcp,nginx/1.18.0,https
80,tcp,LiteSpeed,http
53,tcp,,unknown
513,tcp,,unknown
111,tcp,,unknown
445,tcp,Windows SMB,unknown
139,tcp,Samba,unknown
22,tcp,Dropbear SSH,ssh
23,tcp,,telnet
512,tcp,,unknown
4444,tcp,,unknown
22,tcp,OpenSSH_7.4p1,ssh
139,tcp,Samba,unknown
6379,tcp,+OK,redis
445,tcp,,unknown
23,tcp,,telnet
69,tcp,,tftp
514,tcp,,unknown
5900,tcp,RealVNC,unknown
5432,tcp,PostgreSQL 14.2,postgresql
4444,tcp,,unknown
143,tcp,Dovecot IMAP,imap
1521,tcp,Oracle TNS Listener,unknown
513,tcp,,unknown
512,tcp,,unknown
23,tcp,,telnet
22,tcp,OpenSSH_7.4p1,ssh
8080,tcp,Tomcat/9.0,http
80,tcp,Apache/2.4.41,http
443,tcp,Apache/2.4.41,https
69,tcp,,tftp
80,tcp,Apache/2.4.41,http
69,tcp,,tftp
143,tcp,* OK [CAPABILITY IMAP4rev1],imap
111,tcp,,unknown
513,tcp,,unknown
6379,tcp,Redis server v=7.0.4,redis
514,tcp,,unknown
5900,tcp,RealVNC,unknown
69,tcp,,tftp
1521,tcp,Oracle TNS Listener,unknown
514,tcp,,unknown
4444,tcp,,unknown
3306,tcp,MySQL 5.7.38,mysql
873,tcp,,unknown
512,tcp,,unknown
4444,tcp,,unknown
23,tcp,,telnet
513,tcp,,unknown
110,tcp,+OK Dovecot,pop3
2049,tcp,,nfs
5900,tcp,RealVNC,unknown
873,tcp,,unknown
8443,tcp,Apache/2.4.41,unknown
1433,tcp,,unknown
6379,tcp,Redis server v=7.0.4,redis
514,tcp,,unknown
53,tcp,,unknown
3389,tcp,Microsoft Terminal Services,unknown
1433,tcp,Microsoft SQL Server 2019,unknown
8443,tcp,,unknown
21,tcp,FileZilla FTP,ftp
2049,tcp,,nfs
143,tcp,* OK [CAPABILITY IMAP4rev1],imap
8888,tcp,,unknown
8443,tcp,,unknown
25,tcp,Postfix ESMTP,smtp
3389,tcp,Microsoft Terminal Services,unknown
4444,tcp,,unknown
22,tcp,OpenSSH_7.4p1,ssh
1433,tcp,Microsoft SQL Server 2019,unknown
445,tcp,,unknown
1433,tcp,Microsoft SQL Server 2019,unknown
27017,tcp,MongoDB 6.0,unknown
3389,tcp,,unknown
4444,tcp,,unknown
5900,tcp,RealVNC,unknown
6379,tcp,+OK,redis
5900,tcp,RFB 003.008,unknown
513,tcp,,unknown
3306,tcp,MySQL 5.7.38,mysql
443,tcp,,https
5900,tcp,RFB 003.008,unknown
2049,tcp,,nfs
513,tcp,,unknown
3306,tcp,MySQL 5.7.38,mysql
111,tcp,,unknown
6379,tcp,Redis server v=7.0.4,redis
3389,tcp,Microsoft Terminal Services,unknown
143,tcp,* OK [CAPABILITY IMAP4rev1],imap
69,tcp,,tftp
6379,tcp,Redis server v=7.0.4,redis
512,tcp,,unknown
8080,tcp,Apache/2.4.41,http
512,tcp,,unknown
53,tcp,,unknown
5432,tcp,PostgreSQL 14.2,postgresql
3306,tcp,MySQL 5.7.38,mysql
445,tcp,Samba,unknown
139,tcp,,unknown
1433,tcp,Microsoft SQL Server 2019,unknown
4444,tcp,,unknown
4444,tcp,,unknown
4444,tcp,,unknown
53,tcp,,unknown
111,tcp,,unknown
2049,tcp,,nfs
8080,tcp,nginx/1.18.0,http
3389,tcp,Microsoft Terminal Services,unknown
3389,tcp,,unknown
8888,tcp,,unknown
53,tcp,,unknown
6379,tcp,Redis server v=7.0.4,redis
512,tcp,,unknown
27017,tcp,ismaster,unknown
111,tcp,,unknown
4444,tcp,,unknown
110,tcp,Dovecot ready,pop3
873,tcp,,unknown
5432,tcp,PostgreSQL 14.2,postgresql
110,tcp,+OK POP3 ready,pop3
27017,tcp,MongoDB 6.0,unknown
513,tcp,,unknown
110,tcp,Dovecot ready,pop3
445,tcp,,unknown
143,tcp,* OK [CAPABILITY IMAP4rev1],imap
139,tcp,,unknown
8888,tcp,,unknown
445,tcp,Windows SMB,unknown
2049,tcp,,nfs
8443,tcp,Apache/2.4.41,unknown
443,tcp,Apache/2.4.41,https
27017,tcp,ismaster,unknown
5432,tcp,PostgreSQL 14.2,postgresql
53,tcp,,unknown
512,tcp,,unknown
2049,tcp,,nfs
139,tcp,,unknown
1433,tcp,,unknown
3389,tcp,,unknown
27017,tcp,ismaster,unknown
4444,tcp,,unknown
1521,tcp,Oracle TNS Listener,unknown
1433,tcp,,unknown
8443,tcp,nginx/1.18.0,unknown
111,tcp,,unknown
443,tcp,Apache/2.4.41,https
8443,tcp,,unknown
53,tcp,,unknown
5900,tcp,RealVNC,unknown
5900,tcp,RFB 003.008,unknown
25,tcp,Postfix ESMTP,smtp
513,tcp,,unknown
6379,tcp,Redis server v=7.0.4,redis
111,tcp,,unknown
3306,tcp,MariaDB 10.6,mysql
513,tcp,,unknown
513,tcp,,unknown
139,tcp,Samba,unknown
21,tcp,vsftpd 3.0.3,ftp
8080,tcp,Tomcat/9.0,http
111,tcp,,unknown
443,tcp,LiteSpeed,https
110,tcp,Dovecot ready,pop3
21,tcp,FileZilla FTP,ftp
139,tcp,,unknown
2049,tcp,,nfs
8080,tcp,Jetty,http
2049,tcp,,nfs
80,tcp,nginx/1.18.0,http
21,tcp,Pure-FTPd,ftp
21,tcp,ProFTPD 1.3.5,ftp
27017,tcp,MongoDB 6.0,unknown
1521,tcp,Oracle TNS Listener,unknown
514,tcp,,unknown
8443,tcp,,unknown
22,tcp,OpenSSH_7.4p1,ssh
143,tcp,* OK [CAPABILITY IMAP4rev1],imap
5900,tcp,RealVNC,unknown
111,tcp,,unknown
445,tcp,Samba,unknown
1521,tcp,Oracle TNS Listener,unknown
25,tcp,Postfix ESMTP,smtp
143,tcp,* OK [CAPABILITY IMAP4rev1],imap
23,tcp,,telnet
8888,tcp,,unknown
21,tcp,FileZilla FTP,ftp
1433,tcp,Microsoft SQL Server 2019,unknown
143,tcp,Dovecot IMAP,imap
4444,tcp,,unknown
873,tcp,,unknown
512,tcp,,unknown
110,tcp,+OK POP3 ready,pop3
110,tcp,Dovecot ready,pop3
23,tcp,,telnet
21,tcp,ProFTPD 1.3.5,ftp
3389,tcp,,unknown
23,tcp,,telnet
139,tcp,,unknown
4444,tcp,,unknown
21,tcp,vsftpd 3.0.3,ftp
443,tcp,,https
1521,tcp,Oracle TNS Listener,unknown
111,tcp,,unknown
3306,tcp,MySQL 8.0.28,mysql
111,tcp,,unknown
513,tcp,,unknown
8888,tcp,,unknown
8080,tcp,Apache/2.4.41,http
513,tcp,,unknown
69,tcp,,tftp
8888,tcp,,unknown
111,tcp,,unknown
21,tcp,Pure-FTPd,ftp
4444,tcp,,unknown
8888,tcp,,unknown
23,tcp,,telnet
143,tcp,Dovecot IMAP,imap
139,tcp,,unknown
25,tcp,Microsoft ESMTP,smtp
3306,tcp,MySQL 5.7.38,mysql
1433,tcp,,unknown
1433,tcp,Microsoft SQL Server 2019,unknown
53,tcp,,unknown
4444,tcp,,unknown
25,tcp,Exim 4.95,smtp
3306,tcp,MySQL 5.7.38,mysql
6379,tcp,+OK,redis
5900,tcp,RealVNC,unknown
8888,tcp,,unknown
445,tcp,Samba,unknown
5900,tcp,RealVNC,unknown
111,tcp,,unknown
6379,tcp,Redis server v=7.0.4,redis
2049,tcp,,nfs
513,tcp,,unknown
22,tcp,Dropbear SSH,ssh
21,tcp,ProFTPD 1.3.5,ftp
1521,tcp,Oracle TNS Listener,unknown
1433,tcp,Microsoft SQL Server 2019,unknown
3306,tcp,MySQL 8.0.28,mysql
445,tcp,Samba,unknown
3306,tcp,MySQL 5.7.38,mysql
6379,tcp,+OK,redis
445,tcp,,unknown
6379,tcp,Redis server v=7.0.4,redis
3306,tcp,MySQL 8.0.28,mysql
1433,tcp,,unknown
27017,tcp,ismaster,unknown
6379,tcp,+OK,redis
53,tcp,,unknown
110,tcp,+OK Dovecot,pop3
27017,tcp,MongoDB 6.0,unknown
8888,tcp,,unknown
143,tcp,* OK [CAPABILITY IMAP4rev1],imap
21,tcp,Pure-FTPd,ftp
23,tcp,,telnet
22,tcp,Dropbear SSH,ssh
8888,tcp,,unknown
80,tcp,Apache/2.4.41,http
22,tcp,Dropbear SSH,ssh
5900,tcp,RealVNC,unknown
5900,tcp,RFB 003.008,unknown
3306,tcp,MySQL 5.7.38,mysql
873,tcp,,unknown
21,tcp,Pure-FTPd,ftp
873,tcp,,unknown
8443,tcp,Apache/2.4.41,unknown
53,tcp,,unknown
110,tcp,Dovecot ready,pop3
445,tcp,Samba,unknown
69,tcp,,tftp
23,tcp,,telnet
22,tcp,SSH-2.0-OpenSSH_9.0,ssh
25,tcp,Microsoft ESMTP,smtp
3389,tcp,,unknown
2049,tcp,,nfs
21,tcp,Pure-FTPd,ftp
445,tcp,Windows SMB,unknown
3306,tcp,MariaDB 10.6,mysql
22,tcp,OpenSSH_7.4p1,ssh
6379,tcp,Redis server v=7.0.4,redis
1521,tcp,Oracle TNS Listener,unknown
8888,tcp,,unknown
1433,tcp,,unknown
2049,tcp,,nfs
5900,tcp,RealVNC,unknown
873,tcp,,unknown
143,tcp,* OK [CAPABILITY IMAP4rev1],imap
27017,tcp,ismaster,unknown
8888,tcp,,unknown
8443,tcp,Apache/2.4.41,unknown
21,tcp,ProFTPD 1.3.5,ftp
25,tcp,Exim 4.95,smtp
27017,tcp,ismaster,unknown
4444,tcp,,unknown
1433,tcp,Microsoft SQL Server 2019,unknown
513,tcp,,unknown
23,tcp,,telnet
8443,tcp,Apache/2.4.41,unknown
21,tcp,FileZilla FTP,ftp
513,tcp,,unknown
80,tcp,,http
53,tcp,,unknown
512,tcp,,unknown
8080,tcp,Apache/2.4.41,http
8080,tcp,Jetty,http
513,tcp,,unknown
873,tcp,,unknown
110,tcp,Dovecot ready,pop3
513,tcp,,unknown
25,tcp,Postfix ESMTP,smtp
143,tcp,* OK [CAPABILITY IMAP4rev1],imap
8888,tcp,,unknown
6379,tcp,+OK,redis
80,tcp,,http
25,tcp,Microsoft ESMTP,smtp
111,tcp,,unknown
513,tcp,,unknown
111,tcp,,unknown
2049,tcp,,nfs
69,tcp,,tftp
110,tcp,+OK POP3 ready,pop3
445,tcp,,unknown
6379,tcp,+OK,redis
111,tcp,,unknown
23,tcp,,telnet
143,tcp,* OK [CAPABILITY IMAP4rev1],imap
80,tcp,,http
23,tcp,,telnet
445,tcp,Samba,unknown
8080,tcp,Tomcat/9.0,http
443,tcp,nginx/1.18.0,https
22,tcp,Dropbear SSH,ssh
445,tcp,Windows SMB,unknown
3389,tcp,Microsoft Terminal Services,unknown
8888,tcp,,unknown
4444,tcp,,unknown
1521,tcp,Oracle TNS Listener,unknown
3389,tcp,Microsoft Terminal Services,unknown
53,tcp,,unknown
443,tcp,LiteSpeed,https
873,tcp,,unknown
1521,tcp,Oracle TNS Listener,unknown
443,tcp,,https
110,tcp,+OK POP3 ready,pop3
4444,tcp,,unknown
80,tcp,Apache/2.4.41,http
22,tcp,SSH-2.0-OpenSSH_9.0,ssh
4444,tcp,,unknown
139,tcp,,unknown
4444,tcp,,unknown
110,tcp,Dovecot ready,pop3
514,tcp,,unknown
443,tcp,nginx/1.18.0,https
512,tcp,,unknown
53,tcp,,unknown
110,tcp,Dovecot ready,pop3
513,tcp,,unknown
80,tcp,nginx/1.18.0,http
110,tcp,+OK POP3 ready,pop3
1521,tcp,Oracle TNS Listener,unknown
4444,tcp,,unknown
143,tcp,Dovecot IMAP,imap
5900,tcp,RFB 003.008,unknown
111,tcp,,unknown
143,tcp,* OK [CAPABILITY IMAP4rev1],imap
111,tcp,,unknown
3306,tcp,MariaDB 10.6,mysql
1521,tcp,Oracle TNS Listener,unknown
8888,tcp,,unknown
1521,tcp,Oracle TNS Listener,unknown
5900,tcp,RFB 003.008,unknown
27017,tcp,MongoDB 6.0,unknown
27017,tcp,MongoDB 6.0,unknown
1521,tcp,Oracle TNS Listener,unknown
80,tcp,nginx/1.18.0,http
3389,tcp,,unknown
143,tcp,Dovecot IMAP,imap
27017,tcp,ismaster,unknown
4444,tcp,,unknown
873,tcp,,unknown
111,tcp,,unknown
3389,tcp,Microsoft Terminal Services,unknown
1433,tcp,,unknown
6379,tcp,Redis server v=7.0.4,redis
22,tcp,SSH-2.0-OpenSSH_9.0,ssh
139,tcp,Samba,unknown
445,tcp,,unknown
6379,tcp,Redis server v=7.0.4,redis
139,tcp,Samba,unknown
27017,tcp,ismaster,unknown
5900,tcp,RFB 003.008,unknown
3389,tcp,Microsoft Terminal Services,unknown
5432,tcp,PostgreSQL 14.2,postgresql
8443,tcp,,unknown
513,tcp,,unknown
25,tcp,Postfix ESMTP,smtp
23,tcp,,telnet
512,tcp,,unknown
512,tcp,,unknown
513,tcp,,unknown
8888,tcp,,unknown
445,tcp,Samba,unknown
22,tcp,OpenSSH_8.2p1,ssh
111,tcp,,unknown
3306,tcp,MariaDB 10.6,mysql
139,tcp,,unknown
23,tcp,,telnet
513,tcp,,unknown
8443,tcp,,unknown
443,tcp,nginx/1.18.0,https
22,tcp,Dropbear SSH,ssh
513,tcp,,unknown
514,tcp,,unknown
53,tcp,,unknown
8080,tcp,nginx/1.18.0,http
3389,tcp,,unknown
1521,tcp,Oracle TNS Listener,unknown
3306,tcp,MySQL 5.7.38,mysql
4444,tcp,,unknown
443,tcp,,https
27017,tcp,MongoDB 6.0,unknown
110,tcp,+OK Dovecot,pop3
1521,tcp,Oracle TNS Listener,unknown
5900,tcp,RealVNC,unknown
5432,tcp,PostgreSQL 14.2,postgresql
22,tcp,Dropbear SSH,ssh
513,tcp,,unknown
21,tcp,Pure-FTPd,ftp
512,tcp,,unknown
514,tcp,,unknown
445,tcp,,unknown
514,tcp,,unknown
143,tcp,* OK [CAPABILITY IMAP4rev1],imap
5432,tcp,PostgreSQL 14.2,postgresql
25,tcp,Sendmail 8.15,smtp
2049,tcp,,nfs
111,tcp,,unknown
27017,tcp,MongoDB 6.0,unknown
27017,tcp,MongoDB 6.0,unknown
5432,tcp,PostgreSQL 14.2,postgresql
8080,tcp,Tomcat/9.0,http
21,tcp,Pure-FTPd,ftp
5432,tcp,PostgreSQL 14.2,postgresql
4444,tcp,,unknown
69,tcp,,tftp
5432,tcp,PostgreSQL 14.2,postgresql
8080,tcp,Apache/2.4.41,http
4444,tcp,,unknown
53,tcp,,unknown
25,tcp,Microsoft ESMTP,smtp
80,tcp,,http
27017,tcp,ismaster,unknown
513,tcp,,unknown
8080,tcp,nginx/1.18.0,http
143,tcp,Dovecot IMAP,imap
8443,tcp,,unknown
8888,tcp,,unknown
8080,tcp,Apache/2.4.41,http
22,tcp,SSH-2.0-OpenSSH_9.0,ssh
27017,tcp,ismaster,unknown
2049,tcp,,nfs
111,tcp,,unknown
1521,tcp,Oracle TNS Listener,unknown
80,tcp,,http
2049,tcp,,nfs
8080,tcp,Jetty,http
23,tcp,,telnet
111,tcp,,unknown
143,tcp,Dovecot IMAP,imap
23,tcp,,telnet
110,tcp,+OK Dovecot,pop3
3389,tcp,Microsoft Terminal Services,unknown
3389,tcp,Microsoft Terminal Services,unknown
4444,tcp,,unknown
513,tcp,,unknown
8080,tcp,nginx/1.18.0,http
143,tcp,Dovecot IMAP,imap
513,tcp,,unknown
21,tcp,ProFTPD 1.3.5,ftp
5900,tcp,RealVNC,unknown
1521,tcp,Oracle TNS Listener,unknown
110,tcp,+OK Dovecot,pop3
3389,tcp,,unknown
143,tcp,Dovecot IMAP,imap
5432,tcp,PostgreSQL 14.2,postgresql
25,tcp,Exim 4.95,smtp
4444,tcp,,unknown
8080,tcp,Tomcat/9.0,http
80,tcp,Microsoft-IIS/10.0,http
6379,tcp,+OK,redis
143,tcp,* OK [CAPABILITY IMAP4rev1],imap
443,tcp,nginx/1.18.0,https
1521,tcp,Oracle TNS Listener,unknown
5432,tcp,PostgreSQL 14.2,postgresql
23,tcp,,telnet
69,tcp,,tftp
1521,tcp,Oracle TNS Listener,unknown
80,tcp,Microsoft-IIS/10.0,http
23,tcp,,telnet
512,tcp,,unknown
445,tcp,,unknown
143,tcp,* OK [CAPABILITY IMAP4rev1],imap
111,tcp,,unknown
110,tcp,Dovecot ready,pop3
512,tcp,,unknown
80,tcp,Microsoft-IIS/10.0,http
69,tcp,,tftp
1433,tcp,,unknown
27017,tcp,MongoDB 6.0,unknown
5432,tcp,PostgreSQL 14.2,postgresql
6379,tcp,+OK,redis
143,tcp,Dovecot IMAP,imap
80,tcp,Microsoft-IIS/10.0,http
4444,tcp,,unknown
445,tcp,Windows SMB,unknown
3306,tcp,MySQL 5.7.38,mysql
3389,tcp,Microsoft Terminal Services,unknown
110,tcp,+OK Dovecot,pop3
513,tcp,,unknown
53,tcp,,unknown
111,tcp,,unknown
111,tcp,,unknown
25,tcp,Postfix ESMTP,smtp
27017,tcp,ismaster,unknown
69,tcp,,tftp
512,tcp,,unknown
8888,tcp,,unknown
80,tcp,Apache/2.4.41,http
27017,tcp,ismaster,unknown
53,tcp,,unknown
80,tcp,nginx/1.18.0,http
139,tcp,,unknown
80,tcp,nginx/1.18.0,http
3389,tcp,Microsoft Terminal Services,unknown
8080,tcp,nginx/1.18.0,http
23,tcp,,telnet
3306,tcp,MySQL 5.7.38,mysql
3389,tcp,,unknown
69,tcp,,tftp
80,tcp,nginx/1.18.0,http
873,tcp,,unknown
512,tcp,,unknown
53,tcp,,unknown
8080,tcp,nginx/1.18.0,http
8443,tcp,nginx/1.18.0,unknown
53,tcp,,unknown
445,tcp,,unknown
27017,tcp,ismaster,unknown
5432,tcp,PostgreSQL 14.2,postgresql
25,tcp,Microsoft ESMTP,smtp
443,tcp,Apache/2.4.41,https
139,tcp,,unknown
2049,tcp,,nfs
27017,tcp,MongoDB 6.0,unknown
5432,tcp,PostgreSQL 14.2,postgresql
5432,tcp,PostgreSQL 14.2,postgresql
6379,tcp,+OK,redis
873,tcp,,unknown
4444,tcp,,unknown
69,tcp,,tftp
1433,tcp,Microsoft SQL Server 2019,unknown
53,tcp,,unknown
3389,tcp,Microsoft Terminal Services,unknown
873,tcp,,unknown
873,tcp,,unknown
514,tcp,,unknown
8888,tcp,,unknown
3389,tcp,Microsoft Terminal Services,unknown
5432,tcp,PostgreSQL 14.2,postgresql
69,tcp,,tftp
5432,tcp,PostgreSQL 14.2,postgresql
69,tcp,,tftp
27017,tcp,MongoDB 6.0,unknown
1433,tcp,,unknown
3389,tcp,,unknown
143,tcp,* OK [CAPABILITY IMAP4rev1],imap
111,tcp,,unknown
22,tcp,Dropbear SSH,ssh
80,tcp,LiteSpeed,http
512,tcp,,unknown
27017,tcp,ismaster,unknown
3306,tcp,MySQL 5.7.38,mysql
53,tcp,,unknown
1521,tcp,Oracle TNS Listener,unknown
514,tcp,,unknown
1521,tcp,Oracle TNS Listener,unknown
8888,tcp,,unknown
445,tcp,,unknown
27017,tcp,MongoDB 6.0,unknown
6379,tcp,+OK,redis
143,tcp,Dovecot IMAP,imap
445,tcp,Samba,unknown
4444,tcp,,unknown
873,tcp,,unknown
5900,tcp,RealVNC,unknown
1433,tcp,,unknown
4444,tcp,,unknown
3389,tcp,,unknown
445,tcp,,unknown
23,tcp,,telnet
513,tcp,,unknown
139,tcp,Samba,unknown
3306,tcp,MySQL 5.7.38,mysql
1433,tcp,Microsoft SQL Server 2019,unknown
25,tcp,Microsoft ESMTP,smtp
110,tcp,+OK Dovecot,pop3
514,tcp,,unknown
69,tcp,,tftp
21,tcp,vsftpd 3.0.3,ftp
80,tcp,LiteSpeed,http
21,tcp,FileZilla FTP,ftp
513,tcp,,unknown
2049,tcp,,nfs
53,tcp,,unknown
6379,tcp,Redis server v=7.0.4,redis
53,tcp,,unknown
22,tcp,Dropbear SSH,ssh
69,tcp,,tftp
23,tcp,,telnet
8443,tcp,,unknown
873,tcp,,unknown
1433,tcp,Microsoft SQL Server 2019,unknown
513,tcp,,unknown
110,tcp,+OK POP3 ready,pop3
69,tcp,,tftp
8443,tcp,nginx/1.18.0,unknown
3306,tcp,MySQL 5.7.38,mysql
22,tcp,SSH-2.0-OpenSSH_9.0,ssh
1433,tcp,,unknown
5900,tcp,RealVNC,unknown
512,tcp,,unknown
69,tcp,,tftp
513,tcp,,unknown
3389,tcp,Microsoft Terminal Services,unknown
8443,tcp,Apache/2.4.41,unknown
69,tcp,,tftp
5900,tcp,RealVNC,unknown
1433,tcp,,unknown
23,tcp,,telnet
21,tcp,vsftpd 3.0.3,ftp
27017,tcp,ismaster,unknown
111,tcp,,unknown
21,tcp,Pure-FTPd,ftp
514,tcp,,unknown
445,tcp,,unknown
53,tcp,,unknown
8080,tcp,Tomcat/9.0,http
1521,tcp,Oracle TNS Listener,unknown
3306,tcp,MariaDB 10.6,mysql
80,tcp,,http
25,tcp,Exim 4.95,smtp
111,tcp,,unknown
143,tcp,Dovecot IMAP,imap
512,tcp,,unknown
80,tcp,LiteSpeed,http
5900,tcp,RealVNC,unknown
139,tcp,,unknown
8888,tcp,,unknown
25,tcp,Sendmail 8.15,smtp
22,tcp,SSH-2.0-OpenSSH_9.0,ssh
23,tcp,,telnet
111,tcp,,unknown
3389,tcp,Microsoft Terminal Services,unknown
5900,tcp,RFB 003.008,unknown
8888,tcp,,unknown
8080,tcp,Jetty,http
111,tcp,,unknown
5432,tcp,PostgreSQL 14.2,postgresql
8080,tcp,Tomcat/9.0,http
8888,tcp,,unknown
143,tcp,* OK [CAPABILITY IMAP4rev1],imap
2049,tcp,,nfs
3389,tcp,Microsoft Terminal Services,unknown
1521,tcp,Oracle TNS Listener,unknown
23,tcp,,telnet
6379,tcp,Redis server v=7.0.4,redis
445,tcp,Windows SMB,unknown
512,tcp,,unknown
5432,tcp,PostgreSQL 14.2,postgresql
873,tcp,,unknown
1433,tcp,,unknown
21,tcp,vsftpd 3.0.3,ftp
8080,tcp,Apache/2.4.41,http
1521,tcp,Oracle TNS Listener,unknown
5900,tcp,RFB 003.008,unknown
513,tcp,,unknown
69,tcp,,tftp
6379,tcp,+OK,redis
80,tcp,Apache/2.4.41,http
4444,tcp,,unknown
69,tcp,,tftp
6379,tcp,Redis server v=7.0.4,redis
111,tcp,,unknown
143,tcp,* OK [CAPABILITY IMAP4rev1],imap
53,tcp,,unknown
513,tcp,,unknown
5900,tcp,RealVNC,unknown
23,tcp,,telnet
2049,tcp,,nfs
5900,tcp,RealVNC,unknown
139,tcp,Samba,unknown
27017,tcp,MongoDB 6.0,unknown
25,tcp,Sendmail 8.15,smtp
513,tcp,,unknown
23,tcp,,telnet
143,tcp,* OK [CAPABILITY IMAP4rev1],imap
25,tcp,Postfix ESMTP,smtp
25,tcp,Exim 4.95,smtp
443,tcp,Apache/2.4.41,https
22,tcp,OpenSSH_7.4p1,ssh
111,tcp,,unknown
513,tcp,,unknown
110,tcp,Dovecot ready,pop3
3389,tcp,Microsoft Terminal Services,unknown
3389,tcp,Microsoft Terminal Services,unknown
2049,tcp,,nfs
139,tcp,,unknown
513,tcp,,unknown
3389,tcp,,unknown
25,tcp,Sendmail 8.15,smtp
53,tcp,,unknown
6379,tcp,Redis server v=7.0.4,redis
1433,tcp,Microsoft SQL Server 2019,unknown
445,tcp,Samba,unknown
2049,tcp,,nfs
512,tcp,,unknown
443,tcp,nginx/1.18.0,https
139,tcp,Samba,unknown
139,tcp,Samba,unknown
514,tcp,,unknown
3306,tcp,MySQL 5.7.38,mysql
1433,tcp,Microsoft SQL Server 2019,unknown
21,tcp,vsftpd 3.0.3,ftp
514,tcp,,unknown
8443,tcp,,unknown
1433,tcp,,unknown
22,tcp,OpenSSH_7.4p1,ssh
1433,tcp,,unknown
512,tcp,,unknown
143,tcp,Dovecot IMAP,imap
873,tcp,,unknown
139,tcp,Samba,unknown
6379,tcp,Redis server v=7.0.4,redis
2049,tcp,,nfs
69,tcp,,tftp
3306,tcp,MySQL 8.0.28,mysql
80,tcp,nginx/1.18.0,http
445,tcp,Samba,unknown
21,tcp,ProFTPD 1.3.5,ftp
139,tcp,Samba,unknown
513,tcp,,unknown
512,tcp,,unknown
27017,tcp,MongoDB 6.0,unknown
513,tcp,,unknown
443,tcp,nginx/1.18.0,https
5432,tcp,PostgreSQL 14.2,postgresql
8443,tcp,Apache/2.4.41,unknown
443,tcp,LiteSpeed,https
110,tcp,+OK POP3 ready,pop3
22,tcp,SSH-2.0-OpenSSH_9.0,ssh
6379,tcp,+OK,redis
53,tcp,,unknown
513,tcp,,unknown
8443,tcp,Apache/2.4.41,unknown
5432,tcp,PostgreSQL 14.2,postgresql
873,tcp,,unknown
873,tcp,,unknown
8080,tcp,Jetty,http
143,tcp,Dovecot IMAP,imap
21,tcp,ProFTPD 1.3.5,ftp
3389,tcp,Microsoft Terminal Services,unknown
5432,tcp,PostgreSQL 14.2,postgresql
111,tcp,,unknown
53,tcp,,unknown
69,tcp,,tftp
4444,tcp,,unknown
3389,tcp,,unknown
6379,tcp,Redis server v=7.0.4,redis
8080,tcp,Jetty,http
443,tcp,,https
53,tcp,,unknown
143,tcp,* OK [CAPABILITY IMAP4rev1],imap
445,tcp,,unknown
80,tcp,Microsoft-IIS/10.0,http
8888,tcp,,unknown
5432,tcp,PostgreSQL 14.2,postgresql
8888,tcp,,unknown
6379,tcp,Redis server v=7.0.4,redis
514,tcp,,unknown
4444,tcp,,unknown
23,tcp,,telnet
25,tcp,Microsoft ESMTP,smtp
3389,tcp,,unknown
143,tcp,* OK [CAPABILITY IMAP4rev1],imap
4444,tcp,,unknown
3389,tcp,Microsoft Terminal Services,unknown
1433,tcp,,unknown
3306,tcp,MariaDB 10.6,mysql
2049,tcp,,nfs
27017,tcp,MongoDB 6.0,unknown
873,tcp,,unknown
8443,tcp,nginx/1.18.0,unknown
5432,tcp,PostgreSQL 14.2,postgresql
514,tcp,,unknown
3306,tcp,MySQL 8.0.28,mysql
53,tcp,,unknown
873,tcp,,unknown
139,tcp,,unknown
25,tcp,Postfix ESMTP,smtp
443,tcp,LiteSpeed,https
873,tcp,,unknown
3389,tcp,Microsoft Terminal Services,unknown
3306,tcp,MySQL 5.7.38,mysql
3306,tcp,MySQL 8.0.28,mysql
3306,tcp,MySQL 5.7.38,mysql
53,tcp,,unknown
21,tcp,Pure-FTPd,ftp
21,tcp,ProFTPD 1.3.5,ftp
4444,tcp,,unknown
23,tcp,,telnet
8080,tcp,Tomcat/9.0,http
110,tcp,+OK Dovecot,pop3
4444,tcp,,unknown
512,tcp,,unknown
80,tcp,,http
5900,tcp,RealVNC,unknown
21,tcp,Pure-FTPd,ftp
6379,tcp,+OK,redis
143,tcp,* OK [CAPABILITY IMAP4rev1],imap
111,tcp,,unknown
80,tcp,nginx/1.18.0,http
512,tcp,,unknown
22,tcp,Dropbear SSH,ssh
3389,tcp,,unknown
445,tcp,Samba,unknown
80,tcp,Apache/2.4.41,http
2049,tcp,,nfs
8443,tcp,Apache/2.4.41,unknown
6379,tcp,Redis server v=7.0.4,redis
111,tcp,,unknown
2049,tcp,,nfs
22,tcp,SSH-2.0-OpenSSH_9.0,ssh
5900,tcp,RFB 003.008,unknown
23,tcp,,telnet
6379,tcp,+OK,redis
8888,tcp,,unknown
21,tcp,ProFTPD 1.3.5,ftp
80,tcp,nginx/1.18.0,http
25,tcp,Microsoft ESMTP,smtp
1521,tcp,Oracle TNS Listener,unknown
513,tcp,,unknown
21,tcp,Pure-FTPd,ftp
69,tcp,,tftp
1521,tcp,Oracle TNS Listener,unknown
1433,tcp,,unknown
443,tcp,Apache/2.4.41,https
27017,tcp,ismaster,unknown
53,tcp,,unknown
6379,tcp,+OK,redis
139,tcp,,unknown
110,tcp,+OK POP3 ready,pop3
25,tcp,Exim 4.95,smtp
2049,tcp,,nfs
445,tcp,Samba,unknown
2049,tcp,,nfs
25,tcp,Postfix ESMTP,smtp
8888,tcp,,unknown
2049,tcp,,nfs
6379,tcp,+OK,redis
514,tcp,,unknown
1433,tcp,,unknown
143,tcp,* OK [CAPABILITY IMAP4rev1],imap
143,tcp,Dovecot IMAP,imap
5432,tcp,PostgreSQL 14.2,postgresql
23,tcp,,telnet
3306,tcp,MySQL 5.7.38,mysql
4444,tcp,,unknown
3389,tcp,,unknown
27017,tcp,MongoDB 6.0,unknown
873,tcp,,unknown
110,tcp,Dovecot ready,pop3
21,tcp,Pure-FTPd,ftp
110,tcp,+OK POP3 ready,pop3
110,tcp,+OK Dovecot,pop3
445,tcp,Samba,unknown
69,tcp,,tftp
443,tcp,LiteSpeed,https
80,tcp,nginx/1.18.0,http
80,tcp,Apache/2.4.41,http
139,tcp,,unknown
27017,tcp,ismaster,unknown
4444,tcp,,unknown
69,tcp,,tftp
443,tcp,LiteSpeed,https
110,tcp,+OK Dovecot,pop3
53,tcp,,unknown
6379,tcp,+OK,redis
443,tcp,nginx/1.18.0,https
53,tcp,,unknown
53,tcp,,unknown
3389,tcp,Microsoft Terminal Services,unknown
2049,tcp,,nfs
2049,tcp,,nfs
514,tcp,,unknown
8080,tcp,Jetty,http
3389,tcp,Microsoft Terminal Services,unknown
23,tcp,,telnet
110,tcp,Dovecot ready,pop3
21,tcp,ProFTPD 1.3.5,ftp
5900,tcp,RealVNC,unknown
512,tcp,,unknown
27017,tcp,MongoDB 6.0,unknown
514,tcp,,unknown
80,tcp,Microsoft-IIS/10.0,http
21,tcp,Pure-FTPd,ftp
27017,tcp,MongoDB 6.0,unknown
8888,tcp,,unknown
53,tcp,,unknown
1433,tcp,Microsoft SQL Server 2019,unknown
1433,tcp,Microsoft SQL Server 2019,unknown
5900,tcp,RFB 003.008,unknown
1521,tcp,Oracle TNS Listener,unknown
3306,tcp,MySQL 5.7.38,mysql
513,tcp,,unknown
443,tcp,nginx/1.18.0,https
21,tcp,vsftpd 3.0.3,ftp
69,tcp,,tftp
512,tcp,,unknown
22,tcp,OpenSSH_8.2p1,ssh
80,tcp,,http
512,tcp,,unknown
80,tcp,Apache/2.4.41,http
143,tcp,Dovecot IMAP,imap
513,tcp,,unknown
53,tcp,,unknown
514,tcp,,unknown
445,tcp,,unknown
23,tcp,,telnet
110,tcp,+OK POP3 ready,pop3
3389,tcp,Microsoft Terminal Services,unknown
80,tcp,nginx/1.18.0,http
873,tcp,,unknown
445,tcp,Windows SMB,unknown
80,tcp,LiteSpeed,http
27017,tcp,ismaster,unknown
3389,tcp,,unknown
110,tcp,Dovecot ready,pop3
23,tcp,,telnet
445,tcp,,unknown
3306,tcp,MySQL 8.0.28,mysql
512,tcp,,unknown
6379,tcp,+OK,redis
6379,tcp,+OK,redis
8888,tcp,,unknown
139,tcp,Samba,unknown
3389,tcp,Microsoft Terminal Services,unknown
27017,tcp,MongoDB 6.0,unknown
4444,tcp,,unknown
2049,tcp,,nfs
69,tcp,,tftp
22,tcp,OpenSSH_8.2p1,ssh
443,tcp,nginx/1.18.0,https
139,tcp,,unknown
5432,tcp,PostgreSQL 14.2,postgresql
873,tcp,,unknown
2049,tcp,,nfs
2049,tcp,,nfs
873,tcp,,unknown
6379,tcp,+OK,redis
23,tcp,,telnet
1521,tcp,Oracle TNS Listener,unknown
80,tcp,LiteSpeed,http
53,tcp,,unknown
8080,tcp,Tomcat/9.0,http
27017,tcp,ismaster,unknown
3306,tcp,MariaDB 10.6,mysql
6379,tcp,Redis server v=7.0.4,redis
80,tcp,Apache/2.4.41,http
4444,tcp,,unknown
8443,tcp,nginx/1.18.0,unknown
873,tcp,,unknown
5432,tcp,PostgreSQL 14.2,postgresql
8888,tcp,,unknown
69,tcp,,tftp
27017,tcp,MongoDB 6.0,unknown
2049,tcp,,nfs
111,tcp,,unknown
3306,tcp,MySQL 5.7.38,mysql
22,tcp,OpenSSH_7.4p1,ssh
143,tcp,* OK [CAPABILITY IMAP4rev1],imap
4444,tcp,,unknown
53,tcp,,unknown
5900,tcp,RFB 003.008,unknown
873,tcp,,unknown
513,tcp,,unknown
445,tcp,Samba,unknown
514,tcp,,unknown
53,tcp,,unknown
8888,tcp,,unknown
873,tcp,,unknown
6379,tcp,+OK,redis
53,tcp,,unknown
6379,tcp,Redis server v=7.0.4,redis
69,tcp,,tftp
3389,tcp,Microsoft Terminal Services,unknown
110,tcp,Dovecot ready,pop3
69,tcp,,tftp
8443,tcp,Apache/2.4.41,unknown
513,tcp,,unknown
5900,tcp,RealVNC,unknown
873,tcp,,unknown
110,tcp,+OK Dovecot,pop3
23,tcp,,telnet
512,tcp,,unknown
25,tcp,Postfix ESMTP,smtp
27017,tcp,ismaster,unknown
23,tcp,,telnet
514,tcp,,unknown
443,tcp,Apache/2.4.41,https
69,tcp,,tftp
3306,tcp,MySQL 5.7.38,mysql
873,tcp,,unknown
111,tcp,,unknown
5900,tcp,RFB 003.008,unknown
512,tcp,,unknown
6379,tcp,Redis server v=7.0.4,redis
873,tcp,,unknown
25,tcp,Sendmail 8.15,smtp
512,tcp,,unknown
111,tcp,,unknown
513,tcp,,unknown
8080,tcp,nginx/1.18.0,http
4444,tcp,,unknown
22,tcp,OpenSSH_7.4p1,ssh
514,tcp,,unknown
80,tcp,LiteSpeed,http
21,tcp,Pure-FTPd,ftp
1433,tcp,,unknown
4444,tcp,,unknown
1521,tcp,Oracle TNS Listener,unknown
445,tcp,Windows SMB,unknown
445,tcp,,unknown
8888,tcp,,unknown
111,tcp,,unknown
21,tcp,Pure-FTPd,ftp
6379,tcp,+OK,redis
110,tcp,Dovecot ready,pop3
1433,tcp,,unknown
143,tcp,* OK [CAPABILITY IMAP4rev1],imap
21,tcp,Pure-FTPd,ftp
110,tcp,+OK Dovecot,pop3
8888,tcp,,unknown
139,tcp,Samba,unknown
513,tcp,,unknown
8888,tcp,,unknown
110,tcp,+OK Dovecot,pop3
143,tcp,Dovecot IMAP,imap
22,tcp,OpenSSH_8.2p1,ssh
25,tcp,Microsoft ESMTP,smtp
6379,tcp,+OK,redis
22,tcp,SSH-2.0-OpenSSH_9.0,ssh
3306,tcp,MariaDB 10.6,mysql
8080,tcp,Tomcat/9.0,http
2049,tcp,,nfs
143,tcp,Dovecot IMAP,imap
53,tcp,,unknown
4444,tcp,,unknown
111,tcp,,unknown
110,tcp,+OK Dovecot,pop3
69,tcp,,tftp
25,tcp,Postfix ESMTP,smtp
110,tcp,+OK Dovecot,pop3
143,tcp,Dovecot IMAP,imap
53,tcp,,unknown
6379,tcp,+OK,redis
514,tcp,,unknown
8888,tcp,,unknown
445,tcp,Samba,unknown
8080,tcp,Apache/2.4.41,http
8080,tcp,Tomcat/9.0,http
4444,tcp,,unknown
5432,tcp,PostgreSQL 14.2,postgresql
445,tcp,Windows SMB,unknown
2049,tcp,,nfs
1433,tcp,,unknown
8443,tcp,nginx/1.18.0,unknown
514,tcp,,unknown
5900,tcp,RFB 003.008,unknown
513,tcp,,unknown
6379,tcp,+OK,redis
21,tcp,Pure-FTPd,ftp
514,tcp,,unknown
5432,tcp,PostgreSQL 14.2,postgresql
873,tcp,,unknown
8443,tcp,,unknown
513,tcp,,unknown
27017,tcp,ismaster,unknown
445,tcp,Samba,unknown
69,tcp,,tftp
80,tcp,,http
53,tcp,,unknown
143,tcp,Dovecot IMAP,imap
8443,tcp,nginx/1.18.0,unknown
21,tcp,FileZilla FTP,ftp
514,tcp,,unknown
443,tcp,nginx/1.18.0,https
513,tcp,,unknown
5432,tcp,PostgreSQL 14.2,postgresql
513,tcp,,unknown
513,tcp,,unknown
53,tcp,,unknown
512,tcp,,unknown
111,tcp,,unknown
513,tcp,,unknown
143,tcp,* OK [CAPABILITY IMAP4rev1],imap
5432,tcp,PostgreSQL 14.2,postgresql
2049,tcp,,nfs
5432,tcp,PostgreSQL 14.2,postgresql
873,tcp,,unknown
3306,tcp,MariaDB 10.6,mysql
8888,tcp,,unknown
80,tcp,Apache/2.4.41,http
5900,tcp,RFB 003.008,unknown
110,tcp,+OK Dovecot,pop3
23,tcp,,telnet
139,tcp,Samba,unknown
8443,tcp,nginx/1.18.0,unknown
514,tcp,,unknown
514,tcp,,unknown
53,tcp,,unknown
2049,tcp,,nfs
4444,tcp,,unknown
69,tcp,,tftp
110,tcp,+OK POP3 ready,pop3
23,tcp,,telnet
445,tcp,Samba,unknown
111,tcp,,unknown
139,tcp,Samba,unknown
445,tcp,Samba,unknown
5432,tcp,PostgreSQL 14.2,postgresql
53,tcp,,unknown
514,tcp,,unknown
514,tcp,,unknown
6379,tcp,+OK,redis
21,tcp,Pure-FTPd,ftp
3389,tcp,Microsoft Terminal Services,unknown
6379,tcp,+OK,redis
53,tcp,,unknown
3306,tcp,MySQL 5.7.38,mysql
139,tcp,Samba,unknown
53,tcp,,unknown
25,tcp,Microsoft ESMTP,smtp
21,tcp,vsftpd 3.0.3,ftp
514,tcp,,unknown
3306,tcp,MariaDB 10.6,mysql
110,tcp,+OK POP3 ready,pop3
22,tcp,SSH-2.0-OpenSSH_9.0,ssh
514,tcp,,unknown
22,tcp,Dropbear SSH,ssh
8888,tcp,,unknown
6379,tcp,Redis server v=7.0.4,redis
1521,tcp,Oracle TNS Listener,unknown
80,tcp,nginx/1.18.0,http
5900,tcp,RFB 003.008,unknown
69,tcp,,tftp
21,tcp,vsftpd 3.0.3,ftp
5900,tcp,RealVNC,unknown
6379,tcp,Redis server v=7.0.4,redis
514,tcp,,unknown
8443,tcp,Apache/2.4.41,unknown
3389,tcp,Microsoft Terminal Services,unknown
8888,tcp,,unknown
111,tcp,,unknown
27017,tcp,MongoDB 6.0,unknown
2049,tcp,,nfs
443,tcp,nginx/1.18.0,https
513,tcp,,unknown
22,tcp,OpenSSH_8.2p1,ssh
1433,tcp,,unknown
27017,tcp,MongoDB 6.0,unknown
27017,tcp,MongoDB 6.0,unknown
443,tcp,LiteSpeed,https
5432,tcp,PostgreSQL 14.2,postgresql
5900,tcp,RealVNC,unknown
1433,tcp,,unknown
25,tcp,Microsoft ESMTP,smtp
443,tcp,nginx/1.18.0,https
23,tcp,,telnet
1521,tcp,Oracle TNS Listener,unknown
2049,tcp,,nfs
6379,tcp,Redis server v=7.0.4,redis
513,tcp,,unknown
514,tcp,,unknown
1433,tcp,,unknown
1521,tcp,Oracle TNS Listener,unknown
443,tcp,Apache/2.4.41,https
3389,tcp,Microsoft Terminal Services,unknown
80,tcp,Microsoft-IIS/10.0,http
512,tcp,,unknown
23,tcp,,telnet
8888,tcp,,unknown
5432,tcp,PostgreSQL 14.2,postgresql
2049,tcp,,nfs
443,tcp,Apache/2.4.41,https
445,tcp,Samba,unknown
53,tcp,,unknown
873,tcp,,unknown
53,tcp,,unknown
5900,tcp,RealVNC,unknown
3389,tcp,Microsoft Terminal Services,unknown
111,tcp,,unknown
8443,tcp,Apache/2.4.41,unknown
21,tcp,Pure-FTPd,ftp
23,tcp,,telnet
5432,tcp,PostgreSQL 14.2,postgresql
514,tcp,,unknown
2049,tcp,,nfs
80,tcp,LiteSpeed,http
3306,tcp,MySQL 5.7.38,mysql
8080,tcp,Tomcat/9.0,http
3389,tcp,Microsoft Terminal Services,unknown
6379,tcp,+OK,redis
3389,tcp,,unknown
8888,tcp,,unknown
5900,tcp,RealVNC,unknown
8888,tcp,,unknown
69,tcp,,tftp
143,tcp,* OK [CAPABILITY IMAP4rev1],imap
80,tcp,,http
512,tcp,,unknown
111,tcp,,unknown
443,tcp,nginx/1.18.0,https
69,tcp,,tftp
512,tcp,,unknown
445,tcp,Windows SMB,unknown
69,tcp,,tftp
443,tcp,Apache/2.4.41,https
27017,tcp,ismaster,unknown
445,tcp,,unknown
27017,tcp,MongoDB 6.0,unknown
5900,tcp,RealVNC,unknown
111,tcp,,unknown
6379,tcp,+OK,redis
8443,tcp,,unknown
8888,tcp,,unknown
111,tcp,,unknown
25,tcp,Sendmail 8.15,smtp
110,tcp,+OK POP3 ready,pop3
3389,tcp,Microsoft Terminal Services,unknown
22,tcp,OpenSSH_8.2p1,ssh
3389,tcp,,unknown
8888,tcp,,unknown
143,tcp,* OK [CAPABILITY IMAP4rev1],imap
443,tcp,nginx/1.18.0,https
110,tcp,+OK POP3 ready,pop3
21,tcp,ProFTPD 1.3.5,ftp
111,tcp,,unknown
445,tcp,,unknown
5432,tcp,PostgreSQL 14.2,postgresql
514,tcp,,unknown
3389,tcp,Microsoft Terminal Services,unknown
25,tcp,Postfix ESMTP,smtp
3389,tcp,,unknown
25,tcp,Exim 4.95,smtp
514,tcp,,unknown
2049,tcp,,nfs
5432,tcp,PostgreSQL 14.2,postgresql
443,tcp,nginx/1.18.0,https
5900,tcp,RealVNC,unknown
22,tcp,SSH-2.0-OpenSSH_9.0,ssh
5432,tcp,PostgreSQL 14.2,postgresql
512,tcp,,unknown
53,tcp,,unknown
1433,tcp,Microsoft SQL Server 2019,unknown
25,tcp,Postfix ESMTP,smtp
139,tcp,,unknown
23,tcp,,telnet
110,tcp,Dovecot ready,pop3
443,tcp,Apache/2.4.41,https
53,tcp,,unknown
3389,tcp,,unknown
143,tcp,Dovecot IMAP,imap
3306,tcp,MariaDB 10.6,mysql
873,tcp,,unknown
139,tcp,,unknown
5432,tcp,PostgreSQL 14.2,postgresql
513,tcp,,unknown
8443,tcp,Apache/2.4.41,unknown
8443,tcp,nginx/1.18.0,unknown
5900,tcp,RFB 003.008,unknown
22,tcp,Dropbear SSH,ssh
143,tcp,* OK [CAPABILITY IMAP4rev1],imap
513,tcp,,unknown
513,tcp,,unknown
513,tcp,,unknown
5432,tcp,PostgreSQL 14.2,postgresql
23,tcp,,telnet
4444,tcp,,unknown
22,tcp,OpenSSH_8.2p1,ssh
8080,tcp,Apache/2.4.41,http
111,tcp,,unknown
139,tcp,Samba,unknown
4444,tcp,,unknown
873,tcp,,unknown
514,tcp,,unknown
53,tcp,,unknown
5432,tcp,PostgreSQL 14.2,postgresql
53,tcp,,unknown
3389,tcp,Microsoft Terminal Services,unknown
143,tcp,Dovecot IMAP,imap
3389,tcp,,unknown
873,tcp,,unknown
1433,tcp,Microsoft SQL Server 2019,unknown
5432,tcp,PostgreSQL 14.2,postgresql
111,tcp,,unknown
1433,tcp,Microsoft SQL Server 2019,unknown
1521,tcp,Oracle TNS Listener,unknown
5432,tcp,PostgreSQL 14.2,postgresql
445,tcp,,unknown
5900,tcp,RealVNC,unknown
110,tcp,Dovecot ready,pop3
8888,tcp,,unknown
3389,tcp,Microsoft Terminal Services,unknown
110,tcp,+OK POP3 ready,pop3
8443,tcp,nginx/1.18.0,unknown
21,tcp,vsftpd 3.0.3,ftp
111,tcp,,unknown
443,tcp,LiteSpeed,https
512,tcp,,unknown
6379,tcp,Redis server v=7.0.4,redis
143,tcp,* OK [CAPABILITY IMAP4rev1],imap
23,tcp,,telnet
143,tcp,* OK [CAPABILITY IMAP4rev1],imap
110,tcp,Dovecot ready,pop3
6379,tcp,+OK,redis
8080,tcp,Jetty,http
25,tcp,Sendmail 8.15,smtp
2049,tcp,,nfs
512,tcp,,unknown
21,tcp,Pure-FTPd,ftp
8080,tcp,nginx/1.18.0,http
25,tcp,Exim 4.95,smtp
8443,tcp,,unknown
5900,tcp,RFB 003.008,unknown
513,tcp,,unknown
8888,tcp,,unknown
1433,tcp,Microsoft SQL Server 2019,unknown
8888,tcp,,unknown
21,tcp,ProFTPD 1.3.5,ftp
8443,tcp,nginx/1.18.0,unknown
69,tcp,,tftp
8080,tcp,Tomcat/9.0,http
1433,tcp,Microsoft SQL Server 2019,unknown
3389,tcp,Microsoft Terminal Services,unknown
23,tcp,,telnet
139,tcp,,unknown
6379,tcp,Redis server v=7.0.4,redis
80,tcp,Apache/2.4.41,http
143,tcp,* OK [CAPABILITY IMAP4rev1],imap
8443,tcp,,unknown
513,tcp,,unknown
1433,tcp,Microsoft SQL Server 2019,unknown
3306,tcp,MySQL 8.0.28,mysql
8443,tcp,,unknown
2049,tcp,,nfs
22,tcp,OpenSSH_7.4p1,ssh
53,tcp,,unknown
111,tcp,,unknown
5432,tcp,PostgreSQL 14.2,postgresql
1433,tcp,Microsoft SQL Server 2019,unknown
6379,tcp,+OK,redis
80,tcp,Apache/2.4.41,http
5900,tcp,RFB 003.008,unknown
27017,tcp,MongoDB 6.0,unknown
6379,tcp,+OK,redis
514,tcp,,unknown
6379,tcp,+OK,redis
80,tcp,LiteSpeed,http
139,tcp,Samba,unknown
143,tcp,Dovecot IMAP,imap
143,tcp,* OK [CAPABILITY IMAP4rev1],imap
873,tcp,,unknown
23,tcp,,telnet
4444,tcp,,unknown
512,tcp,,unknown
8443,tcp,nginx/1.18.0,unknown
25,tcp,Postfix ESMTP,smtp
3389,tcp,,unknown
2049,tcp,,nfs
8443,tcp,nginx/1.18.0,unknown
8443,tcp,nginx/1.18.0,unknown
8888,tcp,,unknown
8080,tcp,Jetty,http
143,tcp,* OK [CAPABILITY IMAP4rev1],imap
1433,tcp,Microsoft SQL Server 2019,unknown
4444,tcp,,unknown
8080,tcp,nginx/1.18.0,http
3306,tcp,MariaDB 10.6,mysql
3389,tcp,,unknown
5900,tcp,RFB 003.008,unknown
513,tcp,,unknown
25,tcp,Sendmail 8.15,smtp
5432,tcp,PostgreSQL 14.2,postgresql
514,tcp,,unknown
53,tcp,,unknown
5432,tcp,PostgreSQL 14.2,postgresql
3306,tcp,MariaDB 10.6,mysql
5900,tcp,RealVNC,unknown
513,tcp,,unknown
53,tcp,,unknown
512,tcp,,unknown
143,tcp,Dovecot IMAP,imap
21,tcp,ProFTPD 1.3.5,ftp
143,tcp,* OK [CAPABILITY IMAP4rev1],imap
5900,tcp,RealVNC,unknown
23,tcp,,telnet
22,tcp,OpenSSH_7.4p1,ssh
443,tcp,nginx/1.18.0,https
110,tcp,Dovecot ready,pop3
22,tcp,Dropbear SSH,ssh
111,tcp,,unknown
2049,tcp,,nfs
6379,tcp,+OK,redis
143,tcp,Dovecot IMAP,imap
513,tcp,,unknown
445,tcp,,unknown
3389,tcp,Microsoft Terminal Services,unknown
3306,tcp,MySQL 8.0.28,mysql
8080,tcp,Apache/2.4.41,http
873,tcp,,unknown
8888,tcp,,unknown
143,tcp,* OK [CAPABILITY IMAP4rev1],imap
21,tcp,FileZilla FTP,ftp
111,tcp,,unknown
443,tcp,Apache/2.4.41,https
21,tcp,ProFTPD 1.3.5,ftp
2049,tcp,,nfs
8888,tcp,,unknown
4444,tcp,,unknown
1433,tcp,,unknown
110,tcp,+OK Dovecot,pop3
111,tcp,,unknown
23,tcp,,telnet
873,tcp,,unknown
3389,tcp,,unknown
443,tcp,,https
6379,tcp,Redis server v=7.0.4,redis
110,tcp,Dovecot ready,pop3
513,tcp,,unknown
3306,tcp,MySQL 5.7.38,mysql
22,tcp,SSH-2.0-OpenSSH_9.0,ssh
514,tcp,,unknown
445,tcp,Samba,unknown
23,tcp,,telnet
8888,tcp,,unknown
25,tcp,Microsoft ESMTP,smtp
25,tcp,Postfix ESMTP,smtp
1521,tcp,Oracle TNS Listener,unknown
8888,tcp,,unknown
8888,tcp,,unknown
8888,tcp,,unknown
1521,tcp,Oracle TNS Listener,unknown
25,tcp,Postfix ESMTP,smtp
53,tcp,,unknown
8080,tcp,Apache/2.4.41,http
8443,tcp,Apache/2.4.41,unknown
27017,tcp,ismaster,unknown
139,tcp,Samba,unknown
512,tcp,,unknown
5432,tcp,PostgreSQL 14.2,postgresql
512,tcp,,unknown
8443,tcp,nginx/1.18.0,unknown
69,tcp,,tftp
5900,tcp,RealVNC,unknown
111,tcp,,unknown
111,tcp,,unknown
8888,tcp,,unknown
2049,tcp,,nfs
23,tcp,,telnet
139,tcp,,unknown
23,tcp,,telnet
513,tcp,,unknown
873,tcp,,unknown
443,tcp,nginx/1.18.0,https
514,tcp,,unknown
6379,tcp,Redis server v=7.0.4,redis
21,tcp,FileZilla FTP,ftp
512,tcp,,unknown
23,tcp,,telnet
2049,tcp,,nfs
21,tcp,Pure-FTPd,ftp
8888,tcp,,unknown
69,tcp,,tftp
6379,tcp,+OK,redis
443,tcp,,https
445,tcp,Windows SMB,unknown
110,tcp,+OK Dovecot,pop3
443,tcp,,https
53,tcp,,unknown
110,tcp,Dovecot ready,pop3
512,tcp,,unknown
2049,tcp,,nfs
5432,tcp,PostgreSQL 14.2,postgresql
110,tcp,+OK POP3 ready,pop3
8443,tcp,nginx/1.18.0,unknown
8443,tcp,,unknown
110,tcp,+OK POP3 ready,pop3
445,tcp,Samba,unknown
873,tcp,,unknown
873,tcp,,unknown
139,tcp,Samba,unknown
873,tcp,,unknown
53,tcp,,unknown
443,tcp,Apache/2.4.41,https
21,tcp,Pure-FTPd,ftp
1521,tcp,Oracle TNS Listener,unknown
3389,tcp,,unknown
110,tcp,+OK Dovecot,pop3
2049,tcp,,nfs
69,tcp,,tftp
443,tcp,,https
5432,tcp,PostgreSQL 14.2,postgresql
143,tcp,* OK [CAPABILITY IMAP4rev1],imap
445,tcp,Windows SMB,unknown
80,tcp,LiteSpeed,http
69,tcp,,tftp
873,tcp,,unknown
23,tcp,,telnet
1521,tcp,Oracle TNS Listener,unknown
8888,tcp,,unknown
110,tcp,+OK POP3 ready,pop3
1521,tcp,Oracle TNS Listener,unknown
873,tcp,,unknown
27017,tcp,MongoDB 6.0,unknown
8080,tcp,nginx/1.18.0,http
53,tcp,,unknown
445,tcp,Samba,unknown
8080,tcp,Jetty,http
25,tcp,Postfix ESMTP,smtp
111,tcp,,unknown
445,tcp,Windows SMB,unknown
8080,tcp,Apache/2.4.41,http
111,tcp,,unknown
69,tcp,,tftp
873,tcp,,unknown
513,tcp,,unknown
513,tcp,,unknown
443,tcp,Apache/2.4.41,https
143,tcp,Dovecot IMAP,imap
25,tcp,Microsoft ESMTP,smtp
2049,tcp,,nfs
1433,tcp,Microsoft SQL Server 2019,unknown
27017,tcp,MongoDB 6.0,unknown
514,tcp,,unknown
143,tcp,Dovecot IMAP,imap
6379,tcp,+OK,redis
53,tcp,,unknown
1521,tcp,Oracle TNS Listener,unknown
23,tcp,,telnet
110,tcp,+OK POP3 ready,pop3
25,tcp,Microsoft ESMTP,smtp
512,tcp,,unknown
514,tcp,,unknown
8080,tcp,Jetty,http
3306,tcp,MySQL 8.0.28,mysql
80,tcp,,http
53,tcp,,unknown
3306,tcp,MySQL 8.0.28,mysql
143,tcp,* OK [CAPABILITY IMAP4rev1],imap
2049,tcp,,nfs
873,tcp,,unknown
143,tcp,* OK [CAPABILITY IMAP4rev1],imap
80,tcp,Microsoft-IIS/10.0,http
110,tcp,+OK POP3 ready,pop3
513,tcp,,unknown
4444,tcp,,unknown
445,tcp,Windows SMB,unknown
21,tcp,FileZilla FTP,ftp
3306,tcp,MySQL 8.0.28,mysql
3306,tcp,MariaDB 10.6,mysql
3389,tcp,,unknown
3306,tcp,MySQL 5.7.38,mysql
23,tcp,,telnet
2049,tcp,,nfs
8443,tcp,nginx/1.18.0,unknown
8080,tcp,Tomcat/9.0,http
8888,tcp,,unknown
2049,tcp,,nfs
8080,tcp,Tomcat/9.0,http
873,tcp,,unknown
4444,tcp,,unknown
21,tcp,Pure-FTPd,ftp
69,tcp,,tftp
443,tcp,LiteSpeed,https
4444,tcp,,unknown
143,tcp,* OK [CAPABILITY IMAP4rev1],imap
111,tcp,,unknown
6379,tcp,Redis server v=7.0.4,redis
2049,tcp,,nfs
139,tcp,,unknown
8443,tcp,nginx/1.18.0,unknown
8080,tcp,Tomcat/9.0,http
5432,tcp,PostgreSQL 14.2,postgresql
111,tcp,,unknown
139,tcp,Samba,unknown
512,tcp,,unknown
23,tcp,,telnet
445,tcp,,unknown
443,tcp,LiteSpeed,https
139,tcp,,unknown
1521,tcp,Oracle TNS Listener,unknown
1521,tcp,Oracle TNS Listener,unknown
1433,tcp,,unknown
69,tcp,,tftp
22,tcp,SSH-2.0-OpenSSH_9.0,ssh
110,tcp,Dovecot ready,pop3
512,tcp,,unknown
110,tcp,+OK Dovecot,pop3
5900,tcp,RFB 003.008,unknown
1521,tcp,Oracle TNS Listener,unknown
69,tcp,,tftp
5900,tcp,RealVNC,unknown
513,tcp,,unknown
8443,tcp,,unknown
22,tcp,Dropbear SSH,ssh
4444,tcp,,unknown
23,tcp,,telnet
139,tcp,Samba,unknown
110,tcp,+OK POP3 ready,pop3
1433,tcp,,unknown
5900,tcp,RFB 003.008,unknown
5900,tcp,RFB 003.008,unknown
873,tcp,,unknown
8888,tcp,,unknown
80,tcp,nginx/1.18.0,http
1433,tcp,,unknown
1521,tcp,Oracle TNS Listener,unknown
514,tcp,,unknown
4444,tcp,,unknown
143,tcp,Dovecot IMAP,imap
873,tcp,,unknown
8888,tcp,,unknown
25,tcp,Microsoft ESMTP,smtp
5900,tcp,RFB 003.008,unknown
8443,tcp,nginx/1.18.0,unknown
3389,tcp,,unknown
27017,tcp,MongoDB 6.0,unknown
6379,tcp,+OK,redis
513,tcp,,unknown
143,tcp,* OK [CAPABILITY IMAP4rev1],imap
25,tcp,Microsoft ESMTP,smtp
23,tcp,,telnet
23,tcp,,telnet
21,tcp,FileZilla FTP,ftp
2049,tcp,,nfs
1433,tcp,,unknown
21,tcp,Pure-FTPd,ftp
873,tcp,,unknown
27017,tcp,MongoDB 6.0,unknown
69,tcp,,tftp
27017,tcp,ismaster,unknown
445,tcp,Windows SMB,unknown
69,tcp,,tftp
3306,tcp,MySQL 8.0.28,mysql
514,tcp,,unknown
513,tcp,,unknown
512,tcp,,unknown
5432,tcp,PostgreSQL 14.2,postgresql
25,tcp,Sendmail 8.15,smtp
1433,tcp,,unknown
143,tcp,Dovecot IMAP,imap
514,tcp,,unknown
1433,tcp,Microsoft SQL Server 2019,unknown
3306,tcp,MySQL 8.0.28,mysql
1521,tcp,Oracle TNS Listener,unknown
8080,tcp,Jetty,http
445,tcp,Windows SMB,unknown
512,tcp,,unknown
21,tcp,FileZilla FTP,ftp
8888,tcp,,unknown
1433,tcp,Microsoft SQL Server 2019,unknown
8080,tcp,nginx/1.18.0,http
139,tcp,Samba,unknown
69,tcp,,tftp
23,tcp,,telnet
1433,tcp,Microsoft SQL Server 2019,unknown
4444,tcp,,unknown
80,tcp,Microsoft-IIS/10.0,http
5900,tcp,RealVNC,unknown
8888,tcp,,unknown
3306,tcp,MySQL 5.7.38,mysql
23,tcp,,telnet
8888,tcp,,unknown
6379,tcp,Redis server v=7.0.4,redis
69,tcp,,tftp
1521,tcp,Oracle TNS Listener,unknown
110,tcp,+OK POP3 ready,pop3
110,tcp,+OK POP3 ready,pop3
143,tcp,Dovecot IMAP,imap
25,tcp,Postfix ESMTP,smtp
4444,tcp,,unknown
23,tcp,,telnet
4444,tcp,,unknown
873,tcp,,unknown
53,tcp,,unknown
4444,tcp,,unknown
23,tcp,,telnet
3306,tcp,MySQL 8.0.28,mysql
8443,tcp,,unknown
443,tcp,Apache/2.4.41,https
1521,tcp,Oracle TNS Listener,unknown
80,tcp,Apache/2.4.41,http
2049,tcp,,nfs
139,tcp,Samba,unknown
6379,tcp,Redis server v=7.0.4,redis
80,tcp,Apache/2.4.41,http
873,tcp,,unknown
513,tcp,,unknown
3306,tcp,MySQL 5.7.38,mysql
4444,tcp,,unknown
5900,tcp,RFB 003.008,unknown
3389,tcp,Microsoft Terminal Services,unknown
5432,tcp,PostgreSQL 14.2,postgresql
2049,tcp,,nfs
5432,tcp,PostgreSQL 14.2,postgresql
6379,tcp,+OK,redis
6379,tcp,+OK,redis
443,tcp,Apache/2.4.41,https
27017,tcp,ismaster,unknown
512,tcp,,unknown
27017,tcp,ismaster,unknown
443,tcp,LiteSpeed,https
80,tcp,Apache/2.4.41,http
25,tcp,Postfix ESMTP,smtp
80,tcp,,http
22,tcp,Dropbear SSH,ssh
1521,tcp,Oracle TNS Listener,unknown
139,tcp,,unknown
27017,tcp,ismaster,unknown
8888,tcp,,unknown
8080,tcp,nginx/1.18.0,http
21,tcp,ProFTPD 1.3.5,ftp
3306,tcp,MariaDB 10.6,mysql
111,tcp,,unknown
8080,tcp,nginx/1.18.0,http
443,tcp,nginx/1.18.0,https
25,tcp,Microsoft ESMTP,smtp
110,tcp,+OK POP3 ready,pop3
8080,tcp,Jetty,http
53,tcp,,unknown
873,tcp,,unknown
514,tcp,,unknown
512,tcp,,unknown
514,tcp,,unknown
513,tcp,,unknown
8888,tcp,,unknown
513,tcp,,unknown
25,tcp,Microsoft ESMTP,smtp
512,tcp,,unknown
111,tcp,,unknown
25,tcp,Postfix ESMTP,smtp
23,tcp,,telnet
143,tcp,* OK [CAPABILITY IMAP4rev1],imap
22,tcp,SSH-2.0-OpenSSH_9.0,ssh
21,tcp,FileZilla FTP,ftp
21,tcp,ProFTPD 1.3.5,ftp
23,tcp,,telnet
513,tcp,,unknown
6379,tcp,Redis server v=7.0.4,redis
513,tcp,,unknown
5432,tcp,PostgreSQL 14.2,postgresql
3306,tcp,MariaDB 10.6,mysql
2049,tcp,,nfs
5432,tcp,PostgreSQL 14.2,postgresql
1433,tcp,,unknown
22,tcp,OpenSSH_7.4p1,ssh
8888,tcp,,unknown
21,tcp,Pure-FTPd,ftp
143,tcp,Dovecot IMAP,imap
22,tcp,OpenSSH_8.2p1,ssh
8080,tcp,Tomcat/9.0,http
514,tcp,,unknown
3306,tcp,MySQL 8.0.28,mysql
21,tcp,Pure-FTPd,ftp
6379,tcp,+OK,redis
2049,tcp,,nfs
139,tcp,Samba,unknown
1433,tcp,Microsoft SQL Server 2019,unknown
110,tcp,+OK Dovecot,pop3
139,tcp,Samba,unknown
512,tcp,,unknown
443,tcp,Apache/2.4.41,https
513,tcp,,unknown
80,tcp,,http
27017,tcp,MongoDB 6.0,unknown
445,tcp,Windows SMB,unknown
873,tcp,,unknown
445,tcp,Samba,unknown
27017,tcp,MongoDB 6.0,unknown
111,tcp,,unknown
69,tcp,,tftp
23,tcp,,telnet
1521,tcp,Oracle TNS Listener,unknown
873,tcp,,unknown
8080,tcp,Tomcat/9.0,http
110,tcp,+OK Dovecot,pop3
5900,tcp,RealVNC,unknown
513,tcp,,unknown
873,tcp,,unknown
23,tcp,,telnet
513,tcp,,unknown
8888,tcp,,unknown
445,tcp,Windows SMB,unknown
8080,tcp,Tomcat/9.0,http
3389,tcp,Microsoft Terminal Services,unknown
143,tcp,* OK [CAPABILITY IMAP4rev1],imap
25,tcp,Microsoft ESMTP,smtp
143,tcp,Dovecot IMAP,imap
443,tcp,,https
513,tcp,,unknown
4444,tcp,,unknown
4444,tcp,,unknown
5432,tcp,PostgreSQL 14.2,postgresql
53,tcp,,unknown
8443,tcp,Apache/2.4.41,unknown
8080,tcp,nginx/1.18.0,http
514,tcp,,unknown
1521,tcp,Oracle TNS Listener,unknown
80,tcp,nginx/1.18.0,http
27017,tcp,ismaster,unknown
2049,tcp,,nfs
143,tcp,* OK [CAPABILITY IMAP4rev1],imap
4444,tcp,,unknown
111,tcp,,unknown
23,tcp,,telnet
8443,tcp,,unknown
5432,tcp,PostgreSQL 14.2,postgresql
21,tcp,vsftpd 3.0.3,ftp
53,tcp,,unknown
25,tcp,Postfix ESMTP,smtp
22,tcp,OpenSSH_8.2p1,ssh
110,tcp,+OK Dovecot,pop3
1433,tcp,,unknown
512,tcp,,unknown
5900,tcp,RealVNC,unknown
25,tcp,Microsoft ESMTP,smtp
443,tcp,Apache/2.4.41,https
53,tcp,,unknown
80,tcp,Apache/2.4.41,http
23,tcp,,telnet
139,tcp,Samba,unknown
27017,tcp,ismaster,unknown
110,tcp,Dovecot ready,pop3
445,tcp,,unknown
445,tcp,,unknown
513,tcp,,unknown
143,tcp,* OK [CAPABILITY IMAP4rev1],imap
873,tcp,,unknown
80,tcp,LiteSpeed,http
443,tcp,Apache/2.4.41,https
143,tcp,* OK [CAPABILITY IMAP4rev1],imap
445,tcp,,unknown
5432,tcp,PostgreSQL 14.2,postgresql
1433,tcp,Microsoft SQL Server 2019,unknown
5900,tcp,RealVNC,unknown
110,tcp,+OK POP3 ready,pop3
23,tcp,,telnet
21,tcp,vsftpd 3.0.3,ftp
1433,tcp,,unknown
25,tcp,Sendmail 8.15,smtp
513,tcp,,unknown
513,tcp,,unknown
8443,tcp,,unknown
8080,tcp,Jetty,http
22,tcp,SSH-2.0-OpenSSH_9.0,ssh
512,tcp,,unknown
8443,tcp,nginx/1.18.0,unknown
53,tcp,,unknown
69,tcp,,tftp
69,tcp,,tftp
6379,tcp,Redis server v=7.0.4,redis
8443,tcp,nginx/1.18.0,unknown
27017,tcp,MongoDB 6.0,unknown
25,tcp,Sendmail 8.15,smtp
3389,tcp,Microsoft Terminal Services,unknown
21,tcp,ProFTPD 1.3.5,ftp
445,tcp,,unknown
110,tcp,+OK Dovecot,pop3
2049,tcp,,nfs
4444,tcp,,unknown
21,tcp,vsftpd 3.0.3,ftp
139,tcp,,unknown
3389,tcp,Microsoft Terminal Services,unknown
443,tcp,Apache/2.4.41,https
873,tcp,,unknown
8080,tcp,Jetty,http
8080,tcp,Jetty,http
5432,tcp,PostgreSQL 14.2,postgresql
21,tcp,FileZilla FTP,ftp
139,tcp,Samba,unknown
8443,tcp,nginx/1.18.0,unknown
1433,tcp,,unknown
514,tcp,,unknown
22,tcp,OpenSSH_7.4p1,ssh
513,tcp,,unknown
443,tcp,Apache/2.4.41,https
23,tcp,,telnet
8080,tcp,Apache/2.4.41,http
5432,tcp,PostgreSQL 14.2,postgresql
8443,tcp,nginx/1.18.0,unknown
512,tcp,,unknown
4444,tcp,,unknown
6379,tcp,+OK,redis
3306,tcp,MySQL 8.0.28,mysql
512,tcp,,unknown
22,tcp,OpenSSH_8.2p1,ssh
513,tcp,,unknown
8888,tcp,,unknown
25,tcp,Sendmail 8.15,smtp
143,tcp,* OK [CAPABILITY IMAP4rev1],imap
22,tcp,OpenSSH_8.2p1,ssh
6379,tcp,Redis server v=7.0.4,redis
3306,tcp,MySQL 8.0.28,mysql
53,tcp,,unknown
512,tcp,,unknown
111,tcp,,unknown
513,tcp,,unknown
8080,tcp,Apache/2.4.41,http
21,tcp,ProFTPD 1.3.5,ftp
445,tcp,Windows SMB,unknown
8443,tcp,Apache/2.4.41,unknown
27017,tcp,MongoDB 6.0,unknown
5900,tcp,RealVNC,unknown
3306,tcp,MySQL 8.0.28,mysql
139,tcp,,unknown
1433,tcp,,unknown
513,tcp,,unknown
143,tcp,* OK [CAPABILITY IMAP4rev1],imap
25,tcp,Sendmail 8.15,smtp
873,tcp,,unknown
110,tcp,Dovecot ready,pop3
5432,tcp,PostgreSQL 14.2,postgresql
1433,tcp,Microsoft SQL Server 2019,unknown
53,tcp,,unknown
23,tcp,,telnet
3389,tcp,Microsoft Terminal Services,unknown
23,tcp,,telnet
3389,tcp,Microsoft Terminal Services,unknown
4444,tcp,,unknown
5432,tcp,PostgreSQL 14.2,postgresql
69,tcp,,tftp
27017,tcp,ismaster,unknown
22,tcp,Dropbear SSH,ssh
2049,tcp,,nfs
8080,tcp,Apache/2.4.41,http
4444,tcp,,unknown
80,tcp,,http
873,tcp,,unknown
1521,tcp,Oracle TNS Listener,unknown
22,tcp,OpenSSH_8.2p1,ssh
5432,tcp,PostgreSQL 14.2,postgresql
143,tcp,Dovecot IMAP,imap
69,tcp,,tftp
53,tcp,,unknown
69,tcp,,tftp
873,tcp,,unknown
69,tcp,,tftp
3389,tcp,,unknown
2049,tcp,,nfs
5900,tcp,RFB 003.008,unknown
80,tcp,,http
5900,tcp,RealVNC,unknown
1433,tcp,Microsoft SQL Server 2019,unknown
27017,tcp,ismaster,unknown
1521,tcp,Oracle TNS Listener,unknown
23,tcp,,telnet
514,tcp,,unknown
53,tcp,,unknown
1433,tcp,Microsoft SQL Server 2019,unknown
443,tcp,nginx/1.18.0,https
80,tcp,LiteSpeed,http
5900,tcp,RealVNC,unknown
4444,tcp,,unknown
873,tcp,,unknown
4444,tcp,,unknown
8443,tcp,Apache/2.4.41,unknown
5900,tcp,RealVNC,unknown
139,tcp,,unknown
1521,tcp,Oracle TNS Listener,unknown
23,tcp,,telnet
110,tcp,+OK Dovecot,pop3
445,tcp,Samba,unknown
53,tcp,,unknown
3389,tcp,,unknown
143,tcp,Dovecot IMAP,imap
2049,tcp,,nfs
23,tcp,,telnet
445,tcp,,unknown
445,tcp,Windows SMB,unknown
514,tcp,,unknown
8888,tcp,,unknown
1521,tcp,Oracle TNS Listener,unknown
514,tcp,,unknown
69,tcp,,tftp
80,tcp,Microsoft-IIS/10.0,http
22,tcp,SSH-2.0-OpenSSH_9.0,ssh
69,tcp,,tftp
23,tcp,,telnet
5900,tcp,RealVNC,unknown
3306,tcp,MySQL 5.7.38,mysql
3389,tcp,Microsoft Terminal Services,unknown
53,tcp,,unknown
445,tcp,Windows SMB,unknown
22,tcp,OpenSSH_8.2p1,ssh
139,tcp,,unknown
6379,tcp,Redis server v=7.0.4,redis
110,tcp,Dovecot ready,pop3
1521,tcp,Oracle TNS Listener,unknown
25,tcp,Sendmail 8.15,smtp
139,tcp,,unknown
3389,tcp,,unknown
139,tcp,Samba,unknown
3389,tcp,Microsoft Terminal Services,unknown
8888,tcp,,unknown
80,tcp,Apache/2.4.41,http
143,tcp,Dovecot IMAP,imap
8888,tcp,,unknown
1433,tcp,,unknown
25,tcp,Sendmail 8.15,smtp
5432,tcp,PostgreSQL 14.2,postgresql
512,tcp,,unknown
514,tcp,,unknown
8888,tcp,,unknown
513,tcp,,unknown
143,tcp,* OK [CAPABILITY IMAP4rev1],imap
3306,tcp,MySQL 8.0.28,mysql
4444,tcp,,unknown
80,tcp,,http
110,tcp,Dovecot ready,pop3
8080,tcp,Jetty,http
6379,tcp,+OK,redis
514,tcp,,unknown
69,tcp,,tftp
443,tcp,Apache/2.4.41,https
23,tcp,,telnet
5432,tcp,PostgreSQL 14.2,postgresql
23,tcp,,telnet
21,tcp,vsftpd 3.0.3,ftp
139,tcp,,unknown
443,tcp,nginx/1.18.0,https
445,tcp,Samba,unknown
25,tcp,Sendmail 8.15,smtp
53,tcp,,unknown
21,tcp,ProFTPD 1.3.5,ftp
53,tcp,,unknown
1433,tcp,,unknown
2049,tcp,,nfs
873,tcp,,unknown
111,tcp,,unknown
5432,tcp,PostgreSQL 14.2,postgresql
111,tcp,,unknown
514,tcp,,unknown
111,tcp,,unknown
873,tcp,,unknown
22,tcp,SSH-2.0-OpenSSH_9.0,ssh
111,tcp,,unknown
80,tcp,Microsoft-IIS/10.0,http
111,tcp,,unknown
873,tcp,,unknown
25,tcp,Sendmail 8.15,smtp
873,tcp,,unknown
53,tcp,,unknown
4444,tcp,,unknown
23,tcp,,telnet
139,tcp,Samba,unknown
23,tcp,,telnet
25,tcp,Microsoft ESMTP,smtp
111,tcp,,unknown
21,tcp,Pure-FTPd,ftp
3306,tcp,MySQL 8.0.28,mysql
22,tcp,OpenSSH_8.2p1,ssh
5432,tcp,PostgreSQL 14.2,postgresql
3389,tcp,,unknown
513,tcp,,unknown
111,tcp,,unknown
4444,tcp,,unknown
513,tcp,,unknown
2049,tcp,,nfs
23,tcp,,telnet
21,tcp,ProFTPD 1.3.5,ftp
513,tcp,,unknown
21,tcp,Pure-FTPd,ftp
69,tcp,,tftp
8443,tcp,Apache/2.4.41,unknown
139,tcp,Samba,unknown
69,tcp,,tftp
23,tcp,,telnet
513,tcp,,unknown
23,tcp,,telnet
25,tcp,Sendmail 8.15,smtp
22,tcp,Dropbear SSH,ssh
443,tcp,Apache/2.4.41,https
3389,tcp,,unknown
22,tcp,OpenSSH_8.2p1,ssh
23,tcp,,telnet
3306,tcp,MariaDB 10.6,mysql
512,tcp,,unknown
139,tcp,Samba,unknown
23,tcp,,telnet
25,tcp,Sendmail 8.15,smtp
2049,tcp,,nfs
1433,tcp,,unknown
1521,tcp,Oracle TNS Listener,unknown
443,tcp,,https
6379,tcp,+OK,redis
80,tcp,,http
80,tcp,,http
2049,tcp,,nfs
1521,tcp,Oracle TNS Listener,unknown
445,tcp,,unknown
873,tcp,,unknown
69,tcp,,tftp
22,tcp,Dropbear SSH,ssh
1433,tcp,,unknown
3306,tcp,MySQL 8.0.28,mysql
110,tcp,+OK POP3 ready,pop3
1521,tcp,Oracle TNS Listener,unknown
110,tcp,+OK POP3 ready,pop3
6379,tcp,+OK,redis
3306,tcp,MySQL 8.0.28,mysql
8888,tcp,,unknown
25,tcp,Postfix ESMTP,smtp
5900,tcp,RFB 003.008,unknown
512,tcp,,unknown
6379,tcp,Redis server v=7.0.4,redis
514,tcp,,unknown
6379,tcp,Redis server v=7.0.4,redis
53,tcp,,unknown
53,tcp,,unknown
513,tcp,,unknown
27017,tcp,MongoDB 6.0,unknown
8443,tcp,,unknown
27017,tcp,MongoDB 6.0,unknown
3389,tcp,,unknown
514,tcp,,unknown
23,tcp,,telnet
69,tcp,,tftp
1433,tcp,Microsoft SQL Server 2019,unknown
8888,tcp,,unknown
21,tcp,FileZilla FTP,ftp
110,tcp,+OK Dovecot,pop3
8080,tcp,Jetty,http
8443,tcp,Apache/2.4.41,unknown
5900,tcp,RealVNC,unknown
110,tcp,+OK POP3 ready,pop3
445,tcp,Samba,unknown
69,tcp,,tftp
2049,tcp,,nfs
111,tcp,,unknown
80,tcp,LiteSpeed,http
69,tcp,,tftp
25,tcp,Exim 4.95,smtp
3389,tcp,,unknown
445,tcp,,unknown
69,tcp,,tftp
110,tcp,+OK POP3 ready,pop3
8888,tcp,,unknown
6379,tcp,+OK,redis
8443,tcp,nginx/1.18.0,unknown
143,tcp,Dovecot IMAP,imap
513,tcp,,unknown
53,tcp,,unknown
8443,tcp,,unknown
110,tcp,Dovecot ready,pop3
5900,tcp,RFB 003.008,unknown
4444,tcp,,unknown
1433,tcp,Microsoft SQL Server 2019,unknown
69,tcp,,tftp
5900,tcp,RFB 003.008,unknown
111,tcp,,unknown
445,tcp,Samba,unknown
80,tcp,Apache/2.4.41,http
25,tcp,Postfix ESMTP,smtp
445,tcp,Samba,unknown
3306,tcp,MySQL 8.0.28,mysql
873,tcp,,unknown
4444,tcp,,unknown
8888,tcp,,unknown
111,tcp,,unknown
8888,tcp,,unknown
2049,tcp,,nfs
445,tcp,Windows SMB,unknown
4444,tcp,,unknown
8888,tcp,,unknown
873,tcp,,unknown
3306,tcp,MariaDB 10.6,mysql
6379,tcp,+OK,redis
8443,tcp,Apache/2.4.41,unknown
3389,tcp,Microsoft Terminal Services,unknown
22,tcp,Dropbear SSH,ssh
3306,tcp,MariaDB 10.6,mysql
8080,tcp,Apache/2.4.41,http
1521,tcp,Oracle TNS Listener,unknown
80,tcp,Apache/2.4.41,http
8080,tcp,Jetty,http
1521,tcp,Oracle TNS Listener,unknown
5432,tcp,PostgreSQL 14.2,postgresql
4444,tcp,,unknown
514,tcp,,unknown
110,tcp,+OK POP3 ready,pop3
512,tcp,,unknown
2049,tcp,,nfs
143,tcp,Dovecot IMAP,imap
1521,tcp,Oracle TNS Listener,unknown
69,tcp,,tftp
22,tcp,OpenSSH_8.2p1,ssh
3389,tcp,Microsoft Terminal Services,unknown
2049,tcp,,nfs
110,tcp,+OK Dovecot,pop3
27017,tcp,MongoDB 6.0,unknown
1433,tcp,,unknown
5432,tcp,PostgreSQL 14.2,postgresql
1433,tcp,,unknown
23,tcp,,telnet
139,tcp,,unknown
27017,tcp,ismaster,unknown
69,tcp,,tftp
23,tcp,,telnet
443,tcp,LiteSpeed,https
8888,tcp,,unknown
1433,tcp,Microsoft SQL Server 2019,unknown
25,tcp,Microsoft ESMTP,smtp
512,tcp,,unknown
8080,tcp,Jetty,http
111,tcp,,unknown
8443,tcp,nginx/1.18.0,unknown
512,tcp,,unknown
139,tcp,,unknown
8080,tcp,Tomcat/9.0,http
27017,tcp,ismaster,unknown
139,tcp,,unknown
6379,tcp,+OK,redis
53,tcp,,unknown
514,tcp,,unknown
21,tcp,vsftpd 3.0.3,ftp
445,tcp,Windows SMB,unknown
8443,tcp,nginx/1.18.0,unknown
53,tcp,,unknown
21,tcp,Pure-FTPd,ftp
6379,tcp,+OK,redis
8888,tcp,,unknown
80,tcp,nginx/1.18.0,http
22,tcp,Dropbear SSH,ssh
25,tcp,Exim 4.95,smtp
1521,tcp,Oracle TNS Listener,unknown
8888,tcp,,unknown
8443,tcp,Apache/2.4.41,unknown
2049,tcp,,nfs
53,tcp,,unknown
8888,tcp,,unknown
143,tcp,Dovecot IMAP,imap
6379,tcp,Redis server v=7.0.4,redis
111,tcp,,unknown
2049,tcp,,nfs
23,tcp,,telnet
873,tcp,,unknown
21,tcp,FileZilla FTP,ftp
139,tcp,Samba,unknown
8888,tcp,,unknown
53,tcp,,unknown
139,tcp,,unknown
1521,tcp,Oracle TNS Listener,unknown
5432,tcp,PostgreSQL 14.2,postgresql
53,tcp,,unknown
512,tcp,,unknown
143,tcp,Dovecot IMAP,imap
53,tcp,,unknown
8080,tcp,nginx/1.18.0,http
21,tcp,FileZilla FTP,ftp
512,tcp,,unknown
512,tcp,,unknown
5900,tcp,RealVNC,unknown
3389,tcp,,unknown
53,tcp,,unknown
110,tcp,+OK POP3 ready,pop3
8443,tcp,,unknown
2049,tcp,,nfs
143,tcp,* OK [CAPABILITY IMAP4rev1],imap
22,tcp,SSH-2.0-OpenSSH_9.0,ssh
512,tcp,,unknown
23,tcp,,telnet
514,tcp,,unknown
69,tcp,,tftp
80,tcp,Microsoft-IIS/10.0,http
25,tcp,Postfix ESMTP,smtp
5900,tcp,RealVNC,unknown
143,tcp,Dovecot IMAP,imap
5900,tcp,RealVNC,unknown
53,tcp,,unknown
69,tcp,,tftp
23,tcp,,telnet
111,tcp,,unknown
143,tcp,Dovecot IMAP,imap
143,tcp,Dovecot IMAP,imap
5900,tcp,RealVNC,unknown
1521,tcp,Oracle TNS Listener,unknown
8443,tcp,,unknown
1521,tcp,Oracle TNS Listener,unknown
69,tcp,,tftp
3389,tcp,,unknown
3306,tcp,MySQL 8.0.28,mysql
514,tcp,,unknown
443,tcp,,https
8080,tcp,Jetty,http
111,tcp,,unknown
445,tcp,,unknown
512,tcp,,unknown
1433,tcp,,unknown
1521,tcp,Oracle TNS Listener,unknown
139,tcp,,unknown
69,tcp,,tftp
53,tcp,,unknown
3306,tcp,MySQL 5.7.38,mysql
6379,tcp,Redis server v=7.0.4,redis
514,tcp,,unknown
69,tcp,,tftp
443,tcp,,https
5432,tcp,PostgreSQL 14.2,postgresql
8888,tcp,,unknown
80,tcp,Microsoft-IIS/10.0,http
143,tcp,* OK [CAPABILITY IMAP4rev1],imap
8443,tcp,nginx/1.18.0,unknown
5432,tcp,PostgreSQL 14.2,postgresql
8888,tcp,,unknown
23,tcp,,telnet
8443,tcp,Apache/2.4.41,unknown
3306,tcp,MySQL 5.7.38,mysql
873,tcp,,unknown
23,tcp,,telnet
4444,tcp,,unknown
4444,tcp,,unknown
4444,tcp,,unknown
139,tcp,,unknown
2049,tcp,,nfs
513,tcp,,unknown
512,tcp,,unknown
53,tcp,,unknown
513,tcp,,unknown
8443,tcp,nginx/1.18.0,unknown
3306,tcp,MariaDB 10.6,mysql
1521,tcp,Oracle TNS Listener,unknown
80,tcp,nginx/1.18.0,http
514,tcp,,unknown
80,tcp,,http
2049,tcp,,nfs
80,tcp,nginx/1.18.0,http
873,tcp,,unknown
27017,tcp,MongoDB 6.0,unknown
445,tcp,,unknown
25,tcp,Sendmail 8.15,smtp
1433,tcp,Microsoft SQL Server 2019,unknown
8443,tcp,,unknown
69,tcp,,tftp
143,tcp,* OK [CAPABILITY IMAP4rev1],imap
512,tcp,,unknown
69,tcp,,tftp
513,tcp,,unknown
873,tcp,,unknown
5432,tcp,PostgreSQL 14.2,postgresql
21,tcp,FileZilla FTP,ftp
110,tcp,+OK POP3 ready,pop3
22,tcp,OpenSSH_8.2p1,ssh
3389,tcp,,unknown
1433,tcp,,unknown
110,tcp,+OK POP3 ready,pop3
8443,tcp,Apache/2.4.41,unknown
23,tcp,,telnet
4444,tcp,,unknown
1433,tcp,Microsoft SQL Server 2019,unknown
6379,tcp,Redis server v=7.0.4,redis
21,tcp,ProFTPD 1.3.5,ftp
5432,tcp,PostgreSQL 14.2,postgresql
3389,tcp,Microsoft Terminal Services,unknown
110,tcp,Dovecot ready,pop3
443,tcp,Apache/2.4.41,https
22,tcp,OpenSSH_7.4p1,ssh
5900,tcp,RealVNC,unknown
53,tcp,,unknown
8443,tcp,nginx/1.18.0,unknown
512,tcp,,unknown
2049,tcp,,nfs
27017,tcp,ismaster,unknown
23,tcp,,telnet
6379,tcp,Redis server v=7.0.4,redis
111,tcp,,unknown
513,tcp,,unknown
21,tcp,ProFTPD 1.3.5,ftp
110,tcp,Dovecot ready,pop3
8080,tcp,nginx/1.18.0,http
143,tcp,* OK [CAPABILITY IMAP4rev1],imap
873,tcp,,unknown
8888,tcp,,unknown
8080,tcp,Tomcat/9.0,http
1433,tcp,,unknown
4444,tcp,,unknown
2049,tcp,,nfs
27017,tcp,MongoDB 6.0,unknown
80,tcp,nginx/1.18.0,http
443,tcp,LiteSpeed,https
25,tcp,Exim 4.95,smtp
1521,tcp,Oracle TNS Listener,unknown
23,tcp,,telnet
513,tcp,,unknown
22,tcp,OpenSSH_8.2p1,ssh
445,tcp,,unknown
5900,tcp,RFB 003.008,unknown
4444,tcp,,unknown
2049,tcp,,nfs
4444,tcp,,unknown
3306,tcp,MySQL 5.7.38,mysql
873,tcp,,unknown
2049,tcp,,nfs
69,tcp,,tftp
445,tcp,Samba,unknown
22,tcp,SSH-2.0-OpenSSH_9.0,ssh
8080,tcp,Apache/2.4.41,http
3389,tcp,,unknown
1521,tcp,Oracle TNS Listener,unknown
143,tcp,Dovecot IMAP,imap
2049,tcp,,nfs
6379,tcp,Redis server v=7.0.4,redis
21,tcp,vsftpd 3.0.3,ftp
445,tcp,,unknown
1521,tcp,Oracle TNS Listener,unknown
139,tcp,,unknown
27017,tcp,MongoDB 6.0,unknown
22,tcp,SSH-2.0-OpenSSH_9.0,ssh
6379,tcp,Redis server v=7.0.4,redis
53,tcp,,unknown
53,tcp,,unknown
1521,tcp,Oracle TNS Listener,unknown
22,tcp,OpenSSH_8.2p1,ssh
8443,tcp,,unknown
80,tcp,Microsoft-IIS/10.0,http
8080,tcp,Tomcat/9.0,http
143,tcp,* OK [CAPABILITY IMAP4rev1],imap
53,tcp,,unknown
23,tcp,,telnet
5432,tcp,PostgreSQL 14.2,postgresql
3389,tcp,,unknown
3306,tcp,MySQL 5.7.38,mysql
53,tcp,,unknown
27017,tcp,ismaster,unknown
111,tcp,,unknown
443,tcp,LiteSpeed,https
443,tcp,nginx/1.18.0,https
1433,tcp,Microsoft SQL Server 2019,unknown
110,tcp,+OK POP3 ready,pop3
4444,tcp,,unknown
69,tcp,,tftp
111,tcp,,unknown
6379,tcp,Redis server v=7.0.4,redis
21,tcp,vsftpd 3.0.3,ftp
2049,tcp,,nfs
6379,tcp,Redis server v=7.0.4,redis
3389,tcp,Microsoft Terminal Services,unknown
23,tcp,,telnet
3306,tcp,MySQL 8.0.28,mysql
6379,tcp,Redis server v=7.0.4,redis
4444,tcp,,unknown
53,tcp,,unknown
143,tcp,* OK [CAPABILITY IMAP4rev1],imap
27017,tcp,MongoDB 6.0,unknown
25,tcp,Exim 4.95,smtp
53,tcp,,unknown
514,tcp,,unknown
80,tcp,Microsoft-IIS/10.0,http
1521,tcp,Oracle TNS Listener,unknown
5432,tcp,PostgreSQL 14.2,postgresql
3389,tcp,,unknown
21,tcp,FileZilla FTP,ftp
25,tcp,Postfix ESMTP,smtp
6379,tcp,+OK,redis
23,tcp,,telnet
111,tcp,,unknown
4444,tcp,,unknown
513,tcp,,unknown
111,tcp,,unknown
143,tcp,* OK [CAPABILITY IMAP4rev1],imap
110,tcp,+OK POP3 ready,pop3
443,tcp,nginx/1.18.0,https
8443,tcp,,unknown
5432,tcp,PostgreSQL 14.2,postgresql
111,tcp,,unknown
25,tcp,Microsoft ESMTP,smtp
1521,tcp,Oracle TNS Listener,unknown
5432,tcp,PostgreSQL 14.2,postgresql
8443,tcp,Apache/2.4.41,unknown
443,tcp,nginx/1.18.0,https
111,tcp,,unknown
5900,tcp,RealVNC,unknown
80,tcp,LiteSpeed,http
5432,tcp,PostgreSQL 14.2,postgresql
445,tcp,Samba,unknown
5900,tcp,RFB 003.008,unknown
513,tcp,,unknown
512,tcp,,unknown
513,tcp,,unknown
8080,tcp,Apache/2.4.41,http
22,tcp,Dropbear SSH,ssh
143,tcp,* OK [CAPABILITY IMAP4rev1],imap
1433,tcp,,unknown
3389,tcp,,unknown
1433,tcp,Microsoft SQL Server 2019,unknown
443,tcp,nginx/1.18.0,https
1433,tcp,Microsoft SQL Server 2019,unknown
873,tcp,,unknown
22,tcp,OpenSSH_8.2p1,ssh
513,tcp,,unknown
513,tcp,,unknown
25,tcp,Exim 4.95,smtp
3306,tcp,MySQL 8.0.28,mysql
443,tcp,nginx/1.18.0,https
80,tcp,Microsoft-IIS/10.0,http
27017,tcp,ismaster,unknown
443,tcp,LiteSpeed,https
5900,tcp,RealVNC,unknown
139,tcp,,unknown
2049,tcp,,nfs
143,tcp,Dovecot IMAP,imap
5432,tcp,PostgreSQL 14.2,postgresql
139,tcp,Samba,unknown
1521,tcp,Oracle TNS Listener,unknown
6379,tcp,+OK,redis
3306,tcp,MySQL 5.7.38,mysql
873,tcp,,unknown
445,tcp,Samba,unknown
1521,tcp,Oracle TNS Listener,unknown
4444,tcp,,unknown
512,tcp,,unknown
5432,tcp,PostgreSQL 14.2,postgresql
80,tcp,Microsoft-IIS/10.0,http
80,tcp,Microsoft-IIS/10.0,http
139,tcp,,unknown
873,tcp,,unknown
445,tcp,Windows SMB,unknown
22,tcp,OpenSSH_8.2p1,ssh
514,tcp,,unknown
6379,tcp,Redis server v=7.0.4,redis
6379,tcp,Redis server v=7.0.4,redis
5432,tcp,PostgreSQL 14.2,postgresql
6379,tcp,Redis server v=7.0.4,redis
3306,tcp,MySQL 5.7.38,mysql
514,tcp,,unknown
8080,tcp,Tomcat/9.0,http
8443,tcp,nginx/1.18.0,unknown
445,tcp,Samba,unknown
8443,tcp,nginx/1.18.0,unknown
23,tcp,,telnet
23,tcp,,telnet
1433,tcp,,unknown
143,tcp,Dovecot IMAP,imap
6379,tcp,Redis server v=7.0.4,redis
8888,tcp,,unknown
513,tcp,,unknown
512,tcp,,unknown
514,tcp,,unknown
25,tcp,Sendmail 8.15,smtp
514,tcp,,unknown
110,tcp,+OK POP3 ready,pop3
80,tcp,nginx/1.18.0,http
23,tcp,,telnet
4444,tcp,,unknown
873,tcp,,unknown
5900,tcp,RealVNC,unknown
443,tcp,Apache/2.4.41,https
513,tcp,,unknown
443,tcp,LiteSpeed,https
2049,tcp,,nfs
1521,tcp,Oracle TNS Listener,unknown
873,tcp,,unknown
21,tcp,FileZilla FTP,ftp
6379,tcp,+OK,redis
2049,tcp,,nfs
80,tcp,nginx/1.18.0,http
512,tcp,,unknown
8888,tcp,,unknown
69,tcp,,tftp
139,tcp,Samba,unknown
1433,tcp,,unknown
110,tcp,+OK POP3 ready,pop3
4444,tcp,,unknown
8443,tcp,,unknown
111,tcp,,unknown
1521,tcp,Oracle TNS Listener,unknown
110,tcp,Dovecot ready,pop3
4444,tcp,,unknown
8080,tcp,Tomcat/9.0,http
143,tcp,Dovecot IMAP,imap
512,tcp,,unknown
514,tcp,,unknown
69,tcp,,tftp
111,tcp,,unknown
1433,tcp,Microsoft SQL Server 2019,unknown
3389,tcp,,unknown
111,tcp,,unknown
8080,tcp,Jetty,http
110,tcp,Dovecot ready,pop3
513,tcp,,unknown
5432,tcp,PostgreSQL 14.2,postgresql
23,tcp,,telnet
8443,tcp,,unknown
2049,tcp,,nfs
23,tcp,,telnet
6379,tcp,Redis server v=7.0.4,redis
21,tcp,Pure-FTPd,ftp
143,tcp,* OK [CAPABILITY IMAP4rev1],imap
8443,tcp,Apache/2.4.41,unknown
1433,tcp,,unknown
6379,tcp,Redis server v=7.0.4,redis
873,tcp,,unknown
5900,tcp,RealVNC,unknown
22,tcp,OpenSSH_8.2p1,ssh
8080,tcp,nginx/1.18.0,http
53,tcp,,unknown
5432,tcp,PostgreSQL 14.2,postgresql
111,tcp,,unknown
27017,tcp,ismaster,unknown
1521,tcp,Oracle TNS Listener,unknown
111,tcp,,unknown
21,tcp,vsftpd 3.0.3,ftp
8080,tcp,Apache/2.4.41,http
5900,tcp,RFB 003.008,unknown
110,tcp,Dovecot ready,pop3
111,tcp,,unknown
6379,tcp,Redis server v=7.0.4,redis
8080,tcp,Jetty,http
4444,tcp,,unknown
3306,tcp,MySQL 8.0.28,mysql
1521,tcp,Oracle TNS Listener,unknown
4444,tcp,,unknown
21,tcp,FileZilla FTP,ftp
143,tcp,* OK [CAPABILITY IMAP4rev1],imap
21,tcp,FileZilla FTP,ftp
3306,tcp,MariaDB 10.6,mysql
873,tcp,,unknown
22,tcp,SSH-2.0-OpenSSH_9.0,ssh
143,tcp,Dovecot IMAP,imap
8888,tcp,,unknown
3389,tcp,,unknown
21,tcp,vsftpd 3.0.3,ftp
3389,tcp,,unknown
1433,tcp,,unknown
53,tcp,,unknown
23,tcp,,telnet
139,tcp,,unknown
3306,tcp,MySQL 8.0.28,mysql
6379,tcp,Redis server v=7.0.4,redis
8888,tcp,,unknown
110,tcp,Dovecot ready,pop3
6379,tcp,Redis server v=7.0.4,redis
443,tcp,,https
2049,tcp,,nfs
8888,tcp,,unknown
513,tcp,,unknown
3306,tcp,MariaDB 10.6,mysql
6379,tcp,+OK,redis
23,tcp,,telnet
8443,tcp,nginx/1.18.0,unknown
4444,tcp,,unknown
23,tcp,,telnet
8443,tcp,nginx/1.18.0,unknown
111,tcp,,unknown
3306,tcp,MariaDB 10.6,mysql
53,tcp,,unknown
2049,tcp,,nfs
445,tcp,Windows SMB,unknown
110,tcp,Dovecot ready,pop3
110,tcp,Dovecot ready,pop3
514,tcp,,unknown
4444,tcp,,unknown
5432,tcp,PostgreSQL 14.2,postgresql
3306,tcp,MySQL 5.7.38,mysql
23,tcp,,telnet
5432,tcp,PostgreSQL 14.2,postgresql
443,tcp,LiteSpeed,https
69,tcp,,tftp
1433,tcp,Microsoft SQL Server 2019,unknown
512,tcp,,unknown
25,tcp,Sendmail 8.15,smtp
873,tcp,,unknown
8443,tcp,nginx/1.18.0,unknown
6379,tcp,Redis server v=7.0.4,redis
8443,tcp,nginx/1.18.0,unknown
873,tcp,,unknown
69,tcp,,tftp
8888,tcp,,unknown
8080,tcp,nginx/1.18.0,http
5900,tcp,RFB 003.008,unknown
27017,tcp,ismaster,unknown
69,tcp,,tftp
445,tcp,Windows SMB,unknown
1521,tcp,Oracle TNS Listener,unknown
22,tcp,OpenSSH_7.4p1,ssh
3306,tcp,MariaDB 10.6,mysql
22,tcp,OpenSSH_8.2p1,ssh
873,tcp,,unknown
3389,tcp,,unknown
6379,tcp,+OK,redis
22,tcp,SSH-2.0-OpenSSH_9.0,ssh
5900,tcp,RealVNC,unknown
514,tcp,,unknown
25,tcp,Postfix ESMTP,smtp
873,tcp,,unknown
27017,tcp,ismaster,unknown
873,tcp,,unknown
4444,tcp,,unknown
69,tcp,,tftp
5900,tcp,RealVNC,unknown
139,tcp,Samba,unknown
25,tcp,Microsoft ESMTP,smtp
1521,tcp,Oracle TNS Listener,unknown
139,tcp,Samba,unknown
111,tcp,,unknown
8080,tcp,Apache/2.4.41,http
143,tcp,* OK [CAPABILITY IMAP4rev1],imap
512,tcp,,unknown
27017,tcp,ismaster,unknown
23,tcp,,telnet
3306,tcp,MySQL 8.0.28,mysql
513,tcp,,unknown
445,tcp,Windows SMB,unknown
513,tcp,,unknown
21,tcp,Pure-FTPd,ftp
21,tcp,vsftpd 3.0.3,ftp
25,tcp,Microsoft ESMTP,smtp
69,tcp,,tftp
445,tcp,Windows SMB,unknown
445,tcp,,unknown
8080,tcp,Jetty,http
22,tcp,SSH-2.0-OpenSSH_9.0,ssh
3306,tcp,MySQL 5.7.38,mysql
3389,tcp,Microsoft Terminal Services,unknown
27017,tcp,ismaster,unknown
139,tcp,,unknown
143,tcp,* OK [CAPABILITY IMAP4rev1],imap
513,tcp,,unknown
514,tcp,,unknown
69,tcp,,tftp
445,tcp,Windows SMB,unknown
8080,tcp,Jetty,http
8888,tcp,,unknown
80,tcp,,http
111,tcp,,unknown
3389,tcp,,unknown
139,tcp,,unknown
3306,tcp,MariaDB 10.6,mysql
8888,tcp,,unknown
443,tcp,,https
1433,tcp,Microsoft SQL Server 2019,unknown
21,tcp,ProFTPD 1.3.5,ftp
8080,tcp,Jetty,http
1433,tcp,Microsoft SQL Server 2019,unknown
23,tcp,,telnet
69,tcp,,tftp
5432,tcp,PostgreSQL 14.2,postgresql
8080,tcp,Tomcat/9.0,http
23,tcp,,telnet
5432,tcp,PostgreSQL 14.2,postgresql
1433,tcp,,unknown
445,tcp,,unknown
6379,tcp,Redis server v=7.0.4,redis
23,tcp,,telnet
445,tcp,,unknown
512,tcp,,unknown
512,tcp,,unknown
445,tcp,Samba,unknown
2049,tcp,,nfs
25,tcp,Microsoft ESMTP,smtp
513,tcp,,unknown
23,tcp,,telnet
5432,tcp,PostgreSQL 14.2,postgresql
1521,tcp,Oracle TNS Listener,unknown
69,tcp,,tftp
8443,tcp,,unknown
8443,tcp,Apache/2.4.41,unknown
110,tcp,+OK POP3 ready,pop3
514,tcp,,unknown
8888,tcp,,unknown
111,tcp,,unknown
23,tcp,,telnet
25,tcp,Sendmail 8.15,smtp
3306,tcp,MySQL 5.7.38,mysql
443,tcp,,https
111,tcp,,unknown
1433,tcp,Microsoft SQL Server 2019,unknown
27017,tcp,ismaster,unknown
53,tcp,,unknown
443,tcp,,https
1521,tcp,Oracle TNS Listener,unknown
6379,tcp,Redis server v=7.0.4,redis
22,tcp,SSH-2.0-OpenSSH_9.0,ssh
4444,tcp,,unknown
5900,tcp,RealVNC,unknown
3306,tcp,MySQL 8.0.28,mysql
8080,tcp,Apache/2.4.41,http
143,tcp,* OK [CAPABILITY IMAP4rev1],imap
143,tcp,Dovecot IMAP,imap
139,tcp,,unknown
3306,tcp,MariaDB 10.6,mysql
512,tcp,,unknown
80,tcp,LiteSpeed,http
513,tcp,,unknown
445,tcp,Windows SMB,unknown
8443,tcp,,unknown
5432,tcp,PostgreSQL 14.2,postgresql
5432,tcp,PostgreSQL 14.2,postgresql
4444,tcp,,unknown
445,tcp,,unknown
445,tcp,Samba,unknown
25,tcp,Microsoft ESMTP,smtp
143,tcp,* OK [CAPABILITY IMAP4rev1],imap
111,tcp,,unknown
443,tcp,Apache/2.4.41,https
3389,tcp,,unknown
23,tcp,,telnet
5900,tcp,RFB 003.008,unknown
25,tcp,Microsoft ESMTP,smtp
513,tcp,,unknown
53,tcp,,unknown
514,tcp,,unknown
443,tcp,Apache/2.4.41,https
21,tcp,Pure-FTPd,ftp
873,tcp,,unknown
6379,tcp,Redis server v=7.0.4,redis
443,tcp,Apache/2.4.41,https
1433,tcp,Microsoft SQL Server 2019,unknown
80,tcp,nginx/1.18.0,http
8888,tcp,,unknown
69,tcp,,tftp
53,tcp,,unknown
8888,tcp,,unknown
143,tcp,* OK [CAPABILITY IMAP4rev1],imap
139,tcp,,unknown
1521,tcp,Oracle TNS Listener,unknown
23,tcp,,telnet
139,tcp,,unknown
3306,tcp,MariaDB 10.6,mysql
23,tcp,,telnet
22,tcp,Dropbear SSH,ssh
143,tcp,Dovecot IMAP,imap
3389,tcp,Microsoft Terminal Services,unknown
139,tcp,Samba,unknown
110,tcp,Dovecot ready,pop3
53,tcp,,unknown
21,tcp,Pure-FTPd,ftp
445,tcp,Windows SMB,unknown
143,tcp,* OK [CAPABILITY IMAP4rev1],imap
1521,tcp,Oracle TNS Listener,unknown
5900,tcp,RealVNC,unknown
110,tcp,+OK Dovecot,pop3
1521,tcp,Oracle TNS Listener,unknown
111,tcp,,unknown
8080,tcp,Tomcat/9.0,http
443,tcp,Apache/2.4.41,https
21,tcp,vsftpd 3.0.3,ftp
143,tcp,* OK [CAPABILITY IMAP4rev1],imap
143,tcp,Dovecot IMAP,imap
23,tcp,,telnet
8888,tcp,,unknown
80,tcp,,http
6379,tcp,+OK,redis
4444,tcp,,unknown
5432,tcp,PostgreSQL 14.2,postgresql
110,tcp,+OK POP3 ready,pop3
4444,tcp,,unknown
6379,tcp,Redis server v=7.0.4,redis
8080,tcp,nginx/1.18.0,http
8888,tcp,,unknown
443,tcp,,https
53,tcp,,unknown
8443,tcp,Apache/2.4.41,unknown
1521,tcp,Oracle TNS Listener,unknown
69,tcp,,tftp
143,tcp,* OK [CAPABILITY IMAP4rev1],imap
3306,tcp,MariaDB 10.6,mysql
22,tcp,OpenSSH_7.4p1,ssh
22,tcp,OpenSSH_7.4p1,ssh
8443,tcp,Apache/2.4.41,unknown
25,tcp,Microsoft ESMTP,smtp
5900,tcp,RFB 003.008,unknown
110,tcp,Dovecot ready,pop3
53,tcp,,unknown
5900,tcp,RFB 003.008,unknown
445,tcp,Windows SMB,unknown
5432,tcp,PostgreSQL 14.2,postgresql
143,tcp,Dovecot IMAP,imap
21,tcp,Pure-FTPd,ftp
1521,tcp,Oracle TNS Listener,unknown
8080,tcp,Tomcat/9.0,http
445,tcp,Windows SMB,unknown
8888,tcp,,unknown
22,tcp,Dropbear SSH,ssh
22,tcp,OpenSSH_8.2p1,ssh
111,tcp,,unknown
27017,tcp,ismaster,unknown
445,tcp,Windows SMB,unknown
80,tcp,,http
69,tcp,,tftp
1521,tcp,Oracle TNS Listener,unknown
139,tcp,Samba,unknown
8443,tcp,,unknown
4444,tcp,,unknown
139,tcp,Samba,unknown
8443,tcp,,unknown
5900,tcp,RFB 003.008,unknown
110,tcp,+OK Dovecot,pop3
873,tcp,,unknown
2049,tcp,,nfs
22,tcp,Dropbear SSH,ssh
80,tcp,,http
512,tcp,,unknown
8888,tcp,,unknown
1521,tcp,Oracle TNS Listener,unknown
5900,tcp,RealVNC,unknown
5432,tcp,PostgreSQL 14.2,postgresql
110,tcp,+OK Dovecot,pop3
3306,tcp,MySQL 8.0.28,mysql
8080,tcp,Tomcat/9.0,http
1433,tcp,Microsoft SQL Server 2019,unknown
139,tcp,,unknown
4444,tcp,,unknown
111,tcp,,unknown
110,tcp,Dovecot ready,pop3
3389,tcp,Microsoft Terminal Services,unknown
27017,tcp,ismaster,unknown
8888,tcp,,unknown
5432,tcp,PostgreSQL 14.2,postgresql
8888,tcp,,unknown
2049,tcp,,nfs
3389,tcp,Microsoft Terminal Services,unknown
22,tcp,Dropbear SSH,ssh
143,tcp,Dovecot IMAP,imap
3306,tcp,MySQL 8.0.28,mysql
512,tcp,,unknown
8080,tcp,nginx/1.18.0,http
139,tcp,,unknown
23,tcp,,telnet
8888,tcp,,unknown
6379,tcp,+OK,redis
25,tcp,Exim 4.95,smtp
1521,tcp,Oracle TNS Listener,unknown
6379,tcp,+OK,redis
2049,tcp,,nfs
512,tcp,,unknown
443,tcp,,https
8080,tcp,Tomcat/9.0,http
8443,tcp,,unknown
6379,tcp,Redis server v=7.0.4,redis
514,tcp,,unknown
1433,tcp,Microsoft SQL Server 2019,unknown
6379,tcp,Redis server v=7.0.4,redis
143,tcp,Dovecot IMAP,imap
445,tcp,,unknown
23,tcp,,telnet
111,tcp,,unknown
22,tcp,Dropbear SSH,ssh
4444,tcp,,unknown
21,tcp,ProFTPD 1.3.5,ftp
69,tcp,,tftp
21,tcp,vsftpd 3.0.3,ftp
21,tcp,Pure-FTPd,ftp
53,tcp,,unknown
873,tcp,,unknown
80,tcp,,http
23,tcp,,telnet
514,tcp,,unknown
143,tcp,Dovecot IMAP,imap
5900,tcp,RealVNC,unknown
22,tcp,Dropbear SSH,ssh
5432,tcp,PostgreSQL 14.2,postgresql
512,tcp,,unknown
3306,tcp,MariaDB 10.6,mysql
8888,tcp,,unknown
110,tcp,Dovecot ready,pop3
69,tcp,,tftp
69,tcp,,tftp
27017,tcp,ismaster,unknown
8080,tcp,nginx/1.18.0,http
1521,tcp,Oracle TNS Listener,unknown
3389,tcp,Microsoft Terminal Services,unknown
1521,tcp,Oracle TNS Listener,unknown
513,tcp,,unknown
3389,tcp,Microsoft Terminal Services,unknown
111,tcp,,unknown
23,tcp,,telnet
2049,tcp,,nfs
514,tcp,,unknown
21,tcp,ProFTPD 1.3.5,ftp
8080,tcp,Jetty,http
23,tcp,,telnet
23,tcp,,telnet
139,tcp,,unknown
27017,tcp,ismaster,unknown
27017,tcp,MongoDB 6.0,unknown
4444,tcp,,unknown
513,tcp,,unknown
5900,tcp,RFB 003.008,unknown
21,tcp,ProFTPD 1.3.5,ftp
445,tcp,Windows SMB,unknown
8080,tcp,nginx/1.18.0,http
25,tcp,Microsoft ESMTP,smtp
1433,tcp,,unknown
27017,tcp,MongoDB 6.0,unknown
25,tcp,Exim 4.95,smtp
5900,tcp,RealVNC,unknown
512,tcp,,unknown
110,tcp,+OK Dovecot,pop3
8443,tcp,nginx/1.18.0,unknown
6379,tcp,+OK,redis
3306,tcp,MySQL 5.7.38,mysql
25,tcp,Postfix ESMTP,smtp
22,tcp,SSH-2.0-OpenSSH_9.0,ssh
8443,tcp,Apache/2.4.41,unknown
8443,tcp,nginx/1.18.0,unknown
27017,tcp,MongoDB 6.0,unknown
25,tcp,Microsoft ESMTP,smtp
1521,tcp,Oracle TNS Listener,unknown
8443,tcp,,unknown
514,tcp,,unknown
139,tcp,,unknown
143,tcp,* OK [CAPABILITY IMAP4rev1],imap
513,tcp,,unknown
25,tcp,Microsoft ESMTP,smtp
80,tcp,LiteSpeed,http
3306,tcp,MariaDB 10.6,mysql
443,tcp,,https
2049,tcp,,nfs
22,tcp,OpenSSH_8.2p1,ssh
3306,tcp,MySQL 8.0.28,mysql
69,tcp,,tftp
3306,tcp,MariaDB 10.6,mysql
5900,tcp,RFB 003.008,unknown
25,tcp,Microsoft ESMTP,smtp
513,tcp,,unknown
143,tcp,* OK [CAPABILITY IMAP4rev1],imap
445,tcp,Windows SMB,unknown
4444,tcp,,unknown
8080,tcp,nginx/1.18.0,http
53,tcp,,unknown
443,tcp,LiteSpeed,https
4444,tcp,,unknown
111,tcp,,unknown
27017,tcp,ismaster,unknown
5900,tcp,RealVNC,unknown
3389,tcp,Microsoft Terminal Services,unknown
6379,tcp,Redis server v=7.0.4,redis
27017,tcp,MongoDB 6.0,unknown
80,tcp,LiteSpeed,http
5432,tcp,PostgreSQL 14.2,postgresql
4444,tcp,,unknown
513,tcp,,unknown
6379,tcp,Redis server v=7.0.4,redis
143,tcp,* OK [CAPABILITY IMAP4rev1],imap
25,tcp,Microsoft ESMTP,smtp
5432,tcp,PostgreSQL 14.2,postgresql
513,tcp,,unknown
1433,tcp,Microsoft SQL Server 2019,unknown
25,tcp,Microsoft ESMTP,smtp
25,tcp,Postfix ESMTP,smtp
25,tcp,Microsoft ESMTP,smtp
23,tcp,,telnet
25,tcp,Postfix ESMTP,smtp
514,tcp,,unknown
873,tcp,,unknown
69,tcp,,tftp
445,tcp,Samba,unknown
6379,tcp,+OK,redis
1521,tcp,Oracle TNS Listener,unknown
5432,tcp,PostgreSQL 14.2,postgresql
21,tcp,ProFTPD 1.3.5,ftp
5432,tcp,PostgreSQL 14.2,postgresql
111,tcp,,unknown
69,tcp,,tftp
143,tcp,* OK [CAPABILITY IMAP4rev1],imap
8888,tcp,,unknown
8080,tcp,nginx/1.18.0,http
8888,tcp,,unknown
5900,tcp,RFB 003.008,unknown
5900,tcp,RealVNC,unknown
873,tcp,,unknown
8443,tcp,,unknown
6379,tcp,+OK,redis
139,tcp,Samba,unknown
21,tcp,vsftpd 3.0.3,ftp
25,tcp,Postfix ESMTP,smtp
512,tcp,,unknown
3306,tcp,MySQL 8.0.28,mysql
4444,tcp,,unknown
6379,tcp,+OK,redis
1433,tcp,,unknown
6379,tcp,+OK,redis
443,tcp,LiteSpeed,https
80,tcp,LiteSpeed,http
23,tcp,,telnet
3389,tcp,,unknown
80,tcp,Microsoft-IIS/10.0,http
27017,tcp,MongoDB 6.0,unknown
8080,tcp,nginx/1.18.0,http
8080,tcp,nginx/1.18.0,http
445,tcp,Samba,unknown
873,tcp,,unknown
23,tcp,,telnet
8080,tcp,Apache/2.4.41,http
8443,tcp,nginx/1.18.0,unknown
8443,tcp,Apache/2.4.41,unknown
110,tcp,Dovecot ready,pop3
445,tcp,Samba,unknown
873,tcp,,unknown
8888,tcp,,unknown
110,tcp,Dovecot ready,pop3
80,tcp,LiteSpeed,http
25,tcp,Exim 4.95,smtp
143,tcp,Dovecot IMAP,imap
6379,tcp,+OK,redis
512,tcp,,unknown
25,tcp,Microsoft ESMTP,smtp
443,tcp,,https
8888,tcp,,unknown
3306,tcp,MySQL 5.7.38,mysql
110,tcp,+OK Dovecot,pop3
8443,tcp,nginx/1.18.0,unknown
5900,tcp,RealVNC,unknown
2049,tcp,,nfs
27017,tcp,ismaster,unknown
8888,tcp,,unknown
27017,tcp,ismaster,unknown
3306,tcp,MySQL 8.0.28,mysql
3306,tcp,MySQL 8.0.28,mysql
512,tcp,,unknown
80,tcp,Apache/2.4.41,http
1433,tcp,,unknown
443,tcp,LiteSpeed,https
80,tcp,,http
445,tcp,Samba,unknown
80,tcp,nginx/1.18.0,http
25,tcp,Postfix ESMTP,smtp
21,tcp,FileZilla FTP,ftp
443,tcp,LiteSpeed,https
80,tcp,nginx/1.18.0,http
80,tcp,,http
513,tcp,,unknown
8888,tcp,,unknown
873,tcp,,unknown
514,tcp,,unknown
2049,tcp,,nfs
27017,tcp,ismaster,unknown
513,tcp,,unknown
1433,tcp,Microsoft SQL Server 2019,unknown
514,tcp,,unknown
3389,tcp,,unknown
514,tcp,,unknown
1521,tcp,Oracle TNS Listener,unknown
8443,tcp,nginx/1.18.0,unknown
53,tcp,,unknown
110,tcp,+OK POP3 ready,pop3
445,tcp,Samba,unknown
443,tcp,LiteSpeed,https
6379,tcp,+OK,redis
3306,tcp,MySQL 8.0.28,mysql
139,tcp,,unknown
3306,tcp,MySQL 5.7.38,mysql
5432,tcp,PostgreSQL 14.2,postgresql
21,tcp,FileZilla FTP,ftp
5432,tcp,PostgreSQL 14.2,postgresql
873,tcp,,unknown
23,tcp,,telnet
139,tcp,Samba,unknown
3389,tcp,Microsoft Terminal Services,unknown
3389,tcp,,unknown
2049,tcp,,nfs
143,tcp,* OK [CAPABILITY IMAP4rev1],imap
143,tcp,Dovecot IMAP,imap
873,tcp,,unknown
445,tcp,Samba,unknown
2049,tcp,,nfs
53,tcp,,unknown
2049,tcp,,nfs
5432,tcp,PostgreSQL 14.2,postgresql
445,tcp,,unknown
80,tcp,,http
8443,tcp,Apache/2.4.41,unknown
25,tcp,Microsoft ESMTP,smtp
6379,tcp,Redis server v=7.0.4,redis
4444,tcp,,unknown
22,tcp,OpenSSH_8.2p1,ssh
3306,tcp,MariaDB 10.6,mysql
8443,tcp,,unknown
8443,tcp,nginx/1.18.0,unknown
69,tcp,,tftp
23,tcp,,telnet
2049,tcp,,nfs
22,tcp,Dropbear SSH,ssh
8888,tcp,,unknown
22,tcp,OpenSSH_7.4p1,ssh
513,tcp,,unknown
513,tcp,,unknown
23,tcp,,telnet
6379,tcp,+OK,redis
6379,tcp,Redis server v=7.0.4,redis
4444,tcp,,unknown
22,tcp,OpenSSH_7.4p1,ssh
80,tcp,Apache/2.4.41,http
443,tcp,LiteSpeed,https
27017,tcp,MongoDB 6.0,unknown
111,tcp,,unknown
873,tcp,,unknown
21,tcp,Pure-FTPd,ftp
80,tcp,nginx/1.18.0,http
8888,tcp,,unknown
143,tcp,Dovecot IMAP,imap
513,tcp,,unknown
8888,tcp,,unknown
53,tcp,,unknown
5432,tcp,PostgreSQL 14.2,postgresql
873,tcp,,unknown
8888,tcp,,unknown
1433,tcp,Microsoft SQL Server 2019,unknown
4444,tcp,,unknown
1521,tcp,Oracle TNS Listener,unknown
8443,tcp,nginx/1.18.0,unknown
6379,tcp,+OK,redis
22,tcp,OpenSSH_7.4p1,ssh
111,tcp,,unknown
1433,tcp,,unknown
4444,tcp,,unknown
8443,tcp,,unknown
2049,tcp,,nfs
8888,tcp,,unknown
110,tcp,+OK POP3 ready,pop3
514,tcp,,unknown
5432,tcp,PostgreSQL 14.2,postgresql
1433,tcp,,unknown
111,tcp,,unknown
69,tcp,,tftp
8443,tcp,nginx/1.18.0,unknown
23,tcp,,telnet
1521,tcp,Oracle TNS Listener,unknown
8080,tcp,Jetty,http
5900,tcp,RFB 003.008,unknown
514,tcp,,unknown
22,tcp,SSH-2.0-OpenSSH_9.0,ssh
5432,tcp,PostgreSQL 14.2,postgresql
21,tcp,ProFTPD 1.3.5,ftp
53,tcp,,unknown
139,tcp,,unknown
3389,tcp,Microsoft Terminal Services,unknown
139,tcp,Samba,unknown
25,tcp,Microsoft ESMTP,smtp
3389,tcp,Microsoft Terminal Services,unknown
8443,tcp,Apache/2.4.41,unknown
443,tcp,nginx/1.18.0,https
3389,tcp,Microsoft Terminal Services,unknown
143,tcp,* OK [CAPABILITY IMAP4rev1],imap
4444,tcp,,unknown
25,tcp,Microsoft ESMTP,smtp
513,tcp,,unknown
443,tcp,Apache/2.4.41,https
445,tcp,Windows SMB,unknown
5432,tcp,PostgreSQL 14.2,postgresql
23,tcp,,telnet
6379,tcp,+OK,redis
21,tcp,Pure-FTPd,ftp
25,tcp,Sendmail 8.15,smtp
1521,tcp,Oracle TNS Listener,unknown
69,tcp,,tftp
23,tcp,,telnet
514,tcp,,unknown
1433,tcp,,unknown
5900,tcp,RealVNC,unknown
8888,tcp,,unknown
21,tcp,FileZilla FTP,ftp
53,tcp,,unknown
514,tcp,,unknown
3389,tcp,Microsoft Terminal Services,unknown
513,tcp,,unknown
22,tcp,Dropbear SSH,ssh
512,tcp,,unknown
22,tcp,OpenSSH_7.4p1,ssh
513,tcp,,unknown
21,tcp,ProFTPD 1.3.5,ftp
69,tcp,,tftp
53,tcp,,unknown
5900,tcp,RealVNC,unknown
512,tcp,,unknown
5900,tcp,RFB 003.008,unknown
80,tcp,,http
5900,tcp,RealVNC,unknown
1521,tcp,Oracle TNS Listener,unknown
80,tcp,LiteSpeed,http
4444,tcp,,unknown
5432,tcp,PostgreSQL 14.2,postgresql
5432,tcp,PostgreSQL 14.2,postgresql
5432,tcp,PostgreSQL 14.2,postgresql
21,tcp,vsftpd 3.0.3,ftp
69,tcp,,tftp
514,tcp,,unknown
8080,tcp,Tomcat/9.0,http
27017,tcp,MongoDB 6.0,unknown
514,tcp,,unknown
53,tcp,,unknown
443,tcp,Apache/2.4.41,https
512,tcp,,unknown
3389,tcp,Microsoft Terminal Services,unknown
443,tcp,nginx/1.18.0,https
27017,tcp,ismaster,unknown
25,tcp,Microsoft ESMTP,smtp
23,tcp,,telnet
139,tcp,Samba,unknown
143,tcp,Dovecot IMAP,imap
3306,tcp,MySQL 8.0.28,mysql
512,tcp,,unknown
873,tcp,,unknown
513,tcp,,unknown
445,tcp,Samba,unknown
1433,tcp,,unknown
23,tcp,,telnet
27017,tcp,ismaster,unknown
445,tcp,,unknown
69,tcp,,tftp
513,tcp,,unknown
1433,tcp,Microsoft SQL Server 2019,unknown
4444,tcp,,unknown
53,tcp,,unknown
21,tcp,vsftpd 3.0.3,ftp
53,tcp,,unknown
8888,tcp,,unknown
4444,tcp,,unknown
139,tcp,,unknown
27017,tcp,MongoDB 6.0,unknown
111,tcp,,unknown
8888,tcp,,unknown
2049,tcp,,nfs
53,tcp,,unknown
5900,tcp,RFB 003.008,unknown
3306,tcp,MariaDB 10.6,mysql
5432,tcp,PostgreSQL 14.2,postgresql
3306,tcp,MySQL 5.7.38,mysql
110,tcp,+OK POP3 ready,pop3
139,tcp,Samba,unknown
8443,tcp,Apache/2.4.41,unknown
6379,tcp,Redis server v=7.0.4,redis
23,tcp,,telnet
139,tcp,Samba,unknown
69,tcp,,tftp
1433,tcp,Microsoft SQL Server 2019,unknown
111,tcp,,unknown
6379,tcp,Redis server v=7.0.4,redis
2049,tcp,,nfs
512,tcp,,unknown
139,tcp,Samba,unknown
8080,tcp,Apache/2.4.41,http
139,tcp,Samba,unknown
445,tcp,,unknown
21,tcp,ProFTPD 1.3.5,ftp
5432,tcp,PostgreSQL 14.2,postgresql
23,tcp,,telnet
1521,tcp,Oracle TNS Listener,unknown
443,tcp,LiteSpeed,https
2049,tcp,,nfs
139,tcp,Samba,unknown
8888,tcp,,unknown
6379,tcp,+OK,redis
445,tcp,,unknown
3389,tcp,,unknown
23,tcp,,telnet
80,tcp,,http
3389,tcp,,unknown
5900,tcp,RFB 003.008,unknown
3306,tcp,MySQL 8.0.28,mysql
513,tcp,,unknown
873,tcp,,unknown
514,tcp,,unknown
25,tcp,Microsoft ESMTP,smtp
8080,tcp,Jetty,http
8443,tcp,Apache/2.4.41,unknown
3306,tcp,MariaDB 10.6,mysql
2049,tcp,,nfs
8443,tcp,,unknown
22,tcp,OpenSSH_8.2p1,ssh
110,tcp,Dovecot ready,pop3
443,tcp,LiteSpeed,https
512,tcp,,unknown
512,tcp,,unknown
111,tcp,,unknown
1433,tcp,,unknown
25,tcp,Postfix ESMTP,smtp
2049,tcp,,nfs
5900,tcp,RFB 003.008,unknown
8080,tcp,nginx/1.18.0,http
69,tcp,,tftp
8888,tcp,,unknown
110,tcp,+OK POP3 ready,pop3
111,tcp,,unknown
25,tcp,Sendmail 8.15,smtp
53,tcp,,unknown
443,tcp,,https
23,tcp,,telnet
5432,tcp,PostgreSQL 14.2,postgresql
25,tcp,Exim 4.95,smtp
53,tcp,,unknown
3389,tcp,Microsoft Terminal Services,unknown
5432,tcp,PostgreSQL 14.2,postgresql
4444,tcp,,unknown
445,tcp,Windows SMB,unknown
5900,tcp,RFB 003.008,unknown
111,tcp,,unknown
8080,tcp,nginx/1.18.0,http
873,tcp,,unknown
8888,tcp,,unknown
27017,tcp,ismaster,unknown
445,tcp,Samba,unknown
139,tcp,Samba,unknown
8080,tcp,Tomcat/9.0,http
8080,tcp,Tomcat/9.0,http
1521,tcp,Oracle TNS Listener,unknown
514,tcp,,unknown
445,tcp,Samba,unknown
139,tcp,Samba,unknown
110,tcp,+OK POP3 ready,pop3
143,tcp,Dovecot IMAP,imap
873,tcp,,unknown
2049,tcp,,nfs
873,tcp,,unknown
3389,tcp,Microsoft Terminal Services,unknown
69,tcp,,tftp
1433,tcp,Microsoft SQL Server 2019,unknown
3306,tcp,MySQL 5.7.38,mysql
111,tcp,,unknown
4444,tcp,,unknown
80,tcp,,http
23,tcp,,telnet
8080,tcp,Jetty,http
3389,tcp,,unknown
53,tcp,,unknown
4444,tcp,,unknown
1433,tcp,Microsoft SQL Server 2019,unknown
139,tcp,,unknown
139,tcp,Samba,unknown
139,tcp,,unknown
443,tcp,nginx/1.18.0,https
5432,tcp,PostgreSQL 14.2,postgresql
80,tcp,Apache/2.4.41,http
445,tcp,,unknown
143,tcp,* OK [CAPABILITY IMAP4rev1],imap
514,tcp,,unknown
111,tcp,,unknown
1433,tcp,,unknown
25,tcp,Exim 4.95,smtp
6379,tcp,+OK,redis
3306,tcp,MySQL 8.0.28,mysql
21,tcp,vsftpd 3.0.3,ftp
873,tcp,,unknown
53,tcp,,unknown
873,tcp,,unknown
80,tcp,Microsoft-IIS/10.0,http
53,tcp,,unknown
1521,tcp,Oracle TNS Listener,unknown
21,tcp,vsftpd 3.0.3,ftp
873,tcp,,unknown
1433,tcp,,unknown
8080,tcp,Tomcat/9.0,http
8080,tcp,Jetty,http
873,tcp,,unknown
514,tcp,,unknown
80,tcp,nginx/1.18.0,http
25,tcp,Microsoft ESMTP,smtp
111,tcp,,unknown
1521,tcp,Oracle TNS Listener,unknown
514,tcp,,unknown
111,tcp,,unknown
443,tcp,,https
3389,tcp,,unknown
23,tcp,,telnet
2049,tcp,,nfs
80,tcp,Apache/2.4.41,http
5432,tcp,PostgreSQL 14.2,postgresql
4444,tcp,,unknown
3389,tcp,,unknown
4444,tcp,,unknown
53,tcp,,unknown
3306,tcp,MariaDB 10.6,mysql
513,tcp,,unknown
110,tcp,+OK POP3 ready,pop3
514,tcp,,unknown
8443,tcp,,unknown
80,tcp,LiteSpeed,http
139,tcp,Samba,unknown
8080,tcp,Jetty,http
23,tcp,,telnet
23,tcp,,telnet
27017,tcp,ismaster,unknown
139,tcp,Samba,unknown
21,tcp,FileZilla FTP,ftp
22,tcp,OpenSSH_7.4p1,ssh
53,tcp,,unknown
5900,tcp,RealVNC,unknown
3306,tcp,MariaDB 10.6,mysql
445,tcp,Windows SMB,unknown
443,tcp,Apache/2.4.41,https
873,tcp,,unknown
8080,tcp,Tomcat/9.0,http
512,tcp,,unknown
69,tcp,,tftp
1521,tcp,Oracle TNS Listener,unknown
69,tcp,,tftp
22,tcp,SSH-2.0-OpenSSH_9.0,ssh
8080,tcp,nginx/1.18.0,http
139,tcp,,unknown
8080,tcp,Tomcat/9.0,http
6379,tcp,+OK,redis
110,tcp,+OK POP3 ready,pop3
110,tcp,+OK Dovecot,pop3
4444,tcp,,unknown
3306,tcp,MySQL 5.7.38,mysql
8443,tcp,,unknown
143,tcp,* OK [CAPABILITY IMAP4rev1],imap
445,tcp,Windows SMB,unknown
21,tcp,ProFTPD 1.3.5,ftp
80,tcp,Microsoft-IIS/10.0,http
27017,tcp,MongoDB 6.0,unknown
6379,tcp,+OK,redis
80,tcp,nginx/1.18.0,http
1521,tcp,Oracle TNS Listener,unknown
111,tcp,,unknown
6379,tcp,Redis server v=7.0.4,redis
21,tcp,ProFTPD 1.3.5,ftp
111,tcp,,unknown
3306,tcp,MySQL 8.0.28,mysql
69,tcp,,tftp
8443,tcp,nginx/1.18.0,unknown
111,tcp,,unknown
443,tcp,nginx/1.18.0,https
69,tcp,,tftp
1433,tcp,,unknown
69,tcp,,tftp
1433,tcp,Microsoft SQL Server 2019,unknown
21,tcp,vsftpd 3.0.3,ftp
8080,tcp,Apache/2.4.41,http
512,tcp,,unknown
4444,tcp,,unknown
1521,tcp,Oracle TNS Listener,unknown
3389,tcp,Microsoft Terminal Services,unknown
23,tcp,,telnet
443,tcp,nginx/1.18.0,https
139,tcp,Samba,unknown
1521,tcp,Oracle TNS Listener,unknown
6379,tcp,+OK,redis
513,tcp,,unknown
445,tcp,Samba,unknown
1521,tcp,Oracle TNS Listener,unknown
2049,tcp,,nfs
3389,tcp,,unknown
443,tcp,nginx/1.18.0,https
873,tcp,,unknown
8443,tcp,Apache/2.4.41,unknown
513,tcp,,unknown
513,tcp,,unknown
513,tcp,,unknown
8443,tcp,Apache/2.4.41,unknown
8443,tcp,Apache/2.4.41,unknown
514,tcp,,unknown
3306,tcp,MariaDB 10.6,mysql
5432,tcp,PostgreSQL 14.2,postgresql
512,tcp,,unknown
111,tcp,,unknown
1433,tcp,,unknown
4444,tcp,,unknown
22,tcp,SSH-2.0-OpenSSH_9.0,ssh
27017,tcp,ismaster,unknown
6379,tcp,+OK,redis
8888,tcp,,unknown
110,tcp,+OK POP3 ready,pop3
5432,tcp,PostgreSQL 14.2,postgresql
143,tcp,Dovecot IMAP,imap
27017,tcp,ismaster,unknown
3306,tcp,MariaDB 10.6,mysql
25,tcp,Postfix ESMTP,smtp
443,tcp,LiteSpeed,https
53,tcp,,unknown
1521,tcp,Oracle TNS Listener,unknown
53,tcp,,unknown
111,tcp,,unknown
8443,tcp,Apache/2.4.41,unknown
27017,tcp,ismaster,unknown
514,tcp,,unknown
513,tcp,,unknown
143,tcp,* OK [CAPABILITY IMAP4rev1],imap
143,tcp,Dovecot IMAP,imap
3306,tcp,MariaDB 10.6,mysql
445,tcp,Windows SMB,unknown
8443,tcp,nginx/1.18.0,unknown
514,tcp,,unknown
110,tcp,+OK POP3 ready,pop3
1521,tcp,Oracle TNS Listener,unknown
3389,tcp,Microsoft Terminal Services,unknown
27017,tcp,MongoDB 6.0,unknown
21,tcp,vsftpd 3.0.3,ftp
69,tcp,,tftp
139,tcp,,unknown
513,tcp,,unknown
8080,tcp,Apache/2.4.41,http
139,tcp,,unknown
8443,tcp,,unknown
22,tcp,Dropbear SSH,ssh
5900,tcp,RFB 003.008,unknown
23,tcp,,telnet
1521,tcp,Oracle TNS Listener,unknown
80,tcp,nginx/1.18.0,http
143,tcp,Dovecot IMAP,imap
23,tcp,,telnet
25,tcp,Exim 4.95,smtp
445,tcp,,unknown
514,tcp,,unknown
53,tcp,,unknown
21,tcp,ProFTPD 1.3.5,ftp
25,tcp,Postfix ESMTP,smtp
514,tcp,,unknown
5432,tcp,PostgreSQL 14.2,postgresql
5432,tcp,PostgreSQL 14.2,postgresql
3306,tcp,MySQL 5.7.38,mysql
1521,tcp,Oracle TNS Listener,unknown
513,tcp,,unknown
139,tcp,Samba,unknown
21,tcp,Pure-FTPd,ftp
873,tcp,,unknown
27017,tcp,ismaster,unknown
2049,tcp,,nfs
5432,tcp,PostgreSQL 14.2,postgresql
3389,tcp,,unknown
8888,tcp,,unknown
2049,tcp,,nfs
80,tcp,LiteSpeed,http
514,tcp,,unknown
3306,tcp,MySQL 8.0.28,mysql
1433,tcp,Microsoft SQL Server 2019,unknown
512,tcp,,unknown
4444,tcp,,unknown
111,tcp,,unknown
8443,tcp,nginx/1.18.0,unknown
69,tcp,,tftp
25,tcp,Sendmail 8.15,smtp
21,tcp,vsftpd 3.0.3,ftp
69,tcp,,tftp
3389,tcp,Microsoft Terminal Services,unknown
139,tcp,Samba,unknown
22,tcp,SSH-2.0-OpenSSH_9.0,ssh
5432,tcp,PostgreSQL 14.2,postgresql
5432,tcp,PostgreSQL 14.2,postgresql
3389,tcp,,unknown
8080,tcp,Tomcat/9.0,http
2049,tcp,,nfs
513,tcp,,unknown
513,tcp,,unknown
110,tcp,+OK Dovecot,pop3
143,tcp,Dovecot IMAP,imap
8080,tcp,Tomcat/9.0,http
2049,tcp,,nfs
8443,tcp,nginx/1.18.0,unknown
111,tcp,,unknown
3389,tcp,Microsoft Terminal Services,unknown
1521,tcp,Oracle TNS Listener,unknown
21,tcp,vsftpd 3.0.3,ftp
873,tcp,,unknown
25,tcp,Sendmail 8.15,smtp
8443,tcp,Apache/2.4.41,unknown
8080,tcp,nginx/1.18.0,http
27017,tcp,MongoDB 6.0,unknown
4444,tcp,,unknown
3389,tcp,,unknown
69,tcp,,tftp
5432,tcp,PostgreSQL 14.2,postgresql
8888,tcp,,unknown
443,tcp,LiteSpeed,https
2049,tcp,,nfs
8888,tcp,,unknown
514,tcp,,unknown
27017,tcp,MongoDB 6.0,unknown
69,tcp,,tftp
21,tcp,FileZilla FTP,ftp
53,tcp,,unknown
25,tcp,Postfix ESMTP,smtp
21,tcp,ProFTPD 1.3.5,ftp
139,tcp,,unknown
5900,tcp,RFB 003.008,unknown
2049,tcp,,nfs
53,tcp,,unknown
27017,tcp,ismaster,unknown
1433,tcp,Microsoft SQL Server 2019,unknown
8080,tcp,Jetty,http
514,tcp,,unknown
8888,tcp,,unknown
3389,tcp,,unknown
5900,tcp,RealVNC,unknown
143,tcp,Dovecot IMAP,imap
8888,tcp,,unknown
1521,tcp,Oracle TNS Listener,unknown
5900,tcp,RFB 003.008,unknown
110,tcp,Dovecot ready,pop3
3389,tcp,,unknown
111,tcp,,unknown
512,tcp,,unknown
6379,tcp,Redis server v=7.0.4,redis
5432,tcp,PostgreSQL 14.2,postgresql
5432,tcp,PostgreSQL 14.2,postgresql
8888,tcp,,unknown
143,tcp,Dovecot IMAP,imap
445,tcp,Windows SMB,unknown
110,tcp,+OK POP3 ready,pop3
139,tcp,,unknown
27017,tcp,ismaster,unknown
22,tcp,OpenSSH_8.2p1,ssh
80,tcp,Apache/2.4.41,http
27017,tcp,ismaster,unknown
2049,tcp,,nfs
1433,tcp,,unknown
53,tcp,,unknown
873,tcp,,unknown
69,tcp,,tftp
110,tcp,+OK POP3 ready,pop3
21,tcp,vsftpd 3.0.3,ftp
513,tcp,,unknown
1433,tcp,,unknown
5432,tcp,PostgreSQL 14.2,postgresql
512,tcp,,unknown
1521,tcp,Oracle TNS Listener,unknown
8080,tcp,nginx/1.18.0,http
513,tcp,,unknown
2049,tcp,,nfs
512,tcp,,unknown
27017,tcp,ismaster,unknown
5900,tcp,RFB 003.008,unknown
22,tcp,SSH-2.0-OpenSSH_9.0,ssh
69,tcp,,tftp
3306,tcp,MySQL 5.7.38,mysql
443,tcp,nginx/1.18.0,https
4444,tcp,,unknown
5900,tcp,RealVNC,unknown
445,tcp,Windows SMB,unknown
3389,tcp,,unknown
445,tcp,Samba,unknown
8443,tcp,,unknown
110,tcp,Dovecot ready,pop3
8443,tcp,,unknown
22,tcp,SSH-2.0-OpenSSH_9.0,ssh
25,tcp,Microsoft ESMTP,smtp
8080,tcp,Tomcat/9.0,http
8080,tcp,Tomcat/9.0,http
1521,tcp,Oracle TNS Listener,unknown
3306,tcp,MySQL 5.7.38,mysql
873,tcp,,unknown
139,tcp,Samba,unknown
6379,tcp,Redis server v=7.0.4,redis
21,tcp,ProFTPD 1.3.5,ftp
110,tcp,Dovecot ready,pop3
2049,tcp,,nfs
22,tcp,OpenSSH_7.4p1,ssh
8080,tcp,Apache/2.4.41,http
514,tcp,,unknown
8080,tcp,Jetty,http
5900,tcp,RealVNC,unknown
22,tcp,Dropbear SSH,ssh
8443,tcp,Apache/2.4.41,unknown
514,tcp,,unknown
1433,tcp,Microsoft SQL Server 2019,unknown
110,tcp,Dovecot ready,pop3
27017,tcp,MongoDB 6.0,unknown
1521,tcp,Oracle TNS Listener,unknown
445,tcp,Samba,unknown
8443,tcp,Apache/2.4.41,unknown
22,tcp,Dropbear SSH,ssh
8443,tcp,,unknown
69,tcp,,tftp
513,tcp,,unknown
873,tcp,,unknown
21,tcp,vsftpd 3.0.3,ftp
143,tcp,* OK [CAPABILITY IMAP4rev1],imap
8443,tcp,Apache/2.4.41,unknown
53,tcp,,unknown
3306,tcp,MySQL 5.7.38,mysql
6379,tcp,+OK,redis
443,tcp,LiteSpeed,https
6379,tcp,Redis server v=7.0.4,redis
3389,tcp,,unknown
443,tcp,LiteSpeed,https
27017,tcp,ismaster,unknown
22,tcp,OpenSSH_8.2p1,ssh
69,tcp,,tftp
873,tcp,,unknown
1521,tcp,Oracle TNS Listener,unknown
139,tcp,Samba,unknown
23,tcp,,telnet
111,tcp,,unknown
8443,tcp,nginx/1.18.0,unknown
514,tcp,,unknown
69,tcp,,tftp
25,tcp,Sendmail 8.15,smtp
8888,tcp,,unknown
27017,tcp,ismaster,unknown
110,tcp,+OK Dovecot,pop3
1433,tcp,,unknown
23,tcp,,telnet
69,tcp,,tftp
873,tcp,,unknown
8443,tcp,Apache/2.4.41,unknown
513,tcp,,unknown
513,tcp,,unknown
443,tcp,LiteSpeed,https
5432,tcp,PostgreSQL 14.2,postgresql
1521,tcp,Oracle TNS Listener,unknown
2049,tcp,,nfs
22,tcp,SSH-2.0-OpenSSH_9.0,ssh
445,tcp,,unknown
1433,tcp,,unknown
5432,tcp,PostgreSQL 14.2,postgresql
1521,tcp,Oracle TNS Listener,unknown
6379,tcp,+OK,redis
3389,tcp,,unknown
8443,tcp,,unknown
111,tcp,,unknown
514,tcp,,unknown
514,tcp,,unknown
3306,tcp,MySQL 8.0.28,mysql
53,tcp,,unknown
8888,tcp,,unknown
5900,tcp,RealVNC,unknown
8888,tcp,,unknown
4444,tcp,,unknown
873,tcp,,unknown
3389,tcp,Microsoft Terminal Services,unknown
21,tcp,Pure-FTPd,ftp
445,tcp,,unknown
512,tcp,,unknown
80,tcp,LiteSpeed,http
512,tcp,,unknown
111,tcp,,unknown
23,tcp,,telnet
443,tcp,Apache/2.4.41,https
6379,tcp,+OK,redis
25,tcp,Postfix ESMTP,smtp
1433,tcp,Microsoft SQL Server 2019,unknown
21,tcp,Pure-FTPd,ftp
139,tcp,Samba,unknown
512,tcp,,unknown
512,tcp,,unknown
21,tcp,ProFTPD 1.3.5,ftp
23,tcp,,telnet
8080,tcp,Tomcat/9.0,http
514,tcp,,unknown
22,tcp,SSH-2.0-OpenSSH_9.0,ssh
21,tcp,FileZilla FTP,ftp
80,tcp,,http
512,tcp,,unknown
443,tcp,LiteSpeed,https
23,tcp,,telnet
22,tcp,OpenSSH_8.2p1,ssh
25,tcp,Exim 4.95,smtp
27017,tcp,MongoDB 6.0,unknown
23,tcp,,telnet
8888,tcp,,unknown
80,tcp,,http
1433,tcp,,unknown
512,tcp,,unknown
22,tcp,SSH-2.0-OpenSSH_9.0,ssh
80,tcp,,http
1433,tcp,Microsoft SQL Server 2019,unknown
1433,tcp,Microsoft SQL Server 2019,unknown
8888,tcp,,unknown
512,tcp,,unknown
1521,tcp,Oracle TNS Listener,unknown
53,tcp,,unknown
8888,tcp,,unknown
4444,tcp,,unknown
1433,tcp,Microsoft SQL Server 2019,unknown
139,tcp,Samba,unknown
8888,tcp,,unknown
1521,tcp,Oracle TNS Listener,unknown
4444,tcp,,unknown
69,tcp,,tftp
512,tcp,,unknown
1433,tcp,Microsoft SQL Server 2019,unknown
3306,tcp,MySQL 8.0.28,mysql
512,tcp,,unknown
3389,tcp,,unknown
8888,tcp,,unknown
513,tcp,,unknown
445,tcp,Windows SMB,unknown
8443,tcp,,unknown
5900,tcp,RealVNC,unknown
5432,tcp,PostgreSQL 14.2,postgresql
21,tcp,Pure-FTPd,ftp
5900,tcp,RFB 003.008,unknown
110,tcp,+OK POP3 ready,pop3
2049,tcp,,nfs
143,tcp,Dovecot IMAP,imap
443,tcp,nginx/1.18.0,https
8080,tcp,Tomcat/9.0,http
873,tcp,,unknown
69,tcp,,tftp
3306,tcp,MySQL 5.7.38,mysql
143,tcp,Dovecot IMAP,imap
21,tcp,vsftpd 3.0.3,ftp
8080,tcp,Jetty,http
53,tcp,,unknown
2049,tcp,,nfs
23,tcp,,telnet
3306,tcp,MySQL 8.0.28,mysql
2049,tcp,,nfs
514,tcp,,unknown
3389,tcp,,unknown
8888,tcp,,unknown
8080,tcp,Apache/2.4.41,http
873,tcp,,unknown
8080,tcp,nginx/1.18.0,http
21,tcp,Pure-FTPd,ftp
6379,tcp,Redis server v=7.0.4,redis
69,tcp,,tftp
513,tcp,,unknown
23,tcp,,telnet
25,tcp,Postfix ESMTP,smtp
4444,tcp,,unknown
4444,tcp,,unknown
512,tcp,,unknown
3389,tcp,Microsoft Terminal Services,unknown
143,tcp,Dovecot IMAP,imap
5900,tcp,RFB 003.008,unknown
143,tcp,* OK [CAPABILITY IMAP4rev1],imap
512,tcp,,unknown
513,tcp,,unknown
8888,tcp,,unknown
53,tcp,,unknown
2049,tcp,,nfs
80,tcp,Microsoft-IIS/10.0,http
514,tcp,,unknown
5432,tcp,PostgreSQL 14.2,postgresql
143,tcp,* OK [CAPABILITY IMAP4rev1],imap
8443,tcp,,unknown
22,tcp,SSH-2.0-OpenSSH_9.0,ssh
6379,tcp,+OK,redis
8888,tcp,,unknown
23,tcp,,telnet
21,tcp,FileZilla FTP,ftp
873,tcp,,unknown
443,tcp,nginx/1.18.0,https
5432,tcp,PostgreSQL 14.2,postgresql
139,tcp,Samba,unknown
1433,tcp,Microsoft SQL Server 2019,unknown
513,tcp,,unknown
873,tcp,,unknown
1521,tcp,Oracle TNS Listener,unknown
6379,tcp,Redis server v=7.0.4,redis
69,tcp,,tftp
8443,tcp,nginx/1.18.0,unknown
3389,tcp,,unknown
1433,tcp,Microsoft SQL Server 2019,unknown
27017,tcp,ismaster,unknown
8080,tcp,nginx/1.18.0,http
8443,tcp,Apache/2.4.41,unknown
69,tcp,,tftp
6379,tcp,Redis server v=7.0.4,redis
6379,tcp,Redis server v=7.0.4,redis
445,tcp,Windows SMB,unknown
2049,tcp,,nfs
143,tcp,Dovecot IMAP,imap
6379,tcp,Redis server v=7.0.4,redis
27017,tcp,ismaster,unknown
143,tcp,* OK [CAPABILITY IMAP4rev1],imap
443,tcp,,https
512,tcp,,unknown
5432,tcp,PostgreSQL 14.2,postgresql
8080,tcp,Jetty,http
110,tcp,Dovecot ready,pop3
53,tcp,,unknown
3306,tcp,MySQL 8.0.28,mysql
5432,tcp,PostgreSQL 14.2,postgresql
3389,tcp,Microsoft Terminal Services,unknown
512,tcp,,unknown
512,tcp,,unknown
8443,tcp,,unknown
139,tcp,Samba,unknown
23,tcp,,telnet
21,tcp,Pure-FTPd,ftp
53,tcp,,unknown
512,tcp,,unknown
1521,tcp,Oracle TNS Listener,unknown
5432,tcp,PostgreSQL 14.2,postgresql
3306,tcp,MySQL 8.0.28,mysql
5900,tcp,RFB 003.008,unknown
8888,tcp,,unknown
8080,tcp,Tomcat/9.0,http
513,tcp,,unknown
80,tcp,,http
513,tcp,,unknown
8080,tcp,Jetty,http
5900,tcp,RealVNC,unknown
143,tcp,Dovecot IMAP,imap
1433,tcp,Microsoft SQL Server 2019,unknown
5900,tcp,RealVNC,unknown
3306,tcp,MariaDB 10.6,mysql
514,tcp,,unknown
53,tcp,,unknown
69,tcp,,tftp
6379,tcp,+OK,redis
22,tcp,OpenSSH_8.2p1,ssh
110,tcp,+OK POP3 ready,pop3
1433,tcp,,unknown
1433,tcp,,unknown
4444,tcp,,unknown
6379,tcp,Redis server v=7.0.4,redis
5900,tcp,RFB 003.008,unknown
3389,tcp,,unknown
139,tcp,Samba,unknown
143,tcp,Dovecot IMAP,imap
873,tcp,,unknown
27017,tcp,ismaster,unknown
6379,tcp,Redis server v=7.0.4,redis
25,tcp,Sendmail 8.15,smtp
22,tcp,OpenSSH_7.4p1,ssh
1433,tcp,Microsoft SQL Server 2019,unknown
1433,tcp,Microsoft SQL Server 2019,unknown
80,tcp,LiteSpeed,http
6379,tcp,+OK,redis
445,tcp,Samba,unknown
21,tcp,vsftpd 3.0.3,ftp
22,tcp,OpenSSH_8.2p1,ssh
25,tcp,Microsoft ESMTP,smtp
4444,tcp,,unknown
27017,tcp,MongoDB 6.0,unknown
25,tcp,Sendmail 8.15,smtp
22,tcp,OpenSSH_8.2p1,ssh
22,tcp,OpenSSH_7.4p1,ssh
3306,tcp,MySQL 5.7.38,mysql
8080,tcp,Apache/2.4.41,http
513,tcp,,unknown
5432,tcp,PostgreSQL 14.2,postgresql
3389,tcp,,unknown
8888,tcp,,unknown
6379,tcp,Redis server v=7.0.4,redis
23,tcp,,telnet
445,tcp,Windows SMB,unknown
25,tcp,Postfix ESMTP,smtp
8888,tcp,,unknown
139,tcp,,unknown
110,tcp,+OK POP3 ready,pop3
25,tcp,Postfix ESMTP,smtp
69,tcp,,tftp
6379,tcp,+OK,redis
6379,tcp,Redis server v=7.0.4,redis
111,tcp,,unknown
8443,tcp,,unknown
8080,tcp,Apache/2.4.41,http
1521,tcp,Oracle TNS Listener,unknown
69,tcp,,tftp
1521,tcp,Oracle TNS Listener,unknown
23,tcp,,telnet
445,tcp,,unknown
1433,tcp,Microsoft SQL Server 2019,unknown
1433,tcp,,unknown
4444,tcp,,unknown
111,tcp,,unknown
5900,tcp,RFB 003.008,unknown
443,tcp,,https
4444,tcp,,unknown
80,tcp,Apache/2.4.41,http
1433,tcp,,unknown
513,tcp,,unknown
513,tcp,,unknown
5432,tcp,PostgreSQL 14.2,postgresql
22,tcp,Dropbear SSH,ssh
8443,tcp,Apache/2.4.41,unknown
1433,tcp,Microsoft SQL Server 2019,unknown
8080,tcp,Jetty,http
22,tcp,Dropbear SSH,ssh
80,tcp,Apache/2.4.41,http
3389,tcp,Microsoft Terminal Services,unknown
110,tcp,Dovecot ready,pop3
513,tcp,,unknown
5900,tcp,RealVNC,unknown
1433,tcp,,unknown
69,tcp,,tftp
2049,tcp,,nfs
69,tcp,,tftp
512,tcp,,unknown
873,tcp,,unknown
443,tcp,Apache/2.4.41,https
4444,tcp,,unknown
512,tcp,,unknown
21,tcp,Pure-FTPd,ftp
3306,tcp,MariaDB 10.6,mysql
6379,tcp,Redis server v=7.0.4,redis
21,tcp,vsftpd 3.0.3,ftp
111,tcp,,unknown
27017,tcp,MongoDB 6.0,unknown
5432,tcp,PostgreSQL 14.2,postgresql
143,tcp,Dovecot IMAP,imap
53,tcp,,unknown
25,tcp,Microsoft ESMTP,smtp
22,tcp,OpenSSH_8.2p1,ssh
22,tcp,OpenSSH_7.4p1,ssh
23,tcp,,telnet
8443,tcp,nginx/1.18.0,unknown
80,tcp,LiteSpeed,http
6379,tcp,Redis server v=7.0.4,redis
143,tcp,* OK [CAPABILITY IMAP4rev1],imap
5900,tcp,RealVNC,unknown
22,tcp,Dropbear SSH,ssh
27017,tcp,ismaster,unknown
22,tcp,OpenSSH_7.4p1,ssh
8888,tcp,,unknown
5900,tcp,RealVNC,unknown
8888,tcp,,unknown
143,tcp,Dovecot IMAP,imap
1433,tcp,Microsoft SQL Server 2019,unknown
21,tcp,ProFTPD 1.3.5,ftp
512,tcp,,unknown
25,tcp,Exim 4.95,smtp
3306,tcp,MariaDB 10.6,mysql
514,tcp,,unknown
80,tcp,LiteSpeed,http
1521,tcp,Oracle TNS Listener,unknown
111,tcp,,unknown
25,tcp,Postfix ESMTP,smtp
80,tcp,LiteSpeed,http
513,tcp,,unknown
3389,tcp,Microsoft Terminal Services,unknown
143,tcp,* OK [CAPABILITY IMAP4rev1],imap
8080,tcp,nginx/1.18.0,http
27017,tcp,MongoDB 6.0,unknown
2049,tcp,,nfs
1521,tcp,Oracle TNS Listener,unknown
3306,tcp,MySQL 5.7.38,mysql
513,tcp,,unknown
1433,tcp,Microsoft SQL Server 2019,unknown
5900,tcp,RFB 003.008,unknown
110,tcp,+OK POP3 ready,pop3
5900,tcp,RealVNC,unknown
3306,tcp,MariaDB 10.6,mysql
143,tcp,Dovecot IMAP,imap
5900,tcp,RealVNC,unknown
80,tcp,nginx/1.18.0,http
5432,tcp,PostgreSQL 14.2,postgresql
111,tcp,,unknown
443,tcp,nginx/1.18.0,https
6379,tcp,Redis server v=7.0.4,redis
8443,tcp,,unknown
3389,tcp,Microsoft Terminal Services,unknown
512,tcp,,unknown
143,tcp,Dovecot IMAP,imap
53,tcp,,unknown
69,tcp,,tftp
443,tcp,Apache/2.4.41,https
27017,tcp,MongoDB 6.0,unknown
143,tcp,* OK [CAPABILITY IMAP4rev1],imap
139,tcp,Samba,unknown
21,tcp,ProFTPD 1.3.5,ftp
21,tcp,FileZilla FTP,ftp
6379,tcp,+OK,redis
27017,tcp,ismaster,unknown
8080,tcp,Apache/2.4.41,http
27017,tcp,ismaster,unknown
27017,tcp,MongoDB 6.0,unknown
445,tcp,Windows SMB,unknown
22,tcp,OpenSSH_7.4p1,ssh
8443,tcp,Apache/2.4.41,unknown
111,tcp,,unknown
8443,tcp,Apache/2.4.41,unknown
3389,tcp,,unknown
21,tcp,vsftpd 3.0.3,ftp
1521,tcp,Oracle TNS Listener,unknown
69,tcp,,tftp
5900,tcp,RealVNC,unknown
143,tcp,* OK [CAPABILITY IMAP4rev1],imap
143,tcp,Dovecot IMAP,imap
25,tcp,Postfix ESMTP,smtp
22,tcp,OpenSSH_7.4p1,ssh
512,tcp,,unknown
8080,tcp,Apache/2.4.41,http
443,tcp,LiteSpeed,https
8443,tcp,,unknown
445,tcp,,unknown
111,tcp,,unknown
873,tcp,,unknown
23,tcp,,telnet
8080,tcp,nginx/1.18.0,http
513,tcp,,unknown
2049,tcp,,nfs
111,tcp,,unknown
22,tcp,SSH-2.0-OpenSSH_9.0,ssh
513,tcp,,unknown
8888,tcp,,unknown
139,tcp,Samba,unknown
512,tcp,,unknown
53,tcp,,unknown
22,tcp,SSH-2.0-OpenSSH_9.0,ssh
139,tcp,Samba,unknown
143,tcp,* OK [CAPABILITY IMAP4rev1],imap
53,tcp,,unknown
6379,tcp,Redis server v=7.0.4,redis
2049,tcp,,nfs
110,tcp,+OK Dovecot,pop3
514,tcp,,unknown
27017,tcp,ismaster,unknown
4444,tcp,,unknown
139,tcp,,unknown
445,tcp,Samba,unknown
873,tcp,,unknown
22,tcp,OpenSSH_8.2p1,ssh
143,tcp,Dovecot IMAP,imap
514,tcp,,unknown
4444,tcp,,unknown
445,tcp,Windows SMB,unknown
111,tcp,,unknown
53,tcp,,unknown
8080,tcp,Jetty,http
512,tcp,,unknown
1433,tcp,Microsoft SQL Server 2019,unknown
6379,tcp,+OK,redis
3306,tcp,MySQL 8.0.28,mysql
139,tcp,,unknown
3389,tcp,,unknown
21,tcp,ProFTPD 1.3.5,ftp
873,tcp,,unknown
514,tcp,,unknown
5432,tcp,PostgreSQL 14.2,postgresql
110,tcp,+OK POP3 ready,pop3
6379,tcp,+OK,redis
69,tcp,,tftp
27017,tcp,ismaster,unknown
3306,tcp,MySQL 5.7.38,mysql
2049,tcp,,nfs
23,tcp,,telnet
8888,tcp,,unknown
3389,tcp,Microsoft Terminal Services,unknown
8888,tcp,,unknown
6379,tcp,Redis server v=7.0.4,redis
1521,tcp,Oracle TNS Listener,unknown
110,tcp,+OK Dovecot,pop3
873,tcp,,unknown
110,tcp,+OK Dovecot,pop3
8080,tcp,Jetty,http
69,tcp,,tftp
8080,tcp,nginx/1.18.0,http
873,tcp,,unknown
139,tcp,,unknown
3306,tcp,MariaDB 10.6,mysql
23,tcp,,telnet
21,tcp,vsftpd 3.0.3,ftp
513,tcp,,unknown
445,tcp,,unknown
8080,tcp,Apache/2.4.41,http
6379,tcp,Redis server v=7.0.4,redis
513,tcp,,unknown
143,tcp,* OK [CAPABILITY IMAP4rev1],imap
6379,tcp,+OK,redis
27017,tcp,ismaster,unknown
512,tcp,,unknown
443,tcp,Apache/2.4.41,https
514,tcp,,unknown
514,tcp,,unknown
21,tcp,FileZilla FTP,ftp
139,tcp,Samba,unknown
21,tcp,vsftpd 3.0.3,ftp
69,tcp,,tftp
8080,tcp,Jetty,http
6379,tcp,Redis server v=7.0.4,redis
873,tcp,,unknown
21,tcp,FileZilla FTP,ftp
4444,tcp,,unknown
1521,tcp,Oracle TNS Listener,unknown
139,tcp,,unknown
27017,tcp,MongoDB 6.0,unknown
53,tcp,,unknown
873,tcp,,unknown
22,tcp,OpenSSH_7.4p1,ssh
21,tcp,FileZilla FTP,ftp
3306,tcp,MariaDB 10.6,mysql
4444,tcp,,unknown
4444,tcp,,unknown
3389,tcp,Microsoft Terminal Services,unknown
25,tcp,Microsoft ESMTP,smtp
69,tcp,,tftp
5900,tcp,RealVNC,unknown
445,tcp,Windows SMB,unknown
8888,tcp,,unknown
22,tcp,Dropbear SSH,ssh
445,tcp,Samba,unknown
139,tcp,,unknown
445,tcp,,unknown
6379,tcp,+OK,redis
27017,tcp,ismaster,unknown
25,tcp,Sendmail 8.15,smtp
53,tcp,,unknown
873,tcp,,unknown
2049,tcp,,nfs
3389,tcp,,unknown
80,tcp,LiteSpeed,http
8443,tcp,nginx/1.18.0,unknown
445,tcp,,unknown
110,tcp,+OK Dovecot,pop3
2049,tcp,,nfs
443,tcp,,https
445,tcp,,unknown
8443,tcp,,unknown
1433,tcp,Microsoft SQL Server 2019,unknown
1433,tcp,Microsoft SQL Server 2019,unknown
513,tcp,,unknown
27017,tcp,ismaster,unknown
21,tcp,ProFTPD 1.3.5,ftp
139,tcp,,unknown
143,tcp,* OK [CAPABILITY IMAP4rev1],imap
53,tcp,,unknown
110,tcp,+OK POP3 ready,pop3
143,tcp,Dovecot IMAP,imap
139,tcp,Samba,unknown
4444,tcp,,unknown
8888,tcp,,unknown
111,tcp,,unknown
8080,tcp,nginx/1.18.0,http
3389,tcp,,unknown
1521,tcp,Oracle TNS Listener,unknown
873,tcp,,unknown
80,tcp,nginx/1.18.0,http
513,tcp,,unknown
5900,tcp,RealVNC,unknown
23,tcp,,telnet
5432,tcp,PostgreSQL 14.2,postgresql
1433,tcp,Microsoft SQL Server 2019,unknown
8888,tcp,,unknown
23,tcp,,telnet
873,tcp,,unknown
23,tcp,,telnet
873,tcp,,unknown
23,tcp,,telnet
3306,tcp,MySQL 5.7.38,mysql
3306,tcp,MySQL 8.0.28,mysql
22,tcp,Dropbear SSH,ssh
8888,tcp,,unknown
514,tcp,,unknown
25,tcp,Microsoft ESMTP,smtp
27017,tcp,ismaster,unknown
80,tcp,Apache/2.4.41,http
8080,tcp,nginx/1.18.0,http
514,tcp,,unknown
8443,tcp,nginx/1.18.0,unknown
3389,tcp,,unknown
443,tcp,Apache/2.4.41,https
1433,tcp,Microsoft SQL Server 2019,unknown
445,tcp,Windows SMB,unknown
8080,tcp,Jetty,http
1521,tcp,Oracle TNS Listener,unknown
514,tcp,,unknown
5900,tcp,RFB 003.008,unknown
1521,tcp,Oracle TNS Listener,unknown
445,tcp,Samba,unknown
8443,tcp,nginx/1.18.0,unknown
445,tcp,Windows SMB,unknown
53,tcp,,unknown
25,tcp,Microsoft ESMTP,smtp
111,tcp,,unknown
22,tcp,OpenSSH_8.2p1,ssh
69,tcp,,tftp
5432,tcp,PostgreSQL 14.2,postgresql
1433,tcp,Microsoft SQL Server 2019,unknown
1521,tcp,Oracle TNS Listener,unknown
5432,tcp,PostgreSQL 14.2,postgresql
25,tcp,Postfix ESMTP,smtp
27017,tcp,ismaster,unknown
69,tcp,,tftp
111,tcp,,unknown
512,tcp,,unknown
110,tcp,+OK Dovecot,pop3
25,tcp,Sendmail 8.15,smtp
6379,tcp,+OK,redis
110,tcp,+OK Dovecot,pop3
873,tcp,,unknown
8080,tcp,Jetty,http
143,tcp,* OK [CAPABILITY IMAP4rev1],imap
1433,tcp,Microsoft SQL Server 2019,unknown
8443,tcp,Apache/2.4.41,unknown
873,tcp,,unknown
5432,tcp,PostgreSQL 14.2,postgresql
512,tcp,,unknown
445,tcp,Windows SMB,unknown
514,tcp,,unknown
5900,tcp,RFB 003.008,unknown
5900,tcp,RealVNC,unknown
513,tcp,,unknown
25,tcp,Postfix ESMTP,smtp
111,tcp,,unknown
513,tcp,,unknown
5432,tcp,PostgreSQL 14.2,postgresql
22,tcp,Dropbear SSH,ssh
143,tcp,Dovecot IMAP,imap
22,tcp,OpenSSH_7.4p1,ssh
21,tcp,ProFTPD 1.3.5,ftp
21,tcp,ProFTPD 1.3.5,ftp
3389,tcp,Microsoft Terminal Services,unknown
25,tcp,Exim 4.95,smtp
8888,tcp,,unknown
27017,tcp,ismaster,unknown
110,tcp,+OK POP3 ready,pop3
23,tcp,,telnet
4444,tcp,,unknown
514,tcp,,unknown
1433,tcp,Microsoft SQL Server 2019,unknown
2049,tcp,,nfs
1521,tcp,Oracle TNS Listener,unknown
25,tcp,Exim 4.95,smtp
2049,tcp,,nfs
513,tcp,,unknown
8443,tcp,,unknown
2049,tcp,,nfs
1433,tcp,Microsoft SQL Server 2019,unknown
23,tcp,,telnet
6379,tcp,+OK,redis
25,tcp,Postfix ESMTP,smtp
21,tcp,Pure-FTPd,ftp
5900,tcp,RealVNC,unknown
111,tcp,,unknown
80,tcp,nginx/1.18.0,http
1521,tcp,Oracle TNS Listener,unknown
8888,tcp,,unknown
69,tcp,,tftp
1433,tcp,Microsoft SQL Server 2019,unknown
5900,tcp,RealVNC,unknown
5432,tcp,PostgreSQL 14.2,postgresql
513,tcp,,unknown
8888,tcp,,unknown
23,tcp,,telnet
443,tcp,nginx/1.18.0,https
1433,tcp,,unknown
21,tcp,Pure-FTPd,ftp
513,tcp,,unknown
512,tcp,,unknown
443,tcp,Apache/2.4.41,https
4444,tcp,,unknown
873,tcp,,unknown
512,tcp,,unknown
23,tcp,,telnet
139,tcp,Samba,unknown
443,tcp,Apache/2.4.41,https
139,tcp,Samba,unknown
5432,tcp,PostgreSQL 14.2,postgresql
80,tcp,Microsoft-IIS/10.0,http
445,tcp,Samba,unknown
8080,tcp,Apache/2.4.41,http
53,tcp,,unknown
4444,tcp,,unknown
111,tcp,,unknown
25,tcp,Microsoft ESMTP,smtp
27017,tcp,ismaster,unknown
21,tcp,FileZilla FTP,ftp
80,tcp,,http
2049,tcp,,nfs
53,tcp,,unknown
6379,tcp,+OK,redis
4444,tcp,,unknown
3389,tcp,Microsoft Terminal Services,unknown
23,tcp,,telnet
6379,tcp,Redis server v=7.0.4,redis
110,tcp,Dovecot ready,pop3
3306,tcp,MySQL 8.0.28,mysql
1521,tcp,Oracle TNS Listener,unknown
139,tcp,Samba,unknown
139,tcp,Samba,unknown
6379,tcp,+OK,redis
1433,tcp,Microsoft SQL Server 2019,unknown
1521,tcp,Oracle TNS Listener,unknown
139,tcp,,unknown
3389,tcp,Microsoft Terminal Services,unknown
5432,tcp,PostgreSQL 14.2,postgresql
21,tcp,Pure-FTPd,ftp
514,tcp,,unknown
143,tcp,Dovecot IMAP,imap
5432,tcp,PostgreSQL 14.2,postgresql
513,tcp,,unknown
80,tcp,Microsoft-IIS/10.0,http
111,tcp,,unknown
5432,tcp,PostgreSQL 14.2,postgresql
8888,tcp,,unknown
80,tcp,Apache/2.4.41,http
3389,tcp,,unknown
27017,tcp,MongoDB 6.0,unknown
3306,tcp,MariaDB 10.6,mysql
110,tcp,Dovecot ready,pop3
111,tcp,,unknown
5432,tcp,PostgreSQL 14.2,postgresql
23,tcp,,telnet
514,tcp,,unknown
25,tcp,Exim 4.95,smtp
445,tcp,Samba,unknown
3389,tcp,Microsoft Terminal Services,unknown
22,tcp,Dropbear SSH,ssh
69,tcp,,tftp
111,tcp,,unknown
110,tcp,Dovecot ready,pop3
143,tcp,Dovecot IMAP,imap
23,tcp,,telnet
53,tcp,,unknown
22,tcp,OpenSSH_7.4p1,ssh
3389,tcp,,unknown
8888,tcp,,unknown
443,tcp,LiteSpeed,https
21,tcp,vsftpd 3.0.3,ftp
445,tcp,Windows SMB,unknown
8080,tcp,nginx/1.18.0,http
5900,tcp,RealVNC,unknown
53,tcp,,unknown
53,tcp,,unknown
873,tcp,,unknown
8080,tcp,Apache/2.4.41,http
513,tcp,,unknown
3389,tcp,Microsoft Terminal Services,unknown
8443,tcp,,unknown
69,tcp,,tftp
2049,tcp,,nfs
445,tcp,Windows SMB,unknown
110,tcp,+OK Dovecot,pop3
21,tcp,Pure-FTPd,ftp
8080,tcp,Jetty,http
143,tcp,Dovecot IMAP,imap
80,tcp,,http
6379,tcp,+OK,redis
8443,tcp,nginx/1.18.0,unknown
21,tcp,FileZilla FTP,ftp
139,tcp,Samba,unknown
512,tcp,,unknown
8443,tcp,Apache/2.4.41,unknown
22,tcp,OpenSSH_8.2p1,ssh
25,tcp,Microsoft ESMTP,smtp
8443,tcp,Apache/2.4.41,unknown
512,tcp,,unknown
445,tcp,Windows SMB,unknown
25,tcp,Sendmail 8.15,smtp
23,tcp,,telnet
512,tcp,,unknown
873,tcp,,unknown
5900,tcp,RFB 003.008,unknown
111,tcp,,unknown
27017,tcp,MongoDB 6.0,unknown
69,tcp,,tftp
21,tcp,Pure-FTPd,ftp
3306,tcp,MySQL 5.7.38,mysql
8888,tcp,,unknown
513,tcp,,unknown
6379,tcp,+OK,redis
3306,tcp,MySQL 5.7.38,mysql
1521,tcp,Oracle TNS Listener,unknown
445,tcp,,unknown
143,tcp,* OK [CAPABILITY IMAP4rev1],imap
21,tcp,ProFTPD 1.3.5,ftp
27017,tcp,ismaster,unknown
25,tcp,Postfix ESMTP,smtp
6379,tcp,Redis server v=7.0.4,redis
139,tcp,,unknown
143,tcp,* OK [CAPABILITY IMAP4rev1],imap
443,tcp,Apache/2.4.41,https
445,tcp,,unknown
143,tcp,* OK [CAPABILITY IMAP4rev1],imap
27017,tcp,MongoDB 6.0,unknown
23,tcp,,telnet
80,tcp,nginx/1.18.0,http
8443,tcp,nginx/1.18.0,unknown
1433,tcp,,unknown
5900,tcp,RFB 003.008,unknown
22,tcp,OpenSSH_8.2p1,ssh
6379,tcp,Redis server v=7.0.4,redis
69,tcp,,tftp
2049,tcp,,nfs
8888,tcp,,unknown
8080,tcp,Jetty,http
22,tcp,OpenSSH_8.2p1,ssh
8080,tcp,nginx/1.18.0,http
5432,tcp,PostgreSQL 14.2,postgresql
111,tcp,,unknown
25,tcp,Microsoft ESMTP,smtp
445,tcp,Windows SMB,unknown
53,tcp,,unknown
512,tcp,,unknown
69,tcp,,tftp
4444,tcp,,unknown
111,tcp,,unknown
8888,tcp,,unknown
53,tcp,,unknown
25,tcp,Microsoft ESMTP,smtp
443,tcp,LiteSpeed,https
2049,tcp,,nfs
25,tcp,Exim 4.95,smtp
25,tcp,Exim 4.95,smtp
69,tcp,,tftp
1521,tcp,Oracle TNS Listener,unknown
22,tcp,SSH-2.0-OpenSSH_9.0,ssh
80,tcp,LiteSpeed,http
143,tcp,* OK [CAPABILITY IMAP4rev1],imap
3306,tcp,MySQL 5.7.38,mysql
514,tcp,,unknown
2049,tcp,,nfs
4444,tcp,,unknown
23,tcp,,telnet
6379,tcp,+OK,redis
53,tcp,,unknown
80,tcp,Apache/2.4.41,http
110,tcp,+OK Dovecot,pop3
69,tcp,,tftp
514,tcp,,unknown
21,tcp,Pure-FTPd,ftp
445,tcp,Windows SMB,unknown
873,tcp,,unknown
53,tcp,,unknown
1433,tcp,Microsoft SQL Server 2019,unknown
139,tcp,,unknown
1433,tcp,Microsoft SQL Server 2019,unknown
443,tcp,LiteSpeed,https
3389,tcp,,unknown
2049,tcp,,nfs
23,tcp,,telnet
80,tcp,,http
1433,tcp,,unknown
4444,tcp,,unknown
8888,tcp,,unknown
111,tcp,,unknown
27017,tcp,MongoDB 6.0,unknown
139,tcp,Samba,unknown
3389,tcp,,unknown
4444,tcp,,unknown
443,tcp,,https
110,tcp,+OK Dovecot,pop3
80,tcp,,http
22,tcp,Dropbear SSH,ssh
69,tcp,,tftp
111,tcp,,unknown
1521,tcp,Oracle TNS Listener,unknown
1433,tcp,Microsoft SQL Server 2019,unknown
514,tcp,,unknown
8080,tcp,Apache/2.4.41,http
111,tcp,,unknown
23,tcp,,telnet
6379,tcp,+OK,redis
443,tcp,nginx/1.18.0,https
445,tcp,Windows SMB,unknown
512,tcp,,unknown
80,tcp,,http
80,tcp,,http
512,tcp,,unknown
23,tcp,,telnet
139,tcp,Samba,unknown
143,tcp,* OK [CAPABILITY IMAP4rev1],imap
445,tcp,,unknown
5432,tcp,PostgreSQL 14.2,postgresql
6379,tcp,Redis server v=7.0.4,redis
69,tcp,,tftp
443,tcp,nginx/1.18.0,https
3389,tcp,Microsoft Terminal Services,unknown
8888,tcp,,unknown
6379,tcp,Redis server v=7.0.4,redis
21,tcp,Pure-FTPd,ftp
22,tcp,SSH-2.0-OpenSSH_9.0,ssh
25,tcp,Exim 4.95,smtp
139,tcp,Samba,unknown
25,tcp,Postfix ESMTP,smtp
514,tcp,,unknown
5900,tcp,RealVNC,unknown
22,tcp,Dropbear SSH,ssh
111,tcp,,unknown
23,tcp,,telnet
111,tcp,,unknown
445,tcp,Samba,unknown
53,tcp,,unknown
143,tcp,* OK [CAPABILITY IMAP4rev1],imap
53,tcp,,unknown
110,tcp,+OK Dovecot,pop3
53,tcp,,unknown
111,tcp,,unknown
1521,tcp,Oracle TNS Listener,unknown
143,tcp,Dovecot IMAP,imap
512,tcp,,unknown
445,tcp,,unknown
8443,tcp,Apache/2.4.41,unknown
25,tcp,Postfix ESMTP,smtp
3306,tcp,MySQL 5.7.38,mysql
27017,tcp,MongoDB 6.0,unknown
2049,tcp,,nfs
8888,tcp,,unknown
4444,tcp,,unknown
1433,tcp,Microsoft SQL Server 2019,unknown
514,tcp,,unknown
6379,tcp,Redis server v=7.0.4,redis
514,tcp,,unknown
514,tcp,,unknown
873,tcp,,unknown
111,tcp,,unknown
1521,tcp,Oracle TNS Listener,unknown
143,tcp,* OK [CAPABILITY IMAP4rev1],imap
445,tcp,Windows SMB,unknown
69,tcp,,tftp
3389,tcp,Microsoft Terminal Services,unknown
513,tcp,,unknown
5900,tcp,RFB 003.008,unknown
53,tcp,,unknown
111,tcp,,unknown
5900,tcp,RFB 003.008,unknown
5900,tcp,RealVNC,unknown
23,tcp,,telnet
4444,tcp,,unknown
8080,tcp,nginx/1.18.0,http
5900,tcp,RealVNC,unknown
445,tcp,Windows SMB,unknown
5432,tcp,PostgreSQL 14.2,postgresql
21,tcp,vsftpd 3.0.3,ftp
1521,tcp,Oracle TNS Listener,unknown
23,tcp,,telnet
23,tcp,,telnet
873,tcp,,unknown
5432,tcp,PostgreSQL 14.2,postgresql
53,tcp,,unknown
8080,tcp,Apache/2.4.41,http
514,tcp,,unknown
445,tcp,,unknown
111,tcp,,unknown
445,tcp,Windows SMB,unknown
1521,tcp,Oracle TNS Listener,unknown
445,tcp,Windows SMB,unknown
23,tcp,,telnet
5900,tcp,RealVNC,unknown
69,tcp,,tftp
445,tcp,Windows SMB,unknown
3389,tcp,,unknown
514,tcp,,unknown
3389,tcp,Microsoft Terminal Services,unknown
512,tcp,,unknown
1521,tcp,Oracle TNS Listener,unknown
443,tcp,,https
80,tcp,Apache/2.4.41,http
512,tcp,,unknown
23,tcp,,telnet
139,tcp,Samba,unknown
8080,tcp,Jetty,http
512,tcp,,unknown
3389,tcp,,unknown
1433,tcp,Microsoft SQL Server 2019,unknown
25,tcp,Microsoft ESMTP,smtp
25,tcp,Sendmail 8.15,smtp
6379,tcp,Redis server v=7.0.4,redis
514,tcp,,unknown
513,tcp,,unknown
5900,tcp,RealVNC,unknown
110,tcp,Dovecot ready,pop3
8888,tcp,,unknown
25,tcp,Microsoft ESMTP,smtp
513,tcp,,unknown
25,tcp,Sendmail 8.15,smtp
514,tcp,,unknown
23,tcp,,telnet
110,tcp,Dovecot ready,pop3
21,tcp,vsftpd 3.0.3,ftp
1521,tcp,Oracle TNS Listener,unknown
445,tcp,Samba,unknown
143,tcp,Dovecot IMAP,imap
3306,tcp,MySQL 5.7.38,mysql
1521,tcp,Oracle TNS Listener,unknown
22,tcp,OpenSSH_7.4p1,ssh
8888,tcp,,unknown
8888,tcp,,unknown
3306,tcp,MySQL 8.0.28,mysql
3389,tcp,Microsoft Terminal Services,unknown
514,tcp,,unknown
21,tcp,ProFTPD 1.3.5,ftp
139,tcp,Samba,unknown
3389,tcp,Microsoft Terminal Services,unknown
8443,tcp,nginx/1.18.0,unknown
514,tcp,,unknown
513,tcp,,unknown
25,tcp,Postfix ESMTP,smtp
5432,tcp,PostgreSQL 14.2,postgresql
4444,tcp,,unknown
445,tcp,Samba,unknown
1433,tcp,,unknown
111,tcp,,unknown
80,tcp,nginx/1.18.0,http
1521,tcp,Oracle TNS Listener,unknown
80,tcp,Apache/2.4.41,http
25,tcp,Postfix ESMTP,smtp
8080,tcp,Tomcat/9.0,http
80,tcp,,http
514,tcp,,unknown
110,tcp,Dovecot ready,pop3
8888,tcp,,unknown
2049,tcp,,nfs
4444,tcp,,unknown
111,tcp,,unknown
8080,tcp,nginx/1.18.0,http
25,tcp,Sendmail 8.15,smtp
8080,tcp,Jetty,http
8443,tcp,,unknown
3306,tcp,MySQL 5.7.38,mysql
873,tcp,,unknown
513,tcp,,unknown
110,tcp,Dovecot ready,pop3
3389,tcp,,unknown
8443,tcp,Apache/2.4.41,unknown
53,tcp,,unknown
25,tcp,Postfix ESMTP,smtp
5900,tcp,RealVNC,unknown
143,tcp,* OK [CAPABILITY IMAP4rev1],imap
23,tcp,,telnet
25,tcp,Postfix ESMTP,smtp
445,tcp,Samba,unknown
3306,tcp,MariaDB 10.6,mysql
8443,tcp,,unknown
8888,tcp,,unknown
53,tcp,,unknown
445,tcp,Windows SMB,unknown
21,tcp,FileZilla FTP,ftp
4444,tcp,,unknown
27017,tcp,ismaster,unknown
80,tcp,,http
110,tcp,+OK POP3 ready,pop3
8080,tcp,Apache/2.4.41,http
23,tcp,,telnet
3306,tcp,MariaDB 10.6,mysql
514,tcp,,unknown
21,tcp,ProFTPD 1.3.5,ftp
1521,tcp,Oracle TNS Listener,unknown
5900,tcp,RealVNC,unknown
2049,tcp,,nfs
3389,tcp,Microsoft Terminal Services,unknown
873,tcp,,unknown
512,tcp,,unknown
143,tcp,Dovecot IMAP,imap
111,tcp,,unknown
111,tcp,,unknown
873,tcp,,unknown
512,tcp,,unknown
23,tcp,,telnet
513,tcp,,unknown
80,tcp,nginx/1.18.0,http
5432,tcp,PostgreSQL 14.2,postgresql
8080,tcp,Tomcat/9.0,http
513,tcp,,unknown
2049,tcp,,nfs
69,tcp,,tftp
5432,tcp,PostgreSQL 14.2,postgresql
6379,tcp,Redis server v=7.0.4,redis
445,tcp,Samba,unknown
513,tcp,,unknown
514,tcp,,unknown
8080,tcp,Tomcat/9.0,http
80,tcp,Apache/2.4.41,http
2049,tcp,,nfs
445,tcp,Windows SMB,unknown
5900,tcp,RFB 003.008,unknown
139,tcp,,unknown
23,tcp,,telnet
8080,tcp,Jetty,http
69,tcp,,tftp
53,tcp,,unknown
5900,tcp,RealVNC,unknown
514,tcp,,unknown
5900,tcp,RealVNC,unknown
8888,tcp,,unknown
53,tcp,,unknown
4444,tcp,,unknown
8080,tcp,Tomcat/9.0,http
5900,tcp,RFB 003.008,unknown
6379,tcp,Redis server v=7.0.4,redis
6379,tcp,Redis server v=7.0.4,redis
1433,tcp,Microsoft SQL Server 2019,unknown
53,tcp,,unknown
23,tcp,,telnet
5432,tcp,PostgreSQL 14.2,postgresql
6379,tcp,+OK,redis
69,tcp,,tftp
80,tcp,LiteSpeed,http
25,tcp,Postfix ESMTP,smtp
8888,tcp,,unknown
512,tcp,,unknown
69,tcp,,tftp
873,tcp,,unknown
21,tcp,FileZilla FTP,ftp
25,tcp,Microsoft ESMTP,smtp
514,tcp,,unknown
5432,tcp,PostgreSQL 14.2,postgresql
111,tcp,,unknown
445,tcp,Windows SMB,unknown
1433,tcp,,unknown
2049,tcp,,nfs
443,tcp,Apache/2.4.41,https
69,tcp,,tftp
3389,tcp,Microsoft Terminal Services,unknown
53,tcp,,unknown
8443,tcp,nginx/1.18.0,unknown
27017,tcp,MongoDB 6.0,unknown
6379,tcp,Redis server v=7.0.4,redis
2049,tcp,,nfs
53,tcp,,unknown
2049,tcp,,nfs
5432,tcp,PostgreSQL 14.2,postgresql
27017,tcp,ismaster,unknown
5900,tcp,RealVNC,unknown
111,tcp,,unknown
2049,tcp,,nfs
6379,tcp,+OK,redis
514,tcp,,unknown
5432,tcp,PostgreSQL 14.2,postgresql
3306,tcp,MySQL 8.0.28,mysql
8888,tcp,,unknown
25,tcp,Postfix ESMTP,smtp
5432,tcp,PostgreSQL 14.2,postgresql
80,tcp,,http
1521,tcp,Oracle TNS Listener,unknown
443,tcp,LiteSpeed,https
139,tcp,Samba,unknown
1433,tcp,,unknown
53,tcp,,unknown
27017,tcp,MongoDB 6.0,unknown
514,tcp,,unknown
69,tcp,,tftp
445,tcp,Samba,unknown
23,tcp,,telnet
445,tcp,Samba,unknown
512,tcp,,unknown
22,tcp,Dropbear SSH,ssh
25,tcp,Microsoft ESMTP,smtp
8443,tcp,Apache/2.4.41,unknown
2049,tcp,,nfs
27017,tcp,ismaster,unknown
21,tcp,ProFTPD 1.3.5,ftp
80,tcp,,http
873,tcp,,unknown
873,tcp,,unknown
25,tcp,Exim 4.95,smtp
514,tcp,,unknown
80,tcp,LiteSpeed,http
53,tcp,,unknown
1521,tcp,Oracle TNS Listener,unknown
6379,tcp,Redis server v=7.0.4,redis
873,tcp,,unknown
3389,tcp,Microsoft Terminal Services,unknown
110,tcp,+OK Dovecot,pop3
6379,tcp,Redis server v=7.0.4,redis
69,tcp,,tftp
2049,tcp,,nfs
22,tcp,SSH-2.0-OpenSSH_9.0,ssh
143,tcp,Dovecot IMAP,imap
3306,tcp,MySQL 8.0.28,mysql
69,tcp,,tftp
27017,tcp,ismaster,unknown
110,tcp,Dovecot ready,pop3
512,tcp,,unknown
143,tcp,Dovecot IMAP,imap
6379,tcp,+OK,redis
4444,tcp,,unknown
27017,tcp,MongoDB 6.0,unknown
21,tcp,vsftpd 3.0.3,ftp
23,tcp,,telnet
3306,tcp,MariaDB 10.6,mysql
513,tcp,,unknown
3306,tcp,MySQL 8.0.28,mysql
512,tcp,,unknown
111,tcp,,unknown
139,tcp,,unknown
143,tcp,Dovecot IMAP,imap
8080,tcp,Jetty,http
23,tcp,,telnet
5900,tcp,RealVNC,unknown
873,tcp,,unknown
8443,tcp,,unknown
69,tcp,,tftp
111,tcp,,unknown
3389,tcp,Microsoft Terminal Services,unknown
139,tcp,Samba,unknown
514,tcp,,unknown
25,tcp,Postfix ESMTP,smtp
4444,tcp,,unknown
22,tcp,Dropbear SSH,ssh
8888,tcp,,unknown
22,tcp,OpenSSH_7.4p1,ssh
53,tcp,,unknown
143,tcp,Dovecot IMAP,imap
23,tcp,,telnet
22,tcp,OpenSSH_8.2p1,ssh
21,tcp,Pure-FTPd,ftp
514,tcp,,unknown
3389,tcp,,unknown
8080,tcp,Apache/2.4.41,http
873,tcp,,unknown
513,tcp,,unknown
8888,tcp,,unknown
80,tcp,,http
23,tcp,,telnet
3389,tcp,Microsoft Terminal Services,unknown
69,tcp,,tftp
512,tcp,,unknown
80,tcp,LiteSpeed,http
443,tcp,Apache/2.4.41,https
110,tcp,Dovecot ready,pop3
22,tcp,OpenSSH_8.2p1,ssh
1521,tcp,Oracle TNS Listener,unknown
6379,tcp,+OK,redis
873,tcp,,unknown
8443,tcp,,unknown
5900,tcp,RealVNC,unknown
3306,tcp,MySQL 5.7.38,mysql
8443,tcp,nginx/1.18.0,unknown
111,tcp,,unknown
2049,tcp,,nfs
8888,tcp,,unknown
53,tcp,,unknown
27017,tcp,MongoDB 6.0,unknown
25,tcp,Postfix ESMTP,smtp
8888,tcp,,unknown
512,tcp,,unknown
1433,tcp,Microsoft SQL Server 2019,unknown
22,tcp,SSH-2.0-OpenSSH_9.0,ssh
6379,tcp,Redis server v=7.0.4,redis
69,tcp,,tftp
1433,tcp,Microsoft SQL Server 2019,unknown
8888,tcp,,unknown
110,tcp,+OK Dovecot,pop3
6379,tcp,+OK,redis
512,tcp,,unknown
53,tcp,,unknown
8888,tcp,,unknown
8080,tcp,Jetty,http
27017,tcp,ismaster,unknown
4444,tcp,,unknown
25,tcp,Exim 4.95,smtp
139,tcp,,unknown
1521,tcp,Oracle TNS Listener,unknown
2049,tcp,,nfs
8080,tcp,Jetty,http
21,tcp,vsftpd 3.0.3,ftp
514,tcp,,unknown
443,tcp,nginx/1.18.0,https
1433,tcp,,unknown
514,tcp,,unknown
4444,tcp,,unknown
23,tcp,,telnet
53,tcp,,unknown
27017,tcp,ismaster,unknown
4444,tcp,,unknown
513,tcp,,unknown
5900,tcp,RealVNC,unknown
23,tcp,,telnet
139,tcp,,unknown
512,tcp,,unknown
873,tcp,,unknown
139,tcp,,unknown
53,tcp,,unknown
27017,tcp,MongoDB 6.0,unknown
21,tcp,vsftpd 3.0.3,ftp
27017,tcp,ismaster,unknown
27017,tcp,MongoDB 6.0,unknown
513,tcp,,unknown
8080,tcp,Jetty,http
8443,tcp,Apache/2.4.41,unknown
8443,tcp,,unknown
110,tcp,+OK Dovecot,pop3
8888,tcp,,unknown
2049,tcp,,nfs
69,tcp,,tftp
3306,tcp,MySQL 5.7.38,mysql
5900,tcp,RFB 003.008,unknown
2049,tcp,,nfs
445,tcp,Windows SMB,unknown
443,tcp,LiteSpeed,https
1433,tcp,,unknown
514,tcp,,unknown
8888,tcp,,unknown
139,tcp,Samba,unknown
8888,tcp,,unknown
514,tcp,,unknown
8080,tcp,Apache/2.4.41,http
5900,tcp,RFB 003.008,unknown
111,tcp,,unknown
139,tcp,Samba,unknown
443,tcp,nginx/1.18.0,https
143,tcp,* OK [CAPABILITY IMAP4rev1],imap
23,tcp,,telnet
513,tcp,,unknown
5432,tcp,PostgreSQL 14.2,postgresql
4444,tcp,,unknown
513,tcp,,unknown
1433,tcp,,unknown
514,tcp,,unknown
69,tcp,,tftp
5900,tcp,RFB 003.008,unknown
3389,tcp,,unknown
8080,tcp,Apache/2.4.41,http
23,tcp,,telnet
8080,tcp,Jetty,http
80,tcp,Microsoft-IIS/10.0,http
53,tcp,,unknown
873,tcp,,unknown
53,tcp,,unknown
80,tcp,Microsoft-IIS/10.0,http
139,tcp,,unknown
445,tcp,Samba,unknown
5900,tcp,RealVNC,unknown
8080,tcp,Tomcat/9.0,http
873,tcp,,unknown
8888,tcp,,unknown
1521,tcp,Oracle TNS Listener,unknown
27017,tcp,ismaster,unknown
53,tcp,,unknown
21,tcp,Pure-FTPd,ftp
53,tcp,,unknown
1433,tcp,,unknown
513,tcp,,unknown
8888,tcp,,unknown
2049,tcp,,nfs
6379,tcp,Redis server v=7.0.4,redis
69,tcp,,tftp
445,tcp,Samba,unknown
27017,tcp,MongoDB 6.0,unknown
8080,tcp,Apache/2.4.41,http
80,tcp,nginx/1.18.0,http
2049,tcp,,nfs
143,tcp,* OK [CAPABILITY IMAP4rev1],imap
445,tcp,Samba,unknown
139,tcp,,unknown
2049,tcp,,nfs
143,tcp,* OK [CAPABILITY IMAP4rev1],imap
22,tcp,OpenSSH_7.4p1,ssh
1521,tcp,Oracle TNS Listener,unknown
8080,tcp,Tomcat/9.0,http
53,tcp,,unknown
8443,tcp,nginx/1.18.0,unknown
8080,tcp,Jetty,http
80,tcp,Apache/2.4.41,http
4444,tcp,,unknown
3389,tcp,,unknown
27017,tcp,ismaster,unknown
139,tcp,Samba,unknown
5900,tcp,RealVNC,unknown
111,tcp,,unknown
80,tcp,nginx/1.18.0,http
53,tcp,,unknown
3389,tcp,Microsoft Terminal Services,unknown
21,tcp,Pure-FTPd,ftp
22,tcp,SSH-2.0-OpenSSH_9.0,ssh
23,tcp,,telnet
22,tcp,SSH-2.0-OpenSSH_9.0,ssh
143,tcp,* OK [CAPABILITY IMAP4rev1],imap
69,tcp,,tftp
139,tcp,,unknown
139,tcp,Samba,unknown
80,tcp,,http
5900,tcp,RealVNC,unknown
27017,tcp,MongoDB 6.0,unknown
5432,tcp,PostgreSQL 14.2,postgresql
143,tcp,* OK [CAPABILITY IMAP4rev1],imap
80,tcp,Microsoft-IIS/10.0,http
25,tcp,Exim 4.95,smtp
443,tcp,Apache/2.4.41,https
1433,tcp,,unknown
445,tcp,,unknown
873,tcp,,unknown
6379,tcp,Redis server v=7.0.4,redis
873,tcp,,unknown
513,tcp,,unknown
110,tcp,Dovecot ready,pop3
3389,tcp,Microsoft Terminal Services,unknown
5432,tcp,PostgreSQL 14.2,postgresql
873,tcp,,unknown
514,tcp,,unknown
4444,tcp,,unknown
69,tcp,,tftp
5432,tcp,PostgreSQL 14.2,postgresql
110,tcp,+OK POP3 ready,pop3
6379,tcp,Redis server v=7.0.4,redis
80,tcp,Apache/2.4.41,http
21,tcp,FileZilla FTP,ftp
4444,tcp,,unknown
3306,tcp,MySQL 5.7.38,mysql
8443,tcp,nginx/1.18.0,unknown
110,tcp,+OK Dovecot,pop3
110,tcp,+OK POP3 ready,pop3
513,tcp,,unknown
873,tcp,,unknown
22,tcp,OpenSSH_8.2p1,ssh
8443,tcp,Apache/2.4.41,unknown
111,tcp,,unknown
2049,tcp,,nfs
1433,tcp,,unknown
139,tcp,Samba,unknown
8443,tcp,,unknown
445,tcp,,unknown
27017,tcp,ismaster,unknown
110,tcp,+OK POP3 ready,pop3
69,tcp,,tftp
110,tcp,Dovecot ready,pop3
110,tcp,Dovecot ready,pop3
80,tcp,Microsoft-IIS/10.0,http
139,tcp,,unknown
443,tcp,Apache/2.4.41,https
2049,tcp,,nfs
25,tcp,Postfix ESMTP,smtp
69,tcp,,tftp
22,tcp,SSH-2.0-OpenSSH_9.0,ssh
445,tcp,Windows SMB,unknown
512,tcp,,unknown
445,tcp,Windows SMB,unknown
22,tcp,Dropbear SSH,ssh
514,tcp,,unknown
5432,tcp,PostgreSQL 14.2,postgresql
53,tcp,,unknown
69,tcp,,tftp
445,tcp,Windows SMB,unknown
1521,tcp,Oracle TNS Listener,unknown
4444,tcp,,unknown
1433,tcp,,unknown
8443,tcp,,unknown
111,tcp,,unknown
1521,tcp,Oracle TNS Listener,unknown
23,tcp,,telnet
53,tcp,,unknown
139,tcp,Samba,unknown
6379,tcp,+OK,redis
8888,tcp,,unknown
1433,tcp,Microsoft SQL Server 2019,unknown
111,tcp,,unknown
8080,tcp,Tomcat/9.0,http
443,tcp,nginx/1.18.0,https
3389,tcp,,unknown
23,tcp,,telnet
23,tcp,,telnet
443,tcp,,https
513,tcp,,unknown
445,tcp,Windows SMB,unknown
25,tcp,Postfix ESMTP,smtp
873,tcp,,unknown
1433,tcp,Microsoft SQL Server 2019,unknown
8888,tcp,,unknown
2049,tcp,,nfs
21,tcp,Pure-FTPd,ftp
25,tcp,Postfix ESMTP,smtp
5900,tcp,RealVNC,unknown
53,tcp,,unknown
111,tcp,,unknown
2049,tcp,,nfs
512,tcp,,unknown
25,tcp,Exim 4.95,smtp
27017,tcp,ismaster,unknown
139,tcp,,unknown
139,tcp,Samba,unknown
873,tcp,,unknown
110,tcp,+OK Dovecot,pop3
80,tcp,Microsoft-IIS/10.0,http
3306,tcp,MariaDB 10.6,mysql
53,tcp,,unknown
2049,tcp,,nfs
443,tcp,,https
22,tcp,OpenSSH_7.4p1,ssh
22,tcp,OpenSSH_7.4p1,ssh
25,tcp,Postfix ESMTP,smtp
25,tcp,Microsoft ESMTP,smtp
80,tcp,,http
8443,tcp,nginx/1.18.0,unknown
110,tcp,Dovecot ready,pop3
8443,tcp,Apache/2.4.41,unknown
69,tcp,,tftp
4444,tcp,,unknown
22,tcp,Dropbear SSH,ssh
443,tcp,Apache/2.4.41,https
69,tcp,,tftp
111,tcp,,unknown
1521,tcp,Oracle TNS Listener,unknown
2049,tcp,,nfs
8443,tcp,Apache/2.4.41,unknown
111,tcp,,unknown
512,tcp,,unknown
3306,tcp,MariaDB 10.6,mysql
27017,tcp,ismaster,unknown
443,tcp,nginx/1.18.0,https
3389,tcp,,unknown
8888,tcp,,unknown
514,tcp,,unknown
445,tcp,,unknown
27017,tcp,MongoDB 6.0,unknown
5900,tcp,RFB 003.008,unknown
8888,tcp,,unknown
4444,tcp,,unknown
8888,tcp,,unknown
8443,tcp,Apache/2.4.41,unknown
443,tcp,,https
3389,tcp,Microsoft Terminal Services,unknown
873,tcp,,unknown
6379,tcp,Redis server v=7.0.4,redis
873,tcp,,unknown
5432,tcp,PostgreSQL 14.2,postgresql
139,tcp,Samba,unknown
8080,tcp,Apache/2.4.41,http
8080,tcp,Apache/2.4.41,http
8080,tcp,Apache/2.4.41,http
110,tcp,+OK Dovecot,pop3
2049,tcp,,nfs
3389,tcp,,unknown
6379,tcp,Redis server v=7.0.4,redis
513,tcp,,unknown
1521,tcp,Oracle TNS Listener,unknown
8443,tcp,Apache/2.4.41,unknown
8888,tcp,,unknown
443,tcp,,https
445,tcp,Samba,unknown
23,tcp,,telnet
111,tcp,,unknown
3389,tcp,Microsoft Terminal Services,unknown
21,tcp,Pure-FTPd,ftp
110,tcp,+OK POP3 ready,pop3
143,tcp,Dovecot IMAP,imap
4444,tcp,,unknown
5900,tcp,RFB 003.008,unknown
53,tcp,,unknown
514,tcp,,unknown
22,tcp,Dropbear SSH,ssh
512,tcp,,unknown
143,tcp,* OK [CAPABILITY IMAP4rev1],imap
5900,tcp,RFB 003.008,unknown
27017,tcp,MongoDB 6.0,unknown
110,tcp,+OK POP3 ready,pop3
8080,tcp,Jetty,http
8443,tcp,,unknown
445,tcp,Samba,unknown
2049,tcp,,nfs
25,tcp,Microsoft ESMTP,smtp
22,tcp,OpenSSH_7.4p1,ssh
4444,tcp,,unknown
8080,tcp,Jetty,http
111,tcp,,unknown
25,tcp,Microsoft ESMTP,smtp
3389,tcp,,unknown
3306,tcp,MariaDB 10.6,mysql
3306,tcp,MariaDB 10.6,mysql
4444,tcp,,unknown
53,tcp,,unknown
21,tcp,Pure-FTPd,ftp
143,tcp,Dovecot IMAP,imap
6379,tcp,+OK,redis
25,tcp,Microsoft ESMTP,smtp
513,tcp,,unknown
139,tcp,Samba,unknown
512,tcp,,unknown
3389,tcp,,unknown
1521,tcp,Oracle TNS Listener,unknown
443,tcp,,https
5900,tcp,RealVNC,unknown
22,tcp,OpenSSH_7.4p1,ssh
4444,tcp,,unknown
139,tcp,,unknown
23,tcp,,telnet
4444,tcp,,unknown
6379,tcp,Redis server v=7.0.4,redis
22,tcp,Dropbear SSH,ssh
512,tcp,,unknown
3389,tcp,Microsoft Terminal Services,unknown
21,tcp,FileZilla FTP,ftp
25,tcp,Exim 4.95,smtp
445,tcp,Samba,unknown
1433,tcp,,unknown
513,tcp,,unknown
139,tcp,Samba,unknown
1433,tcp,,unknown
2049,tcp,,nfs
22,tcp,OpenSSH_7.4p1,ssh
4444,tcp,,unknown
25,tcp,Exim 4.95,smtp
5900,tcp,RealVNC,unknown
443,tcp,nginx/1.18.0,https
8443,tcp,nginx/1.18.0,unknown
110,tcp,Dovecot ready,pop3
3306,tcp,MySQL 5.7.38,mysql
25,tcp,Sendmail 8.15,smtp
27017,tcp,MongoDB 6.0,unknown
3306,tcp,MariaDB 10.6,mysql
22,tcp,OpenSSH_8.2p1,ssh
80,tcp,LiteSpeed,http
80,tcp,Microsoft-IIS/10.0,http
4444,tcp,,unknown
445,tcp,Windows SMB,unknown
8443,tcp,Apache/2.4.41,unknown
53,tcp,,unknown
443,tcp,LiteSpeed,https
69,tcp,,tftp
27017,tcp,ismaster,unknown
4444,tcp,,unknown
110,tcp,+OK POP3 ready,pop3
8888,tcp,,unknown
3389,tcp,Microsoft Terminal Services,unknown
143,tcp,Dovecot IMAP,imap
873,tcp,,unknown
512,tcp,,unknown
443,tcp,,https
6379,tcp,+OK,redis
110,tcp,+OK POP3 ready,pop3
8888,tcp,,unknown
143,tcp,* OK [CAPABILITY IMAP4rev1],imap
111,tcp,,unknown
3389,tcp,,unknown
873,tcp,,unknown
69,tcp,,tftp
2049,tcp,,nfs
111,tcp,,unknown
8888,tcp,,unknown
27017,tcp,MongoDB 6.0,unknown
3306,tcp,MariaDB 10.6,mysql
5432,tcp,PostgreSQL 14.2,postgresql
4444,tcp,,unknown
69,tcp,,tftp
25,tcp,Microsoft ESMTP,smtp
143,tcp,Dovecot IMAP,imap
1433,tcp,,unknown
23,tcp,,telnet
3306,tcp,MySQL 5.7.38,mysql
21,tcp,ProFTPD 1.3.5,ftp
2049,tcp,,nfs
2049,tcp,,nfs
1433,tcp,Microsoft SQL Server 2019,unknown
5432,tcp,PostgreSQL 14.2,postgresql
445,tcp,,unknown
8443,tcp,,unknown
143,tcp,Dovecot IMAP,imap
8888,tcp,,unknown
443,tcp,,https
873,tcp,,unknown
1433,tcp,,unknown
514,tcp,,unknown
1521,tcp,Oracle TNS Listener,unknown
873,tcp,,unknown
8080,tcp,Jetty,http
2049,tcp,,nfs
873,tcp,,unknown
110,tcp,Dovecot ready,pop3
2049,tcp,,nfs
143,tcp,* OK [CAPABILITY IMAP4rev1],imap
8443,tcp,Apache/2.4.41,unknown
8888,tcp,,unknown
8443,tcp,,unknown
69,tcp,,tftp
8443,tcp,Apache/2.4.41,unknown
21,tcp,FileZilla FTP,ftp
514,tcp,,unknown
5432,tcp,PostgreSQL 14.2,postgresql
53,tcp,,unknown
110,tcp,Dovecot ready,pop3
139,tcp,,unknown
27017,tcp,ismaster,unknown
53,tcp,,unknown
80,tcp,Microsoft-IIS/10.0,http
8080,tcp,Apache/2.4.41,http
53,tcp,,unknown
873,tcp,,unknown
143,tcp,Dovecot IMAP,imap
25,tcp,Exim 4.95,smtp
8080,tcp,Apache/2.4.41,http
25,tcp,Microsoft ESMTP,smtp
69,tcp,,tftp
443,tcp,LiteSpeed,https
27017,tcp,MongoDB 6.0,unknown
25,tcp,Exim 4.95,smtp
2049,tcp,,nfs
21,tcp,Pure-FTPd,ftp
69,tcp,,tftp
2049,tcp,,nfs
445,tcp,,unknown
25,tcp,Postfix ESMTP,smtp
143,tcp,Dovecot IMAP,imap
4444,tcp,,unknown
111,tcp,,unknown
4444,tcp,,unknown
5900,tcp,RealVNC,unknown
25,tcp,Sendmail 8.15,smtp
445,tcp,Windows SMB,unknown
5900,tcp,RealVNC,unknown
3389,tcp,Microsoft Terminal Services,unknown
6379,tcp,Redis server v=7.0.4,redis
512,tcp,,unknown
443,tcp,Apache/2.4.41,https
1433,tcp,Microsoft SQL Server 2019,unknown
6379,tcp,+OK,redis
22,tcp,Dropbear SSH,ssh
69,tcp,,tftp
1521,tcp,Oracle TNS Listener,unknown
3306,tcp,MariaDB 10.6,mysql
110,tcp,Dovecot ready,pop3
27017,tcp,ismaster,unknown
5900,tcp,RealVNC,unknown
23,tcp,,telnet
514,tcp,,unknown
873,tcp,,unknown
22,tcp,OpenSSH_7.4p1,ssh
5900,tcp,RealVNC,unknown
21,tcp,FileZilla FTP,ftp
110,tcp,+OK POP3 ready,pop3
143,tcp,* OK [CAPABILITY IMAP4rev1],imap
25,tcp,Postfix ESMTP,smtp
8080,tcp,Jetty,http
53,tcp,,unknown
53,tcp,,unknown
110,tcp,+OK Dovecot,pop3
514,tcp,,unknown
6379,tcp,+OK,redis
8443,tcp,,unknown
5900,tcp,RFB 003.008,unknown
1433,tcp,Microsoft SQL Server 2019,unknown
8080,tcp,Jetty,http
27017,tcp,ismaster,unknown
143,tcp,* OK [CAPABILITY IMAP4rev1],imap
3306,tcp,MariaDB 10.6,mysql
4444,tcp,,unknown
4444,tcp,,unknown
5900,tcp,RealVNC,unknown
2049,tcp,,nfs
69,tcp,,tftp
53,tcp,,unknown
3389,tcp,Microsoft Terminal Services,unknown
443,tcp,nginx/1.18.0,https
4444,tcp,,unknown
8888,tcp,,unknown
8080,tcp,Jetty,http
512,tcp,,unknown
445,tcp,Windows SMB,unknown
5432,tcp,PostgreSQL 14.2,postgresql
1521,tcp,Oracle TNS Listener,unknown
4444,tcp,,unknown
3389,tcp,Microsoft Terminal Services,unknown
111,tcp,,unknown
2049,tcp,,nfs
110,tcp,+OK POP3 ready,pop3
2049,tcp,,nfs
6379,tcp,+OK,redis
5900,tcp,RFB 003.008,unknown
3389,tcp,Microsoft Terminal Services,unknown
143,tcp,Dovecot IMAP,imap
8888,tcp,,unknown
3306,tcp,MySQL 5.7.38,mysql
143,tcp,* OK [CAPABILITY IMAP4rev1],imap
53,tcp,,unknown
513,tcp,,unknown
80,tcp,,http
1433,tcp,,unknown
6379,tcp,+OK,redis
1521,tcp,Oracle TNS Listener,unknown
110,tcp,+OK POP3 ready,pop3
8080,tcp,Apache/2.4.41,http
8080,tcp,Jetty,http
5900,tcp,RFB 003.008,unknown
443,tcp,Apache/2.4.41,https
512,tcp,,unknown
5900,tcp,RFB 003.008,unknown
512,tcp,,unknown
69,tcp,,tftp
2049,tcp,,nfs
443,tcp,LiteSpeed,https
445,tcp,Windows SMB,unknown
3306,tcp,MySQL 5.7.38,mysql
80,tcp,Apache/2.4.41,http
1433,tcp,Microsoft SQL Server 2019,unknown
513,tcp,,unknown
5900,tcp,RFB 003.008,unknown
5900,tcp,RFB 003.008,unknown
443,tcp,,https
21,tcp,ProFTPD 1.3.5,ftp
139,tcp,Samba,unknown
3306,tcp,MySQL 8.0.28,mysql
513,tcp,,unknown
143,tcp,Dovecot IMAP,imap
8888,tcp,,unknown
80,tcp,Apache/2.4.41,http
514,tcp,,unknown
8080,tcp,nginx/1.18.0,http
512,tcp,,unknown
3389,tcp,,unknown
443,tcp,Apache/2.4.41,https
69,tcp,,tftp
139,tcp,,unknown
21,tcp,vsftpd 3.0.3,ftp
513,tcp,,unknown
110,tcp,+OK POP3 ready,pop3
8443,tcp,,unknown
8080,tcp,nginx/1.18.0,http
3306,tcp,MySQL 8.0.28,mysql
25,tcp,Exim 4.95,smtp
80,tcp,Apache/2.4.41,http
21,tcp,vsftpd 3.0.3,ftp
23,tcp,,telnet
3389,tcp,Microsoft Terminal Services,unknown
27017,tcp,ismaster,unknown
111,tcp,,unknown
8080,tcp,Tomcat/9.0,http
27017,tcp,ismaster,unknown
53,tcp,,unknown
27017,tcp,ismaster,unknown
5432,tcp,PostgreSQL 14.2,postgresql
5432,tcp,PostgreSQL 14.2,postgresql
2049,tcp,,nfs
80,tcp,LiteSpeed,http
3389,tcp,Microsoft Terminal Services,unknown
514,tcp,,unknown
3306,tcp,MariaDB 10.6,mysql
445,tcp,Windows SMB,unknown
2049,tcp,,nfs
513,tcp,,unknown
23,tcp,,telnet
27017,tcp,ismaster,unknown
512,tcp,,unknown
445,tcp,Samba,unknown
3306,tcp,MySQL 8.0.28,mysql
21,tcp,vsftpd 3.0.3,ftp
873,tcp,,unknown
8888,tcp,,unknown
25,tcp,Exim 4.95,smtp
1433,tcp,,unknown
8080,tcp,Jetty,http
8443,tcp,Apache/2.4.41,unknown
8888,tcp,,unknown
873,tcp,,unknown
111,tcp,,unknown
4444,tcp,,unknown
53,tcp,,unknown
1521,tcp,Oracle TNS Listener,unknown
443,tcp,LiteSpeed,https
443,tcp,Apache/2.4.41,https
8443,tcp,Apache/2.4.41,unknown
80,tcp,Microsoft-IIS/10.0,http
443,tcp,nginx/1.18.0,https
513,tcp,,unknown
5432,tcp,PostgreSQL 14.2,postgresql
23,tcp,,telnet
110,tcp,Dovecot ready,pop3
21,tcp,vsftpd 3.0.3,ftp
512,tcp,,unknown
8080,tcp,Apache/2.4.41,http
27017,tcp,ismaster,unknown
27017,tcp,ismaster,unknown
4444,tcp,,unknown
5432,tcp,PostgreSQL 14.2,postgresql
8888,tcp,,unknown
3389,tcp,Microsoft Terminal Services,unknown
80,tcp,LiteSpeed,http
69,tcp,,tftp
445,tcp,Windows SMB,unknown
80,tcp,LiteSpeed,http
80,tcp,,http
3306,tcp,MariaDB 10.6,mysql
445,tcp,,unknown
22,tcp,SSH-2.0-OpenSSH_9.0,ssh
1433,tcp,Microsoft SQL Server 2019,unknown
8443,tcp,nginx/1.18.0,unknown
1521,tcp,Oracle TNS Listener,unknown
23,tcp,,telnet
5432,tcp,PostgreSQL 14.2,postgresql
27017,tcp,MongoDB 6.0,unknown
445,tcp,Windows SMB,unknown
6379,tcp,+OK,redis
6379,tcp,+OK,redis
1433,tcp,,unknown
23,tcp,,telnet
512,tcp,,unknown
22,tcp,OpenSSH_7.4p1,ssh
8080,tcp,nginx/1.18.0,http
8080,tcp,nginx/1.18.0,http
873,tcp,,unknown
6379,tcp,Redis server v=7.0.4,redis
513,tcp,,unknown
27017,tcp,MongoDB 6.0,unknown
25,tcp,Exim 4.95,smtp
5432,tcp,PostgreSQL 14.2,postgresql
69,tcp,,tftp
2049,tcp,,nfs
8080,tcp,Tomcat/9.0,http
5900,tcp,RealVNC,unknown
8888,tcp,,unknown
5432,tcp,PostgreSQL 14.2,postgresql
23,tcp,,telnet
445,tcp,Samba,unknown
110,tcp,+OK Dovecot,pop3
2049,tcp,,nfs
8888,tcp,,unknown
8080,tcp,nginx/1.18.0,http
27017,tcp,MongoDB 6.0,unknown
8080,tcp,Apache/2.4.41,http
3389,tcp,Microsoft Terminal Services,unknown
2049,tcp,,nfs
3389,tcp,Microsoft Terminal Services,unknown
5432,tcp,PostgreSQL 14.2,postgresql
445,tcp,,unknown
3389,tcp,Microsoft Terminal Services,unknown
21,tcp,Pure-FTPd,ftp
8443,tcp,,unknown
25,tcp,Exim 4.95,smtp
1433,tcp,,unknown
27017,tcp,MongoDB 6.0,unknown
6379,tcp,Redis server v=7.0.4,redis
514,tcp,,unknown
25,tcp,Microsoft ESMTP,smtp
443,tcp,Apache/2.4.41,https
4444,tcp,,unknown
2049,tcp,,nfs
21,tcp,vsftpd 3.0.3,ftp
514,tcp,,unknown
8888,tcp,,unknown
22,tcp,OpenSSH_8.2p1,ssh
8080,tcp,nginx/1.18.0,http
8443,tcp,,unknown
5432,tcp,PostgreSQL 14.2,postgresql
8443,tcp,,unknown
4444,tcp,,unknown
139,tcp,Samba,unknown
111,tcp,,unknown
512,tcp,,unknown
3389,tcp,,unknown
1521,tcp,Oracle TNS Listener,unknown
80,tcp,Microsoft-IIS/10.0,http
2049,tcp,,nfs
3389,tcp,Microsoft Terminal Services,unknown
8888,tcp,,unknown
22,tcp,OpenSSH_8.2p1,ssh
22,tcp,SSH-2.0-OpenSSH_9.0,ssh
111,tcp,,unknown
143,tcp,Dovecot IMAP,imap
8080,tcp,nginx/1.18.0,http
512,tcp,,unknown
110,tcp,+OK Dovecot,pop3
3306,tcp,MariaDB 10.6,mysql
4444,tcp,,unknown
3389,tcp,,unknown
5432,tcp,PostgreSQL 14.2,postgresql
23,tcp,,telnet
8443,tcp,Apache/2.4.41,unknown
1433,tcp,,unknown
2049,tcp,,nfs
8888,tcp,,unknown
80,tcp,nginx/1.18.0,http
5432,tcp,PostgreSQL 14.2,postgresql
512,tcp,,unknown
512,tcp,,unknown
25,tcp,Microsoft ESMTP,smtp
27017,tcp,ismaster,unknown
512,tcp,,unknown
110,tcp,+OK POP3 ready,pop3
3389,tcp,,unknown
4444,tcp,,unknown
8080,tcp,Tomcat/9.0,http
27017,tcp,ismaster,unknown
4444,tcp,,unknown
6379,tcp,+OK,redis
27017,tcp,MongoDB 6.0,unknown
1433,tcp,Microsoft SQL Server 2019,unknown
111,tcp,,unknown
1521,tcp,Oracle TNS Listener,unknown
139,tcp,,unknown
5900,tcp,RFB 003.008,unknown
25,tcp,Postfix ESMTP,smtp
139,tcp,Samba,unknown
69,tcp,,tftp
139,tcp,,unknown
5900,tcp,RFB 003.008,unknown
23,tcp,,telnet
111,tcp,,unknown
143,tcp,Dovecot IMAP,imap
512,tcp,,unknown
69,tcp,,tftp
512,tcp,,unknown
1433,tcp,Microsoft SQL Server 2019,unknown
8080,tcp,nginx/1.18.0,http
5900,tcp,RealVNC,unknown
2049,tcp,,nfs
27017,tcp,MongoDB 6.0,unknown
873,tcp,,unknown
3389,tcp,,unknown
4444,tcp,,unknown
1521,tcp,Oracle TNS Listener,unknown
139,tcp,,unknown
2049,tcp,,nfs
443,tcp,Apache/2.4.41,https
4444,tcp,,unknown
512,tcp,,unknown
3389,tcp,,unknown
111,tcp,,unknown
110,tcp,Dovecot ready,pop3
27017,tcp,MongoDB 6.0,unknown
27017,tcp,ismaster,unknown
8888,tcp,,unknown
5900,tcp,RealVNC,unknown
873,tcp,,unknown
111,tcp,,unknown
143,tcp,Dovecot IMAP,imap
1433,tcp,Microsoft SQL Server 2019,unknown
21,tcp,Pure-FTPd,ftp
80,tcp,,http
25,tcp,Postfix ESMTP,smtp
8443,tcp,nginx/1.18.0,unknown
443,tcp,Apache/2.4.41,https
4444,tcp,,unknown
1521,tcp,Oracle TNS Listener,unknown
8080,tcp,nginx/1.18.0,http
512,tcp,,unknown
143,tcp,* OK [CAPABILITY IMAP4rev1],imap
1433,tcp,,unknown
69,tcp,,tftp
513,tcp,,unknown
4444,tcp,,unknown
69,tcp,,tftp
5900,tcp,RealVNC,unknown
873,tcp,,unknown
512,tcp,,unknown
443,tcp,LiteSpeed,https
873,tcp,,unknown
5432,tcp,PostgreSQL 14.2,postgresql
23,tcp,,telnet
22,tcp,SSH-2.0-OpenSSH_9.0,ssh
1521,tcp,Oracle TNS Listener,unknown
69,tcp,,tftp
21,tcp,ProFTPD 1.3.5,ftp
27017,tcp,MongoDB 6.0,unknown
512,tcp,,unknown
1521,tcp,Oracle TNS Listener,unknown
139,tcp,,unknown
443,tcp,nginx/1.18.0,https
512,tcp,,unknown
25,tcp,Postfix ESMTP,smtp
22,tcp,SSH-2.0-OpenSSH_9.0,ssh
23,tcp,,telnet
8888,tcp,,unknown
873,tcp,,unknown
53,tcp,,unknown
22,tcp,OpenSSH_7.4p1,ssh
8888,tcp,,unknown
445,tcp,,unknown
111,tcp,,unknown
5900,tcp,RFB 003.008,unknown
111,tcp,,unknown
1521,tcp,Oracle TNS Listener,unknown
1433,tcp,Microsoft SQL Server 2019,unknown
139,tcp,Samba,unknown
5900,tcp,RFB 003.008,unknown
80,tcp,Apache/2.4.41,http
5432,tcp,PostgreSQL 14.2,postgresql
443,tcp,LiteSpeed,https
143,tcp,* OK [CAPABILITY IMAP4rev1],imap
139,tcp,Samba,unknown
21,tcp,Pure-FTPd,ftp
139,tcp,,unknown
53,tcp,,unknown
5900,tcp,RealVNC,unknown
3306,tcp,MariaDB 10.6,mysql
513,tcp,,unknown
1521,tcp,Oracle TNS Listener,unknown
8888,tcp,,unknown
21,tcp,ProFTPD 1.3.5,ftp
3389,tcp,,unknown
21,tcp,Pure-FTPd,ftp
5900,tcp,RFB 003.008,unknown
5900,tcp,RealVNC,unknown
27017,tcp,ismaster,unknown
443,tcp,Apache/2.4.41,https
3389,tcp,Microsoft Terminal Services,unknown
110,tcp,+OK Dovecot,pop3
443,tcp,,https
5432,tcp,PostgreSQL 14.2,postgresql
23,tcp,,telnet
1433,tcp,,unknown
513,tcp,,unknown
5900,tcp,RealVNC,unknown
53,tcp,,unknown
1433,tcp,,unknown
6379,tcp,Redis server v=7.0.4,redis
69,tcp,,tftp
80,tcp,Apache/2.4.41,http
8080,tcp,Tomcat/9.0,http
27017,tcp,ismaster,unknown
69,tcp,,tftp
23,tcp,,telnet
443,tcp,Apache/2.4.41,https
23,tcp,,telnet
6379,tcp,+OK,redis
1433,tcp,,unknown
22,tcp,OpenSSH_7.4p1,ssh
80,tcp,Apache/2.4.41,http
6379,tcp,Redis server v=7.0.4,redis
111,tcp,,unknown
80,tcp,LiteSpeed,http
514,tcp,,unknown
1521,tcp,Oracle TNS Listener,unknown
8443,tcp,Apache/2.4.41,unknown
3389,tcp,Microsoft Terminal Services,unknown
6379,tcp,+OK,redis
1433,tcp,,unknown
5432,tcp,PostgreSQL 14.2,postgresql
8888,tcp,,unknown
143,tcp,Dovecot IMAP,imap
3389,tcp,Microsoft Terminal Services,unknown
25,tcp,Sendmail 8.15,smtp
5432,tcp,PostgreSQL 14.2,postgresql
8443,tcp,nginx/1.18.0,unknown
110,tcp,+OK POP3 ready,pop3
3306,tcp,MySQL 5.7.38,mysql
53,tcp,,unknown
27017,tcp,ismaster,unknown
22,tcp,Dropbear SSH,ssh
443,tcp,,https
139,tcp,,unknown
6379,tcp,Redis server v=7.0.4,redis
512,tcp,,unknown
23,tcp,,telnet
21,tcp,ProFTPD 1.3.5,ftp
1433,tcp,,unknown
8443,tcp,nginx/1.18.0,unknown
110,tcp,+OK Dovecot,pop3
5432,tcp,PostgreSQL 14.2,postgresql
143,tcp,Dovecot IMAP,imap
2049,tcp,,nfs
2049,tcp,,nfs
3306,tcp,MySQL 8.0.28,mysql
4444,tcp,,unknown
514,tcp,,unknown
5432,tcp,PostgreSQL 14.2,postgresql
512,tcp,,unknown
443,tcp,,https
69,tcp,,tftp
8080,tcp,Tomcat/9.0,http
80,tcp,,http
6379,tcp,+OK,redis
513,tcp,,unknown
512,tcp,,unknown
4444,tcp,,unknown
4444,tcp,,unknown
2049,tcp,,nfs
5432,tcp,PostgreSQL 14.2,postgresql
21,tcp,ProFTPD 1.3.5,ftp
443,tcp,,https
873,tcp,,unknown
2049,tcp,,nfs
143,tcp,* OK [CAPABILITY IMAP4rev1],imap
8443,tcp,nginx/1.18.0,unknown
53,tcp,,unknown
5900,tcp,RealVNC,unknown
5900,tcp,RFB 003.008,unknown
143,tcp,Dovecot IMAP,imap
5432,tcp,PostgreSQL 14.2,postgresql
139,tcp,,unknown
110,tcp,+OK POP3 ready,pop3
143,tcp,* OK [CAPABILITY IMAP4rev1],imap
8888,tcp,,unknown
80,tcp,Apache/2.4.41,http
4444,tcp,,unknown
23,tcp,,telnet
1433,tcp,,unknown
512,tcp,,unknown
8443,tcp,,unknown
4444,tcp,,unknown
22,tcp,OpenSSH_7.4p1,ssh
25,tcp,Exim 4.95,smtp
5900,tcp,RealVNC,unknown
69,tcp,,tftp
1433,tcp,,unknown
1433,tcp,,unknown
8888,tcp,,unknown
22,tcp,SSH-2.0-OpenSSH_9.0,ssh
80,tcp,LiteSpeed,http
27017,tcp,ismaster,unknown
873,tcp,,unknown
143,tcp,* OK [CAPABILITY IMAP4rev1],imap
8080,tcp,Apache/2.4.41,http
512,tcp,,unknown
512,tcp,,unknown
8443,tcp,nginx/1.18.0,unknown
110,tcp,Dovecot ready,pop3
25,tcp,Postfix ESMTP,smtp
6379,tcp,Redis server v=7.0.4,redis
53,tcp,,unknown
22,tcp,OpenSSH_7.4p1,ssh
23,tcp,,telnet
4444,tcp,,unknown
23,tcp,,telnet
69,tcp,,tftp
4444,tcp,,unknown
3389,tcp,Microsoft Terminal Services,unknown
4444,tcp,,unknown
443,tcp,nginx/1.18.0,https
4444,tcp,,unknown
513,tcp,,unknown
5900,tcp,RealVNC,unknown
513,tcp,,unknown
110,tcp,Dovecot ready,pop3
27017,tcp,ismaster,unknown
21,tcp,vsftpd 3.0.3,ftp
110,tcp,+OK Dovecot,pop3
8888,tcp,,unknown
445,tcp,Windows SMB,unknown
23,tcp,,telnet
27017,tcp,MongoDB 6.0,unknown
5432,tcp,PostgreSQL 14.2,postgresql
873,tcp,,unknown
2049,tcp,,nfs
1521,tcp,Oracle TNS Listener,unknown
873,tcp,,unknown
4444,tcp,,unknown
873,tcp,,unknown
1521,tcp,Oracle TNS Listener,unknown
8443,tcp,Apache/2.4.41,unknown
143,tcp,Dovecot IMAP,imap
6379,tcp,Redis server v=7.0.4,redis
6379,tcp,+OK,redis
22,tcp,OpenSSH_7.4p1,ssh
53,tcp,,unknown
27017,tcp,MongoDB 6.0,unknown
23,tcp,,telnet
21,tcp,Pure-FTPd,ftp
4444,tcp,,unknown
5432,tcp,PostgreSQL 14.2,postgresql
111,tcp,,unknown
8443,tcp,Apache/2.4.41,unknown
3389,tcp,Microsoft Terminal Services,unknown
443,tcp,,https
3389,tcp,,unknown
110,tcp,+OK Dovecot,pop3
1521,tcp,Oracle TNS Listener,unknown
513,tcp,,unknown
8443,tcp,,unknown
6379,tcp,Redis server v=7.0.4,redis
512,tcp,,unknown
110,tcp,+OK POP3 ready,pop3
139,tcp,,unknown
25,tcp,Microsoft ESMTP,smtp
2049,tcp,,nfs
8443,tcp,nginx/1.18.0,unknown
23,tcp,,telnet
139,tcp,,unknown
110,tcp,+OK Dovecot,pop3
53,tcp,,unknown
5432,tcp,PostgreSQL 14.2,postgresql
514,tcp,,unknown
3389,tcp,,unknown
1433,tcp,,unknown
514,tcp,,unknown
6379,tcp,+OK,redis
69,tcp,,tftp
6379,tcp,Redis server v=7.0.4,redis
5900,tcp,RFB 003.008,unknown
8888,tcp,,unknown
3389,tcp,Microsoft Terminal Services,unknown
3389,tcp,Microsoft Terminal Services,unknown
111,tcp,,unknown
23,tcp,,telnet
873,tcp,,unknown
443,tcp,Apache/2.4.41,https
27017,tcp,ismaster,unknown
139,tcp,Samba,unknown
5900,tcp,RFB 003.008,unknown
25,tcp,Postfix ESMTP,smtp
2049,tcp,,nfs
2049,tcp,,nfs
2049,tcp,,nfs
22,tcp,OpenSSH_7.4p1,ssh
873,tcp,,unknown
27017,tcp,MongoDB 6.0,unknown
4444,tcp,,unknown
8080,tcp,Jetty,http
443,tcp,,https
23,tcp,,telnet
25,tcp,Postfix ESMTP,smtp
8443,tcp,,unknown
53,tcp,,unknown
80,tcp,LiteSpeed,http
445,tcp,Windows SMB,unknown
139,tcp,,unknown
8080,tcp,Jetty,http
69,tcp,,tftp
2049,tcp,,nfs
21,tcp,FileZilla FTP,ftp
8080,tcp,nginx/1.18.0,http
2049,tcp,,nfs
27017,tcp,MongoDB 6.0,unknown
1433,tcp,,unknown
8443,tcp,,unknown
25,tcp,Exim 4.95,smtp
8080,tcp,Jetty,http
445,tcp,,unknown
8888,tcp,,unknown
3389,tcp,,unknown
143,tcp,Dovecot IMAP,imap
110,tcp,Dovecot ready,pop3
143,tcp,Dovecot IMAP,imap
5432,tcp,PostgreSQL 14.2,postgresql
27017,tcp,MongoDB 6.0,unknown
111,tcp,,unknown
4444,tcp,,unknown
21,tcp,FileZilla FTP,ftp
110,tcp,Dovecot ready,pop3
21,tcp,Pure-FTPd,ftp
443,tcp,Apache/2.4.41,https
27017,tcp,MongoDB 6.0,unknown
5432,tcp,PostgreSQL 14.2,postgresql
22,tcp,SSH-2.0-OpenSSH_9.0,ssh
25,tcp,Sendmail 8.15,smtp
143,tcp,* OK [CAPABILITY IMAP4rev1],imap
5900,tcp,RealVNC,unknown
53,tcp,,unknown
53,tcp,,unknown
873,tcp,,unknown
53,tcp,,unknown
4444,tcp,,unknown
1521,tcp,Oracle TNS Listener,unknown
3389,tcp,Microsoft Terminal Services,unknown
1433,tcp,,unknown
4444,tcp,,unknown
4444,tcp,,unknown
8888,tcp,,unknown
53,tcp,,unknown
69,tcp,,tftp
512,tcp,,unknown
1521,tcp,Oracle TNS Listener,unknown
873,tcp,,unknown
53,tcp,,unknown
512,tcp,,unknown
3389,tcp,,unknown
8888,tcp,,unknown
443,tcp,nginx/1.18.0,https
110,tcp,+OK POP3 ready,pop3
139,tcp,Samba,unknown
3306,tcp,MySQL 8.0.28,mysql
5900,tcp,RFB 003.008,unknown
111,tcp,,unknown
27017,tcp,MongoDB 6.0,unknown
2049,tcp,,nfs
53,tcp,,unknown
8443,tcp,nginx/1.18.0,unknown
27017,tcp,MongoDB 6.0,unknown
1433,tcp,Microsoft SQL Server 2019,unknown
69,tcp,,tftp
445,tcp,Samba,unknown
139,tcp,Samba,unknown
23,tcp,,telnet
5900,tcp,RealVNC,unknown
111,tcp,,unknown
873,tcp,,unknown
1433,tcp,,unknown
23,tcp,,telnet
111,tcp,,unknown
6379,tcp,Redis server v=7.0.4,redis
143,tcp,* OK [CAPABILITY IMAP4rev1],imap
111,tcp,,unknown
873,tcp,,unknown
445,tcp,Samba,unknown
512,tcp,,unknown
139,tcp,Samba,unknown
8443,tcp,nginx/1.18.0,unknown
1521,tcp,Oracle TNS Listener,unknown
110,tcp,Dovecot ready,pop3
514,tcp,,unknown
514,tcp,,unknown
3389,tcp,Microsoft Terminal Services,unknown
1521,tcp,Oracle TNS Listener,unknown
445,tcp,Windows SMB,unknown
513,tcp,,unknown
873,tcp,,unknown
8443,tcp,,unknown
1521,tcp,Oracle TNS Listener,unknown
5900,tcp,RFB 003.008,unknown
69,tcp,,tftp
22,tcp,OpenSSH_7.4p1,ssh
1433,tcp,Microsoft SQL Server 2019,unknown
513,tcp,,unknown
8080,tcp,Jetty,http
8443,tcp,nginx/1.18.0,unknown
25,tcp,Exim 4.95,smtp
1521,tcp,Oracle TNS Listener,unknown
8080,tcp,Apache/2.4.41,http
8443,tcp,,unknown
512,tcp,,unknown
1521,tcp,Oracle TNS Listener,unknown
139,tcp,,unknown
53,tcp,,unknown
8888,tcp,,unknown
111,tcp,,unknown
23,tcp,,telnet
3306,tcp,MySQL 8.0.28,mysql
23,tcp,,telnet
110,tcp,+OK Dovecot,pop3
80,tcp,nginx/1.18.0,http
111,tcp,,unknown
53,tcp,,unknown
5900,tcp,RFB 003.008,unknown
27017,tcp,MongoDB 6.0,unknown
5432,tcp,PostgreSQL 14.2,postgresql
8080,tcp,Apache/2.4.41,http
110,tcp,Dovecot ready,pop3
5432,tcp,PostgreSQL 14.2,postgresql
27017,tcp,MongoDB 6.0,unknown
27017,tcp,ismaster,unknown
2049,tcp,,nfs
1433,tcp,Microsoft SQL Server 2019,unknown
1521,tcp,Oracle TNS Listener,unknown
69,tcp,,tftp
6379,tcp,+OK,redis
512,tcp,,unknown
2049,tcp,,nfs
111,tcp,,unknown
8443,tcp,Apache/2.4.41,unknown
69,tcp,,tftp
1433,tcp,Microsoft SQL Server 2019,unknown
443,tcp,LiteSpeed,https
23,tcp,,telnet
1521,tcp,Oracle TNS Listener,unknown
23,tcp,,telnet
5900,tcp,RFB 003.008,unknown
69,tcp,,tftp
6379,tcp,Redis server v=7.0.4,redis
1521,tcp,Oracle TNS Listener,unknown
110,tcp,+OK Dovecot,pop3
873,tcp,,unknown
3389,tcp,Microsoft Terminal Services,unknown
69,tcp,,tftp
1521,tcp,Oracle TNS Listener,unknown
25,tcp,Sendmail 8.15,smtp
2049,tcp,,nfs
111,tcp,,unknown
22,tcp,OpenSSH_7.4p1,ssh
25,tcp,Exim 4.95,smtp
2049,tcp,,nfs
22,tcp,OpenSSH_8.2p1,ssh
21,tcp,ProFTPD 1.3.5,ftp
21,tcp,Pure-FTPd,ftp
514,tcp,,unknown
23,tcp,,telnet
22,tcp,SSH-2.0-OpenSSH_9.0,ssh
27017,tcp,ismaster,unknown
53,tcp,,unknown
445,tcp,Samba,unknown
3306,tcp,MySQL 5.7.38,mysql
873,tcp,,unknown
1433,tcp,,unknown
3389,tcp,,unknown
8443,tcp,nginx/1.18.0,unknown
445,tcp,Samba,unknown
25,tcp,Microsoft ESMTP,smtp
512,tcp,,unknown
5432,tcp,PostgreSQL 14.2,postgresql
514,tcp,,unknown
5432,tcp,PostgreSQL 14.2,postgresql
5900,tcp,RFB 003.008,unknown
1521,tcp,Oracle TNS Listener,unknown
25,tcp,Exim 4.95,smtp
3389,tcp,Microsoft Terminal Services,unknown
8080,tcp,Tomcat/9.0,http
445,tcp,Windows SMB,unknown
22,tcp,SSH-2.0-OpenSSH_9.0,ssh
23,tcp,,telnet
514,tcp,,unknown
512,tcp,,unknown
25,tcp,Exim 4.95,smtp
2049,tcp,,nfs
873,tcp,,unknown
3389,tcp,Microsoft Terminal Services,unknown
23,tcp,,telnet
21,tcp,FileZilla FTP,ftp
873,tcp,,unknown
27017,tcp,MongoDB 6.0,unknown
445,tcp,,unknown
873,tcp,,unknown
8080,tcp,Apache/2.4.41,http
8443,tcp,nginx/1.18.0,unknown
514,tcp,,unknown
2049,tcp,,nfs
53,tcp,,unknown
445,tcp,Samba,unknown
8080,tcp,nginx/1.18.0,http
3306,tcp,MySQL 5.7.38,mysql
8888,tcp,,unknown
6379,tcp,Redis server v=7.0.4,redis
69,tcp,,tftp
873,tcp,,unknown
5900,tcp,RFB 003.008,unknown
3306,tcp,MariaDB 10.6,mysql
8443,tcp,,unknown
80,tcp,LiteSpeed,http
514,tcp,,unknown
21,tcp,FileZilla FTP,ftp
513,tcp,,unknown
6379,tcp,Redis server v=7.0.4,redis
443,tcp,LiteSpeed,https
873,tcp,,unknown
8443,tcp,Apache/2.4.41,unknown
111,tcp,,unknown
139,tcp,,unknown
513,tcp,,unknown
69,tcp,,tftp
27017,tcp,MongoDB 6.0,unknown
69,tcp,,tftp
143,tcp,Dovecot IMAP,imap
512,tcp,,unknown
2049,tcp,,nfs
143,tcp,Dovecot IMAP,imap
6379,tcp,Redis server v=7.0.4,redis
5432,tcp,PostgreSQL 14.2,postgresql
8443,tcp,Apache/2.4.41,unknown
53,tcp,,unknown
80,tcp,LiteSpeed,http
3389,tcp,,unknown
3389,tcp,,unknown
1521,tcp,Oracle TNS Listener,unknown
23,tcp,,telnet
139,tcp,Samba,unknown
139,tcp,,unknown
513,tcp,,unknown
8888,tcp,,unknown
873,tcp,,unknown
139,tcp,,unknown
21,tcp,ProFTPD 1.3.5,ftp
513,tcp,,unknown
27017,tcp,ismaster,unknown
445,tcp,Windows SMB,unknown
80,tcp,,http
8080,tcp,Apache/2.4.41,http
443,tcp,,https
1521,tcp,Oracle TNS Listener,unknown
1521,tcp,Oracle TNS Listener,unknown
80,tcp,Apache/2.4.41,http
3306,tcp,MySQL 8.0.28,mysql
513,tcp,,unknown
22,tcp,OpenSSH_8.2p1,ssh
110,tcp,+OK POP3 ready,pop3
8080,tcp,nginx/1.18.0,http
110,tcp,+OK POP3 ready,pop3
111,tcp,,unknown
445,tcp,Windows SMB,unknown
5432,tcp,PostgreSQL 14.2,postgresql
110,tcp,+OK POP3 ready,pop3
1521,tcp,Oracle TNS Listener,unknown
445,tcp,,unknown
27017,tcp,MongoDB 6.0,unknown
8080,tcp,nginx/1.18.0,http
21,tcp,Pure-FTPd,ftp
27017,tcp,MongoDB 6.0,unknown
3389,tcp,Microsoft Terminal Services,unknown
27017,tcp,ismaster,unknown
21,tcp,vsftpd 3.0.3,ftp
514,tcp,,unknown
69,tcp,,tftp
23,tcp,,telnet
445,tcp,Samba,unknown
8888,tcp,,unknown
53,tcp,,unknown
6379,tcp,+OK,redis
25,tcp,Postfix ESMTP,smtp
21,tcp,FileZilla FTP,ftp
514,tcp,,unknown
69,tcp,,tftp
27017,tcp,MongoDB 6.0,unknown
111,tcp,,unknown
139,tcp,,unknown
4444,tcp,,unknown
80,tcp,Microsoft-IIS/10.0,http
110,tcp,+OK Dovecot,pop3
4444,tcp,,unknown
513,tcp,,unknown
139,tcp,Samba,unknown
21,tcp,FileZilla FTP,ftp
25,tcp,Exim 4.95,smtp
1521,tcp,Oracle TNS Listener,unknown
5432,tcp,PostgreSQL 14.2,postgresql
5900,tcp,RealVNC,unknown
110,tcp,+OK Dovecot,pop3
512,tcp,,unknown
6379,tcp,Redis server v=7.0.4,redis
443,tcp,,https
4444,tcp,,unknown
111,tcp,,unknown
5432,tcp,PostgreSQL 14.2,postgresql
443,tcp,,https
514,tcp,,unknown
53,tcp,,unknown
513,tcp,,unknown
5432,tcp,PostgreSQL 14.2,postgresql
143,tcp,Dovecot IMAP,imap
22,tcp,OpenSSH_7.4p1,ssh
3306,tcp,MySQL 5.7.38,mysql
4444,tcp,,unknown
69,tcp,,tftp
8080,tcp,Tomcat/9.0,http
873,tcp,,unknown
445,tcp,,unknown
23,tcp,,telnet
139,tcp,,unknown
53,tcp,,unknown
8888,tcp,,unknown
8888,tcp,,unknown
1521,tcp,Oracle TNS Listener,unknown
111,tcp,,unknown
80,tcp,Microsoft-IIS/10.0,http
514,tcp,,unknown
514,tcp,,unknown
443,tcp,nginx/1.18.0,https
69,tcp,,tftp
513,tcp,,unknown
111,tcp,,unknown
143,tcp,* OK [CAPABILITY IMAP4rev1],imap
1521,tcp,Oracle TNS Listener,unknown
27017,tcp,MongoDB 6.0,unknown
80,tcp,nginx/1.18.0,http
8443,tcp,,unknown
27017,tcp,MongoDB 6.0,unknown
5900,tcp,RFB 003.008,unknown
1521,tcp,Oracle TNS Listener,unknown
69,tcp,,tftp
80,tcp,Apache/2.4.41,http
1433,tcp,,unknown
25,tcp,Microsoft ESMTP,smtp
6379,tcp,+OK,redis
111,tcp,,unknown
6379,tcp,+OK,redis
27017,tcp,ismaster,unknown
25,tcp,Exim 4.95,smtp
23,tcp,,telnet
22,tcp,OpenSSH_8.2p1,ssh
53,tcp,,unknown
514,tcp,,unknown
53,tcp,,unknown
512,tcp,,unknown
53,tcp,,unknown
1433,tcp,,unknown
3306,tcp,MySQL 5.7.38,mysql
3389,tcp,,unknown
4444,tcp,,unknown
3306,tcp,MariaDB 10.6,mysql
6379,tcp,+OK,redis
80,tcp,Microsoft-IIS/10.0,http
111,tcp,,unknown
443,tcp,,https
3306,tcp,MySQL 8.0.28,mysql
4444,tcp,,unknown
4444,tcp,,unknown
513,tcp,,unknown
69,tcp,,tftp
1433,tcp,Microsoft SQL Server 2019,unknown
22,tcp,OpenSSH_7.4p1,ssh
4444,tcp,,unknown
8080,tcp,Apache/2.4.41,http
22,tcp,Dropbear SSH,ssh
3306,tcp,MariaDB 10.6,mysql
1521,tcp,Oracle TNS Listener,unknown
53,tcp,,unknown
110,tcp,Dovecot ready,pop3
1521,tcp,Oracle TNS Listener,unknown
110,tcp,+OK Dovecot,pop3
512,tcp,,unknown
873,tcp,,unknown
53,tcp,,unknown
8443,tcp,nginx/1.18.0,unknown
873,tcp,,unknown
3389,tcp,,unknown
512,tcp,,unknown
80,tcp,,http
69,tcp,,tftp
8888,tcp,,unknown
8443,tcp,Apache/2.4.41,unknown
445,tcp,,unknown
21,tcp,FileZilla FTP,ftp
1521,tcp,Oracle TNS Listener,unknown
1521,tcp,Oracle TNS Listener,unknown
8443,tcp,Apache/2.4.41,unknown
8443,tcp,nginx/1.18.0,unknown
27017,tcp,MongoDB 6.0,unknown
111,tcp,,unknown
1521,tcp,Oracle TNS Listener,unknown
5900,tcp,RealVNC,unknown
111,tcp,,unknown
8443,tcp,Apache/2.4.41,unknown
512,tcp,,unknown
513,tcp,,unknown
3306,tcp,MariaDB 10.6,mysql
4444,tcp,,unknown
25,tcp,Exim 4.95,smtp
512,tcp,,unknown
21,tcp,ProFTPD 1.3.5,ftp
110,tcp,Dovecot ready,pop3
512,tcp,,unknown
4444,tcp,,unknown
111,tcp,,unknown
3389,tcp,Microsoft Terminal Services,unknown
80,tcp,,http
22,tcp,OpenSSH_8.2p1,ssh
512,tcp,,unknown
512,tcp,,unknown
69,tcp,,tftp
111,tcp,,unknown
8443,tcp,,unknown
53,tcp,,unknown
139,tcp,Samba,unknown
4444,tcp,,unknown
1433,tcp,,unknown
80,tcp,LiteSpeed,http
143,tcp,Dovecot IMAP,imap
5432,tcp,PostgreSQL 14.2,postgresql
4444,tcp,,unknown
1521,tcp,Oracle TNS Listener,unknown
5432,tcp,PostgreSQL 14.2,postgresql
5900,tcp,RFB 003.008,unknown
22,tcp,Dropbear SSH,ssh
8443,tcp,nginx/1.18.0,unknown
80,tcp,,http
110,tcp,+OK POP3 ready,pop3
1433,tcp,,unknown
1433,tcp,,unknown
1521,tcp,Oracle TNS Listener,unknown
5432,tcp,PostgreSQL 14.2,postgresql
8080,tcp,Jetty,http
25,tcp,Sendmail 8.15,smtp
3389,tcp,Microsoft Terminal Services,unknown
27017,tcp,MongoDB 6.0,unknown
2049,tcp,,nfs
873,tcp,,unknown
443,tcp,,https
22,tcp,Dropbear SSH,ssh
69,tcp,,tftp
27017,tcp,MongoDB 6.0,unknown
111,tcp,,unknown
513,tcp,,unknown
443,tcp,LiteSpeed,https
513,tcp,,unknown
1521,tcp,Oracle TNS Listener,unknown
8888,tcp,,unknown
8443,tcp,Apache/2.4.41,unknown
5432,tcp,PostgreSQL 14.2,postgresql
27017,tcp,MongoDB 6.0,unknown
8443,tcp,Apache/2.4.41,unknown
69,tcp,,tftp
5900,tcp,RealVNC,unknown
6379,tcp,+OK,redis
80,tcp,Microsoft-IIS/10.0,http
513,tcp,,unknown
3306,tcp,MySQL 8.0.28,mysql
22,tcp,OpenSSH_8.2p1,ssh
5900,tcp,RealVNC,unknown
80,tcp,,http
1521,tcp,Oracle TNS Listener,unknown
69,tcp,,tftp
27017,tcp,MongoDB 6.0,unknown
53,tcp,,unknown
111,tcp,,unknown
8080,tcp,Jetty,http
1521,tcp,Oracle TNS Listener,unknown
80,tcp,Apache/2.4.41,http
80,tcp,Apache/2.4.41,http
53,tcp,,unknown
513,tcp,,unknown
8888,tcp,,unknown
8888,tcp,,unknown
3306,tcp,MySQL 8.0.28,mysql
5432,tcp,PostgreSQL 14.2,postgresql
8080,tcp,nginx/1.18.0,http
21,tcp,Pure-FTPd,ftp
139,tcp,Samba,unknown
4444,tcp,,unknown
5900,tcp,RFB 003.008,unknown
873,tcp,,unknown
4444,tcp,,unknown
110,tcp,Dovecot ready,pop3
21,tcp,FileZilla FTP,ftp
445,tcp,Windows SMB,unknown
5900,tcp,RFB 003.008,unknown
8443,tcp,nginx/1.18.0,unknown
873,tcp,,unknown
513,tcp,,unknown
445,tcp,Windows SMB,unknown
3306,tcp,MySQL 8.0.28,mysql
445,tcp,Windows SMB,unknown
1521,tcp,Oracle TNS Listener,unknown
2049,tcp,,nfs
443,tcp,Apache/2.4.41,https
69,tcp,,tftp
513,tcp,,unknown
5432,tcp,PostgreSQL 14.2,postgresql
513,tcp,,unknown
3306,tcp,MariaDB 10.6,mysql
3389,tcp,,unknown
6379,tcp,+OK,redis
23,tcp,,telnet
80,tcp,,http
110,tcp,+OK Dovecot,pop3
6379,tcp,Redis server v=7.0.4,redis
873,tcp,,unknown
53,tcp,,unknown
873,tcp,,unknown
111,tcp,,unknown
8888,tcp,,unknown
25,tcp,Exim 4.95,smtp
1433,tcp,Microsoft SQL Server 2019,unknown
110,tcp,+OK POP3 ready,pop3
25,tcp,Microsoft ESMTP,smtp
443,tcp,,https
21,tcp,vsftpd 3.0.3,ftp
1521,tcp,Oracle TNS Listener,unknown
6379,tcp,+OK,redis
27017,tcp,ismaster,unknown
53,tcp,,unknown
4444,tcp,,unknown
2049,tcp,,nfs
8888,tcp,,unknown
8080,tcp,Apache/2.4.41,http
2049,tcp,,nfs
514,tcp,,unknown
8888,tcp,,unknown
5900,tcp,RFB 003.008,unknown
27017,tcp,ismaster,unknown
27017,tcp,ismaster,unknown
2049,tcp,,nfs
21,tcp,FileZilla FTP,ftp
53,tcp,,unknown
143,tcp,Dovecot IMAP,imap
21,tcp,vsftpd 3.0.3,ftp
8443,tcp,Apache/2.4.41,unknown
512,tcp,,unknown
22,tcp,OpenSSH_8.2p1,ssh
22,tcp,OpenSSH_7.4p1,ssh
512,tcp,,unknown
445,tcp,Samba,unknown
1521,tcp,Oracle TNS Listener,unknown
512,tcp,,unknown
445,tcp,Windows SMB,unknown
69,tcp,,tftp
5900,tcp,RealVNC,unknown
873,tcp,,unknown
110,tcp,Dovecot ready,pop3
445,tcp,Samba,unknown
80,tcp,,http
25,tcp,Postfix ESMTP,smtp
1521,tcp,Oracle TNS Listener,unknown
512,tcp,,unknown
873,tcp,,unknown
69,tcp,,tftp
22,tcp,SSH-2.0-OpenSSH_9.0,ssh
23,tcp,,telnet
5432,tcp,PostgreSQL 14.2,postgresql
21,tcp,vsftpd 3.0.3,ftp
22,tcp,OpenSSH_7.4p1,ssh
80,tcp,nginx/1.18.0,http
8080,tcp,Tomcat/9.0,http
8080,tcp,nginx/1.18.0,http
443,tcp,nginx/1.18.0,https
80,tcp,Microsoft-IIS/10.0,http
4444,tcp,,unknown
514,tcp,,unknown
513,tcp,,unknown
80,tcp,nginx/1.18.0,http
69,tcp,,tftp
25,tcp,Postfix ESMTP,smtp
4444,tcp,,unknown
110,tcp,Dovecot ready,pop3
2049,tcp,,nfs
513,tcp,,unknown
80,tcp,Microsoft-IIS/10.0,http
6379,tcp,Redis server v=7.0.4,redis
23,tcp,,telnet
8888,tcp,,unknown
143,tcp,* OK [CAPABILITY IMAP4rev1],imap
8888,tcp,,unknown
3306,tcp,MySQL 8.0.28,mysql
512,tcp,,unknown
6379,tcp,+OK,redis
110,tcp,Dovecot ready,pop3
25,tcp,Sendmail 8.15,smtp
8080,tcp,Jetty,http
4444,tcp,,unknown
8080,tcp,Apache/2.4.41,http
3306,tcp,MariaDB 10.6,mysql
27017,tcp,MongoDB 6.0,unknown
8888,tcp,,unknown
3306,tcp,MariaDB 10.6,mysql
873,tcp,,unknown
69,tcp,,tftp
111,tcp,,unknown
80,tcp,Apache/2.4.41,http
873,tcp,,unknown
4444,tcp,,unknown
873,tcp,,unknown
143,tcp,Dovecot IMAP,imap
69,tcp,,tftp
139,tcp,,unknown
8888,tcp,,unknown
3306,tcp,MariaDB 10.6,mysql
143,tcp,Dovecot IMAP,imap
445,tcp,Samba,unknown
1433,tcp,Microsoft SQL Server 2019,unknown
27017,tcp,MongoDB 6.0,unknown
1433,tcp,,unknown
5900,tcp,RealVNC,unknown
443,tcp,nginx/1.18.0,https
8443,tcp,,unknown
80,tcp,nginx/1.18.0,http
3389,tcp,Microsoft Terminal Services,unknown
1521,tcp,Oracle TNS Listener,unknown
3306,tcp,MariaDB 10.6,mysql
2049,tcp,,nfs
8080,tcp,Apache/2.4.41,http
53,tcp,,unknown
512,tcp,,unknown
27017,tcp,ismaster,unknown
80,tcp,,http
3389,tcp,Microsoft Terminal Services,unknown
5900,tcp,RealVNC,unknown
111,tcp,,unknown
3389,tcp,Microsoft Terminal Services,unknown
110,tcp,+OK Dovecot,pop3
873,tcp,,unknown
110,tcp,Dovecot ready,pop3
69,tcp,,tftp
23,tcp,,telnet
873,tcp,,unknown
3306,tcp,MariaDB 10.6,mysql
4444,tcp,,unknown
445,tcp,Samba,unknown
514,tcp,,unknown
514,tcp,,unknown
1521,tcp,Oracle TNS Listener,unknown
139,tcp,Samba,unknown
3306,tcp,MariaDB 10.6,mysql
5900,tcp,RFB 003.008,unknown
873,tcp,,unknown
111,tcp,,unknown
514,tcp,,unknown
5432,tcp,PostgreSQL 14.2,postgresql
23,tcp,,telnet
8080,tcp,nginx/1.18.0,http
445,tcp,Windows SMB,unknown
111,tcp,,unknown
143,tcp,Dovecot IMAP,imap
143,tcp,Dovecot IMAP,imap
23,tcp,,telnet
873,tcp,,unknown
69,tcp,,tftp
445,tcp,,unknown
80,tcp,LiteSpeed,http
23,tcp,,telnet
111,tcp,,unknown
111,tcp,,unknown
21,tcp,FileZilla FTP,ftp
111,tcp,,unknown
1433,tcp,,unknown
25,tcp,Postfix ESMTP,smtp
80,tcp,Microsoft-IIS/10.0,http
8080,tcp,Jetty,http
5900,tcp,RealVNC,unknown
8443,tcp,Apache/2.4.41,unknown
25,tcp,Sendmail 8.15,smtp
1521,tcp,Oracle TNS Listener,unknown
143,tcp,Dovecot IMAP,imap
2049,tcp,,nfs
513,tcp,,unknown
23,tcp,,telnet
69,tcp,,tftp
139,tcp,Samba,unknown
513,tcp,,unknown
513,tcp,,unknown
8888,tcp,,unknown
6379,tcp,+OK,redis
5432,tcp,PostgreSQL 14.2,postgresql
8888,tcp,,unknown
3389,tcp,,unknown
69,tcp,,tftp
513,tcp,,unknown
53,tcp,,unknown
111,tcp,,unknown
513,tcp,,unknown
3306,tcp,"CN=d4:6a:91:7a:a3:c4,OU=AN-300-RT-4L2W,O=Araknis Networks (TM),L=Charlotte,C=US",x509
3306,tcp,"CN=00:22:6b:ef:1e:d0,OU=RV042,O=Cisco-Linksys\, LLC,L=Irvine,C=US",x509
3306,tcp,"CN=74:a2:e6:5c:99:21,OU=RV042G,O=Cisco Systems\, Inc.,L=Irvine,C=US",x509
3306,tcp,"CN=4C4E315901D0,OU=RV180,O=Cisco Systems\, Inc.,C=US",x509
3306,tcp,"SERIALNUMBER=PID:CP-8851 SN:FCH1924AHCA,CN=CP-8851-SEPB07D47D33A1C,OU=CTG,O=Cisco Systems Inc.",x509
3306,tcp,"SERIALNUMBER=PID:CP-9951 SN:FCH15200000,CN=CP-9951-SEP64D989000000,OU=VTG,O=Cisco Systems Inc.",x509
3306,tcp,"CN=SEP1C6A7AE57121,O=TemporaryDefaultCertificate",x509
3306,tcp,"CN=Cambium WLAN AP,OU=Products,O=Cambium Networks Inc,L=San Jose,ST=CA,C=US",x509
3306,tcp,"CN=R190V,OU=Products,O=Cambium Networks Inc,L=San Jose,ST=CA,C=US",x509
3306,tcp,"CN=R200,OU=Products,O=Cambium Networks Inc,L=San Jose,ST=CA,C=US",x509
3306,tcp,"O=Technicolor,L=Edegem,ST=Antwerp,C=BE",x509
3306,tcp,"CN=Vigor Router,OU=DrayTek Support,O=DrayTek Corp.,L=HuKou,ST=HsinChu,C=TW",x509
3306,tcp,"CN=Nepenthes Development Team,OU=anv,O=dionaea.carnivore.it,C=DE",x509
3306,tcp,"CN=IPMI,OU=Software,O=Super Micro Computer,ST=California,C=US",x509
3306,tcp,"CN=iDRACdefault0023AEF89AD1,OU=iDRAC Group,O=Dell Inc.,L=Round Rock,C=US",x509
3306,tcp,"CN=idrac-JXJJC02,OU=Remote Access Group,O=Dell Inc.,L=Round Rock,ST=Texas,C=US",x509
3306,tcp,"CN=idrac-FMDSJH3,OU=Remote Access Group,O=Dell Inc.,L=Round Rock,ST=Texas,C=US",x509
3306,tcp,"CN=idrac-SVCTAG,OU=Remote Access Group,O=Dell Inc.,L=Round Rock,ST=Texas,C=US",x509
3306,tcp,"CN=idrac-prosit-laks,OU=Remote Access Group,O=Dell Inc.,L=Round Rock,ST=Texas,C=US",x509
3306,tcp,"CN=idrac-,OU=Remote Access Group,O=Dell Inc.,L=Round Rock,ST=Texas,C=US",x509
3306,tcp,"CN=idrac,OU=Remote Access Group,O=Dell Inc.,L=Round Rock,ST=Texas,C=US",x509
3306,tcp,"CN=iDRAC7 default certificate,OU=Remote Access Group,O=Dell Inc.,L=Round Rock,ST=Texas,C=US",x509
3306,tcp,"CN=iDRAC6 default certificate,OU=Remote Access Group,O=Dell Inc.,L=Round Rock,ST=Texas,C=US",x509
3306,tcp,"CN=DRAC5 default certificate,OU=Remote Access Group,O=Dell Inc.,L=Round Rock,ST=Texas,C=US",x509
3306,tcp,"CN=iDRAC default certificate,OU=Server Firmware Group,O=Dell Inc.,L=Round Rock,ST=Texas,C=US",x509
3306,tcp,"CN=XCC-7X06-J1005NEX,O=System X,L=RTP,ST=NC,C=US",x509
3306,tcp,"CN=SERVER-1231,OU=ISS,O=Hewlett-Packard Company,L=Houston,ST=Texas,C=US",x509
3306,tcp,"CN=HP Service Processor,OU=UDU Service Tools,O=Hewlett-Packard Development Company\, L.P.\ ,L=Fremont,ST=California,C=US",x509
3306,tcp,"CN=OA-001F296E21A3,OU=Onboard Administrator,O=Corp.,L=Location,ST=N/A,C=US",x509
3306,tcp,"CN=OA-80C16E999999,OU=Onboard Administrator,O=Hewlett-Packard",x509
3306,tcp,"CN=bigsrv99,OU=Hewlett Packard Enterprise Network Management Software (SMH),O=Hewlett Packard Enterprise,L=Houston,ST=Texas,C=US",x509
3306,tcp,"CN=Oracle Integrated Lights Out Manager,O=Oracle America\, Inc.,L=Redwood Shores,ST=California,C=US",x509
3306,tcp,"CN=AMI,OU=Service Processors,O=American Megatrends Inc.,L=Norcross,ST=Georgia,C=US",x509
3306,tcp,"CN=AMI,OU=Service Processors,O=American Megatrends Inc,L=Atlanta,ST=Georgia,C=US",x509
3306,tcp,"CN=C-series CIMC,OU=PID:UCSC-C220-M3S SERIAL:FCH18999AAA,O=Cisco Self Signed,L=San Jose,ST=California,C=US",x509
3306,tcp,"CN=C220-FCH17999AAA,OU=null,O=Cisco Systems Inc.,L=San Jose,ST=California,C=US",x509
3306,tcp,"CN=avocent.com,OU=AESS,O=Avocent,L=Sunrise,ST=FL,C=US",x509
3306,tcp,"CN=Avocent Mergepoint Unity,O=Avocent Mergepoint Unity,L=Huntsville,ST=Alabama,C=US",x509
3306,tcp,"CN=HP Jetdirect 38831831,OU=2C413883186A+OU=J8028E,O=Hewlett-Packard Co.",x509
3306,tcp,"CN=HP Jetdirect FBFA31E7,OU=8851FBE33ABB+OU=J8016E,O=Hewlett-Packard Co.",x509
3306,tcp,"CN=HPD49F21,OU=HP-IPG,O=HP,L=Vancouver,ST=Washington,C=US",x509
3306,tcp,"CN=firepower,OU=Intrusion Management System,O=Cisco Systems\, Inc,C=US",x509
3306,tcp,"CN=ciscoasa,OU=Intrusion Management System,O=Cisco Systems\, Inc,C=US",x509
3306,tcp,"CN=Sourcefire3D,OU=Intrusion Management System,O=Sourcefire\, Inc.,C=US",x509
3306,tcp,CN=ASA Temporary Self Signed Certificate,x509
3306,tcp,"SERIALNUMBER=9C89M2088D1,CN=DEVICE-vWLC,O=Cisco Virtual WLC",x509
3306,tcp,"CN=169.254.1.1,OU=DeviceSSL (WebAdmin),O=Cisco Systems Inc.,C=US",x509
3306,tcp,"CN=pca,OU=Cisco Prime Collaboration Manager,O=Cisco,L=San Jose,ST=California,C=US",x509
3306,tcp,"CN=synology.com,OU=FTP Team,O=Synology Inc.,L=Taipei,ST=Taiwan,C=TW",x509
3306,tcp,"CN=synology.com,O=Synology Inc.,L=Taipei,C=TW",x509
3306,tcp,"CN=device1133796-01b3e3fa.wd2go.com,OU=Domain Control Validated+OU=Hosted by Western Digital Corporation+OU=COMODO SSL Unified Communications",x509
3306,tcp,"CN=*.device4113440.wd2go.com,OU=Branded Products,O=Western Digital,L=Mountain View,ST=California,C=US",x509
3306,tcp,"CN=Seagate Technology LLC,O=Seagate Technology LLC,L=Cupertino,ST=California,C=US",x509
3306,tcp,"CN=1.1.1.1,OU=Q-Series,O=Quantum,ST=CO,C=US",x509
3306,tcp,"CN=QNAP NAS,OU=QTS,O=QNAP Systems\, Inc.,L=Taipei,ST=Taipei,C=TW",x509
3306,tcp,"CN=VMware,OU=VMware,L=Palo Alto,C=US",x509
3306,tcp,"CN=server99.,OU=VMware ESX Server Default Certificate,O=VMware\, Inc,L=Palo Alto,ST=California,C=US",x509
3306,tcp,"CN=SRM01,OU=SRM,O=VMware\, Inc.,L=Palo Alto,ST=California,C=US",x509
3306,tcp,"CN=horizon.foo.bar,OU=VMware Horizon View default certificate,O=VMware\, Inc.",x509
3306,tcp,"CN=horizon.foo.bar,OU=VMware View default certificate,O=VMware\, Inc.",x509
3306,tcp,CN=IOS-Self-Signed-Certificate-4163115936,x509
3306,tcp,CN=kube-apiserver,x509
3306,tcp,CN=kubernetes-master,x509
3306,tcp,"CN=Kubernetes Ingress Controller Fake Certificate,O=Acme Co",x509
3306,tcp,CN=TRAEFIK DEFAULT CERT,x509
3306,tcp,"CN=default,OU=NS Internal,O=Citrix ANG,L=San Jose,ST=California,C=US",x509
3306,tcp,"CN=default UYENMB,OU=NS Internal,O=Citrix ANG,L=San Jose,ST=California,C=US",x509
3306,tcp,"CN=LVDZG5 FA8FCA67413D,OU=Cast,O=Google Inc,L=Mountain View,ST=California,C=US",x509
3306,tcp,"CN=YRBLE FA8FCA7DE87D,OU=Google TV,O=Google Inc,L=Mountain View,ST=California,C=US",x509
3306,tcp,"CN=9V039WC9 FA8FCA697898,OU=Cast TV (Vizio),O=Google Inc,L=Mountain View,ST=California,C=US",x509
3306,tcp,"CN=TANDBERG,OU=R&D,O=TANDBERG ASA,L=Lysaker,ST=Askerhus,C=NO",x509
3306,tcp,"CN=lifesize.com,C=US",x509
3306,tcp,"CN=a_lifesize_system,OU=lifesize,O=lifesize,L=Austin,ST=Texas,C=US",x509
3306,tcp,"CN=A_LifeSize_System,OU=IT,O=LifeSize Communications\, Inc.,ST=Texas,C=US",x509
3306,tcp,"CN=MERCURY-00107F1ABAA0,OU=Engineering,O=Crestron Electronics\, Inc.,L=Rockleigh,ST=NJ,C=US",x509
3306,tcp,"CN=AM-200-00107FB7B1E2,OU=Engineering,O=Crestron Electronics\, Inc.,L=Rockleigh,ST=NJ,C=US",x509
3306,tcp,"CN=Crestron,OU=Engineering,O=Crestron Electronics\, Inc.,L=Rockleigh,ST=NJ,C=US",x509
3306,tcp,CN=ClickShare-4234234324,x509
3306,tcp,"CN=Solstice,OU=Solstice,O=Mersive Technologies Inc,L=Denver,ST=CO,C=US",x509
3306,tcp,"CN=Controller,OU=FW,O=ExtronElectronics,ST=CA,C=US",x509
3306,tcp,"CN=IPLP,OU=ControlSystems,O=ExtronElectronics,L=Anaheim,ST=CA,C=US",x509
3306,tcp,"CN=TLP,OU=ControlSystems,O=ExtronElectronics,L=Anaheim,ST=CA,C=US",x509
3306,tcp,"CN=ShareLink-Pro-18-99-99.local.com,OU=AVSystems,O=ExtronElectronics,L=Anaheim,ST=CA,C=US",x509
3306,tcp,"CN=VMM APIC,OU=VMM15,O=Cisco,L=San Jose,ST=CA,C=US",x509
3306,tcp,CN=APIC,x509
3306,tcp,"CN=iPX3010,OU=I Project,O=Samsung Electronics,L=Suwon,ST=Gyeonggi-do,C=KR",x509
3306,tcp,"CN=www.hikvision.com,OU=DVRNVR,O=HIKVISION,L=HangZhou,ST=ZheJiang,C=CN",x509
3306,tcp,"CN=192.168.0.1,OU=Polatis Switch 1591,O=Polatis Inc.,ST=N/A,C=UK",x509
3306,tcp,"CN=central-01,OU=Polatis Switch 1590,O=Polatis Inc.,ST=N/A,C=UK",x509
3306,tcp,"CN=localhost.localdomain,O=Fidelis Cybersecurity",x509
3306,tcp,"CN=8284-22A-211BAFW,O=IBM,L=Endicott,ST=New York,C=IN",x509
3306,tcp,"CN=EagleEyeDirectorII.polycom.com,OU=Video Division,O=Polycom Inc.,L=San Jose,ST=California,C=US",x509
3306,tcp,"CN=SVRTIP44,OU=RD,O=QSC\, LLC,ST=Colorado,C=US",x509
3306,tcp,"CN=FG100ETK1800118,OU=FortiGate,O=Fortinet,L=Sunnyvale,ST=California,C=US",x509
3306,tcp,"CN=FGT30D3X15038375,OU=FortiGate,O=Fortinet,L=Sunnyvale,ST=California,C=US",x509
3306,tcp,"CN=FG100D3G13803999,O=Fortinet Ltd.",x509
3306,tcp,"CN=FortiMail,OU=FortiMail,O=Fortinet,L=Sunnyvale,ST=California,C=US",x509
3306,tcp,"CN=FMG-VM0000000000,OU=FortiManager,O=Fortinet,L=Sunnyvale,ST=California,C=US",x509
3306,tcp,"CN=CyberoamApplianceCertificate_C35316263111,OU=Cyberoam Appliance,O=Cyberoam,L=Ahmedabad,ST=Gujarat,C=IN",x509
3306,tcp,"CN=CyberoamApplianceCertificate,OU=Cyberoam Appliance,O=Cyberoam,L=Ahmedabad,ST=Gujarat,C=IN",x509
3306,tcp,"CN=UBNT-68:72:51:4B:90:16,OU=Technical Support,O=Ubiquiti Networks Inc.,L=San Jose,ST=CA,C=US",x509
3306,tcp,CN=unifi,x509
3306,tcp,"CN=UniFi,OU=UniFi,O=ubnt.com,L=San Jose,ST=CA,C=US",x509
3306,tcp,CN=unifivideo-app,x509
3306,tcp,"CN=camera.ubnt.dev,OU=devint,O=Ubiquiti Networks Inc.,L=Taipei,C=TW",x509
3306,tcp,"CN=UBNT,OU=Technical Support,O=Ubiquiti Networks Inc.,L=San Jose,ST=CA,C=US",x509
3306,tcp,"CN=CloudKey,O=Ubiquiti Networks,L=San Jose,ST=CA,C=US",x509
3306,tcp,"CN=UBNT Router UI,O=Ubiquiti Networks,L=San Jose,ST=CA,C=US",x509
3306,tcp,"CN=UbiquitiRouterUI,O=Ubiquiti Inc.,L=New York,ST=New York,C=US",x509
3306,tcp,"CN=UniFi-Video Controller,OU=R&D,O=Ubiquiti Networks,L=New York,ST=NY,C=US",x509
3306,tcp,"CN=GreenWave Systems,OU=PKI,O=GreenWave Systems,L=Irvine,ST=California,C=US",x509
3306,tcp,"CN=PoliWall,OU=Bandura Labs,O=Bandura\, LLC.,L=Lake Saint Louis,ST=Missouri,C=US",x509
3306,tcp,"CN=poliwall,OU=IT,O=Bandura,L=St. Louis,ST=Missouri,C=US",x509
3306,tcp,"CN=pfSense-58fb5b0b06777,O=pfSense webConfigurator Self-Signed Certificate,L=Locality,ST=State,C=US",x509
3306,tcp,"CN=pfSense-5c76251e4d3e4,O=pfSense webConfigurator Self-Signed Certificate",x509
3306,tcp,"CN=Common Name (eg\, YOUR name),OU=Organizational Unit Name (eg\, section),O=CompanyName,L=Somecity,ST=Somewhere,C=US",x509
3306,tcp,"O=OPNsense,L=Middelharnis,ST=Zuid-Holland,C=NL",x509
3306,tcp,"O=OPNsense.localdomain,L=Middelharnis,ST=Zuid-Holland,C=NL",x509
3306,tcp,"CN=NetVanta,O=ADTRAN\, Inc.,L=Huntsville,ST=AL,C=US",x509
3306,tcp,"CN=SophosApplianceCertificate_C330AC22W713PAF,OU=OU,O=Green House Data,L=Cheyenne,ST=WY,C=US",x509
3306,tcp,"CN=SophosApplianceCertificate_C22315405928-UU5JKO,OU=OU,O=(null),L=NA,ST=NA,C=PK",x509
3306,tcp,"CN=SophosApplianceCertificate,OU=OU,O=Sophos,L=Abingdon,ST=Oxfordshire,C=GB",x509
3306,tcp,"CN=Hubitat Elevation,OU=Hub,O=Hubitat\, Inc.,L=Scottsdale,ST=Arizona,C=US",x509
3306,tcp,"CN=MAC000FE507A1F1,OU=M5IC,O=Mercury Security Products\, LLC,L=Long Beach,ST=CA,C=US",x509
3306,tcp,"CN=MAC000FE508BC71,OU=EP-1502,O=Mercury Security Products\, LLC,L=Long Beach,ST=CA,C=US",x509
3306,tcp,"CN=MAC000FE5091111,OU=LP-1501,O=Mercury Security Products\, LLC,L=Long Beach,ST=CA,C=US,2.5.4.4=#111111111111111111",x509
3306,tcp,"CN=Mercury Security EP-series,O=Mercury Security Corp.,L=Long Beach,ST=CA,C=US",x509
3306,tcp,"CN=securelogin.arubanetworks.com,O=Aruba Networks,C=US",x509
3306,tcp,"CN=securelogin.arubanetworks.com,OU=Instant,O=Aruba Networks,L=Sunnyvale,ST=California,C=US",x509
3306,tcp,"CN=Fireware web CA,OU=Fireware,O=WatchGuard",x509
3306,tcp,"CN=192.168.200.1,OU=SSL-VPN,O=SonicWALL\, Inc.,L=Sunnyvale,ST=CA,C=US",x509
3306,tcp,"CN=192.168.168.168,OU=HTTPS Management Certificate for SonicWALL (self-signed),O=HTTPS Management Certificate for SonicWALL (self-signed),L=Sunnyvale,ST=California,C=US",x509
3306,tcp,"CN=a248.e.akamai.net,O=Akamai Technologies\, Inc.,L=Cambridge,ST=Massachusetts,C=US",x509
3306,tcp,O=Caddy Self-Signed,x509
3306,tcp,CN=HP_3PAR_1626615,x509
3306,tcp,CN=HP_3PAR_CZ3601VYFJ,x509
3306,tcp,CN=alienvault,x509
3306,tcp,CN=VirtualUSMAllInOne,x509
3306,tcp,CN=Canon iR-ADV,x509
3306,tcp,CN=Canon Imaging Product,x509
3306,tcp,CN=ScanFront,x509
3306,tcp,"CN=ScanFront,OU=IMS,O=CANON ELECTRONICS INC.,L=Minato-ku,ST=Tokyo,C=JP",x509
3306,tcp,"CN=tnsappliance-b088a321,OU=--,O=Tenable Network Security\, Inc.,L=Columbia,ST=Maryland,C=US",x509
3306,tcp,"CN=tnsappliance,OU=--,O=Tenable Network Security\, Inc.,L=Columbia,ST=Maryland,C=US",x509
3306,tcp,"CN=extrahop,OU=extrahop.com,O=ExtraHop,C=US",x509
3306,tcp,"CN=Ruckus Wireless ZoneDirector SN-221301007591,O=Ruckus Wireless\, Inc.,ST=CA,C=US",x509
3306,tcp,"CN=SN-010101010101,O=Ruckus Wireless Inc.,L=Sunnyvale,ST=California,C=US",x509
3306,tcp,"CN=DT800 Series,O=NEC Corporation,ST=Tokyo,C=JP",x509
3306,tcp,"CN=64167F169981,O=Polycom Inc.",x509
3306,tcp,"CN=EN Software Production & Release,OU=Enterprise Networks,O=Siemens AG,L=Munich,ST=Germany,C=DE",x509
3306,tcp,"CN=SecureConnect server,O=Quest,ST=CA,C=US",x509
3306,tcp,"CN=RecoverPoint,OU=Data Protection and Availability Division,O=EMC Corporation,L=Hopkinton,ST=Massachusetts,C=US",x509
3306,tcp,"CN=d9fc2294968367a3a8ad1acd4c816c78444e6ea4d69869b40cc9751951fd3693,O=Palo Alto Networks,L=Santa Clara,ST=CA,C=US",x509
3306,tcp,"CN=selfappliance,OU=Engineering,O=Symplified,L=Boulder,ST=Colorado,C=US",x509
3306,tcp,"CN=OpenWrt,L=Leipzig,ST=Saxony,C=DE",x509
3306,tcp,"CN=axis-accc8ea31abf,O=Axis Communications AB",x509
3306,tcp,"CN=ServerRoom,OU=Nortek,O=ELAN,L=StuddardMD,ST=10000,C=US",x509
3306,tcp,"CN=Dell_OpenManage01,OU=PG,O=Dell Inc.,ST=Texas,C=US",x509
3306,tcp,"CN=Equallogic PS Array,OU=Dell Equallogic,O=Dell Inc.,L=Nashua,ST=New Hampshire,C=US",x509
3306,tcp,"CN=opennac.test,L=Madrid,ST=Madrid,C=ES",x509
3306,tcp,"CN=SmartEdge Sensor,O=AirMagnet,L=Sunnyvale,ST=California,C=US",x509
3306,tcp,"CN=Sensor WebUI,O=AirDefense Inc.,L=Alpharetta,ST=GA,C=US",x509
3306,tcp,"CN=HiveAP,OU=Default,O=Aerohive,ST=California,C=US",x509
3306,tcp,"CN=HiveAP,OU=Default,O=Aerohive,L=Sunnyvale,ST=California,C=US",x509
3306,tcp,CN=usg20w_5CF4AB615FAC,x509
3306,tcp,CN=usg20w_5067F0BC1D3C,x509
3306,tcp,CN=usg20_107BEF0AD201,x509
3306,tcp,"CN=001788fffe4f1999,O=Philips Hue,C=NL",x509
3306,tcp,"CN=www.ibm.com,OU=IBM i Service,L=Rochester,ST=Minnesota,C=US",x509
3306,tcp,"CN=*.ip.kaptivo.live,OU=Domain Control Validated+OU=PositiveSSL Wildcard",x509
3306,tcp,"CN=noc-feye-ex2,OU=Network Security Management,O=FireEye\, Inc.,L=Milpitas,ST=California,C=US",x509
3306,tcp,"CN=noc-feye-ia2,OU=IA,O=FireEye,L=Charlottesville,ST=Virginia,C=US",x509
3306,tcp,"CN=gvue01,OU=Gigamon Network Visibility Systems,O=Gigamon Inc.,L=Santa Clara,ST=California,C=US",x509
3306,tcp,"CN=Telliris-IVR,OU=Telliris,O=DAC Systems,L=Shelton,ST=Connecticut,C=US",x509
3306,tcp,"CN=SLS,O=Lantronix,L=Irvine,ST=California,C=US",x509
3306,tcp,"CN=Tintri Default Certificate,OU=Tintri Server Certificate,O=Tintri\, Inc.,L=Mountain View,ST=CA,C=US",x509
3306,tcp,"CN=axonius,O=Axonius\, Inc,L=New York City,ST=New York,C=US",x509
3306,tcp,"CN=AVIGILON-CAMERA-5.0-H3-DP1-1242900,OU=Certification Manager,O=Avigilon Corporation,L=Vancouver,ST=British Columbia,C=CA",x509
3306,tcp,"CN=TCAM,OU=Security,O=Truen,L=Seoul,ST=Seoul,C=KR",x509
3306,tcp,"CN=device.wilibox.com,OU=R&D,O=WILIBOX UAB,L=Kaunas,ST=-,C=LT",x509
3306,tcp,CN=RFS6000-B1-C1-11-11-11-11,x509
3306,tcp,CN=AP6532-F1-11-11-11-11-11,x509
3306,tcp,"CN=attvpngateway.att.com,O=AT&T,L=Tampa,ST=FL,C=US",x509
3306,tcp,"CN=silver-peak,OU=Networking Appliance,O=Silver Peak Systems Inc,L=Mountain View,ST=California,C=--",x509
3306,tcp,CN=Windows Media Player Network Sharing Service (LIVING-ROOM),x509
3306,tcp,"CN=Freebox Intermediate CA,O=Freebox,ST=France,C=FR",x509
3306,tcp,"CN=d36ob5re.fbxos.fr,C=FR",x509
3306,tcp,"CN=TP-LINK CA,O=TP-LINK Technologies CO.\, LTD.,L=Shenzhen,ST=Guangdong,C=CN,1.2.840.113549.1.9.1=#0c16736572766963654074702d6c696e6b2e636f6d2e636e",x509
3306,tcp,"CN=BHA-0123456789AB,O=Bird Home Automation",x509
3306,tcp,"CN=192.168.0.3,OU=Media Server,O=Avaya Inc.,C=US",x509
3306,tcp,"CN=iSTAR Ultra,OU=Access Control and Video Division,O=Johnson Controls,L=Westford,ST=Massachusetts,C=US",x509
3306,tcp,O=SpotteRF - NetworkedIO,x509
3306,tcp,"CN=local.myboschcam.net,O=Bosch Sicherheitssysteme GmbH,L=Grasbrunn,ST=Bayern,C=DE",x509
3306,tcp,"CN=an80i,OU=BWI,O=Redline Communications Inc.,C=CA",x509
3306,tcp,"CN=Vaddio Device,O=Vaddio,L=Minnetonka,ST=MN,C=US",x509
3306,tcp,"CN=11111111111d,OU=2N IP Intercoms,O=2N Telekomunikace a.s.,L=Prague,ST=Czech Republic,C=CZ",x509
3306,tcp,"CN=pve.example.org,OU=PVE Cluster Node,O=Proxmox Virtual Environment",x509
3306,tcp,"CN=127.0.0.1,OU=Endpoint Health,O=Duo Security\, Inc.,L=Ann Arbor,ST=Michigan,C=US,1.2.840.113549.1.9.1=#0c1e656e64706f696e746865616c74684064756f73656375726974792e636f6d",x509
3306,tcp,"CN=localhost,OU=Mac Certifier,O=Duo Security\, Inc.,L=Ann Arbor,ST=Michigan,C=US,1.2.840.113549.1.9.1=#0c18656e64706f696e744064756f73656375726974792e636f6d",x509
3306,tcp,"CN=foo.bar,OU=Zimbra Collaboration Server",x509
3306,tcp,250 <nosuchuser@rapid7.com> is syntactically correct,smtp
3306,tcp,Mfg=Xerox;Typ=MFP;Mod=VersaLink C405;Ser=ABC123456;Loc=Print Room,dhcp
3306,tcp,Mfg=Xerox;Typ=MFP;Mod=Xerox AltaLink C8055 Multifunction Printer;Ser=1AB234567;Loc=Print Room2,dhcp
3306,tcp,Mfg=XEROX;Typ=MFP;Mod=WorkCentre 3345;Ser=1AB234567;Loc=,dhcp
3306,tcp,Mfg=Xerox;Typ=MFP;Mod=Xerox WorkCentre 7845 v1 Multifunction System;Ser=AB1234567;Loc=,dhcp
3306,tcp,Mfg=FujiXerox;Typ=printer;Mod=Phaser 6500DN;Ser=ABC123456,dhcp
3306,tcp,Mfg=Xerox;Typ=Printer;Mod=Phaser 6600DN;Ser=ABC123456;Loc=,dhcp
3306,tcp,mfg=Xerox;typ=MFP;mod=Xerox AltaLink B8045 MFP;ser=A1B234567;loc=Print Room 3,dhcp
3306,tcp,Mfg=Xerox;Typ=MFP;Mod=VersaLink B7035;Ser=1AB234567C,dhcp
3306,tcp,Mfg=Xerox;Typ=AIO;Mod=WorkCentre 3615;Ser=A1B234567,dhcp
3306,tcp,Mfg=Hewlett Packard;Typ=Printer;Mod=HP LaserJet 200 colorMFP M276nw;Ser=ABC1DE2F3G;,dhcp
3306,tcp,Mfg=Hewlett Packard;Typ=Printer;Mod=HP LaserJet 400 M401dne;Ser=ABCDE12345;,dhcp
3306,tcp,Mfg=Hewlett Packard;Typ=Printer;Mod=HP LaserJet 400 M401dw;Ser=ABCDE12345;,dhcp
3306,tcp,Mfg=Hewlett Packard;Typ=Printer;Mod=HP LaserJet 400 M401n;Ser=ABCDE12345;,dhcp
3306,tcp,Mfg=Hewlett Packard;Typ=Printer;Mod=HP LaserJet 400 MFP M425dn;Ser=ABC1D23E4E;,dhcp
3306,tcp,Hewlett-Packard LaserJet,dhcp
3306,tcp,Hewlett-Packard OfficeJet,dhcp
3306,tcp,HP LaserJet,dhcp
3306,tcp,HP Printer,dhcp
3306,tcp,Hewlett-Packard JetDirect,dhcp
3306,tcp,Mfg=LEXMARK;Typ=MFP;Mod=Lexmark MX410de;Ser=12345ABC6D7EF;,dhcp
3306,tcp,Mfg=LEXMARK;Typ=Printer;Mod=Lexmark MS310dn;Ser=123456AB7C8DE;,dhcp
3306,tcp,Canon iR-ADV C5535 III,dhcp
3306,tcp,Canon iR-ADV C350,dhcp
3306,tcp,Canon iR-ADV 4545 III,dhcp
3306,tcp,Canon iR-ADV 525,dhcp
3306,tcp,Canon D1600 Series,dhcp
3306,tcp,Mfg=DELL;Typ=Printer;Mod=Dell B2360dn Laser Printer;Ser=ABCDEF1;,dhcp
3306,tcp,Mfg=DELL;Typ=Printer;Mod=Dell 2330dn Laser Printer;Ser=123ABCD;,dhcp
3306,tcp,Mfg=DELL;Typ=Printer;Mod=Dell S2830dn;Ser=1A2BC34;,dhcp
3306,tcp,Mfg=Dell;Typ=printer;Mod=Dell Color Printer S3840cdn;Ser=123456,dhcp
3306,tcp,Dell Color MFP S2825cdn,dhcp
3306,tcp,Polycom-VVX410,dhcp
3306,tcp,Poly-VVX-D230,dhcp
3306,tcp,Polycom-SSIP6000,dhcp
3306,tcp,Polycom-SSIP7000,dhcp
3306,tcp,digium_D65_2_9_10,dhcp
3306,tcp,ipphone.mitel.com,dhcp
3306,tcp,Aruba JL075A 3810M-16SFP+-2-slot Switch,dhcp
3306,tcp,Aruba JL253A 2930F-24G-4SFP+ Switch dslforum.org,dhcp
3306,tcp,Aruba JL256A 2930F-48G-PoE+-4SFP+ Switch,dhcp
3306,tcp,Aruba JL258A 2930F-8G-PoE+-2SFP+ Switch,dhcp
3306,tcp,Aruba JL357A 2540-48G-PoE+-4SFP+ Switch,dhcp
3306,tcp,Aruba-Sensor-Q9X65A,dhcp
3306,tcp,Aruba-Sensor-R3R67A,dhcp
3306,tcp,Aruba-Sensor-R7H75A,dhcp
3306,tcp,Aruba-Sensor,dhcp
3306,tcp,"AXIS,Network Camera,P3343,5.20.3",dhcp
3306,tcp,"AXIS,PTZ Dome Network Camera,M5014,5.50.3.7",dhcp
3306,tcp,"AXIS,Network Camera,P3225-LV Mk II,9.70.1.5",dhcp
3306,tcp,"AXIS,Network Video Encoder,M7011,5.90.1",dhcp
3306,tcp,"AXIS,Network IO Audio Module,P8221,5.10.2",dhcp
3306,tcp,"AXIS,Network",dhcp
3306,tcp,AEROHIVE,dhcp
3306,tcp,yealink,dhcp
3306,tcp,Gallagher Group Limited,dhcp
3306,tcp,eWON,dhcp
3306,tcp,Zebra Technologies ZTC ZD410-203dpi ZPL,dhcp
3306,tcp,Zebra Technologies ZTC ZQ620-203dpi ZPL,dhcp
3306,tcp,Zebra Technologies ZTC ZT230-203dpi ZPL,dhcp
3306,tcp,Zebra Technologies ZTC ZQ630-203dpi CPCL,dhcp
3306,tcp,ZEBRA,dhcp
3306,tcp,vaddio,dhcp
3306,tcp,PCoIP Endpoint,dhcp
3306,tcp,chromeos,dhcp
3306,tcp,android-dhcp-7.1.1,dhcp
3306,tcp,HUAWEI:android:ABC,dhcp
3306,tcp,dhcpcd-6.11.5:Linux-4.14.78:armv7l:Freescale,dhcp
3306,tcp,dhcpcd-6.8.2:Linux-4.19.155-10581-g8bdb5ed8e80c:x86_64:GenuineIntel,dhcp
3306,tcp,SAMSUNG Network Printer,dhcp
3306,tcp,MERAKI,dhcp
3306,tcp,MSFT 5.0,dhcp
3306,tcp,"Cisco Systems, Inc.",dhcp
3306,tcp,CISCO SPA8800,dhcp
3306,tcp,CISCO SPA112,dhcp
3306,tcp,CISCO SPA122,dhcp
3306,tcp,CISCO SPA232D,dhcp
3306,tcp,Cisco Systems Inc. Wireless Phone 7920,dhcp
3306,tcp,Cisco Systems Inc. Wireless Phone 7925G,dhcp
3306,tcp,"Cisco systems, Inc. IP Phone CP3911",dhcp
3306,tcp,"Cisco Systems, Inc. IP Phone CP-6921",dhcp
3306,tcp,"Cisco Systems, Inc. IP Phone CP-7911G",dhcp
3306,tcp,"Cisco Systems, Inc. IP Phone CP-7941G-GE",dhcp
3306,tcp,"Cisco Systems, Inc. IP Phone CP-8865NR",dhcp
3306,tcp,Cisco AP c701,dhcp
3306,tcp,Cisco AP c1830,dhcp
3306,tcp,Cisco AP c1840i,dhcp
3306,tcp,Cisco AP C9115AX,dhcp
3306,tcp,Cisco AP C9120AX,dhcp
3306,tcp,Cisco AP801,dhcp
3306,tcp,Cisco AP802,dhcp
3306,tcp,Cisco AP803,dhcp
3306,tcp,Cisco AIR-CTVM-K9,dhcp
3306,tcp,Cisco AIR-CT5508-K9,dhcp
3306,tcp,Cisco Telepresence Peripheral,dhcp
3306,tcp,BrightSign HS124,dhcp
3306,tcp,BrightSign XD1034,dhcp
3306,tcp,BrightSign XD1034-W,dhcp
3306,tcp,BrightSign LS424-W,dhcp
3306,tcp,BrightSign XT244,dhcp
3306,tcp,BrightSign HD1023,dhcp
3306,tcp,BrightSign XT1144-PP,dhcp
3306,tcp,wyse-1000,dhcp
3306,tcp,iDRAC,dhcp
3306,tcp,CPQRIB3,dhcp
3306,tcp,udhcp 1.22.1,dhcp
3306,tcp,udhcpc1.21.1,dhcp
3306,tcp,udhcp 0.9.9-pre,dhcp
3306,tcp,ccp.avaya.com,dhcp
3306,tcp,Avaya E129 dslforum.org,dhcp
3306,tcp,"AAPLBSDPC/i386/iMac16,2",dhcp
3306,tcp,"AAPLBSDPC/i386/iMac18,2",dhcp
3306,tcp,"AAPLBSDPC/i386/iMacPro1,1",dhcp
3306,tcp,"AAPLBSDPC/arm/Mac14,2",dhcp
3306,tcp,"AAPLBSDPC/i386/MacBookAir7,2",dhcp
3306,tcp,"AAPLBSDPC/i386/MacBookAir8,1",dhcp
3306,tcp,"AAPLBSDPC/i386/MacBookAir8,2",dhcp
3306,tcp,"AAPLBSDPC/arm/MacBookAir10,1",dhcp
3306,tcp,"AAPLBSDPC/i386/MacBookPro11,4",dhcp
3306,tcp,"AAPLBSDPC/i386/MacBookPro13,1",dhcp
3306,tcp,"AAPLBSDPC/i386/MacBookPro14,1",dhcp
3306,tcp,"AAPLBSDPC/i386/MacBookPro14,2",dhcp
3306,tcp,"AAPLBSDPC/i386/MacBookPro15,2",dhcp
3306,tcp,"AAPLBSDPC/i386/MacBookPro15,4",dhcp
3306,tcp,"AAPLBSDPC/i386/MacBookPro16,1",dhcp
3306,tcp,"AAPLBSDPC/i386/MacBookPro16,2",dhcp
3306,tcp,"AAPLBSDPC/i386/MacBookPro16,3",dhcp
3306,tcp,"AAPLBSDPC/arm/MacBookPro17,1",dhcp
3306,tcp,"AAPLBSDPC/arm/MacBookPro18,1",dhcp
3306,tcp,"AAPLBSDPC/arm/MacBookPro18,3",dhcp
3306,tcp,Cambium-WiFi-AP,dhcp
3306,tcp,LG_65UH5F-HJ,dhcp
3306,tcp,LG_55UT672M0UC,dhcp
3306,tcp,LG_32LT662MBUC,dhcp
3306,tcp,LG_55SM5KE-BJ,dhcp
3306,tcp,LG_86UL3J-B,dhcp
3306,tcp,ShoreTel IP Phone,dhcp
3306,tcp,JNPR.IVE,dhcp
3306,tcp,"dmVuZG9yTmFtZTEfBB1TYW1iYSBUZWFtIChodHRwOi8vc2FtYmEub3JnKS5kYXRhLnJlbW92Z
      WQuBB1kb21haW5Db250cm9sbGVyRnVuY3Rpb25hbGl0eTEDBAE0MB4=",ldap
3306,tcp,"dmVuZG9yTmFtZTEfBB1TYW1iYSBUZWFtIChodHRwOi8vc2FtYmEub3JnKS5kYXRhLnJlbW92Z
      WQuZG9tYWluRnVuY3Rpb25hbGl0eTEDBAEwMBoEE2ZvcmVzdEZ1bmN0aW9uYWxpdHkxAwQBMD
      AeBBQ=",ldap
3306,tcp,"dGllczGEAAAAlQQWMS4yLjg0MC4xMTM1NTYuMS40LjgwMAQuZGF0YS5yZW1vdmVkLjCEAAAAK
      AQdZG9tYWluQ29udHJvbGxlckZ1bmN0aW9uYWxpdHkxhAAAAAMEATc=",ldap
3306,tcp,"aWVzMYQAAACvBBcxLjIuODQwLjExMzU1Ni4xLjQuMTg1MQQuZGF0YS5yZW1vdmVkLjCEAAAAK
      AQdZG9tYWluQ29udHJvbGxlckZ1bmN0aW9uYWxpdHkxhAAAAAMEATc=",ldap
3306,tcp,MIQAAAAoBB1kb21haW5Db250cm9sbGVyRnVuY3Rpb25hbGl0eTGEAAAAAwQBNw==,ldap
3306,tcp,"ZXMxhAAAAJUEFjEuMi44NDAuMTEzNTU2LjEuNC44MDAELmRhdGEucmVtb3ZlZC6EAAAAKAQdZ
      G9tYWluQ29udHJvbGxlckZ1bmN0aW9uYWxpdHkxhAAAAAMEATYw",ldap
3306,tcp,"aWVzMYQAAACvBBcxLjIuODQwLjExMzU1Ni4xLjQuMTg1MQQuZGF0YS5yZW1vdmVkLoQAAAAoB
      B1kb21haW5Db250cm9sbGVyRnVuY3Rpb25hbGl0eTGEAAAAAwQBNjA=",ldap
3306,tcp,MIQAAAAoBB1kb21haW5Db250cm9sbGVyRnVuY3Rpb25hbGl0eTGEAAAAAwQBNjA=,ldap
3306,tcp,"aWVzMYQAAACVBBYxLjIuODQwLjExMzU1Ni4xLjQuODAwBC5kYXRhLnJlbW92ZWQwhAAAACgEH
      WRvbWFpbkNvbnRyb2xsZXJGdW5jdGlvbmFsaXR5MYQAAAADBAE1MA==",ldap
3306,tcp,"ZXMxhAAAAK8EFzEuMi44NDAuMTEzNTU2LjEuNC4xODUxBC5kYXRhLnJlbW92ZWQuMIQAAAAoB
      B1kb21haW5Db250cm9sbGVyRnVuY3Rpb25hbGl0eTGEAAAAAwQBNTA=",ldap
3306,tcp,MIQAAAAoBB1kb21haW5Db250cm9sbGVyRnVuY3Rpb25hbGl0eTGEAAAAAwQBNTA=,ldap
3306,tcp,"aWVzMYQAAACVBBYxLjIuODQwLjExMzU1Ni4xLjQuODAwBC5kYXRhLnJlbW92ZWQuMIQAAAAoB
      B1kb21haW5Db250cm9sbGVyRnVuY3Rpb25hbGl0eTGEAAAAAwQBNDA=",ldap
3306,tcp,"aWVzMYQAAACvBBcxLjIuODQwLjExMzU1Ni4xLjQuMTg1MQQuZGF0YS5yZW1vdmVkLoQAAAAoB
      B1kb21haW5Db250cm9sbGVyRnVuY3Rpb25hbGl0eTGEAAAAAwQBNDA=",ldap
3306,tcp,MIQAAAAoBB1kb21haW5Db250cm9sbGVyRnVuY3Rpb25hbGl0eTGEAAAAAwQBNDA=,ldap
3306,tcp,"aWVzMYQAAACVBBYxLjIuODQwLjExMzU1Ni4xLjQuODAwBC5kYXRhLnJlbW92ZWQuMIQAAAAoB
      B1kb21haW5Db250cm9sbGVyRnVuY3Rpb25hbGl0eTGEAAAAAwQBMzA=",ldap
3306,tcp,"aWVzMYQAAACvBBcxLjIuODQwLjExMzU1Ni4xLjQuMTg1MQQuZGF0YS5yZW1vdmVkLjCEAAAAK
      AQdZG9tYWluQ29udHJvbGxlckZ1bmN0aW9uYWxpdHkxhAAAAAMEATMw",ldap
3306,tcp,MIQAAAAoBB1kb21haW5Db250cm9sbGVyRnVuY3Rpb25hbGl0eTGEAAAAAwQBMzA=,ldap
3306,tcp,"aWVzMYQAAACVBBYxLjIuODQwLjExMzU1Ni4xLjQuODAwBC5kYXRhLnJlbW92ZWQuMIQAAAAoB
      B1kb21haW5Db250cm9sbGVyRnVuY3Rpb25hbGl0eTGEAAAAAwQBMjA=",ldap
3306,tcp,"aWVzMYQAAACvBBcxLjIuODQwLjExMzU1Ni4xLjQuMTg1MQQuZGF0YS5yZW1vdmVkLjCEAAAAK
      AQdZG9tYWluQ29udHJvbGxlckZ1bmN0aW9uYWxpdHkxhAAAAAMEATIw",ldap
3306,tcp,MIQAAAAoBB1kb21haW5Db250cm9sbGVyRnVuY3Rpb25hbGl0eTGEAAAAAwQBMjA=,ldap
3306,tcp,"c3VwcG9ydGVkQ2FwYWJpbGl0aWVzMTEEFjEuMi44NDAuMTEzNTU2LjEuNC44MDAEFzEuMi44N
      DAuMTEzNTU2LjEuNC4xNzkxMEQEEHN1cHBvcnRlZENvbnRyb2x8",ldap
3306,tcp,"c3VwcG9ydGVkQ2FwYWJpbGl0aWVzMTEEFjEuMi44NDAuMTEzNTU2LjEuNC44MDAEFzEuMi44N
      DAuMTEzNTU2LjEuNC4xNzkxMIQAAAAcBA5pc1N5bmNocm9uaXplZDE=",ldap
3306,tcp,"c3VwcG9ydGVkQ2FwYWJpbGl0aWVzMYQAAAAYBBYxLjIuODQwLjExMzU1Ni4xLjQuODAwMIQAA
      AAcBA5pc1N5bmNocm9uaXplZDE=",ldap
3306,tcp,dm9iamVjdENsYXNzMRYEA3RvcAQPT3BlbkxEQVByb290RFNFMA==,ldap
3306,tcp,BBVzdHJ1Y3R1cmFsT2JqZWN0Q2xhc3MxEQQPT3BlbkxEQVByb290RFNFMBwEDQ==,ldap
3306,tcp,"bmFtaW5nQ29udGV4dHMxEAQOZm49Q29udGFjdFJvb3QwKAQUZGVmYXVsdE5hbWluZ0NvbnRle
      HQx",ldap
3306,tcp,dm13UGxhdGZvcm1TZXJ2aWNlc0NvbnRyb2xsZXJWZXJzaW9uMQcEBTYuMC4wMCc=,ldap
3306,tcp,"dmVuZG9yTmFtZTEQBA5GZWRvcmEgUHJvamVjdDA3BA12ZW5kb3JWZXJzaW9uMSYEJEZlZG9yY
      S1EaXJlY3RvcnkvMS4wLjQgQjIwMDYuMzEyLjU0NTA=",ldap
3306,tcp,"dmVuZG9yTmFtZTEQBA5GZWRvcmEgUHJvamVjdDA4BA12ZW5kb3JWZXJzaW9uMScEJUZlZG9yY
      S1EaXJlY3RvcnkvMS4wLjQgQjIwMDcuMzA0LjExMzgw",ldap
3306,tcp,"dmVuZG9yTmFtZTENBAszODkgUHJvamVjdDA5BA12ZW5kb3JWZXJzaW9uMSgEJjM4OS1EaXJlY
      3RvcnkvMS4yLjExLjI1IEIyMDEzLjMyNS4xOTUxMA==",ldap
3306,tcp,"dmVuZG9yTmFtZTEIBAZDZW50T1MwOAQNdmVuZG9yVmVyc2lvbjEnBCVDZW50T1MtRGlyZWN0b
      3J5LzguMi44IEIyMDEyLjA0MS4xMjI3MC8ECw==",ldap
3306,tcp,"dmVuZG9yTmFtZTEJBAdSZWQgSGF0MDgEDXZlbmRvclZlcnNpb24xJwQlUmVkIEhhdC1EaXJlY
      3RvcnkvOC4yLjAgQjIwMTAuMjEwLjA1OTAgBAs=",ldap
3306,tcp,"dmVuZG9yTmFtZTEfBB1OZXRzY2FwZSBDb21tdW5pY2F0aW9ucyBDb3JwLjA5BA12ZW5kb3JWZ
      XJzaW9uMSgEJk5ldHNjYXBlLURpcmVjdG9yeS82LjExIEIyMDAyLjI4MS4wODUzMC8ECw==",ldap
3306,tcp,"dmVuZG9ybmFtZTEfBB1OZXRzY2FwZSBDb21tdW5pY2F0aW9ucyBDb3JwLjA5BA12ZW5kb3J2Z
      XJzaW9uMSgEJk5ldHNjYXBlLURpcmVjdG9yeS82LjExIEIyMDAyLjI4MS4wODUzMC8ECw==",ldap
3306,tcp,"SUJNIExvdHVzIFNvZnR3YXJlMCAEDXZlbmRvcnZlcnNpb24xDwQNUmVsZWFzZSA4LjUuMzAeB
      BNkb21pbm9tYWptaW52ZXJzaW9uMQcE",ldap
3306,tcp,"SUJNIExvdHVzIFNvZnR3YXJlMCkEDXZlbmRvcnZlcnNpb24xGAQWUmVsZWFzZSA5LjAuMUZQN
      iBIRjEzMDAeBBNkb21pbm9tYWptaW52ZXJzaW9uMQcE",ldap
3306,tcp,"dmVuZG9ybmFtZTEUBBJJQk0gTG90dXMgU29mdHdhcmUwKQQNdmVuZG9ydmVyc2lvbjEYBBZSZ
      WxlYXNlIDkuMC4xRlA0IEhGNTIzMAwC",ldap
3306,tcp,"SUJNIExvdHVzIFNvZnR3YXJlMCYEDXZlbmRvcnZlcnNpb24xFQQTQnVpbGQgVjkwMl8xMjMwM
      jAxMzAeBBNkb21pbm9tYWptaW52ZXJzaW9uMQcE",ldap
3306,tcp,"eDA0CnZlbmRvck5hbWUxEwQRTmV0SVEgQ29ycG9yYXRpb24wRQQNdmVuZG9yVmVyc2lvbjE0B
      DJMREFQIEFnZW50IGZvciBOZXRJUSBlRGlyZWN0b3J5IDguOCBTUDggKDIwODA4LjA2KTBJBA
      ==",ldap
3306,tcp,"dmVuZG9yTmFtZTEOBAxOb3ZlbGwsIEluYy4wRgQNdmVuZG9yVmVyc2lvbjE1BDNMREFQIEFnZ
      W50IGZvciBOb3ZlbGwgZURpcmVjdG9yeSA4LjcuMy44ICgxMDU1NC45OSkwKQQ=",ldap
3306,tcp,"dmVuZG9yTmFtZTEOBAxOb3ZlbGwsIEluYy4wRgQNdmVuZG9yVmVyc2lvbjE1BDNMREFQIEFnZ
      W50IGZvciBOb3ZlbGwgZURpcmVjdG9yeSA4LjggU1A0ICgyMDIxNy4wNSkwHQQ=",ldap
3306,tcp,"dmVuZG9yTmFtZTEOBAxOb3ZlbGwsIEluYy4wLwQNdmVuZG9yVmVyc2lvbjEeBBxlRGlyZWN0b
      3J5IHY4LjYuMiAoMTAzNTAuMTgpMCcE",ldap
3306,tcp,"dmVuZG9yTmFtZTEYBBZTdW4gTWljcm9zeXN0ZW1zLCBJbmMuMEMEDXZlbmRvclZlcnNpb24xM
      gQwU3VuIEphdmEoVE0pIFN5c3RlbSBEaXJlY3RvcnkgU2VydmVyLzUuMl9QYXRjaF82MC8E",ldap
3306,tcp,"dmVuZG9yTmFtZTEYBBZTdW4gTWljcm9zeXN0ZW1zLCBJbmMuMFYEDXZlbmRvclZlcnNpb24xR
      QRDU3VuLUphdmEodG0pLVN5c3RlbS1EaXJlY3RvcnkvNi4yX1BSX0NVTVVMQVRJVkVfNl8yXz
      Y1OTc1MjNfNjUyNzkwOTBNBA==",ldap
3306,tcp,"dmVuZG9yTmFtZTEYBBZTdW4gTWljcm9zeXN0ZW1zLCBJbmMuMDYEDXZlbmRvclZlcnNpb24xJ
      QQjU3VuLUphdmEodG0pLVN5c3RlbS1EaXJlY3RvcnkvNi4zLjEwLwQ=",ldap
3306,tcp,"dmVuZG9yTmFtZTEYBBZTdW4gTWljcm9zeXN0ZW1zLCBJbmMuMDoEDXZlbmRvclZlcnNpb24xK
      QQnU3VuLUphdmEodG0pLVN5c3RlbS1EaXJlY3RvcnkvNi4zLjEuMS4xMIGJBA==",ldap
3306,tcp,"dmVuZG9ybmFtZTEYBBZTdW4gTWljcm9zeXN0ZW1zLCBJbmMuMCsEDXZlbmRvcnZlcnNpb24xG
      gQYU3VuLURpcmVjdG9yeS1TZXJ2ZXIvNy4wMC8E",ldap
3306,tcp,"dmVuZG9yTmFtZTEYBBZTdW4gTWljcm9zeXN0ZW1zLCBJbmMuMC8EDXZlbmRvclZlcnNpb24xH
      gQcU3VuLURpcmVjdG9yeS1TZXJ2ZXIvNy4wX3NlYzAgBA==",ldap
3306,tcp,"dmVuZG9yTmFtZTEYBBZTdW4gTWljcm9zeXN0ZW1zLCBJbmMuMDIEDXZlbmRvclZlcnNpb24xI
      QQfU3VuLURpcmVjdG9yeS1TZXJ2ZXIvMTEuMS4xLjMuMDAgBA==",ldap
3306,tcp,"dmVuZG9yTmFtZTEUBBJPcmFjbGUgQ29ycG9yYXRpb24wMgQNdmVuZG9yVmVyc2lvbjEhBB9Td
      W4tRGlyZWN0b3J5LVNlcnZlci8xMS4xLjEuNy4yMCAE",ldap
3306,tcp,"dmVuZG9yTmFtZTEUBBJPcmFjbGUgQ29ycG9yYXRpb24wRwQNdmVuZG9yVmVyc2lvbjE2BDRTd
      W4tRGlyZWN0b3J5LVNlcnZlci8xMS4xLjEuNy4wX1BSXzE2Nzc2ODI2XzE2ODQxOTg1ME0E",ldap
3306,tcp,"dmVuZG9yTmFtZTEXBBVTdW4gTWljcm9zeXN0ZW1zLCBJbmMwNAQNdmVuZG9yVmVyc2lvbjEjB
      CFEaXJlY3RvcnkgUHJveHkgU2VydmVyIDExLjEuMS43LjEwRQQ=",ldap
3306,tcp,"dmVuZG9yTmFtZTEYBBZTdW4gTWljcm9zeXN0ZW1zLCBJbmMuMCgEDXZlbmRvclZlcnNpb24xF
      wQVU3VuLU9ORS1EaXJlY3RvcnkvNS4yMC8E",ldap
3306,tcp,"dmVuZG9yTmFtZTEYBBZTdW4gTWljcm9zeXN0ZW1zLCBJbmMuMDAEDXZlbmRvclZlcnNpb24xH
      wQdU3VuLU9ORS1EaXJlY3RvcnkvNS4yX1BhdGNoXzEwPgQ=",ldap
3306,tcp,"SW50ZXJuYXRpb25hbCBCdXNpbmVzcyBNYWNoaW5lcyAoSUJNKTCEAAAAGgQNdmVuZG9ydmVyc
      2lvbjGEAAAABQQDNS4yMIQAAAArBBxpYm0tc2xhcGRpc2NvbmZpZ3VyYXRpb25tb2RlMYQAAA
      AHBAVGQUxTRTCEAAAARAQVaWJtLW9zcmVnaXN0cnljb250ZXh0MYQAAAAnBCVPUzQwMC1TWVM9",ldap
3306,tcp,"dmVuZG9ybmFtZTGEAAAAJwQlSW50ZXJuYXRpb25hbCBCdXNpbmVzcyBNYWNoaW5lcyAoSUJNK
      TCEAAAAGgQNdmVuZG9ydmVyc2lvbjGEAAAABQQDNS4xMIQA",ldap
3306,tcp,"dmVuZG9ybmFtZTGEAAAAJwQlSW50ZXJuYXRpb25hbCBCdXNpbmVzcyBNYWNoaW5lcyAoSUJNK
      TCEAAAAHAQNdmVuZG9ydmVyc2lvbjGEAAAABwQFNi4zLjEwhAA=",ldap
3306,tcp,"dmVuZG9yTmFtZTGEAAAACwQJTWlyYXBvaW50MIQAAAAaBA12ZW5kb3JWZXJzaW9uMYQAAAAFB
      AMzLjIwhAA=",ldap
3306,tcp,b3JjbGRpcmVjdG9yeXZlcnNpb24xhAAAAA8EDU9JRCA5LjAuNC4wLjAwhAAAAA==,ldap
3306,tcp,b3JjbGRpcmVjdG9yeXZlcnNpb24xEAQOT1ZEIDExLjEuMS42LjAwLgQSc3VwcG9ydGVkRQ==,ldap
3306,tcp,"BA1tZXRhUHJvZHVjdElEMQYEBDExMDIwHAQLbWV0YVZlcnNpb24xDQQLMy41LjIyLjQyOTEwF
      gQ=",ldap
3306,tcp,"ZHNhVmVyc2lvbjEuBCxEQyBEaXJlY3RvcnkgU2VydmVyIHY4LjEuMDAgKGJ1aWxkIDIwMTUwM
      zA1KTBeBAs=",ldap
3306,tcp,"dmVuZG9yTmFtZTERBA9VbmJvdW5kSUQgQ29ycC4wNQQNdmVuZG9yVmVyc2lvbjEkBCJVbmJvd
      W5kSUQgRGlyZWN0b3J5IFNlcnZlciA1LjEuNS4yMAw=",ldap
3306,tcp,"dmVuZG9yTmFtZTERBA9VbmJvdW5kSUQgQ29ycC4wOwQNdmVuZG9yVmVyc2lvbjEqBChVbmJvd
      W5kSUQgRGlyZWN0b3J5IFByb3h5IFNlcnZlciA0LjcuMC43MAw=",ldap
3306,tcp,"Dm5hbWluZ0NvbnRleHRzMQoECGNuPUtQQlgwMCIED2xkYXBTZXJ2aWNlTmFtZTEPBA1JUFZBL
      TNmLTAwLTBjMAwC",ldap
3306,tcp,"bmFtaW5nQ29udGV4dHMxCgQIY249S1BCWDAwIwQPbGRhcFNlcnZpY2VOYW1lMRAEDklQODAwL
      TA2LTJiLTYxMA==",ldap
3306,tcp,"bmFtaW5nQ29udGV4dHMxCQQHY249UEJYMDAjBA9sZGFwU2VydmljZU5hbWUxEAQOSVBCUzItM
      TktYjEtZTcw",ldap
3306,tcp,"bmFtaW5nQ29udGV4dHMxCQQHY249UEJYMDAiBA9sZGFwU2VydmljZU5hbWUxDwQNSVBCTC0zM
      C0yYy0yNTA=",ldap
3306,tcp,"bz1NeUNvbnRhY3RzBAhvPVNjYWxpeDAsBBFzdWJzY2hlbWFzdWJlbnRyeTEXBBVjbj1zdWJTY
      2hlbWEsbz1TY2FsaXgwDQQJYWx0c2VydmVyMQAwHgQUc3VwcG9ydGVkbGRhcHZlcnNpb24xBg
      QBMgQBMzAgBA54c2VydmVydmVyc2lvbjEOBAwxMS40LjYuMTM2NzYwDAI=",ldap
3306,tcp,xPermission denied: Error 0,rsh
3306,tcp,"xWinsock RSHD/NT: Protocol negotiation error.
      0",rsh
3306,tcp,xin.rlogind: Permission denied.,rsh
3306,tcp,xpermission denied.,rsh
3306,tcp,xrlogind: Accxs refusx.,rsh
3306,tcp,xrlogind: Host name for your address (127.0.0.1) unknown.,rsh
3306,tcp,xrexecd: Login incorrect.,rsh
3306,tcp,xrexecd: 0-1 The login is not correct.,rsh
3306,tcp,xremshd: getservbyname,rsh
3306,tcp,xremshd: Kerberos Authentication not enabled.,rsh
3306,tcp,xremshd: Error! Kerberos authentication failed,rsh
3306,tcp,Microsoft Exchange IMAP4rev1 server version 5.5.2448.8 (foo.bar) ready,imap
3306,tcp,Microsoft Exchange 2000 IMAP4rev1 server version 6.0.6249.0 (foo.bar) ready.,imap
3306,tcp,Microsoft Exchange Server 2003 IMAP4rev1 server version 6.5.7638.1 (foo.bar) ready.,imap
3306,tcp,"Der Microsoft Exchange Server 2003 IMAP4rev1-Server, Version 6.5.7638.1 (foo.bar), steht zur Verfgung.",imap
3306,tcp,Microsoft Exchange Server 2007 IMAP4 service ready,imap
3306,tcp,The Microsoft Exchange IMAP4 service is ready.,imap
3306,tcp,"Domino IMAP4 Server Release 9.0.1FP9 ready Thu, 4 Apr 2019 20:19:31 +0200",imap
3306,tcp,Dovecot ready.,imap
3306,tcp,Dovecot DA ready.,imap
3306,tcp,[CAPABILITY IMAP4rev1 SASL-IR LOGIN-REFERRALS ID ENABLE IDLE NAMESPACE LITERAL+ AUTH=PLAIN AUTH=LOGIN] Dovecot ready.,imap
3306,tcp,Dovecot (Ubuntu) ready.,imap
3306,tcp,[CAPABILITY IMAP4rev1 LITERAL+ SASL-IR LOGIN-REFERRALS ID ENABLE IDLE AUTH=PLAIN AUTH=LOGIN] Dovecot (Ubuntu) ready.,imap
3306,tcp,Dovecot (Debian) ready.,imap
3306,tcp,[CAPABILITY IMAP4rev1 SASL-IR LOGIN-REFERRALS ID ENABLE IDLE LITERAL+ AUTH=PLAIN AUTH=LOGIN] Dovecot (Debian) ready.,imap
3306,tcp,Dovecot (Raspbian) ready.,imap
3306,tcp,[CAPABILITY IMAP4rev1 SASL-IR LOGIN-REFERRALS ID ENABLE IDLE LITERAL+ AUTH=PLAIN AUTH=LOGIN] Dovecot (Raspbian) ready.,imap
3306,tcp,"Courier-IMAP ready. Copyright 1998-2002 Double Precision, Inc. See COPYING for distribution information.",imap
3306,tcp,"[CAPABILITY IMAP4rev1 UIDPLUS CHILDREN NAMESPACE THREAD=ORDEREDSUBJECT THREAD=REFERENCES SORT QUOTA IDLE AUTH=PLAIN ACL ACL2=UNION] Courier-IMAP ready. Copyright 1998-2005 Double Precision, Inc.  See COPYING for distribution information.",imap
3306,tcp,nottest.localdomain CallPilot IMAP4rev1 v42.02.05.22 server ready.,imap
3306,tcp,test.localdomain CallPilot IMAP4rev1 v43.03.19.22 server ready.,imap
3306,tcp,foo.bar Zimbra IMAP4rev1 server ready,imap
3306,tcp,foo.bar Zimbra 7.0.0_GA_3079 IMAP4rev1 server ready,imap
3306,tcp,example.com Cyrus IMAP4 v2.2.12-OS X 10.4.0 server ready,imap
3306,tcp,example.com Cyrus IMAP4 v2.3.8-OS X Server 10.5: 9A562 server ready,imap
3306,tcp,[CAPABILITY IMAP4 IMAP4rev1 LITERAL+ ID AUTH=PLAIN AUTH=LOGIN AUTH=CRAM-MD5] foo.bar Cyrus IMAP4 v2.3.8-OS X Server 10.5:	9G7013y server ready,imap
3306,tcp,example.com Cyrus IMAP4 v2.3.7 server ready,imap
3306,tcp,example.com Cyrus IMAP Murder v2.4.8-Invoca-RPM-2.4.8-1 server ready,imap
3306,tcp,[CAPABILITY IMAP4 IMAP4rev1 LITERAL+ ID AUTH=PLAIN SASL-IR] foo.bar Cyrus IMAP4 v2.3.11-Fedora-RPM-2.3.11-1.fc9 server ready,imap
3306,tcp,[CAPABILITY IMAP4rev1 LITERAL+ ID ENABLE AUTH=PLAIN SASL-IR] foo.bar Cyrus IMAP 3.0.8-Debian-3.0.8-6+deb10u6 server ready,imap
80,tcp,"Basic realm=""Transmission""",http
80,tcp,"Basic realm=""monit""",http
80,tcp,"Basic realm=""access""",http
80,tcp,"Basic realm=""level_15 or view_access""",http
80,tcp,"Basic realm=""level_15_or_view_access""",http
80,tcp,"Basic realm=""level_15_access""",http
80,tcp,"Basic realm=""level 15 access""",http
80,tcp,"Basic realm=""NetVanta 1238 PoE""",http
80,tcp,"Basic realm=""Cisco_CCSP_CWMP_TCPCR""",http
80,tcp,"Basic realm=""FW-1.      Reason: no user      Server """,http
80,tcp,"Basic realm=""cPanel""",http
80,tcp,"Basic realm=""APC Management Card""",http
80,tcp,"Basic realm=""ADSL Modem""",http
80,tcp,"Basic realm=""ADSL Modem/Router""",http
80,tcp,"Basic realm=""ADSL Router""",http
80,tcp,"Basic realm=""ADSL2+ Router""",http
80,tcp,"Basic realm=""Broadband Router""",http
80,tcp,"Basic realm=""DSL Modem""",http
80,tcp,"Basic realm=""DVR""",http
80,tcp,"Basic realm=""hikvision""",http
80,tcp,"Basic realm=""Merit LILIN Ent. Co., Ltd,""",http
80,tcp,"Basic realm=""Merit LILIN Ent. Co., Ltd.""",http
80,tcp,"Basic realm=""Wireless Access Point""",http
80,tcp,"Basic realm=""camera""",http
80,tcp,"Basic realm=""IPCamera Login""",http
80,tcp,"Basic realm=""Mini Dome IP Camera""",http
80,tcp,"Basic realm=""DCS-5222LB1""",http
80,tcp,"Basic realm=""DCS-2530L""",http
80,tcp,"Digest realm=""DCS-932LB1_BC"",qop=""auth"", nonce=""ab08230abdfae0061bb2b657537e7eea""",http
80,tcp,"Basic realm=""GoAhead""",http
80,tcp,"Basic realm=""Logitech Media Server""",http
80,tcp,"Basic realm=""kubernetes-master""",http
80,tcp,"Digest realm=""RUIJIE-CPE""",http
80,tcp,"Basic realm=""SpeedTouch""",http
80,tcp,"Basic realm=""SpeedTouch (00-90-D0-F9-91-52)""",http
80,tcp,"Digest realm=""Thomson Gateway""",http
80,tcp,"Basic realm=""Thomson""",http
80,tcp,"Basic realm=""SmartAX MT882""",http
80,tcp,"Basic realm=""HuaweiHomeGateway""",http
80,tcp,"Basic realm=""EchoLife Portal de Inicio""",http
80,tcp,"Basic realm=""EchoLife Home Gateway""",http
80,tcp,"Basic realm=""WRT54G""",http
80,tcp,"Basic realm=""WRT54GL""",http
80,tcp,"Basic realm=""WRT54GSV4""",http
80,tcp,"Basic realm=""WRT54GCv3""",http
80,tcp,"Basic realm=""TD-W8901G""",http
80,tcp,"Basic realm=""TD-8840T 2.0""",http
80,tcp,"Basic realm=""TD-8811""",http
80,tcp,"Basic realm=""TD854W""",http
80,tcp,"Basic realm=""TD811""",http
80,tcp,"Basic realm=""TD821""",http
80,tcp,"Basic realm=""TD841""",http
80,tcp,"Basic realm=""TP-LINK Wireless N Access Point WA801N""",http
80,tcp,"Basic realm=""TP-LINK Wireless Range Extender WA830RE""",http
80,tcp,"Basic realm=""TP-LINK Wireless Range Extender WA850RE""",http
80,tcp,"Basic realm=""TP-LINK Wireless AP WA501G""",http
80,tcp,"Basic realm=""TP-LINK Wireless N Access Point WA701ND""",http
80,tcp,"Basic realm=""TP-LINK Wireless N Access Point WA901ND""",http
80,tcp,"Basic realm=""TP-LINK Wireless AP WA601G""",http
80,tcp,"Basic realm=""TP-LINK Wireless AP WR710N""",http
80,tcp,"Basic realm=""TP-LINK Wireless AP WR700N""",http
80,tcp,"Basic realm=""TP-LINK Wireless Range Extender WA750RE""",http
80,tcp,"Basic realm=""TP-LINK Wireless AP WR702N""",http
80,tcp,"Basic realm=""TP-LINK Wireless AP WR800N""",http
80,tcp,"Basic realm=""TP-LINK Wireless Range Extender WA730RE""",http
80,tcp,"Basic realm=""TP-LINK Wireless N Access Point WA805N""",http
80,tcp,"Basic realm=""TP-LINK Wireless N Access Point WA701N""",http
80,tcp,"Basic realm=""TP-LINK Wireless AP WR706N""",http
80,tcp,"Basic realm=""TP-LINK Wireless N Router WR841N""",http
80,tcp,"Basic realm=""TP-LINK Gigabit Broadband VPN Router R600VPN""",http
80,tcp,"Basic realm=""TP-LINK Wireless Lite N Router WR740N/WR741ND""",http
80,tcp,"Basic realm=""TP-LINK IP-Camera""",http
80,tcp,"Digest qop=""auth"", realm=""Broadcom Management Service"", nonce=""AAAAAAAAAAAAAP//DwHpMwYy1zc="", algorithm=""MD5""",http
80,tcp,"Basic realm=""SWAT""",http
80,tcp,"Basic realm=""SPIP Configuration"", Digest realm=""SPIP Configuration"", nonce=""116761147"", algorithm=""MD5""",http
80,tcp,"Basic realm=""HP ISEE @ blah""",http
80,tcp,"Basic realm=""BIG-IP""",http
80,tcp,"Basic realm=""Prowlarr""",http
80,tcp,"Basic realm=""HP J3295A""",http
80,tcp,"Basic realm=""HP J4110A""",http
80,tcp,"Basic realm=""ProCurve J8164A""",http
80,tcp,"Basic realm=""HP J8165A""",http
80,tcp,"Basic realm=""HP J9021A""",http
80,tcp,"Digest realm=""SERCOMM CPE Authentication""",http
80,tcp,"Digest realm=""TiVo DVR""",http
80,tcp,"Digest qop=""auth"", realm=""Ubee"", nonce=""1544738973""",http
80,tcp,"Basic realm=""XDB""",http
80,tcp,"Digest realm=""cpe@zte.com""",http
80,tcp,"Basic realm=""ZXHN H108L""",http
80,tcp,"Basic realm=""ZXV10 W300""",http
80,tcp,"Basic realm=""Siqura""",http
80,tcp,"Digest realm=""Orbit-351"", nonce=""0000040dY892418598785d2a2304a74adf22f6098f2792"", stale=FALSE",http
80,tcp,"Basic realm=""NETGEAR Orbi""",http
80,tcp,"Basic realm=""NETGEAR Orbi-micro""",http
80,tcp,"Basic realm=""NETGEAR Orbi-mini""",http
80,tcp,"Basic realm=""NETGEAR DG834  """,http
80,tcp,"Basic realm=""NETGEAR C7000v2""",http
80,tcp,"Basic realm=""NETGEAR R7000P""",http
80,tcp,"Basic realm=""Netgear""",http
80,tcp,NETGEAR Router WNR2000v4,http
80,tcp,NETGEAR Router R6100,http
80,tcp,"Digest realm=""iRMC@IRMCA0EC88"", qop=""auth"", nonce=""d569ace4-00029040"", opaque=""29040"", stale=""FALSE""",http
80,tcp,"Basic realm=""DELL | SonicWALL SonicPoint ACe/ACi/N2""",http
80,tcp,"Digest qop=""auth"", realm=""rokudev"", nonce=""1111111111""",http
80,tcp,"Basic realm=""System Setup""",http
80,tcp,"Digest realm=""Login to ND011811000000"", nonce=""ec3682ef24b2cd9cedefe5cc26110000""",http
80,tcp,"Basic realm=""the Access Point""",http
80,tcp,"Digest realm=""Use 'live' as User Name"",nonce=""18e62d241a5358a9650640fa72c1773c"",opaque="""",stale=FALSE,algorithm=MD5",http
80,tcp,"Digest realm=""Use 'live' as User Name in order to log in to the respective level"",nonce=""2e6007092c2b28af7e2516b80b5b4f95"",opaque="""",stale=FALSE,algorithm=MD5,qop=""auth""",http
80,tcp,"Basic realm=""Shelly""",http
80,tcp,"Basic realm=""Eurotherm""",http
80,tcp,"Basic realm=""TomatoUSB""",http
80,tcp,"Basic realm=""FreshTomato""",http
80,tcp,"Basic realm=""NetPing 2/PWR-220v2/SMS""",http
80,tcp,"Basic realm=""NetPing 2/PWR-220 v12/ETH""",http
80,tcp,"Basic realm=""NetPing 4/PWR-220v3/SMS""",http
80,tcp,"Basic realm=""OpenSearch Security""",http
80,tcp,"Basic realm=""Sentry Switched CDU""",http
80,tcp,"Basic realm=""Sentry Switched PDU""",http
80,tcp,"Basic realm=""Sentry Switched DC PDU""",http
80,tcp,NTLM,http
80,tcp,Ntlm,http
80,tcp,Negotiate,http
80,tcp,"Basic realm=""null""",http
80,tcp,"Basic realm="".""",http
80,tcp,"Basic realm=""""",http
80,tcp,"Basic realm=""/""",http
80,tcp,Basic realm='/',http
80,tcp,"Basic realm=""index.html""",http
80,tcp,"Basic realm=""192.168.0.1""",http
80,tcp,"Digest qop=""auth"", realm=""172.16.0.1"", nonce=""AAAAAAAAAAAAAP//DwHpM0IvM78="", algorithm=""MD5""",http
80,tcp,"Digest realm=""config"", nonce=""1155041914"", algorithm=""MD5"", qop=""auth""",http
80,tcp,"Basic realm=""DNR-322L""",http
3306,tcp,AT&T Laboratories Cambridge,x11
3306,tcp,CentOS,x11
3306,tcp,Colin Harrison,x11
3306,tcp,"DECWINDOWS DigitalEquipmentCorporation, eXcursion",x11
3306,tcp,DECWINDOWS Hewlett-Packard Development Company OpenVMS,x11
3306,tcp,Fedora Project,x11
3306,tcp,freedesktop.org,x11
3306,tcp,HC-Consult,x11
3306,tcp,Hummingbird Communications Ltd.,x11
3306,tcp,Hummingbird Ltd.,x11
3306,tcp,Labtam Inc,x11
3306,tcp,Moba/X,x11
3306,tcp,MobaXterm,x11
3306,tcp,"NetSarang Computer, Inc.",x11
3306,tcp,Open Text,x11
3306,tcp,"Red Hat, Inc.",x11
3306,tcp,Santa Cruz Operation Inc.,x11
3306,tcp,StarNet Communications Corp.,x11
3306,tcp,"Sun Microsystems, Inc.",x11
3306,tcp,The Cygwin/X Project,x11
3306,tcp,The X.Org Foundation,x11
3306,tcp,"The XFree86 Project, Inc",x11
3306,tcp,"WRQ, Inc.",x11
3306,tcp,SIP/2.0,sip
3306,tcp,TP-Link SIP Stack V1.0.0,sip
3306,tcp,DLink VoIP Stack,sip
3306,tcp,Home&Life HUB/1.1.26.00,sip
3306,tcp,Technicolor / VANT-6 / AGTOT_2.1.4 / AGTOT_2.1.4,sip
3306,tcp,Technicolor / VANT-6,sip
3306,tcp,Technicolor TG784n v3 Build 10.2.1.O,sip
3306,tcp,Technicolor TG789vn v3 Build 10.5.2.Z.EC,sip
3306,tcp,MediaAccess TG789vac v2 Build 10.5.8.Y.GX CP1916SAQHD,sip
3306,tcp,Technicolor TG799vn v2 Build 10.5.2.T.JF,sip
3306,tcp,MediaAccess TG788vn v2 Build 10.5.2.S.GD,sip
3306,tcp,MediaAccess TG799vac Build 17.2.0405-1021,sip
3306,tcp,MediaAccess TG389 Build 10.5.2.T.AQ,sip
3306,tcp,Thomson TG784 Build 8.4.2.Q,sip
3306,tcp,Thomson TG784n Build 8.4.H.F,sip
3306,tcp,Thomson TG797n v2 Build 8.C.D.9,sip
3306,tcp,AXIS A8105-E Network Video Door Station,sip
3306,tcp,AXIS C3003-E Network Horn Speaker,sip
3306,tcp,AXIS C8033 Network Audio Bridge,sip
3306,tcp,AXIS C1004-E Network Cabinet Speaker,sip
3306,tcp,Cisco-SIPGateway/IOS-12.x,sip
3306,tcp,Cisco-CP3905/9.4.1,sip
3306,tcp,Cisco-ATA187/9.2.3,sip
3306,tcp,FRITZ!OS,sip
3306,tcp,AVM FRITZ!Box Fon 06.03.13,sip
3306,tcp,AVM FRITZ!Box Fon 06.03.65 (Jun  7 2005),sip
3306,tcp,AVM FRITZ!Box Fon 5010 Annex A (ITA) 48.04.46 (Sep 14 2007),sip
3306,tcp,AVM FRITZ!Box Fon 5012 (UI) 25.03.90 (3.01.03 tested by accredited T-Com test lab) (Oct 28 2005),sip
3306,tcp,AVM FRITZ!Box Fon 5113 Annex A 83.04.69 (Dec  2 2008),sip
3306,tcp,AVM FRITZ!Box Fon 5124 56.04.77 (Feb 14 2014),sip
3306,tcp,AVM FRITZ!Box Fon 7170 Annex A.B ML Speedport W701V 58.04.67 (Dec 18 2008),sip
3306,tcp,AVM FRITZ!Box 3272 126.05.50 (Feb 27 2013),sip
3306,tcp,AVM FRITZ!Box 7170 Annex A 58.04.85 (Apr  4 2011),sip
3306,tcp,AVM FRITZ!Box 7312 117.05.23 TAL (Jun  1 2012),sip
3306,tcp,AVM FRITZ!Box WLAN 3270 v3 Edition Italia 125.05.52 (Feb  7 2014),sip
3306,tcp,AVM FRITZ!Box Speedport W701V Annex A 58.04.82 (May 12 2010),sip
3306,tcp,AVM FRITZ!Fon 7150 (fs) 38.04.56 (Mar 31 2008),sip
3306,tcp,AVM FRITZ!Fon WLAN 7150 Annex A 58.04.84 (Apr  4 2011),sip
3306,tcp,AVM Multibox 7390 NGN 84.05.09 (Jan 13 2012),sip
3306,tcp,Huawei,sip
3306,tcp,Huawei-HomeGateway/V100R001,sip
3306,tcp,HUAWEI-EchoLife HG8121H/V3R018C00S110,sip
3306,tcp,Huawei SoftX3000 V300R010,sip
3306,tcp,Mitel-5320-SIP-Phone 06.05.00.11 010203040506,sip
3306,tcp,Mitel Border GW/4.0.0.9,sip
3306,tcp,PolycomVVX-VVX_350-UA/5.8.0.13337,sip
3306,tcp,PolycomVVX-VVX_400-UA/4.1.4.7430_010203040506,sip
3306,tcp,Polycom/5.5.0.23866 PolycomVVX-VVX_501-UA/5.5.0.23866,sip
3306,tcp,PolycomSoundPointIP-SPIP_670-UA/4.0.7.2514,sip
3306,tcp,PolycomSoundStationIP-SSIP_7000-UA/4.0.8.1608,sip
3306,tcp,PolycomRealPresenceTrio-Trio_8800-UA/5.4.0.12197,sip
3306,tcp,PolycomRealPresenceTrio-Trio_Visual+-UA/5.7.2.3123,sip
3306,tcp,Polycom/5.4.3.2389 PolycomRealPresenceTrio-Trio_8800-UA/5.4.3.2389,sip
3306,tcp,Polycom/5.4.3.2389 PolycomRealPresenceTrio-Trio_8800-UA/5.4.3.2389_DEADBEEF0000,sip
3306,tcp,Polycom HDX 9006 (Release - 3.0.6-37004),sip
3306,tcp,PolycomHDX4000/3.1.0,sip
3306,tcp,Polycom HDX 7000 HD (Release - 3.0.2.1-17007),sip
3306,tcp,PolycomHDX8000HD/3.1.7,sip
3306,tcp,PolycomRealPresenceGroup700/6.2.0,sip
3306,tcp,Nero SIPPS IP Phone Version 2.0.51.16,sip
3306,tcp,ShoreGear/21.90.4128.0 (ShoreTel 15),sip
3306,tcp,ShoreGear/22.11.4900.0 (ShoreTel 15),sip
3306,tcp,ShoreGear/19.48.2600.0 (ShoreTel 14.2),sip
3306,tcp,MERCURY-00107F1ABAA0,sip
3306,tcp,IPDECT/03.55.0013 (MAC=00087B0F1D30; SER= 00000; HW=1),sip
3306,tcp,Sangoma S305 V3.0.4.72,sip
3306,tcp,Grandstream HT818 1.0.8.7,sip
3306,tcp,Grandstream HT814 1.0.9.3,sip
3306,tcp,Grandstream HT813 1.0.1.2,sip
3306,tcp,Grandstream HT812 1.0.3.5,sip
3306,tcp,Grandstream HT802 1.0.3.2,sip
3306,tcp,Grandstream HT801 1.0.3.2,sip
3306,tcp,Grandstream HT701 1.0.8.2,sip
3306,tcp,Grandstream GXP2200 1.0.3.27,sip
3306,tcp,Grandstream GXP1628 1.0.7.6,sip
3306,tcp,Grandstream GXP1625 1.0.4.128,sip
3306,tcp,Grandstream GXP1615 1.0.4.128,sip
3306,tcp,Grandstream GXP1610 1.0.4.138,sip
3306,tcp,Grandstream GXP2135 1.0.9.108,sip
3306,tcp,FortiVoice/7.31b00,sip
3306,tcp,FortiVoice/5.2.95-5,sip
3306,tcp,FreeSWITCH,sip
3306,tcp,FreeSWITCH-mod_sofia/1.10.4-release+git~20200805T110119Z~133fc2c870~64bit,sip
3306,tcp,FreeSWITCH-mod_sofia/1.6.20~64bit,sip
3306,tcp,Valcom VIP-204 sw1.50.28,sip
3306,tcp,DX800A/41.175.00.000.000,sip
3306,tcp,TAU-8.IP/2.6.3 SN/VI12345678,sip
3306,tcp,TAU-4M.IP/2.0.0.229 SN/VI4D012345,sip
3306,tcp,TAU-2M.IP/2.3.1.11 SN/VI12345678,sip
3306,tcp,TAU-1M.IP/2.0.0.229 SN/VI3A012345,sip
3306,tcp,TAU-8.IP/2.3.0 SN/VI12345678 sofia-sip/1.12.10,sip
3306,tcp,TAU-8.IP/1.9.1 SN/VI12345678 SHA/7404bd4 sofia-sip/1.12.10,sip
3306,tcp,TAU-2M.IP/1.13.3.5 SN/VI12345678 sofia-sip/1.12.10,sip
3306,tcp,TAU-1M.IP/1.9.3 SN/VI3A012345 sofia-sip/1.12.10,sip
3306,tcp,TAU-72 build 2.18.0.35 sofia-sip/1.12.10,sip
3306,tcp,TAU-1 v1.2 with sofia-sip/1.12.10,sip
3306,tcp,Eltex smg_pa_sip smg_pa_sip-3.9.1.50,sip
3306,tcp,smg_pa_sip smg_pa_sip-3.10.1.22,sip
3306,tcp,smg_pa_sip 3.18.0.67,sip
3306,tcp,RG-5421G-Wac/2.4.2.87 SN/VI12E45678 sofia-sip/1.12.10,sip
3306,tcp,RG-1404GF/1.11.0 SN/VI12E45678 sofia-sip/1.12.10,sip
3306,tcp,RG-1404GF/1.8.0 SN/VI12E45678 SHA/0270864 sofia-sip/1.12.1,sip
3306,tcp,Apache/2.0.52 (iSeries),apache
3306,tcp,Apache-AdvancedExtranetServer/2.0.47 (Mandrake Linux/6.3.92mdk) mod_ssl/2.0.47 OpenSSL/0.9.7b PHP/4.3.2,apache
3306,tcp,Apache-AdvancedExtranetServer/2.0.48 (Mandrake Linux/6.11.100mdk),apache
3306,tcp,Apache-AdvancedExtranetServer/2.0.44 (Mandrake Linux/11mdk) mod_perl/1.99_08 Perl/v5.8.0 mod_ssl/2.0.44 OpenSSL/0.9.7a PHP/4.3.1 mod_jk2/2.0.0,apache
3306,tcp,Apache-AdvancedExtranetServer/2.0.53 (Mandrakelinux/PREFORK-9mdk) mod_ssl/2.0.53 OpenSSL/0.9.7e PHP/4.3.10 mod_perl/1.999.21 Perl/v5.8.6,apache
3306,tcp,Apache/1.2.42 (PalmOS),apache
3306,tcp,Apache/2.2.25 (Win32),apache
3306,tcp,Apache/1.3.33 (Darwin),apache
3306,tcp,Apache (Ubuntu),apache
3306,tcp,Apache/1.3.3 Cobalt (Unix) (Red Hat/Linux),apache
3306,tcp,Apache/2.0.52 (BlueQuartz),apache
3306,tcp,Apache/2.2.11 (Fedora),apache
3306,tcp,Apache/2.2.15 (Fedora),apache
3306,tcp,Apache/2.2.16 (Fedora),apache
3306,tcp,Apache/2.2.23 (Fedora),apache
3306,tcp,Apache/2.4.3 (Fedora) PHP/5.4.12,apache
3306,tcp,Apache (Fedora),apache
3306,tcp,Apache/2.0.53 (RHEL),apache
3306,tcp,Apache (Red Hat Linux),apache
3306,tcp,Apache/1.3.27 (Unix) (Red-Hat/Linux) mod_ssl/2.8.12 OpenSSL/0.9.6b PHP/4.3.11,apache
3306,tcp,Apache/2.4.6 (Red Hat Enterprise Linux) OpenSSL/1.0.2k-fips,apache
3306,tcp,Debian GNU/Linux,apache
3306,tcp,Apache/1.3.26 (Unix) Debian GNU/Linux,apache
3306,tcp,Apache (SuSE/Linux),apache
3306,tcp,Apache/2.2.12 (Linux/SUSE),apache
3306,tcp,Apache/2.0.64 (NETWARE),apache
3306,tcp,Apache/2.0.58 HP-UX_Apache-based_Web_Server,apache
3306,tcp,Apache/2.2.15 (CentOS),apache
3306,tcp,Apache/2.2.6 (Turbolinux),apache
3306,tcp,Apache/2.4.51 (FreeBSD) OpenSSL/1.1.1h-freebsd,apache
3306,tcp,Apache/2.2.15 (Asianux),apache
3306,tcp,Apache/2.2.6 (Gentoo) DAV/2 mod_python/3.3.1,apache
3306,tcp,Apache/1.3.33 (Unix) (Conectiva/Linux),apache
3306,tcp,Apache/2.0.55 (Trustix Secure Linux/Linux),apache
3306,tcp,Apache/2.0.46 (White Box),apache
3306,tcp,Apache/1.3.26 (UnitedLinux) mod_ssl/2.8.10,apache
3306,tcp,Apache/1.3.42 (PLD/Linux),apache
3306,tcp,Apache/1.3.27 (Unix) (Vine/Linux),apache
3306,tcp,Apache/2.2.9 (rPath),apache
3306,tcp,Apache/2.2.3 (StartCom),apache
3306,tcp,Apache/2.2.3 (StartCom) (Release 31.SEL5_4),apache
3306,tcp,Apache/2.2.0 (StartCom Linux),apache
3306,tcp,Apache/Linux,apache
80,tcp,Transmission,http
80,tcp,Mastodon,http
80,tcp,Logitech Media Server (7.9.3 - 1586752599),http
80,tcp,libwww-perl-daemon/1.36,http
80,tcp,BASHttpd/4.3.24-release,http
80,tcp,monit 5.6,http
80,tcp,envoy,http
80,tcp,istio-envoy,http
80,tcp,Etherpad 44370f1 (http://etherpad.org),http
80,tcp,Artifactory/4.16.0,http
80,tcp,Cowboy,http
80,tcp,AirTunes/220.68,http
80,tcp,cpsrvd/11.44.3.0,http
80,tcp,cpsrvd,http
80,tcp,sw-cp-server,http
80,tcp,cwpsrv,http
80,tcp,Stronghold/3.0 Apache/1.3.19 RedHat/3014c,http
80,tcp,Stronghold/4.0 Apache/1.3.22 (Unix) mod_ssl/2.8.7 OpenSSL/0.9.6c mod_perl/1.26,http
80,tcp,Apache/1,http
80,tcp,Apache/2,http
80,tcp,Apache 1.3.29,http
80,tcp,Apache,http
80,tcp,apache,http
80,tcp,Apache-AdvancedExtranetServer/2.0.44 (Mandrake Linux/11mdk) mod_perl/1.99_08 Perl/v5.8.0 mod_ssl/2.0.44 OpenSSL/0.9.7a PHP/4.3.1 mod_jk2/2.0.0,http
80,tcp,Apache-AdvancedExtranetServer/2.0.47 (Mandrake Linux/6.12.92mdk) mod_perl/1.99_09 Perl/v5.8.1 mod_ssl/2.0.47 OpenSSL/0.9.7b PHP/4.3.2,http
80,tcp,Apache-AdvancedExtranetServer/2.0.47 (Mandrake Linux/6.3.92mdk) mod_ssl/2.0.47 OpenSSL/0.9.7b PHP/4.3.2,http
80,tcp,Apache-AdvancedExtranetServer/2.0.48 (Mandrake Linux/6.8.100mdk) mod_perl/1.99_11 Perl/v5.8.3 mod_ssl/2.0.48 OpenSSL/0.9.7c PHP/4.3.4,http
80,tcp,Apache-AdvancedExtranetServer/2.0.48 (Mandrake Linux/6mdk) PHP/4.3.4,http
80,tcp,Apache-AdvancedExtranetServer/2.0.53 (Mandrakelinux/PREFORK-9mdk) mod_ssl/2.0.53 OpenSSL/0.9.7e PHP/4.3.10 mod_perl/1.999.21 Perl/v5.8.6,http
80,tcp,Apache/0.6.5,http
80,tcp,Apache/1.1.3,http
80,tcp,Apache/1.2.42 (PalmOS),http
80,tcp,Apache/1.3.28 (SolutionIP) mod_perl/1.28 mod_ssl/2.8.15 OpenSSL/0.9.7b,http
80,tcp,Apache/1.3.28 (Unix),http
80,tcp,Apache/1.3.28 (Unix) mod_auth_pam/1.1.1,http
80,tcp,Apache/2.2.3 (Red Hat),http
80,tcp,Apache/2.2.4 (Win32) PHP/5.2.2,http
80,tcp,Apache/2.2.4 (Win32) PHP/5.2.3,http
80,tcp,APACHE/1.3.9,http
80,tcp,CouchDB/2.1.1 (Erlang OTP/20),http
80,tcp,support@arraynetworks.net,http
80,tcp,Check Point SVN foundation,http
80,tcp,CPWS,http
80,tcp,Microsoft-IIS/4.0,http
80,tcp,Microsoft-IIS/5.0,http
80,tcp,Microsoft-IIS/5.1,http
80,tcp,Microsoft-IIS/6.0,http
80,tcp,Microsoft-IIS/7.0,http
80,tcp,Microsoft-IIS/7.5,http
80,tcp,Microsoft-IIS/8.0,http
80,tcp,Microsoft-IIS/8.5,http
80,tcp,Microsoft-IIS/10.0,http
80,tcp,Microsoft-IIS/9.0,http
80,tcp,Microsoft-IIS,http
80,tcp,"MS .NET Remoting, MS .NET CLR 2.0.50727.42",http
80,tcp,Microsoft-WinCE/4.10,http
80,tcp,Microsoft-WinCE/4.20,http
80,tcp,Microsoft-WinCE/5.0,http
80,tcp,Microsoft-PWS/4.0,http
80,tcp,Microsoft-PWS-95/4.0,http
80,tcp,mt-daapd/0.2.4.1,http
80,tcp,mt-daapd/svn-999,http
80,tcp,Apache-Coyote/1.1,http
80,tcp,Apache Coyote/1.0,http
80,tcp,Apache Tomcat,http
80,tcp,Servlet 2.4; JBoss-4.0.4.GA (build: CVSTag=JBoss_4_0_4_GA date=200605151000)/Tomcat-5.5,http
80,tcp,Servlet 2.4; Tomcat-5.0.28/JBoss-4.0.1sp1 (build: CVSTag=JBoss_4_0_1_SP1 date=200502160314),http
80,tcp,Servlet 2.4; JBoss-4.2.3.GA (build: SVNTag=JBoss_4_2_3_GA date=200807181439)/JBossWeb-2.0,http
80,tcp,Servlet 2.5; JBoss-5.0/JBossWeb-2.1,http
80,tcp,Servlet/3.0; JBossAS-6,http
80,tcp,JBoss-EAP/7,http
80,tcp,Apache Tomcat/4.0.6 (HTTP/1.1 Connector),http
80,tcp,Apache Tomcat/4.1.12 (HTTP/1.1 Connector),http
80,tcp,Apache Tomcat/4.1.27-LE-jdk14 (HTTP/1.1 Connector),http
80,tcp,Tomcat Web Server/3.2.2 (JSP 1.1; Servlet 2.2; Java 1.3.1; Windows 2000 5.0 x86; java.vendor=Sun Microsystems Inc.),http
80,tcp,Tomcat Web Server/3.2.2 (JSP 1.1; Servlet 2.2; Java 1.4.2_13; Windows 2003 5.2 x86; java.vendor=Sun Microsystems Inc.),http
80,tcp,Tomcat Web Server/3.1M1 (JSP 1.1; Servlet 2.2; Java 1.3.1; AIX 5.3 ppc; java.vendor=IBM Corporation),http
80,tcp,Tomcat Web Server/3.3.1 Final ( JSP 1.1; Servlet 2.2 ),http
80,tcp,Tomcat/2.1,http
80,tcp,Apache Tomcat/9.0.5,http
80,tcp,PDR-M800/1.0,http
80,tcp,PHP/4.4.2-1build1,http
80,tcp,PHP/5.1.2,http
80,tcp,PHP/5.3.14 ZendServer/5.0,http
80,tcp,Oracle Application Server Containers for J2EE 10g (9.0.4.0.0),http
80,tcp,Oracle Containers for J2EE,http
80,tcp,"Oracle Application Server/10g (10.1.2) Apache/1.3.34 (Unix) mod_perl/1.29 mod_jk/1.2.14 OracleAS-Web-Cache-10g/10.1.2.0.2 (N;ecid=119642322340,0)",http
80,tcp,Oracle-Application-Server-10g,http
80,tcp,Oracle-Application-Server-11g,http
80,tcp,Oracle-Application-Server-12c,http
80,tcp,Oracle-Application-Server-11g/10.2.3.6.0,http
80,tcp,Oracle-Application-Server-10g/10.1.2.0.2 Oracle-HTTP-Server,http
80,tcp,"Oracle-Application-Server-10g/10.1.2.2.0 Oracle-HTTP-Server (Unix) mod_plsql/10.1.2.2.0 mod_ossl/10.1.2.0.0 mod_perl/1.29 OracleAS-Web-Cache-10g/10.1.2.0.2 (N;ecid=89116016562,0)",http
80,tcp,"Oracle-Application-Server-10g/10.1.2.2.0 Oracle-HTTP-Server OracleAS-Web-Cache-10g/10.1.2.2.0 (N;ecid=153541209221,0)",http
80,tcp,Oracle-Application-Server-10g/9.0.4.1.0 Oracle-HTTP-Server,http
80,tcp,Oracle-Application-Server-11g Oracle-Web-Cache-11g/11.1.1.3.0,http
80,tcp,Oracle-Application-Server-10g OracleAS-Web-Cache-10g/9.0.4.0.0 (G;max-age=405077281+0;age=0),http
80,tcp,"Oracle-Application-Server-11g   (N;ecid=7862868532763,0:1)",http
80,tcp,"Oracle-Application-Server-11g Oracle-Web-Cache-11g/11.1.1.6.0 (G;max-age=0+0;age=0;ecid=9345078839670331,0:1)",http
80,tcp,Oracle9iAS/9.0.2.3.0 Oracle HTTP Server Oracle9iAS-Web-Cache/9.0.2.3.0 (N),http
80,tcp,Oracle9iAS/9.0.3.1 Oracle HTTP Server Oracle9iAS-Web-Cache/9.0.3.1.0 (N),http
80,tcp,Oracle HTTP Server Powered by Apache/1.3.12 (Unix) ApacheJServ/1.1 mod_ssl/2.6.4 OpenSSL/0.9.5a,http
80,tcp,Oracle HTTP Server Powered by Apache/1.3.19 (Unix) mod_plsql/3.0.9.8.3b PHP/4.3.10 mod_fastcgi/2.2.10 mod_perl/1.25 mod_oprocmgr/1.0,http
80,tcp,Oracle HTTP Server Powered by Apache/1.3.19 (Win32) mod_ssl/2.8.1 OpenSSL/0.9.5a mod_fastcgi/2.2.10 mod_oprocmgr/1.0 mod_perl/1.25,http
80,tcp,Oracle HTTP Server Powered by Apache,http
80,tcp,Oracle-HTTP-Server,http
80,tcp,Oracle-HTTP-Server-11g,http
80,tcp,Oracle-HTTP-Server-12c,http
80,tcp,Oracle-HTTP-Server-12c/12.1.3.0.0,http
80,tcp,Oracle-HTTP-Server-12.2.1.4.0/2.4.39,http
80,tcp,"Oracle-HTTP-Server-11g Oracle-Web-Cache-11g/11.1.1.9.0 (H;max-age=214748356+0;age=61086;ecid=32073608106620,0:1)",http
80,tcp,Oracle-Web-Cache-11g/11.1.1.6.0,http
80,tcp,"Oracle-Web-Cache-11g/11.1.1.6.0 (N;ecid=8590109479546459,0:1)",http
80,tcp,"Oracle-Web-Cache-11g/11.1.1.6.0 (G;max-age=0+0;age=0;ecid=86359748033185402,0:1:1)",http
80,tcp,"Oracle-Web-Cache-11g/11.1.1.9.0 (TH;max-age=60+30;age=55;ecid=23248098121,0)",http
80,tcp,OracleAS-Web-Cache-10g/10.1.2.3.0,http
80,tcp,Oracle-iPlanet-Web-Server/7.0,http
80,tcp,Oracle-ILOM-Web-Server/1.0,http
80,tcp,HP Apache-based Web Server/1.3.26 (Unix) mod_ssl/2.8.9 OpenSSL/0.9.6c,http
80,tcp,HP Apache-based Web Server/1.3.26 (Unix),http
80,tcp,CompaqHTTPServer/9.9 HP System Management Homepage/2.1.5.146,http
80,tcp,CompaqHTTPServer/9.9 HP System Management Homepage/3.0.1.73 httpd/2.2.6+,http
80,tcp,CompaqHTTPServer/9.9 HP System Management Homepage/6.0.0.96 httpd/2.2.6+,http
80,tcp,CompaqHTTPServer/9.9 HP System Management Homepage,http
80,tcp,CompaqHTTPServer/4.1,http
80,tcp,HPSMH,http
80,tcp,EHTTP/1.1,http
80,tcp,eHTTP v2.0,http
80,tcp,com.hp.openview.Coda 0.0.1,http
80,tcp,BBC 05.20.050; coda 10.00.123,http
80,tcp,BBC 2.6.0.7; com.hp.openview.Coda 0.0.1,http
80,tcp,BBC 11.00.044; ovbbcrcp 11.00.044,http
80,tcp,com.hp.openview.bbc.LLBServer 2.6.8.1,http
80,tcp,BBC 2.6.0.7; com.hp.openview.bbc.LLBServer 2.6.0.7,http
80,tcp,BBC 06.00.083; ovbbccb 06.00.083,http
80,tcp,BBC 11.10.035; ovbbccb 11.10.035,http
80,tcp,BBC 11.13.007; ovbbccb unknown version,http
80,tcp,uc-httpd 1.0.0,http
80,tcp,uc-httpd/1.0.0,http
80,tcp,micro_httpd,http
80,tcp,mini_httpd,http
80,tcp,LiteSpeed,http
80,tcp,LiteSpeed/5.2.8 Enterprise,http
80,tcp,IdeaWebServer/0.83.74,http
80,tcp,IdeaWebServer/v0.70,http
80,tcp,openresty,http
80,tcp,openresty/1.13.6.2,http
80,tcp,gunicorn/19.7.1,http
80,tcp,gunicorn,http
80,tcp,Serv-U/15.1.6.31,http
80,tcp,Wing FTP Server/3.6.0(customer name here),http
80,tcp,Wing FTP Server(customer name here),http
80,tcp,Linux UPnP/1.0 Sonos/47.2-59120 (BR100),http
80,tcp,Linux UPnP/1.0 Sonos/31.3-22220 (ANVIL),http
80,tcp,Linux UPnP/1.0 Sonos/39.2-47040c (ZPS1),http
80,tcp,Linux UPnP/1.0 Sonos/47.2-59120 (ZPS3),http
80,tcp,Linux UPnP/1.0 Sonos/34.16-37101 (ZP120),http
80,tcp,Linux UPnP/1.0 Sonos/36.4-41270 (WD100),http
80,tcp,Varnish,http
80,tcp,Varnish-Cache,http
80,tcp,Tengine,http
80,tcp,Tengine/2.0.0,http
80,tcp,Mikrotik HttpProxy,http
80,tcp,Helix Server Version 9.0.4.960 (win32) (RealServer compatible),http
80,tcp,Helix Server Version 9.0.4.960 (linux-2.2-libc6-i586-server) (RealServer compatible),http
80,tcp,ReeCam IP Camera,http
80,tcp,Netwave IP Camera,http
80,tcp,Cougar/9.01.01.3841,http
80,tcp,WMServer/9.1.1.3841,http
80,tcp,Microsoft-HTTPAPI/2.0,http
80,tcp,camera,http
80,tcp,IPCamera Login,http
80,tcp,Mini Dome IP Camera,http
80,tcp,ASP.NET,http
80,tcp,Xitami,http
80,tcp,VCS-VIDOS-NVR,http
80,tcp,FUHO-DVR,http
80,tcp,HeiTel GmbH Web Server [V1.15/V1.14/V1.3],http
80,tcp,HeiTel GmbH Web Server [V1.26/V1.15/V1.7],http
80,tcp,MiniServ/0.01,http
80,tcp,IBM HTTP Server/V5R3M0,http
80,tcp,IBM_HTTP_SERVER/1.3.19.2  Apache/1.3.20 (Win32),http
80,tcp,IBM_HTTP_SERVER/1.3.28.1-PK16139  Apache/1.3.28 (Unix),http
80,tcp,IBM_HTTP_Server/1.3.12 Apache/1.3.12 (Unix),http
80,tcp,IBM_HTTP_Server/2.0.42.2-PK25355 Apache/2.0.47 (Unix) DAV/2,http
80,tcp,IBM_HTTP_Server/2.0.47.1-PK01070 Apache/2.0.47 (Win32) PHP/5.0.4,http
80,tcp,IBM_HTTP_Server/2.0.47.1 Apache/2.0.47 (Unix) DAV/2 PHP/4.3.8,http
80,tcp,IBM_HTTP_Server/6.0 Apache/2.0.47 (Unix) DAV/2,http
80,tcp,IBM_HTTP_Server/6.0.2 Apache/2.0.47 (Unix),http
80,tcp,IBM_HTTP_Server/6.0.2.19 Apache/2.0.47 (Unix),http
80,tcp,IBM_HTTP_Server/6.1 Apache/2.0.47 (Win32) PHP/5.1.1,http
80,tcp,IBM-HTTP-Server/1.0,http
80,tcp,IBM_HTTP_Server/7.0.0.9 (Unix),http
80,tcp,IBM_HTTP_SERVER,http
80,tcp,IBM_HTTP_Server,http
80,tcp,Sun Java System Application Server 9.1_02,http
80,tcp,Sun-Java-System/Application-Server,http
80,tcp,Sun Java System Application Server Platform Edition 9.0,http
80,tcp,Sun Java System Application Server Platform Edition 9.0_01,http
80,tcp,Sun GlassFish Enterprise Server v2.1,http
80,tcp,GlassFish Server Open Source Edition  4.1.2,http
80,tcp,GlassFish Server Open Source Edition 3.1.2.2,http
80,tcp,Oracle GlassFish Server 3.1.2.14,http
80,tcp,GlassFish,http
80,tcp,Netscape-Enterprise/3.5.1,http
80,tcp,Netscape-Enterprise/3.6 SP3,http
80,tcp,Netscape-Enterprise/6.0,http
80,tcp,Sun-Java-System-Web-Server/7.0,http
80,tcp,Sun-ONE-Web-Server/6.1,http
80,tcp,iPlanet-Web-Proxy-Server/3.6,http
80,tcp,iPlanet-Web-Proxy-Server/3.6-SP5,http
80,tcp,Sun-ONE-Web-Proxy-Server/3.6-SP4,http
80,tcp,Sun-Java-System-Web-Proxy-Server/4.0.2,http
80,tcp,Sun-Java-System-Web-Proxy-Server/4.0,http
80,tcp,Sun-ILOM-Web-Server/1.0,http
80,tcp,HP-iLO-Server/1.30,http
80,tcp,Jetty/4.0.1 (SunOS 5.8 sparc),http
80,tcp,Jetty/4.2.23 (SunOS/5.9 sparc java/1.4.2_04),http
80,tcp,Jetty/4.2.x (VxWorks/WIND version 2.9 ppc java/1.1-rr-std-b12),http
80,tcp,Jetty/5.1.4 (Windows Server 2008 R2/6.1 x86 java/1.5.0_22,http
80,tcp,Jetty/5.1.10 (Linux/2.6.12 i386 java/1.5.0_05),http
80,tcp,Jetty(1.4.5),http
80,tcp,Jetty(6.1.12.rc2),http
80,tcp,Jetty(7.6.9.v20130131),http
80,tcp,Jetty(8.1.10.v20130312),http
80,tcp,Jetty(9.4.z-SNAPSHOT),http
80,tcp,Squid/2.3.STABLE1,http
80,tcp,squid/4.4,http
80,tcp,squid/3.2.9-BZR,http
80,tcp,Squid,http
80,tcp,squid,http
80,tcp,thttpd/2.19-MX Jan 24 2006,http
80,tcp,thttpd,http
80,tcp,thttpd/2.04 10aug98,http
80,tcp,thttpd/2.20b,http
80,tcp,thttpd/2.21b PHP/20030920,http
80,tcp,thttpd/2.23beta1 26may2002,http
80,tcp,lighttpd,http
80,tcp,Lighttpd,http
80,tcp,lighttpd/1.4.16,http
80,tcp,lighttpd/1.3.7 (Mar 23 2007/16:00:15),http
80,tcp,nginx,http
80,tcp,nginx/0.8.53 + Phusion Passenger 3.0.0 (mod_rails/mod_rack),http
80,tcp,nginx/0.8.53,http
80,tcp,nginx + Phusion Passenger 5.1.11,http
80,tcp,nginx + Phusion Passenger,http
80,tcp,TeamSpeak Server 3.13.6,http
80,tcp,TeamSpeak Server 3.13.3,http
80,tcp,WebSocket++/0.8.1,http
80,tcp,WebSocket++/0.8.2,http
80,tcp,WebSocket++/0.4.0,http
80,tcp,WebSocket++/0.8.0-dev,http
80,tcp,WebSocket++/2011-09-25,http
80,tcp,Lotus,http
80,tcp,Lotus-Domino,http
80,tcp,Lotus-Domino/0,http
80,tcp,Lotus-Domino/Release,http
80,tcp,Lotus-Domino/5.0.8,http
80,tcp,Lotus-Domino/Release-4.6.7(Intl),http
80,tcp,WebLogic Server 8.1 SP3 Tue Jun 29 23:11:19 PDT 2004 404973,http
80,tcp,WebLogic Server 7.0 SP4 Tue Aug 12 11:22:26 PDT 2003,http
80,tcp,WebLogic WebLogic Server 6.1 SP4  11/08/2002 21:50:43 #221641,http
80,tcp,WebSphere Application Server/5.0,http
80,tcp,WebSphere Application Server/6.1,http
80,tcp,Resin/2.1.13,http
80,tcp,Resin/3.0.23,http
80,tcp,Resin/2.1.s030827,http
80,tcp,Ipswitch-IMail/5.08,http
80,tcp,Ipswitch-IMail/7.07,http
80,tcp,Ipswitch-IMail/8.05,http
80,tcp,Abyss/2.0.0.20-X1-Win32 AbyssLib/2.0.0.20,http
80,tcp,Abyss/2.3.2-X1-Win32 AbyssLib/2.3.2,http
80,tcp,Abyss/2.14-X1-Linux AbyssLib/2.14,http
80,tcp,Abyss/2.12.1-X1-MacOS X AbyssLib/2.12,http
80,tcp,Abyss/2.14-X1-macOS AbyssLib/2.14,http
80,tcp,Abyss/2.14.2-X2-Win32 AbyssLib/2.14,http
80,tcp,Abyss/2.14.2-X2-Linux AbyssLib/2.14,http
80,tcp,Abyss/2.14.2-X2-macOS AbyssLib/2.14,http
80,tcp,NetWare-Enterprise-Web-Server/5.1,http
80,tcp,SAP J2EE Engine/7.01,http
80,tcp,SAP J2EE Engine,http
80,tcp,SAP NetWeaver Application Server,http
80,tcp,SAP NetWeaver Application Server 7.22 / AS Java 7.30,http
80,tcp,SAP NetWeaver Application Server 7.21 / ICM 7.21,http
80,tcp,SAP NetWeaver Application Server (ICM),http
80,tcp,SAP NetWeaver Application Server / ABAP 731,http
80,tcp,SAP Internet Graphics Server,http
80,tcp,"SAP Message Server, release 753 (LNK)",http
80,tcp,SQLAnywhere/16.0.0.2207,http
80,tcp,OpenVPN-AS,http
80,tcp,SonicWALL SSLVPN Web Server,http
80,tcp,SonicWALL SSL-VPN Web Server,http
80,tcp,SonicWALL,http
80,tcp,NetCache appliance (NetApp/5.3.1R3),http
80,tcp,NetCache appliance (NetApp/5.4R2D2),http
80,tcp,NetCache appliance (NetApp/5.6.1D22),http
80,tcp,NetCache appliance (NetApp/6.0.2P1),http
80,tcp,NetCache appliance (NetApp/6.0.4),http
80,tcp,NetCache appliance (NetApp/6.1RC2),http
80,tcp,NetApp/7.3.4P1,http
80,tcp,NetApp/7.2.1.1,http
80,tcp,NetApp//8.1RC2,http
80,tcp,BlueCoat-Security-Appliance,http
80,tcp,TargetWeb/2011.0 (TargetOS),http
80,tcp,HP-ChaiServer/2.2,http
80,tcp,HP-ChaiSOE/1.0,http
80,tcp,"HP HTTP Server; HP Photosmart C309a series - CC335A; Serial Number: abc123; Vader Built:Wed Apr 15, 2009 11:40:58AM {abc123, ASIC id 0x00280004}",http
80,tcp,"HP HTTP Server; HP Officejet 6500 E709n - CB057A; Serial Number: abc123; Rainbow Built:Sat Dec 13, 2008 10:58:21AM {abc123, ASIC id 0x00ffc2105}",http
80,tcp,"HP HTTP Server; Hewlett-Packard HP Designjet T520 36in - ABC123; Serial Number: 0123456789; Built:Tue Sep 09, 2014 08:32:54AM {012345678901}",http
80,tcp,Allegro-Software-RomPager/4.01,http
80,tcp,RomPager/4.07 UPnP/1.0,http
80,tcp,Allegro-Software-RomPager/4.30b3,http
80,tcp,Allegro-Software-RomPager/ 2.10,http
80,tcp,Allegro-Software-RomPager-Digi/4.01.1,http
80,tcp,cisco-IOS,http
80,tcp,cisco-IOS/12.1 HTTP-server/1.0(1),http
80,tcp,Cisco AWARE 2.0,http
80,tcp,CE_E,http
80,tcp,CE_C,http
80,tcp,CradlepointHTTPService/1.0.0,http
80,tcp,EWS-NIC3/6.31,http
80,tcp,EWS-NIC4/13.40,http
80,tcp,EWS-NIC4/13.39,http
80,tcp,"Simple, Secure Web Server 1.1",http
80,tcp,"Raptor Simple, Secure Web Server 1.0",http
80,tcp,IPG8000,http
80,tcp,NS_6.1,http
80,tcp,Citrix-3.2.5.9 'Marshal West',http
80,tcp,Rumpus,http
80,tcp,servermgrd,http
80,tcp,ListManagerWeb/8.8a (based on Tcl-Webserver/3.4.2),http
80,tcp,kHTTPd 0.1.6,http
80,tcp,VNC Server Enterprise Edition/E4.5.1 (r27892),http
80,tcp,VNC Server Personal Edition/P4.5.3 (r39012),http
80,tcp,RealVNC/E4,http
80,tcp,RealVNC/4.0,http
80,tcp,TigerVNC/4.0,http
80,tcp,SecureTransport 5.3.6 (build: 412),http
80,tcp,Agranat-EmWeb/R4_01,http
80,tcp,Agranat-EmWeb/R5_1_2,http
80,tcp,Agranat-EmWeb/R5_2_4,http
80,tcp,Agranat-EmWeb/R5_2_6,http
80,tcp,Conexant-EmWeb/R6_1_0,http
80,tcp,ISOS/9.0 UPnP/1.0 Conexant-EmWeb/R6_1_0,http
80,tcp,Nucleus/4.3 UPnP/1.0 Virata-EmWeb/R6_2_0,http
80,tcp,Unknown/0.0 UPnP/1.0 Conexant-EmWeb/R6_1_0,http
80,tcp,Unknown/0.0 UPnP/1.0 GlobespanVirata-EmWeb/R6_1_0,http
80,tcp,Unknown/0.0 UPnP/1.0 Virata-EmWeb/R6_1_0,http
80,tcp,Virata-EmWeb/R5_3_0,http
80,tcp,Virata-EmWeb/R5_3_2,http
80,tcp,Virata-EmWeb/R6_0_1,http
80,tcp,Virata-EmWeb/R6_1_0,http
80,tcp,Virata-EmWeb/R6_2_0,http
80,tcp,Virata-EmWeb/R6_2_1,http
80,tcp,NSC/0.6.4 (JVM),http
80,tcp,Security Console,http
80,tcp,Polycom SoundPoint IP Telephone HTTPd,http
80,tcp,SentinelProtectionServer/7.1,http
80,tcp,SentinelProtectionServer/7.3,http
80,tcp,SentinelProtectionServer/7.0,http
80,tcp,SentinelProtectionServer/7,http
80,tcp,SentinelKeysServer/1.3.1,http
80,tcp,SentinelKeysServer/1.0,http
80,tcp,SentinelKeysServer/1,http
80,tcp,CherryPy/3.1.2,http
80,tcp,CherryPy/3,http
80,tcp,TornadoServer/4.0.2,http
80,tcp,SimpleHTTP/0.6 Python/2.7.6,http
80,tcp,SimpleHTTP/0.6 Python/3.4.0,http
80,tcp,BaseHTTP/0.3 Python/2.7.18,http
80,tcp,BaseHTTP/0.6 Python/3.10.6,http
80,tcp,Python/3.8 aiohttp/3.7.4.post0,http
80,tcp,Python/3.4 aiohttp/1.0.5,http
80,tcp,uvicorn,http
80,tcp,WSGIServer/0.1 Python/2.7.18,http
80,tcp,WSGIServer/0.2 CPython/3.10.5,http
80,tcp,Medusa/3.41,http
80,tcp,Medusa/2118,http
80,tcp,Grandstream GXP2020 1.2.5.3,http
80,tcp,HP Web Jetadmin/2.0.50 (Win32) mod_auth_sspi/1.0.1 mod_ssl/2.0.50 OpenSSL/0.9.6m,http
80,tcp,HP Web Jetadmin/2 (Win32) mod_auth_sspi/1.0.1 mod_ssl/2.0.50 OpenSSL/0.9.6m,http
80,tcp,HP Web Jetadmin 10.3.85669,http
80,tcp,HP Web Jetadmin 10.3.91358 (10.3 SR5),http
80,tcp,KM-MFP-http/V0.0.1,http
80,tcp,Citrix Web PN Server,http
80,tcp,ScreenConnect/6.3.13446.6374-4039728469 Microsoft-HTTPAPI/2.0,http
80,tcp,ScreenConnect/19.3.25270.7185-3841999031,http
80,tcp,Lotus Expeditor Web Container/6.1,http
80,tcp,Lotus Expeditor Web Container/6,http
80,tcp,GoAhead-Webs,http
80,tcp,GoAhead-Webs/2.5.0 PeerSec-MatrixSSL/3.4.2-OPEN,http
80,tcp,Goahead/2.5.0 PeerSec-MatrixSSL/3.2.1-OPEN,http
80,tcp,GoAhead-Webs/2.5.0,http
80,tcp,Mbedthis-Appweb/2.4.0,http
80,tcp,Mbedthis-AppWeb/2.4.0,http
80,tcp,Mbedthis-Appweb/2.4.2,http
80,tcp,Mbedthis-Appweb/2,http
80,tcp,Embedthis-Appweb/3.2.3,http
80,tcp,Embedthis-http,http
80,tcp,Embedthis-http/4.0.0,http
80,tcp,Avaya CMBE/2.0.0,http
80,tcp,Avaya CMBE/2,http
80,tcp,Rapid Logic/1.1,http
80,tcp,Rapid Logic/1,http
80,tcp,WindRiver-WebServer/4.4,http
80,tcp,Sophos Email Appliance,http
80,tcp,CUPS/1.1,http
80,tcp,CUPS/1.7 IPP/2.1,http
80,tcp,TwistedWeb/2.5.0,http
80,tcp,TwistedWeb/16.4.0,http
80,tcp,TwistedWeb/16.5.0rc2,http
80,tcp,Twisted/13.0.0 TwistedWeb/9.0.0,http
80,tcp,Twisted/17.9.0 TwistedWeb/9.0.0,http
80,tcp,mini_httpd/1.14 23jun2000,http
80,tcp,mini_httpd/1 23jun2000,http
80,tcp,thin 1.2.4 codename Flaming Astroboy,http
80,tcp,thin 1 codename Flaming Astroboy,http
80,tcp,Avocent DSView 3/3.7.0.71,http
80,tcp,Avocent DSView 3/3,http
80,tcp,Mongrel 1.1.5,http
80,tcp,Mongrel 1,http
80,tcp,Microplex emHTTPD/1.0,http
80,tcp,Microplex emHTTPD/1.1,http
80,tcp,Microplex emHTTPD/1,http
80,tcp,UPS_Server/1.0,http
80,tcp,UPS_Server/1,http
80,tcp,JC-HTTPD/1.11.14,http
80,tcp,JC-HTTPD/1,http
80,tcp,JC-SHTTPD/1.17.20,http
80,tcp,JC-SHTTPD/1,http
80,tcp,Oracle XML DB/Oracle9i Enterprise Edition Release 9.2.0.1.0 - Production,http
80,tcp,Oracle XML DB/Oracle9i Enterprise Edition Release 9 - Production,http
80,tcp,Oracle XML DB/Oracle9i Release 9.2.0.1.0 - Production,http
80,tcp,Oracle XML DB/Oracle Database,http
80,tcp,sfcHttpd,http
80,tcp,PanWeb Server/ -,http
80,tcp,Ews/0.1,http
80,tcp,Ews/0,http
80,tcp,$ProjectRevision: 4.0.2.38 $,http
80,tcp,$ProjectRevision: 4.2 $,http
80,tcp,$ProjectRevision: 6.0.1.5 $,http
80,tcp,$ProjectRevision: Last Checkpoint: 4.2.2.13 $,http
80,tcp,WEBrick/1.3.1 (Ruby/1.9.3/2013-02-22),http
80,tcp,Aspen/0.8,http
80,tcp,Boa/0.94.14rc21,http
80,tcp,Boa/0.94.14rc18-ipcam,http
80,tcp,Boa/0.93.15 (with Intersil Extensions),http
80,tcp,Boa/0.92p OS-9 Version,http
80,tcp,Boa/0.93.15,http
80,tcp,Hydra/0.1.8,http
80,tcp,Hydra/0.1.8 GnuTLS/2.12.23,http
80,tcp,Cross Web Server,http
80,tcp,Hikvision-Webs,http
80,tcp,DVRDVS-Webs,http
80,tcp,DNVRS-Webs,http
80,tcp,NET-DK/1.0,http
80,tcp,NET-DK 1.1,http
80,tcp,2wire Gateway,http
80,tcp,192.168.0.4:9999,http
80,tcp,192.168.0.5:65535,http
80,tcp,Web-Server/3.0,http
80,tcp,httpd,http
80,tcp,AkamaiGHost,http
80,tcp,GHost,http
80,tcp,GFE/1.3,http
80,tcp,GFE/1,http
80,tcp,CloudFront,http
80,tcp,Amazon-Cloud-Drive,http
80,tcp,AmazonS3,http
80,tcp,Amazon SimpleDB,http
80,tcp,AmazonSnowball,http
80,tcp,awselb/2.0,http
80,tcp,cloudflare-nginx,http
80,tcp,cloudflare,http
80,tcp,Microsoft-Azure-Application-Gateway/v2,http
80,tcp,gSOAP/2.7,http
80,tcp,AliyunOSS,http
80,tcp,QTSS/5.0 (Build/452; Platform/MacOSX; Release/Panther; ),http
80,tcp,QTSS/5.0.3.3 (Build/452.22.4; Platform/MacOSX; Release/Panther; Update/Security; ),http
80,tcp,QTSS/6.1.0 (Build/532; Platform/MacOSX; Release/Mac OS X Server; ),http
80,tcp,SEPM,http
80,tcp,Symantec Endpoint Protection Manager,http
80,tcp,Intel(R) Active Management Technology 7.1.86,http
80,tcp,Intel(R) Active Management Technology,http
80,tcp,Intel(R) Standard Manageability 5.0.50,http
80,tcp,Intel(R) Standard Manageability 9.0.3,http
80,tcp,Sunny WebBox,http
80,tcp,EnergyICT RTU 101-F25CE1-1524,http
80,tcp,AV-TECH AV787 Video Web Server,http
80,tcp,Splunkd,http
80,tcp,tivo-httpd-1:20.7.4.RC35-D18-6:D18,http
80,tcp,OpenTV/5.40,http
80,tcp,kong/1.2.1,http
80,tcp,kong/0.30-enterprise-edition,http
80,tcp,kong/0.35-1-enterprise-edition,http
80,tcp,Niagara Web Server/3.8.111,http
80,tcp,Microsoft WinCE Fidelix v11.50.29,http
80,tcp,chainpoint-node,http
80,tcp,some thing UPnP/1.0 AVM FRITZ!WLAN Repeater 1750E 134.07.01,http
80,tcp,airCube,http
80,tcp,Linux/Cross_compiled UPnP/1.0 miniupnpd/1.0,http
80,tcp,Linux/2.6.29.6-217.2.3.fc11.i686.PAE UPnP/1.0 miniupnpd/1.0,http
80,tcp,Linux/2.4.21 UPnP/1.0 miniupnpd/1.0,http
80,tcp,Tomato UPnP/1.0 MiniUPnPd/1.2,http
80,tcp,UPnP/Tomato 1.28.9014 MIPSR2-RAF-v1.3g K26 UPnP/1.1 MiniUPnPd/1.8,http
80,tcp,UPnP/Tomato 1.28.0000 MIPSR2-132 K26 USB VPN UPnP/1.1 MiniUPnPd/1.9,http
80,tcp,UPnP/Tomato MIPSR2-140 K26 UPnP/1.1 MiniUPnPd/2.0,http
80,tcp,UPnP/Tomato MIPSR2Toastman-RT K26 UPnP/1.1 MiniUPnPd/2.0,http
80,tcp,RT-G32 UPnP/1.0 MiniUPnPd/1.2,http
80,tcp,AsusWRT/3.0.0.4 UPnP/1.1 MiniUPnPd/1.9,http
80,tcp,DrayTek/Vigor2130 UPnP/1.0 miniupnpd/1.0,http
80,tcp,Linux UPnP/1.0 Huawei-ATP-IGD,http
80,tcp,OpenWRT/kamikaze UPnP/1.0 MiniUPnPd/1.5,http
80,tcp,Netgear/1.0 UPnP/1.0 miniupnpd/1.0,http
80,tcp,Debian/4.0r8 DLNADOC/1.50 UPnP/1.0 MiniDLNA/1.0,http
80,tcp,FreeBSD/8.2-RELEASE-p4 DLNADOC/1.50 UPnP/1.0 MiniDLNA/1.0.24,http
80,tcp,Linux/2.6.36+ DLNADOC/1.50 UPnP/1.0 MiniDLNA/1.0,http
80,tcp,Debian/wheezy/sid UPnP/1.1 MiniUPnPd/1.8,http
80,tcp,Debian/4.0 UPnP/1.0 miniupnpd/1.0,http
80,tcp,Fedora/10 UPnP/1.0 MiniUPnPd/1.4,http
80,tcp,Fedora/8 UPnP/1.0 miniupnpd/1.0,http
80,tcp,FedoraCore/6 UPnP/1.0 miniupnpd/1.0,http
80,tcp,Ubuntu/10.04 UPnP/1.0 miniupnpd/1.0,http
80,tcp,Ubuntu/10.10 UPnP/1.0 miniupnpd/1.0,http
80,tcp,Ubuntu/7.10 UPnP/1.0 miniupnpd/1.0,http
80,tcp,Ubuntu/9.04 UPnP/1.0 miniupnpd/1.0,http
80,tcp,Ubuntu/bionic UPnP/1.0 MiniUPnPd/1.4,http
80,tcp,Ubuntu/yakkety UPnP/1.0 MiniUPnPd/1.4,http
80,tcp,Ubuntu/xenial UPnP/1.0 MiniUPnPd/1.4,http
80,tcp,Ubuntu/utopic UPnP/1.0 MiniUPnPd/1.4,http
80,tcp,Ubuntu/trusty UPnP/1.0 MiniUPnPd/1.4,http
80,tcp,Ubuntu/saucy UPnP/1.0 MiniUPnPd/1.4,http
80,tcp,Ubuntu/raring UPnP/1.0 MiniUPnPd/1.4,http
80,tcp,Ubuntu/quantal UPnP/1.0 MiniUPnPd/1.4,http
80,tcp,Ubuntu/precise UPnP/1.0 MiniUPnPd/1.4,http
80,tcp,Ubuntu/oneiric UPnP/1.0 MiniUPnPd/1.4,http
80,tcp,Ubuntu/natty UPnP/1.0 MiniUPnPd/1.4,http
80,tcp,Ubuntu/maverick UPnP/1.0 MiniUPnPd/1.4,http
80,tcp,Ubuntu/lucid UPnP/1.0 MiniUPnPd/1.4,http
80,tcp,Ubuntu/karmic UPnP/1.0 MiniUPnPd/1.4,http
80,tcp,Ubuntu/jaunty UPnP/1.0 MiniUPnPd/1.4,http
80,tcp,Ubuntu/hardy UPnP/1.0 MiniUPnPd/1.4,http
80,tcp,Linux Mips 2.4.20 UPnP/1.0 MiniUPnPd/1.2,http
80,tcp,SmoothWall Express/3.0 UPnP/1.0 miniupnpd/1.0,http
80,tcp,"5.2.3790 2/Service Pack 1, UPnP/1.0, TVersity Media Server",http
80,tcp,"5.1.2600 2/Service Pack 3, UPnP/1.0, TVersity Media Server",http
80,tcp,"6.2.8400 2/, UPnP/1.0, TVersity Media Server",http
80,tcp,"6.2.9200 2/, UPnP/1.0, TVersity Media Server",http
80,tcp,"6.0.6000 2/, UPnP/1.0, TVersity Media Server",http
80,tcp,"6.1.7600 2/, UPnP/1.0, TVersity Media Server",http
80,tcp,LINUX/2.4 UPnP/1.0 BRCM400/1.0,http
80,tcp,"Linux-amd64-2.6.18-238.9.1.el5, UPnP/1.0, PMS/1.52.1",http
80,tcp,"Linux-i386-2.6.33.2, UPnP/1.0, PMS/1.21.1",http
80,tcp,"Windows_XP-amd64-5.2, UPnP/1.0, PMS/1.54.0",http
80,tcp,"Windows_XP-x86-5.1, UPnP/1.0, PMS/1.20.400",http
80,tcp,"Windows_7-x86-6.1, UPnP/1.0, PMS/1.20",http
80,tcp,"Windows_7-x86-6.1, UPnP/1.0, PMS/1.22.0",http
80,tcp,"Windows_7-x86-6.1, UPnP/1.0, PMS/1.20.412",http
80,tcp,"Windows_7-x86-6.1, UPnP/1.0, PMS/1.71.0",http
80,tcp,"Windows_7-x86-6.1, UPnP/1.0, PMS/1.20.409",http
80,tcp,"Windows_7-x86-6.1, UPnP/1.0, PMS/1.72.0",http
80,tcp,"Windows_7-x86-6.1, UPnP/1.0, PMS/1.10.51",http
80,tcp,"Mac_OS_X-x86_64-10.5.8, UPnP/1.0, PMS/1.20",http
80,tcp,"Linux, STUNNEL/1.0, DIR-850L Ver 1.09",http
80,tcp,"Linux, STUNNEL/1.0, DIR-820LW Ver 2.00W",http
80,tcp,"Linux, WEBACCESS/1.0, DIR-850L Ver 1.09",http
80,tcp,"Linux, WEBACCESS/1.0, DIR-850L Ver 1.14WW",http
80,tcp,"Linux, WEBACCESS/1.0, DIR-645 Ver 1.04",http
80,tcp,"Linux, HTTP/1.1, DIR-815 Ver 1.04",http
80,tcp,"Linux, WEBACCESS/1.0, DSL-2890AL Ver AU_1.02.10",http
80,tcp,"Linux, WEBACCESS/1.0, DSL-2890AL Ver 1.01",http
80,tcp,TBS/R2 UPnP/1.0 MiniUPnPd/1.2,http
80,tcp,alphapd/2.1.8,http
80,tcp,ipos/7.0 UPnP/1.0 TL-WR841N/6.0/7.0,http
80,tcp,ipos/7.0 UPnP/1.0 TL-WR841N/8.0,http
80,tcp,ipos/7.0 UPnP/1.0 TL-WR740N/4.0,http
80,tcp,ipos/7.0 UPnP/1.0 TL-WR940N/1.0,http
80,tcp,ipos/7.0 UPnP/1.0 TL-WR741N/4.0,http
80,tcp,ipos/7.0 UPnP/1.0 TL-WR740N/1.0,http
80,tcp,ipos/7.0 UPnP/1.0 TL-WR741N/1.0/2.0,http
80,tcp,ipos/7.0 UPnP/1.0 TL-WR740N/1.0/2.0,http
80,tcp,ipos/7.0 UPnP/1.0 TL-WR941N/2.0,http
80,tcp,Router Webserver,http
80,tcp,TP-LINK HTTPD/1.0,http
80,tcp,"Linux/2.6.37_eureka_1, UPnP/1.0, Portable SDK for UPnP devices/1.6.6",http
80,tcp,"Linux/2.6.28.9-Mozart-8G, UPnP/1.0, Portable SDK for UPnP devices/1.6.6",http
80,tcp,"Linux/3.14.17-ami, UPnP/1.0, Portable SDK for UPnP devices/1.6.20",http
80,tcp,"Linux/4.9.94-axis5, UPnP/1.0, Portable SDK for UPnP devices/1.6.22",http
80,tcp,"Linux/2.4.20-46.7asp, UPnP/1.0, Portable SDK for UPnP devices/1.6.17",http
80,tcp,"Linux/2.6.10-iop1-1, UPnP/1.0, Portable SDK for UPnP devices/1.4.1",http
80,tcp,"Linux/2.6.12-5.1-brcmstb-dm800, UPnP/1.0, Portable SDK for UPnP devices/1.6.0",http
80,tcp,"Linux/2.6.12.6-VENUS, UPnP/1.0, Portable SDK for UPnP devices/1.6.10",http
80,tcp,"Linux/2.6.12.6-arm1-040, UPnP/1.0, Portable SDK for UPnP devices/1.6.5.2",http
80,tcp,"Linux/2.6.13, UPnP/1.0, Portable SDK for UPnP devices/1.6.0",http
80,tcp,"Linux/2.6.18_pro500-davinci_N03A_IPCAM_1.0-g5c649288-dirty, UPnP/1.0, Portable SDK for UPnP devices/1.6.6",http
80,tcp,"Linux/2.6.28, UPnP/1.0, Portable SDK for UPnP devices/1.6.10",http
80,tcp,"Linux/2.6.28-11-server, UPnP/1.0, Portable SDK for UPnP devices/1.6.6",http
80,tcp,"Linux/2.6.28-17-generic, UPnP/1.0, Portable SDK for UPnP devices/1.6.6",http
80,tcp,"Linux/2.6.28.1-xxxx-std-ipv4-32, UPnP/1.0, Portable SDK for UPnP devices/1.4.3",http
80,tcp,"Linux/2.6.32-220.7.1.el6.x86_64, UPnP/1.0, Portable SDK for UPnP devices/1.6.14",http
80,tcp,"Linux/2.6.32-24-generic, UPnP/1.0, Portable SDK for UPnP devices/1.6.6",http
80,tcp,"Linux/2.6.32-279.1.1.el6.x86_64, UPnP/1.0, Portable SDK for UPnP devices/1.6.13",http
80,tcp,"Linux/2.6.32-279.11.1.el6.x86_64, UPnP/1.0, Portable SDK for UPnP devices/1.6.14",http
80,tcp,"Linux/2.6.32-279.14.1.el6.x86_64, UPnP/1.0, Portable SDK for UPnP devices/1.6.14",http
80,tcp,"Linux/2.6.32-279.14.1.el6.x86_64, UPnP/1.0, Portable SDK for UPnP devices/1.6.15",http
80,tcp,Linux/3.0.8 UPnP/1.0 DLNADOC/1.50 Portable SDK for UPnP devices/1.6.6,http
80,tcp,Linux/2.6.23.17_stm23_0125dorade00 UPnP/1.0 DLNADOC/1.50 Portable SDK for UPnP devices/1.4.6-5,http
80,tcp,"Linux/2.6.10_dev-malta-mips2_fp_le, UPnP/1.0, Intel SDK for UPnP devices /1.2",http
80,tcp,"Linux/2.4.18_mvl30-ixdp425, UPnP/1.0, Intel SDK for UPnP devices/1.3.1",http
80,tcp,"Linux, UPnP/1.0, Intel SDK for UPnP devices /1.2",http
80,tcp,"Darwin/10.2.0, UPnP/1.0, Portable SDK for UPnP devices/1.6.6",http
80,tcp,Loxone Miniserver some name UPnP/1.0,http
80,tcp,RouterOS/6.43UPnP/1.0 MikroTik UPnP/1.0,http
80,tcp,Roku UPnP/1.0 Roku/8.1.6,http
80,tcp,Roku/9.2.0 UPnP/1.0 Roku/9.2.0,http
80,tcp,Roku UPnP/1.0 MiniUPnPd/1.4,http
80,tcp,"UPnP/1.0, DLNADOC/1.50, Platinum/0.5.1",http
80,tcp,"UPnP/1.0, DLNADOC/1.50, Platinum/0.6.6.0",http
80,tcp,"UPnP/1.0, DLNADOC/1.50, Platinum/0.5.4.0",http
80,tcp,"UPnP/1.0, DLNADOC/1.50, Platinum/0.5.3.0",http
80,tcp,Synology/DSM/192.168.1.100,http
80,tcp,Synology/DSM/stuff,http
80,tcp,NetData Embedded HTTP Server v1.16.1-146-g2f5e36ef,http
80,tcp,Solstice 2.0,http
80,tcp,MLC 104 IP PLUS/1.03,http
80,tcp,Jetty (Bluecat Networks),http
80,tcp,Crestron Webserver,http
80,tcp,OPNsense,http
80,tcp,ELAN Controller,http
80,tcp,STR_SettingServer,http
80,tcp,AV_Receiver/3.1 (RX-V675),http
80,tcp,MWS 0.01,http
80,tcp,Icecast 2.4.3,http
80,tcp,Icecast 2.4.0-kh13,http
80,tcp,Tableau,http
80,tcp,WowzaStreamingEngine/4.7.7,http
80,tcp,WowzaStreamingEngine/4.6.0.04x,http
80,tcp,Couchbase Sync Gateway/2.5.0 CE,http
80,tcp,Couchbase Sync Gateway/2.7.1 EE,http
80,tcp,Couchbase Sync Gateway/1.3.0,http
80,tcp,Couchbase Server,http
80,tcp,Kestrel,http
80,tcp,stgw/1.3.12.9_1.13.5,http
80,tcp,axhttpd/1.5.3,http
80,tcp,CommuniGatePro/5.2.20,http
80,tcp,CommuniGatePro/6.2.16v,http
80,tcp,tinyproxy/1.8.2,http
80,tcp,mitmproxy 7.0.4,http
80,tcp,Xfinity Broadband Router Server,http
80,tcp,"IX Series IX2106 (magellan-sec) Software, Version 10.2.20, RELEASE SOFTWARE",http
80,tcp,"IX Series IX2105 (magellan-sec) Software, Version 9.6.12A, MAINTENANCE RELEASE SOFTWARE",http
80,tcp,Caddy,http
80,tcp,fasthttp,http
80,tcp,MoxaHttp/2.3,http
80,tcp,MoxaHttp/2.2,http
80,tcp,MoxaHttp/1.0,http
80,tcp,proxygen-bolt,http
80,tcp,Kerio Connect 8.2.2,http
80,tcp,Kerio Connect 9.2.12 patch 1,http
80,tcp,Kerio Control Embedded Web Server,http
80,tcp,Mongoose/6.7.1,http
80,tcp,kangle/3.5.21.9,http
80,tcp,Werkzeug/0.14.1 Python/3.6.9,http
80,tcp,pve-api-daemon/3.0,http
80,tcp,Cherokee/1.2.104 (Debian),http
80,tcp,Cherokee/1.2.104 (Ubuntu),http
80,tcp,Cherokee/1.2.104 (Gentoo Linux),http
80,tcp,Cherokee,http
80,tcp,Cherokee/0.2.7,http
80,tcp,Cherokee/1.2.101 (UNIX),http
80,tcp,WebServer (SerenityOS),http
80,tcp,a74b7cd4-4a4e-4115-7a48-1c7ebb4ae45b,http
80,tcp,f09f73f0-cac6-422-3660-32ac658c5ae7,http
80,tcp,f24ddd9c-e2a6-23c-ec95-4563173bbe,http
80,tcp,"Unspecified, UPnP/1.0, Unspecified",http
80,tcp,WNR2000v5 UPnP/1.0 miniupnpd/1.0,http
80,tcp,ev-compat,http
80,tcp,302 Found UNMS 1.2.7,http
80,tcp,xxxxxxxx-xxxxx,http
80,tcp,VBrick VB6000 Server,http
80,tcp,kx-ns1000,http
80,tcp,Oce Express WebTools,http
80,tcp,Eltex TAU-72,http
80,tcp,Eltex TAU-1.IP,http
80,tcp,SMG2,http
80,tcp,SMG1016M,http
80,tcp,SMG-1016M,http
80,tcp,SMG3016,http
80,tcp,WSO2 Carbon Server,http
80,tcp,ballerina,http
80,tcp,ballerina/0.991.0,http
80,tcp,ballerina/0.982.1-SNAPSHOT,http
80,tcp,Restlet-Framework/2.4.3,http
80,tcp,Mini web server 1.0 ZTE corp 2005.,http
80,tcp,ZTE web server 1.0 ZTE corp 2015.,http
80,tcp,PAM360,http
80,tcp,Crow/0.3,http
80,tcp,Crow/master,http
80,tcp,darkstat/3.0.719,http
80,tcp,darkhttpd/1.12,http
80,tcp,darkhttpd/1.13.from.git,http
80,tcp,ServerTech-AWS/v7.1g-b1,http
80,tcp,ServerTech-AWS/v8.0x,http
80,tcp,frp/0.48.0,http
80,tcp,ntopng 5.0.220112 [FreeBSD 12.3 [amd64][FreeBSD 12.3]],http
80,tcp,ntopng 3.8.201001 [amd64-unknown-freebsd11.3 [amd64][]],http
80,tcp,ntopng 3.4.0 [armv7-unknown-freebsd12.2-gnueabihf [arm][]],http
80,tcp,ntopng 3.2.171221 [x86_64-unknown-linux-gnu [x86_64][CentOS release 6.9 (Final)]],http
80,tcp,ntopng 3.4.210629 [ [x86_64][CentOS Linux release 7.5.1804 (Core) ]],http
80,tcp,ntopng 3.6.181022 [x86_64-unknown-linux-gnu [x86_64][CentOS Linux release 7.5.1804 (Core) ]],http
80,tcp,ntopng 4.3.211226 [x86_64-unknown-linux-gnu [x86_64][CentOS Linux release 8.4.2105]],http
80,tcp,ntopng 5.4.221110 [x86_64-unknown-linux-gnu [x86_64][CentOS Linux release 7.9.2009 (Core)]],http
80,tcp,ntopng 4.2.201125 [x86_64-unknown-linux-gnu [x86_64][]],http
80,tcp,ntopng 3.8.220621 [i686-pc-linux-gnu [i686][]],http
80,tcp,ntopng 2.0.150531  [x86_64-unknown-linux-gnu (x86_64)],http
80,tcp,ntopng 4.2.210309 [Debian buster/sid [x86_64][Ubuntu 18.04.5 LTS]],http
80,tcp,ntopng 5.4.220721 [Debian bullseye/sid [x86_64][Ubuntu 20.04.4 LTS]],http
80,tcp,ntopng 5.4.221124 [Debian 11.0 [x86_64][Debian GNU/Linux 11 (bullseye)]],http
80,tcp,ntopng 5.5.220724 [Debian 11.1 [armv7l][Raspbian GNU/Linux 11 (bullseye)]],http
80,tcp,ntopng 5.5.221127 [Debian 11.4 [aarch64][Debian GNU/Linux 11 (bullseye)]],http
80,tcp,ntopng 4.2.201206 [Debian 10.6 [aarch64][]],http
80,tcp,ntopng 5.5.221116 [Debian 10.8 [x86_64][Debian GNU/Linux 10 (buster)]],http
80,tcp,ntopng 5.5.221211 [Debian 10.11 [armv7l][Raspbian GNU/Linux 10 (buster)]],http
80,tcp,ntopng 4.3.210624 [Debian 9.12 [x86_64][Debian GNU/Linux 9.12 (stretch)]],http
80,tcp,ntopng 3.7.180907 [Debian 9.1 [x86_64][Debian GNU/Linux 9.1 (stretch)]],http
80,tcp,ntopng 3.9.200305 [Debian 8.11 [x86_64][Debian GNU/Linux 8.11 (jessie)]],http
80,tcp,ntopng 2.5.161119 [Debian 7.11 [i686][Debian GNU/Linux 7.11 (wheezy)]],http
80,tcp,ntopng 3.3.180306 [Debian 7.10 [x86_64][Debian GNU/Linux 7.10 (wheezy)]],http
80,tcp,ntopng 5.2.220414 [Debian bookworm/sid [x86_64][]],http
80,tcp,ntopng 3.8.200814 [Debian bullseye/sid [x86_64][]],http
80,tcp,ntopng 3.8.190204 [Debian buster/sid [x86_64][]],http
80,tcp,ntopng 2.3.160415 [Debian stretch/sid (x86_64)],http
80,tcp,ntopng 2.3.160415 [Debian stretch/sid (i686)],http
80,tcp,ntopng 2.2.160403 [Debian wheezy/sid (x86_64)],http
80,tcp,ntopng 3.8.201001 [amd64-unknown-openbsd6.8 [amd64][]],http
80,tcp,ntopng 5.5.221014 [Win64 [x64][Windows]],http
80,tcp,ntopng 5.4.220905 (amd64),http
80,tcp,FbxWSD/1.0,http
80,tcp,Zennio KNX-IP Interface,http
80,tcp,APISIX/3.13.0,http
80,tcp,Mirasvit-Cache-Warmer/1.11.11,http
80,tcp,ollama,http
80,tcp,ollama Python/3.11.15,http
80,tcp,ollama/0.12.10,http
80,tcp,ollama/0.11.4 Python/3.12.3,http
80,tcp,ollama/0.1.45 (amd64 on linux),http
80,tcp,ollama-auth-proxy/1.0 Python/3.14.3,http
80,tcp,OllamaProxy/1.0 Python/3.9.6,http
80,tcp,__cfuid=1337,http
80,tcp,"__cfduid=dd450f2431e1e611a61a15f68974de9a41618794671; expires=Wed, 19-May-21 01:11:11 GMT; path=/; domain=.foo.bar; HttpOnly; SameSite=Lax",http
80,tcp,AWSALB=791357231C9C446E295988DA51A2CD313D13788329433D96A05631377389B17BF097D4C8A2D0BE5BC4F3C649AED7DFF939364A5790E2EC67F33C4483E2E9DD17E99814071B;PATH=/;HttpOnly;Secure,http
80,tcp,AWSALBCORS=D5A3BF7B08C8E0626B1C77DAAEAB0A7542DEB35F43097F06FD3833E22A9BA2543B805B7AE1B6E97F2BE3A701A19AF5D2CC898E0DB5E52055B0B983CC64EAD006CF77C1CF72;PATH=/;SECURE;SAMESITE=None,http
80,tcp,"AWSALBTGCORS=E0+uuQyz1jbU2P5jrIIWTuoK0aAbjfgsuA814N0xT5w9Vu4N61/CZTKT+yxwCfUqIUx/IgZfsDyA24+eSXKFO60aqEbtGPw2Mm4bGNDMVpcZ/yKHzifDPjT7mNQvNVq7xCAed5VgTpMH/nD3D2pLn9+ooJcShVgv+z97rSYAV5C98tecx6Q=; Expires=Mon, 10 May 2021 01:21:27 GMT; Path=/; SameSite=None; Secure",http
80,tcp,AWSELB=791357231C9C446E295988DA51A2CD313D13788329433D96A05631377389B17BF097D4C8A2D0BE5BC4F3C649AED7DFF939364A5790E2EC67F33C4483E2E9DD17E99814071B;PATH=/;HttpOnly;Secure,http
80,tcp,AWSELBCORS=D5A3BF7B08C8E0626B1C77DAAEAB0A7542DEB35F43097F06FD3833E22A9BA2543B805B7AE1B6E97F2BE3A701A19AF5D2CC898E0DB5E52055B0B983CC64EAD006CF77C1CF72;PATH=/;SECURE;SAMESITE=None,http
80,tcp,"PHPSESSID=deleted; expires=Thu, 01-Jan-1970 00:00:01 GMT; Max-Age=0; path=/",http
80,tcp,PHPSESSION=vt2ag6n7t6ngvlg8adk4860h46; path=/,http
80,tcp,ASPSESSIONIDQSBRRTTB=BECILMBCPMGHJGAHKCHNGENF; path=/,http
80,tcp,ASP.NET_SessionId=00nxm4qqh2tdjl0p52m10edv,http
80,tcp,".ASPXANONYMOUS=5ts5UmJr1wEkAAAAMmY0Y2EwNTUtZGZhYi00YTFlLTlmNzAtYmEwNjdiYTgxZDA40; expires=Sun, 27-Jun-2021 14:40:06 GMT; path=/; HttpOnly",http
80,tcp,"CFTOKEN=f3863673461e83d7-8B854468-1866-DAAC-99FBB842C6018037;expires=Mon, 01-Aug-2050 01:05:45 GMT;path=/;HttpOnly;",http
80,tcp,"CFCLIENT_FOO_CORP=preflanguage%3DEN%23; Expires=Wed, 12-Apr-2051 01:11:37 GMT; Path=/",http
80,tcp,ANsession0002262072457555=IPMI; path=/;secure,http
80,tcp,Apache=10.10.130.165.1643670182768255; path=/,http
80,tcp,"Apache=10.0.101.6.1643663969718158; path=/; expires=Wed, 31-Jan-24 21:19:29 GMT; domain=.contoso.com",http
80,tcp,"Apache=10.10.20.18.1643510579.1915; domain=foo.com; path=/; expires=Mon, 30-Jan-2023 02:42:58 GMT",http
80,tcp,"Apache=10.23.219.241.1643541709604; path=/; expires=Tue, 19-Jan-2038 03:14:07 GMT",http
80,tcp,Apache=1148b9c3.5d6e61e36f2f9; path=/; domain=.foo.com,http
80,tcp,JServSessionIdroot=tphxjy73e1.JS1; path=/,http
80,tcp,ATG_SESSION_ID=yuAUs8xnkzLaF8P3Zk1v5hR28XB4dKsOKZ4jCkVO; path=/,http
80,tcp,Bugzilla_login_request_cookie=ylMVo9ZDtd; path=/; secure,http
80,tcp,WebLogicSession=YfifY2Ck8aWILbJPiaoY3L8aKBjh2MZhUAjHXypG6IBwvWXrun3i|-3385140432258369694/-900104935/6/7009/7009/7010/7010/7009/-1; path=/,http
80,tcp,WebLogicSession=QKRlJZbj0b948CrXnoQw8FNuSWvO6fXaJNadlcCWwA3qm6CtqD5a; path=/,http
80,tcp,BCSI-CS-2f6c78bdf64f3b32=2; Path=/,http
80,tcp,"CAKEPHP=03bgv7jqfurftnm5crn3lc0ob1; expires=Mon, 19-Apr-2021 08:56:06 GMT; Max-Age=14400; path=/; HttpOnly",http
80,tcp,ARPT=FOOOB192.168.15.52CKOKM; path=/,http
80,tcp,ARPT=388766892.51247.0000; path=/; Httponly/,http
80,tcp,"webvpn=; expires=Thu, 01 Jan 1970 22:00:00 GMT; path=/; secure",http
80,tcp,"webvpnc=; expires=Thu, 01 Jan 1970 22:00:00 GMT; path=/; secure",http
80,tcp,"webvpn_portal=; expires=Thu, 01 Jan 1970 22:00:00 GMT; path=/; secure",http
80,tcp,"webvpnSharePoint=; expires=Thu, 01 Jan 1970 22:00:00 GMT; path=/; secure",http
80,tcp,webvpnlogin=1; path=/; secure,http
80,tcp,webvpncontext=00@sslvpn,http
80,tcp,st8id=1e1bcc1010b6de32734c584317443b31.00.641b86ac5ed3ebb0799138f83af9b63f;,http
80,tcp,NSC_AAAC=xyz;,http
80,tcp,NSC_TEMP=xyz;,http
80,tcp,DSSignInURL=/; path=/; secure,http
80,tcp,DokuWiki=t8l1aev7703vbtejovp165pv01; path=/; secure,http
80,tcp,"EktGUID=382107cc-a38d-4d25-8182-3748834e21c8; expires=Tue, 19-Apr-2022 03:12:15 GMT; path=/",http
80,tcp,FESESSIONID=133713381337,http
80,tcp,"BITBUCKETSESSIONID=49D9B4A9C574CFA312E671F3453CEAC5; Max-Age=1209600; Expires=Tue, 04-Oct-2022 22:16:45 GMT; Path=/; HttpOnly",http
80,tcp,BigIpServerCustomerRP=5a; path=/; domain=.foo.bar; secure; HttpOnly,http
80,tcp,i_like_gogits=fc3914645f1d5c76; Path=/; HttpOnly,http
80,tcp,BigIPCookie=855248779.20480.0000; path=/; Httponly,http
80,tcp,BigIPCookie_foo_corp_prod=!tJHKH9zIwsUuJYJ38CCV0XSqmJXsZVQaOjj/m/SBSTQTg21/S+s2gmbsoGwwKXr5Tj9e0ijWZWItfA==; path=/; Httponly,http
80,tcp,flyspray_project=133713381234; Path=/; HttpOnly,http
80,tcp,i_like_gitea=fc39d4645b1d5c7c; Path=/,http
80,tcp,"_gitlab_session=032d024e9c2445b595e68255da9e6835; path=/; expires=Mon, 26 Apr 2021 03:09:57 -0000; HttpOnly",http
80,tcp,SERVERID=foo1; path=/,http
80,tcp,AMWEBJCT!%2F4plportal!JSESSIONID=fQDCzpljFPMhMVaDUOD+uOBe.undefined; Path=/,http
80,tcp,PD-S-SESSION-ID=1_2_0_xRzIc55lBOTYkrYfW+qWHWGgdqlVKeEgwrhtKt+KRfq8R3lW; Path=/; Secure; HttpOnly,http
80,tcp,PD_STATEFUL_db45742c-3e5b-11e9-91da-00505682181c=%2F; Path=/,http
80,tcp,IBMCBR=fakevalue,http
80,tcp,"mbfcookie=deleted; expires=Thu, 01-Jan-1970 00:00:01 GMT; Max-Age=0; path=/",http
80,tcp,"mbfcookie[lang]=pt_BR; expires=Tue, 20-Apr-2021 03:30:47 GMT; path=/",http
80,tcp,_mastodon_session=U09wSzlaMHNuZVI3RGJjR1M2d2lqNFhXc1BXNlJtOXBueTdoM1J2Ykk3UjRXa2V3WkNUNm5BUmY4Z0NISk9FaEtrOVQrMXJCRldvbk1kY3BUaDZkMlRuZkNBUDVXU01EakN3S1JEZDdjbzhNQ0t5MHpXZE9WSGlTOVhKNkhlZWhlaWsxM3Mvd0poU1NHWkZjWUNucmJoeDdNdU85ekpkQVJSbkhDeXdKZ08wMkNuUm1BYnE3cGVBK2FBN1FTUU9SLS1EdUVoNWtLOFFWaWsxNmY2bz,http
80,tcp,MSCSProfile=287001FD2674671C7869448243193407F294F4F921DD7D627A0F4EE0CC7F3FAC36B5E45588612D30B2A6C57F1D461CB5EE0887989EE7F09E4529B0795EF87BB095FFF1DE42BD5E8F00273BCAACB9DC80733367D09A4B6A48A6802C4DCD6EB029BF5B207BCE523E8BF2EE3EBCDF5776BAC6B6BCD4BF54EF9C178F9605E75D0DDA; path=/,http
80,tcp,"nc_sameSiteCookiestrict=true; path=/nextcloud; httponly;secure; expires=Fri, 31-Dec-2100 23:59:59 GMT; SameSite=strict",http
80,tcp,"nc_sameSiteCookielax=true; path=/nextcloud; httponly;secure; expires=Fri, 31-Dec-2100 23:59:59 GMT; SameSite=lax",http
80,tcp,oc_sessionPassphrase=Y%2BZjBn8Gn%2B8jIJPVx468Tlt8qDNm%2B5IVXLxgtwlY%2BQU2T7edVmDS4091nQrT; path=/nextcloud; secure; HttpOnly,http
80,tcp,AlteonP=c46736793e45929dbaeebabb; path=,http
80,tcp,"OBSID=gud74jg1slhskdo7idqgklkamm6g3908; expires=Tue, 20-Apr-2021 01:31:27 GMT; Max-Age=86400; path=/; HttpOnly",http
80,tcp,SS_X_CSINTERSESSIONID=0001P73k2FUEYEU4Ks5TtKxcs2K:vv0b9pej; path=/,http
80,tcp,CSINTERSESSIONID=0001xquPwAx2NFUFvi7yw-43f35:vv7sdeqs;Path=/,http
80,tcp,"parkinglot=1; domain=.foo.com; path=/; expires=Sun, 11-May-2008 13:51:17 GMT",http
80,tcp,phsid=A%2Fxesybc4bypb74dlgojdgw2edct6osflno25h2fw7,http
80,tcp,"RMID=36c12633607cf7a0; expires=Thu, 31-Dec-2020 23:59:59 GMT; path=/; domain=.foo.bar",http
80,tcp,"RoxenUserID=c70fd536bc9e1342ce2a608b10547f88; expires=Wed, 19 Apr 2023 02:44:41 GMT; path=/",http
80,tcp,"_sn=e7139835ca75f921e25c364d4a8fef48; path=/; expires=Mon, 19 Apr 2021 06:06:58 GMT; HttpOnly",http
80,tcp,"NSES40Session=2%253A3e57d375%253Adc59172283a7e72c;path=/;expires=Sat, 22-Feb-2003 20:15:57 GMT",http
80,tcp,_redmine_session=BAh7B0kiD3Nlc3Npb25faWQGOgZFRkkiJWY2MGY5MTJiZjg0NGU1ZmQxZWI2OTViNzAxYjU4NTRiBjsAVEkiEF9jc3JmX3Rva2VuBjsARkkiMW1kV3Z5NDl6eVkwWDl4bFQvMUxSSmxmbjhhaDR1WWxERWUrMFQ4dVcvS0k9BjsARg%3D%3D--ce5f52d49b68e30a7ec34b75bf456d6c79d234d2; path=/; HttpOnly,http
80,tcp,syracuse.sid.8124=8b102bf7-327c-4962-9279-550e72afcaa9; path=/; HttpOnly,http
80,tcp,GX_SESSION_ID=ji7vouPhPt5CAtGF%2BWPMXBrhjjxWZAD9HRNeEEITGCA%3D,http
80,tcp,JROUTE=KbDs; Path=/,http
80,tcp,fe_typo_user=aae725f7dcb8cb5215e64f66d4584cc92; path=/,http
80,tcp,SaneID=10.1.1.223.1618798365976948; path=/; domain=.foo.bar,http
80,tcp,__utmp=2071164266.582676006.3393543082; path=/; domain=.foo.bar,http
80,tcp,vxoaSessionID=s%3A2650cfe1df092fc617d229d6d6b5dbfc.70yKRpb371czAWFkZWXdNfCSNexQvtiVr%2B3Z51YXbIw; Path=/; HttpOnly; Secure,http
80,tcp,vxoaSessionID=s%3A65e39ce7ae15193cb4bb0f812d20105b.qgHrgV4MtPKWeKwBrfynmxZmn5iaegh%2FRP0nV5ntaE8; Path=/; HttpOnly; Secure,http
80,tcp,vxoaSessionID=s%3A7e17300953b68c4713990a01bd00aa2b.5mg3edagZCkddCmWqMXbp4AOEzTVby6K2z2jfhal7Uw; Path=/; HttpOnly; Secure,http
80,tcp,"vgnvisitor=2KM2OM00bZ40000PovANt0Dgn0; path=/; expires=Saturday, 06-Sep-2014 23:50:08 GMT",http
80,tcp,"wgSession=xngFQdcbCap87x6d8qc1YA; path=/; expires=Thu, 17-Apr-2031 02:29:05 GMT",http
80,tcp,"WEBTRENDS_ID=10.247.9.69.1618795409656141; path=/; expires=Tue, 19-Apr-22 01:23:29 GMT; domain=.foo.bar",http
80,tcp,ZM_TEST=true; Secure,http
80,tcp,ZM_LOGIN_CSRF=38ef0bea-a4c3-4f41-9ac3-73d7622f3131; Secure; HttpOnly,http
80,tcp,ZA_SKIN=serenity,http
80,tcp,ZA_TEST=true; Secure,http
80,tcp,"_ZopeId=""91304233A995SVLz3SI""; Path=/",http
80,tcp,portal=2173348032.20480.0000;,http
80,tcp,Compaq-HMMD=0001-c01fffff-487a-394a-aab0-ffffffffffff-ffffffffffffffff; path=/,http
80,tcp,Compaq-HMMD=0001-c01fffff-487a-394a-aab0-ffffffffffff-ffffffffffffffff; path=/; Secure,http
80,tcp,MoodleSession=uohhsgcain708q5l4gqcmmb5s2; path=/,http
80,tcp,_arachni_webui_session=el2MMEVVcld3Q2dBc3UvSmtQYmlPckpxSE2CMmlwd1Nja2lvUk5tRG5XYTlnRHJuVVVTblVNMTBOdGhrUU02dzC0K1I0Mnk3d1I3SUlCcngwQkliV3Y5VDBnVVZkOWJsS0VGSlYwM1RGMlVzVDNKcXlrdFNQZ0lIM1VBN3RDZFIrZTBrdjZmdSt0YnV2djh1RFE0S1czUmZQcGxNNW9UWVQydXFCZmNHZDRmTlg4cWludE5SUDRYU2JwdWw4Qmk3dEpDV3ZBejRkbU9ueFJKN,http
80,tcp,unraid_2e9e9f79999999999999999999r9b999=c5599999999999999999999999999e38; path=/; HttpOnly; SameSite=Lax,http
80,tcp,laravel_session=eyJpdiI6IjZmcXM4SXZqNVQxY2U2UDVEb1V0SFE9PSIsInZhbHVlIjoiQlRUYXk2WEsxUkZmVU5lRXpBTlZkUURkUnphR0RGMTdaRDkxWHFLVGhtaUZwM0plaWR2aVMyeVQ5MmFzNlVFczVQUExpeDdhUUZveVlCOVUxMVA4dHp6ZUQrK0t3KzBUaVlxb2o4WUxleE1rb29GTlozZWF6cXpUUTRnNFpJTHUiLCJtYWMiOiI3ZGNhNzhmOGRmMWFmZmE5ZjFiYjQ5ODBlNGEwMjgzZWNi,http
80,tcp,phpMyAdmin=28600e9ff9772c871dacec70f9c5edaa; path=/; HttpOnly,http
80,tcp,adminer_sid=6580f6449f9572f817ec99600bc619d2; path=/; HttpOnly,http
80,tcp,adminer_key=b8eebd6de0deabc8b30c26a67e01c5b9; path=/; HttpOnly; SameSite=lax,http
80,tcp,mongo-express=s%3A1qAVXDHaoFE5J0G4wkYKfyjuv6_0Zd9E.l2DGc0YAb7MJQfUleYVEla5i79pbkhDYVayvCEPFCDc; Path=/; HttpOnly,http
80,tcp,JSESSIONIDADMP=3A92A25349FECF56B7D7D6FF915545B5; Path=/; HttpOnly,http
80,tcp,admpcsrf=f5fe4a87-0365-4d04-a8e2-87b3c640092e;path=/;priority=high,http
80,tcp,JSESSIONIDADAP=BB472B7AD767571D913190056ED594CB; Path=/; HttpOnly,http
80,tcp,adapcsrf=97fcd4a1-078f-487b-bd73-ca492ef05121;path=/;priority=high,http
80,tcp,JSESSIONIDADSSP=A7FECBD71C67184E929AF80715C29C20; Path=/; Secure; HttpOnly,http
80,tcp,adscsrf=cffff6b5-bd68-4c35-92ef-e45127e68289;path=/;priority=high,http
80,tcp,ad360csrf=03c99789-515c-4aa9-8823-7e2e8e8b3026;path=/;SameSite=None;Secure;priority=high,http
80,tcp,ZROPJSESSIONID=FECE4724AC1990DBCC45DD3DA6CB3002; Path=/; Secure; HttpOnly,http
80,tcp,"dmid=dcd46b93-54ab-4a43-a023-99154f879c3e; Max-Age=153792000; Expires=Thu, 18-Mar-2027 21:28:37 GMT; Path=/; HttpOnly; SameSite=Strict",http
80,tcp,opvc=9e6302af-896a-40ae-a330-22655ee22c5f; Path=/; HttpOnly; SameSite=Strict,http
80,tcp,"sitevisitscookie=1; Max-Age=153792000; Expires=Thu, 18-Mar-2027 21:28:37 GMT; Path=/; HttpOnly; SameSite=Strict",http
80,tcp,qdPM8=57d23588bfe525e24760bf4c73b10759; path=/,http
80,tcp,cloudpanel=9rs2cohqs9bfq5fch54j2m5eje; path=/; secure; httponly; samesite=lax,http
80,tcp,cwpsrv-5df9a64aa14f59216453d6f07164a7f1=aq0jsl5muvuli7cif5p9ut7dtm; path=/,http
80,tcp,FileRunSID=966e9a0441b5fea1a72af53b1a6adc8f; path=/; HttpOnly,http
80,tcp,DMZCookieTest=ifyoucanreadthisyourbrowsersupportscookies; path=/,http
80,tcp,"MIDMZLang=en; expires=Fri, 30-May-2025 05:08:54 GMT; path=/",http
80,tcp,"siLockLongTermInstID=1337; expires=Fri, 30-May-2025 05:08:54 GMT; path=/",http
80,tcp,roundcube_sessid=bdd66fb23fa3ce907a1e792475273145; path=/; HttpOnly,http
80,tcp,JSESSIONID=6ooov35i4l3n36qtaf8csvg0;Path=/,http
80,tcp,jsessionid=6nkp66iogcdc92720%2Dc6e4%2D4989%2Db7b2%2D5021624cfdff;Path=/;secure,http
80,tcp,JSESSIONID.c00a9623=v216643eijh19p9duve5srgf;Path=/;HttpOnly,http
80,tcp,sessionId=7dba3249cfcd4b59854055311099a294; path=/;,http
80,tcp,_session_id=7fe933db0fea13e9c872103ba2d142db; path=/; HttpOnly,http
80,tcp,sessionId =0VrS6Ro6uC5QPXKgNdqGvyUgUFtUOVwv6OWAEWcWQ3jLRtAk2TVAgAApN9yTWVz;postId=; path=/;,http
80,tcp,_session_id=18b3e173aa11db0533fd01752e81f583; path=/; HttpOnly,http
80,tcp,"sid=sfd10bf73-654458f687aa3c68b3874915f651e0ca;path=/;""",http
3306,tcp,osxvers=22,mdns
3306,tcp,osxvers=21,mdns
3306,tcp,osxvers=20,mdns
3306,tcp,osxvers=19,mdns
3306,tcp,osxvers=18,mdns
3306,tcp,osxvers=17,mdns
3306,tcp,osxvers=16,mdns
3306,tcp,osxvers=15,mdns
3306,tcp,osxvers=14,mdns
3306,tcp,osxvers=13,mdns
3306,tcp,osxvers=12,mdns
3306,tcp,osxvers=11,mdns
3306,tcp,osxvers=10,mdns
3306,tcp,osxvers=9,mdns
3306,tcp,osxvers=8,mdns
3306,tcp,osxvers=7,mdns
3306,tcp,osxvers=6,mdns
3306,tcp,osxvers=5,mdns
3306,tcp,osxvers=4,mdns
3306,tcp,model=AirPort4,mdns
3306,tcp,"model=AirPort4,104",mdns
3306,tcp,"model=AirPort4,107",mdns
3306,tcp,model=AirPort,mdns
3306,tcp,model=AirPort5,mdns
3306,tcp,"model=AirPort5,104",mdns
3306,tcp,"model=AirPort5,117",mdns
3306,tcp,model=AirPort6,mdns
3306,tcp,"model=AirPort6,106",mdns
3306,tcp,model=TimeCapsule,mdns
3306,tcp,model=TimeCapsule6,mdns
3306,tcp,"model=TimeCapsule6,109",mdns
3306,tcp,"model=TimeCapsule6,116",mdns
3306,tcp,"model=MacBookPro18,3",mdns
3306,tcp,"model=MacBookPro17,1",mdns
3306,tcp,"model=MacBookPro16,1",mdns
3306,tcp,"model=MacBookPro16,2",mdns
3306,tcp,"model=MacBookPro16,3",mdns
3306,tcp,"model=MacBookPro15,4",mdns
3306,tcp,"model=MacBookPro15,3",mdns
3306,tcp,"model=MacBookPro15,2",mdns
3306,tcp,"model=MacBookPro15,1",mdns
3306,tcp,"model=MacBookPro14,3",mdns
3306,tcp,"model=MacBookPro14,2",mdns
3306,tcp,"model=MacBookPro14,1",mdns
3306,tcp,"model=MacBookPro13,3",mdns
3306,tcp,"model=MacBookPro13,2",mdns
3306,tcp,"model=MacBookPro13,1",mdns
3306,tcp,"model=MacBookPro12,1",mdns
3306,tcp,"model=MacBookPro11,4",mdns
3306,tcp,"model=MacBookPro11,5",mdns
3306,tcp,"model=MacBookPro11,3",mdns
3306,tcp,"model=MacBookPro11,2",mdns
3306,tcp,"model=MacBookPro11,1",mdns
3306,tcp,"model=MacBookPro10,2",mdns
3306,tcp,"model=MacBookPro10,1",mdns
3306,tcp,"model=MacBookPro9,2",mdns
3306,tcp,"model=MacBookPro9,1",mdns
3306,tcp,"model=MacBookPro8,3",mdns
3306,tcp,"model=MacBookPro8,2",mdns
3306,tcp,"model=MacBookPro8,1",mdns
3306,tcp,"model=MacBookPro7,1",mdns
3306,tcp,"model=MacBookPro6,2",mdns
3306,tcp,"model=MacBookPro6,1",mdns
3306,tcp,"model=MacBookPro5,5",mdns
3306,tcp,"model=MacBookPro5,3",mdns
3306,tcp,"model=MacBookPro5,2",mdns
3306,tcp,"model=MacBookPro5,1",mdns
3306,tcp,"model=MacBookPro4,1",mdns
3306,tcp,"model=MacBook10,1",mdns
3306,tcp,"model=MacBook9,1",mdns
3306,tcp,"model=MacBook8,1",mdns
3306,tcp,"model=MacBook7,1",mdns
3306,tcp,"model=MacBookAir10,1",mdns
3306,tcp,"model=MacBookAir9,1",mdns
3306,tcp,"model=MacBookAir8,2",mdns
3306,tcp,"model=MacBookAir8,1",mdns
3306,tcp,"model=MacBookAir7,2",mdns
3306,tcp,"model=MacBookAir7,1",mdns
3306,tcp,"model=MacBookAir6,2",mdns
3306,tcp,"model=MacBookAir6,1",mdns
3306,tcp,"model=MacBookAir5,2",mdns
3306,tcp,"model=MacBookAir5,1",mdns
3306,tcp,"model=MacBookAir4,2",mdns
3306,tcp,"model=MacBookAir4,1",mdns
3306,tcp,"model=MacBookAir3,2",mdns
3306,tcp,"model=MacBookAir3,1",mdns
3306,tcp,"model=MacBookAir2,1",mdns
3306,tcp,"model=Macmini9,1",mdns
3306,tcp,"model=Macmini8,1",mdns
3306,tcp,"model=Macmini7,1",mdns
3306,tcp,"model=Macmini6,2",mdns
3306,tcp,"model=Macmini6,1",mdns
3306,tcp,"model=Macmini5,1",mdns
3306,tcp,"model=Macmini4,1",mdns
3306,tcp,"model=Macmini3,1",mdns
3306,tcp,"model=Macmini2,1",mdns
3306,tcp,"model=MacPro7,1",mdns
3306,tcp,"model=MacPro6,1",mdns
3306,tcp,"model=MacPro5,1",mdns
3306,tcp,"model=MacPro4,1",mdns
3306,tcp,"model=MacPro3,1",mdns
3306,tcp,"model=MacPro2,1",mdns
3306,tcp,"model=MacPro1,1",mdns
3306,tcp,model=MacPro,mdns
3306,tcp,"model=Xserve3,1",mdns
3306,tcp,"model=Xserve2,1",mdns
3306,tcp,"model=Xserve1,1",mdns
3306,tcp,"model=RackMac3,1",mdns
3306,tcp,"model=RackMac1,2",mdns
3306,tcp,"model=RackMac1,1",mdns
3306,tcp,"model=iMac21,2",mdns
3306,tcp,model=J457AP,mdns
3306,tcp,"model=iMac21,1",mdns
3306,tcp,model=J456AP,mdns
3306,tcp,"model=iMac20,1",mdns
3306,tcp,"model=iMac19,1",mdns
3306,tcp,"model=iMac19,2",mdns
3306,tcp,"model=iMacPro1,1",mdns
3306,tcp,"model=iMac18,3",mdns
3306,tcp,"model=iMac18,2",mdns
3306,tcp,"model=iMac18,1",mdns
3306,tcp,"model=iMac17,1",mdns
3306,tcp,"model=iMac16,2",mdns
3306,tcp,"model=iMac16,1",mdns
3306,tcp,"model=iMac15,1",mdns
3306,tcp,"model=iMac14,4",mdns
3306,tcp,"model=iMac14,2",mdns
3306,tcp,"model=iMac14,1",mdns
3306,tcp,"model=iMac13,2",mdns
3306,tcp,"model=iMac13,1",mdns
3306,tcp,"model=iMac12,2",mdns
3306,tcp,"model=iMac12,1",mdns
3306,tcp,"model=iMac11,3",mdns
3306,tcp,"model=iMac11,2",mdns
3306,tcp,"model=iMac11,1",mdns
3306,tcp,"model=iMac10,1",mdns
3306,tcp,"model=iMac9,1",mdns
3306,tcp,"model=iMac8,1",mdns
3306,tcp,model=J420AP,mdns
3306,tcp,model=J421AP,mdns
3306,tcp,"model=iPad8,11",mdns
3306,tcp,model=J417AP,mdns
3306,tcp,"model=iPad8,10",mdns
3306,tcp,model=J517AP,mdns
3306,tcp,model=J517xAP,mdns
3306,tcp,model=J518AP,mdns
3306,tcp,model=J518xAP,mdns
3306,tcp,"model=iPad13,4",mdns
3306,tcp,"model=iPad13,5",mdns
3306,tcp,"model=iPad13,6",mdns
3306,tcp,"model=iPad13,7",mdns
3306,tcp,model=J320AP,mdns
3306,tcp,model=J321xAP,mdns
3306,tcp,"model=iPad8,5",mdns
3306,tcp,model=J317AP,mdns
3306,tcp,model=J318xAP,mdns
3306,tcp,"model=iPad8,1",mdns
3306,tcp,model=J207AP,mdns
3306,tcp,model=J208AP,mdns
3306,tcp,model=J127AP,mdns
3306,tcp,model=J120AP,mdns
3306,tcp,model=J121AP,mdns
3306,tcp,model=J98aAP,mdns
3306,tcp,model=J99aAP,mdns
3306,tcp,model=J181AP,mdns
3306,tcp,model=J182AP,mdns
3306,tcp,"model=iPad12,1",mdns
3306,tcp,"model=iPad12,2",mdns
3306,tcp,model=J172aAP,mdns
3306,tcp,model=J171aAP,mdns
3306,tcp,"model=iPad11,6",mdns
3306,tcp,"model=iPad11,7",mdns
3306,tcp,model=J171AP,mdns
3306,tcp,model=J172AP,mdns
3306,tcp,"model=iPad7,11",mdns
3306,tcp,"model=iPad7,12",mdns
3306,tcp,model=J72bAP,mdns
3306,tcp,model=J71bAP,mdns
3306,tcp,"model=iPad7,5",mdns
3306,tcp,model=J71tAP,mdns
3306,tcp,model=J71sAP,mdns
3306,tcp,"model=iPad6,11",mdns
3306,tcp,model=P103AP,mdns
3306,tcp,model=J307AP,mdns
3306,tcp,model=J308AP,mdns
3306,tcp,"model=iPad13,1",mdns
3306,tcp,"model=iPad13,2",mdns
3306,tcp,model=J218AP,mdns
3306,tcp,model=J81AP,mdns
3306,tcp,"model=iPad5,3",mdns
3306,tcp,model=J72AP,mdns
3306,tcp,model=J310AP,mdns
3306,tcp,model=J311AP,mdns
3306,tcp,"model=iPad14,1",mdns
3306,tcp,"model=iPad14,2",mdns
3306,tcp,model=J210AP,mdns
3306,tcp,model=J97AP,mdns
3306,tcp,"model=iPad5,2",mdns
3306,tcp,model=J87mAP,mdns
3306,tcp,"model=iPad4,9",mdns
3306,tcp,model=J85AP,mdns
3306,tcp,model=P105AP,mdns
3306,tcp,model=B520AP,mdns
3306,tcp,"model=AudioAccessory5,1",mdns
3306,tcp,model=B238aAP,mdns
3306,tcp,model=B238AP,mdns
3306,tcp,"model=AudioAccessory1,1",mdns
3306,tcp,"model=AudioAccessory1,2",mdns
3306,tcp,model=J305AP,mdns
3306,tcp,"model=AppleTV11,1",mdns
3306,tcp,model=J105aAP,mdns
3306,tcp,"model=AppleTV6,2",mdns
3306,tcp,model=J42dAP,mdns
3306,tcp,"model=AppleTV5,3",mdns
3306,tcp,model=J33IAP,mdns
3306,tcp,model=J33iAP,mdns
3306,tcp,model=J33AP,mdns
3306,tcp,"model=AppleTV3,2",mdns
3306,tcp,"model=AppleTV3,1",mdns
3306,tcp,model=K66AP,mdns
3306,tcp,"model=AppleTV2,1",mdns
3306,tcp,model=D64AP,mdns
3306,tcp,"model=iPhone14,3",mdns
3306,tcp,model=D63AP,mdns
3306,tcp,"model=iPhone14,2",mdns
3306,tcp,model=D16AP,mdns
3306,tcp,"model=iPhone14,4",mdns
3306,tcp,model=D17AP,mdns
3306,tcp,"model=iPhone14,5",mdns
3306,tcp,model=D79AP,mdns
3306,tcp,"model=iPhone12,8",mdns
3306,tcp,model=D54pAP,mdns
3306,tcp,"model=iPhone13,4",mdns
3306,tcp,model=D53pAP,mdns
3306,tcp,"model=iPhone13,3",mdns
3306,tcp,model=D53gAP,mdns
3306,tcp,"model=iPhone13,2",mdns
3306,tcp,model=D52gAP,mdns
3306,tcp,model=D52AP,mdns
3306,tcp,"model=Phone13,1",mdns
3306,tcp,model=D431pAP,mdns
3306,tcp,model=D431AP,mdns
3306,tcp,"model=iPhone12,5",mdns
3306,tcp,model=D421pAP,mdns
3306,tcp,model=D421AP,mdns
3306,tcp,"model=iPhone12,3",mdns
3306,tcp,model=N104AP,mdns
3306,tcp,"model=iPhone12,1",mdns
3306,tcp,model=D331pAP,mdns
3306,tcp,model=D331AP,mdns
3306,tcp,"model=iPhone11,6",mdns
3306,tcp,"model=iPhone11,4",mdns
3306,tcp,model=D321AP,mdns
3306,tcp,"model=iPhone11,2",mdns
3306,tcp,model=N841AP,mdns
3306,tcp,"model=iPhone11,8",mdns
3306,tcp,model=D221AP,mdns
3306,tcp,model=D22AP,mdns
3306,tcp,"model=iPhone10,6",mdns
3306,tcp,"model=iPhone10,3",mdns
3306,tcp,model=D21AP,mdns
3306,tcp,model=D21AAP,mdns
3306,tcp,model=D211AP,mdns
3306,tcp,model=D211AAP,mdns
3306,tcp,"model=iPhone10,2",mdns
3306,tcp,"model=iPhone10,5",mdns
3306,tcp,model=D20AP,mdns
3306,tcp,model=D20AAP,mdns
3306,tcp,model=D201AP,mdns
3306,tcp,model=D201AAP,mdns
3306,tcp,"model=iPhone10,1",mdns
3306,tcp,"model=iPhone10,4",mdns
3306,tcp,model=D11AP,mdns
3306,tcp,model=D111AP,mdns
3306,tcp,"model=iPhone9,2",mdns
3306,tcp,"model=iPhone9,4",mdns
3306,tcp,model=D10AP,mdns
3306,tcp,model=D101AP,mdns
3306,tcp,"model=iPhone9,3",mdns
3306,tcp,model=N69AP,mdns
3306,tcp,model=N69uAP,mdns
3306,tcp,model=N66mAP,mdns
3306,tcp,model=N66AP,mdns
3306,tcp,model=N71mAP,mdns
3306,tcp,model=N71AP,mdns
3306,tcp,model=N56AP,mdns
3306,tcp,model=N61AP,mdns
3306,tcp,model=N51AP,mdns
3306,tcp,model=N53AP,mdns
3306,tcp,model=N48AP,mdns
3306,tcp,model=N49AP,mdns
3306,tcp,model=N41AP,mdns
3306,tcp,model=N42AP,mdns
3306,tcp,model=N94AP,mdns
3306,tcp,model=N90AP,mdns
3306,tcp,model=N90BAP,mdns
3306,tcp,model=N92AP,mdns
3306,tcp,model=N88AP,mdns
3306,tcp,model=N82AP,mdns
3306,tcp,model=M68AP,mdns
3306,tcp,model=N112AP,mdns
3306,tcp,"model=iPod9,1",mdns
3306,tcp,model=N102AP,mdns
3306,tcp,model=N78AP,mdns
3306,tcp,model=N78aAP,mdns
3306,tcp,"model=iPod5,1",mdns
3306,tcp,model=N81AP,mdns
3306,tcp,"model=iPod4,1",mdns
3306,tcp,model=N18AP,mdns
3306,tcp,"model=iPod3,1",mdns
3306,tcp,model=N72AP,mdns
3306,tcp,"model=iPod2,1",mdns
3306,tcp,model=N45AP,mdns
3306,tcp,"model=iPod1,1",mdns
3306,tcp,550 EXPN not available to (foo.bar.com) [192.168.0.1],smtp
3306,tcp,550 EXPN not available to evil.com (foo.bar.com) [192.168.0.1],smtp
3306,tcp,550 lists are confidential,smtp
3306,tcp,502 command is not active,smtp
3306,tcp,550 Unable to find list 'list'.,smtp
80,tcp,5.0.5,http
3306,tcp,Samba 3.0.28a-apple,smb
3306,tcp,Samba 3.0.25b-apple,smb
3306,tcp,Samba 3.0.24,smb
3306,tcp,Samba 3.0.28a,smb
3306,tcp,Samba 3.0.32-0.2-2210-SUSE-SL10.3,smb
3306,tcp,Samba 3.6.3,smb
3306,tcp,Samba 3.6.6,smb
3306,tcp,Samba 3.6.9-151.el6_4.1,smb
3306,tcp,Samba Samba for GuardianOS v4.3.007.200609131215,smb
3306,tcp,Samba Samba for GuardianOS v5.0.133.200807301131,smb
3306,tcp,Samba for GuardianOS v.7.7.220,smb
3306,tcp,Netreon LANMAN 1.0,smb
3306,tcp,MikrotikSMB,smb
3306,tcp,NQ 7.3,smb
3306,tcp,NQ 4.32,smb
3306,tcp,YNQ 1.2.1,smb
3306,tcp,Linux claw 3.11.0-15-generic #23-Ubuntu SMP Mon Dec 9 18:17:04 UTC 2013 x86_64 x86_64 x86_64 GNU/Linux,architecture
3306,tcp,Linux bob 3.2.0-1-generic #3-Ubuntu SMP Wed Dec 11 19:12:55 UTC 2013 i686 i686 i686 GNU/Linux,architecture
3306,tcp,PowerPC,architecture
3306,tcp,POWER,architecture
3306,tcp,SPARC,architecture
3306,tcp,sparc,architecture
3306,tcp,MIPS,architecture
3306,tcp,mips,architecture
3306,tcp,arm64,architecture
3306,tcp,ARM64,architecture
3306,tcp,aarch64,architecture
3306,tcp,AARCH64,architecture
3306,tcp,Cisco-SIPGateway/IOS-12.x,sip
3306,tcp,Cisco-SIPGateway/IOS-15.2.4.M3,sip
3306,tcp,Cisco-SIPGateway/IOS-15.2.2.T1,sip
3306,tcp,Cisco-SIPGateway/IOS-15.2.3.T,sip
3306,tcp,Cisco-SIPGateway/IOS-15.4.3.S5,sip
3306,tcp,Cisco-SIPGateway/IOS-15.6.3.M0a,sip
3306,tcp,Cisco-SIPGateway/IOS-16.3.6,sip
3306,tcp,Cisco-CP7960G/8.0,sip
3306,tcp,Cisco-CP7912/8.0.1-060412A,sip
3306,tcp,Cisco-CP-7821-3PCC/11.0.0,sip
3306,tcp,Cisco-CP-6841-3PCC/11.1.1 (00727826a4e1) (sip68xx.11-1-1MPP-897.loads),sip
3306,tcp,Linksys/RT31P2-3.1.9(LId),sip
3306,tcp,Linksys/RT31P2-3.1.6(LI),sip
3306,tcp,001310E72B51 Linksys/RT31P2-3.1.6(LI),sip
3306,tcp,Cisco/SPA122-1.3.5(004p),sip
3306,tcp,Cisco/SPA122-1.3.5(004p)_BestGo,sip
3306,tcp,Cisco/SPA112-1.4.1SR1(002)d-hisec,sip
3306,tcp,PhoneSystems.net aabbccddeeff Linksys/SPA922-6.1.5(a),sip
3306,tcp,Cisco/SPA232D-1.4.1(002_282),sip
3306,tcp,Cisco/SPA504G-7.5.2,sip
3306,tcp,Cisco/SPA525G2-7.6.1,sip
3306,tcp,Linksys/SPA922-6.1.5,sip
3306,tcp,PhoneSystems.net aabbccddeeff Linksys/PAP2-3.1.22(LS),sip
3306,tcp,aabbccddeeff Linksys/PAP2-3.1.9(LSc),sip
3306,tcp,Linksys PAP2T/3.52.12X,sip
3306,tcp,iLinksys/PAP2-2.0.10(LSb),sip
3306,tcp,Linksys/PAP2T-3.1.16(LS),sip
3306,tcp,Cisco/SRP541-1.2.6(003),sip
3306,tcp,Cisco/SRP527-1.02.03(002),sip
3306,tcp,aabbccddeeff_FinalStage_Linksys/WRP400-2.00.26,sip
3306,tcp,Linksys/WRP200-1.01.08,sip
3306,tcp,Linksys/WRP400-1.00.05B2,sip
3306,tcp,TANDBERG/528 (X7.3.7.01c84fd) Cisco-EX60,sip
3306,tcp,TANDBERG/4137 (X12.5.2 (TEST SW)),sip
3306,tcp,TANDBERG/4130 (X8.2.1),sip
3306,tcp,TANDBERG/529 (ce9.15.0.d97b604b745) Cisco-RoomKit,sip
3306,tcp,TANDBERG/529 (ce9.15.0.d97b604b745),sip
3306,tcp,TANDBERG/519 (TC7.0.2.aecf2d9),sip
3306,tcp,TANDBERG/516 (TC5.1.4.295090),sip
3306,tcp,TANDBERG/517 (TCNC5.1.4.295090),sip
3306,tcp,TANDBERG/517 (TE4.2.0.259927),sip
3306,tcp,TANDBERG/517 (F9.1),sip
3306,tcp,TANDBERG/517 (2.3(1.31)) Cisco-RoomKit,sip
3306,tcp,TANDBERG/517 (6.0(.5)(6)),sip
3306,tcp,TANDBERG/517 (2.3.1.31) RoomKit,sip
3306,tcp,TANDBERG/4353 (XC2.2.1-b2bua-1.0),sip
3306,tcp,NEC SL2100/2.1,sip
3306,tcp,NEC Aspire WX 02.00.00,sip
3306,tcp,NEC Aspire UX 08.00.00/2.1,sip
3306,tcp,NEC SV9100-NA 08.00.65/2.1,sip
3306,tcp,NEC SV9100-GE 09.00.60/2.1,sip
3306,tcp,NEC SV8100-GE 08.00.65/2.1,sip
3306,tcp,NEC-i SV8100-NA 09.50/2.1,sip
3306,tcp,NEC SV8100-NA 10.12/2.1,sip
3306,tcp,Grandstream UCM6208V1.4A 1.0.16.20,sip
3306,tcp,Grandstream UCM6204V1.4A 1.0.15.16,sip
3306,tcp,Grandstream UCM6202V1.4A 1.0.15.16,sip
3306,tcp,Grandstream UCM6102V1.5A 1.0.6.10,sip
3306,tcp,Grandstream UCM6302V1.2B 1.0.3.10,sip
3306,tcp,Grandstream UCM6510V1.4B 1.0.14.23,sip
3306,tcp,EnGenius_Router,sip
3306,tcp,Huawei SoftX3000 V300R006,sip
3306,tcp,SIP/1.0 (Huawei),sip
3306,tcp,M5T SIP Stack/4.1.2.2,sip
3306,tcp,M5T SIP-UA SAFE/v3.6.4.8,sip
3306,tcp,M5T SIP Stack/4.1.2.2alliu,sip
3306,tcp,Tilgin Vood HG238x_ESx000-02_07_03_26,sip
3306,tcp,Tilgin Vood HG27xx,sip
3306,tcp,Tilgin Vood 452W_S_3_4_2_RC_2,sip
3306,tcp,F620/V3.30.20P5T4S,sip
3306,tcp,F660/V2.22.21P1T14S,sip
3306,tcp,F668/VT2.30.22P1T9,sip
3306,tcp,ZXDSL 931VII/V2.0.00.OTET06,sip
3306,tcp,ZXHN H218N/V1.02.01_ERS,sip
3306,tcp,ZXHN H367N/V1.0.4,sip
3306,tcp,ZXHN H218N/V1.02.01,sip
3306,tcp,ZXHN H208N/V1.0.2T02,sip
3306,tcp,H368N/V1.10.00T10,sip
3306,tcp,Aastra 6865i/4.2.0.2023,sip
3306,tcp,Audiocodes-Sip-Gateway-MP-124 FXS/v.6.00A.034.003,sip
3306,tcp,MP-124 FXS/v.6.60A.342.003,sip
3306,tcp,MP-114 FXS_FXO/v.6.60A.241.010,sip
3306,tcp,Wildix GW-5.0.3.42145,sip
3306,tcp,Wildix GW 20201008.1~a2e84be1,sip
3306,tcp,Wildix GW,sip
3306,tcp,PBX-IP Media Gateway/2.1,sip
3306,tcp,Asterisk PBX 13.18.0-6.7.1.1.rl.1538157944.1c65507,sip
3306,tcp,Asterisk PBX 16.2.1~dfsg-1,sip
3306,tcp,Asterisk PBX,sip
3306,tcp,FPBX-12.0.70(11.20.0),sip
3306,tcp,FPBX-2.11.0(11.20.0),sip
3306,tcp,kamailio (4.4.4 (x86_64/linux)),sip
3306,tcp,Kamailio (1.5.2-notls (i386/linux)),sip
3306,tcp,OpenSIPS (1.7.2-notls (x86_64/linux)),sip
3306,tcp,OpenSIPS (1.11.11-tls (x86_64/linux)),sip
3306,tcp,OpenSIPS (2.2.7 (x86_64/linux)),sip
3306,tcp,OpenSIPS (1.8.2-notls (i386/linux)),sip
3306,tcp,OpenSIPS (1.11.3-tls (i386/linux)),sip
3306,tcp,OpenSIPS (2.3.3 (i386/linux)),sip
3306,tcp,OpenSIPS (2.2.2 (arm/linux)),sip
3306,tcp,OpenSIPS (1.6.0-notls (armv4tl/linux)),sip
3306,tcp,OpenSIPS (1.11.5-tls (armv7l/linux)),sip
3306,tcp,OpenSER (1.3.2-notls (sh4/linux)),sip
3306,tcp,OpenSer (1.1.0-notls (x86_64/linux)),sip
3306,tcp,OpenSER (1.3.0-notls (i386/linux)),sip
3306,tcp,OpenSER (1.3.2-tls (arm/linux)),sip
3306,tcp,Algo-8186/1.7,sip
3306,tcp,Ingate-Firewall/5.0.10,sip
3306,tcp,SIParator/6.0.4,sip
3306,tcp,CommuniGatePro/6.2.14,sip
3306,tcp,CommuniGatePro/6.3c1m,sip
3306,tcp,STARFACE PBX,sip
3306,tcp,FortiVoice-200D,sip
3306,tcp,FortiVoice-VM-Azure,sip
3306,tcp,FortiVoice-1000E,sip
3306,tcp,Freeswitch 2.0.0,sip
3306,tcp,OpenStage_40_V3 R5.13.0      SIP  190111,sip
3306,tcp,Desk_Phone_IP_CP200_V1 R6.14.0      SIP  190802,sip
3306,tcp,Desk_Phone_IP_CP400_V1 R6.14.0      SIP  190802,sip
3306,tcp,Desk_Phone_IP_CP600_V1 R6.14.0      SIP  190802,sip
3306,tcp,Eltex ESR-12V,sip
3306,tcp,PolycomVVX-VVX_350-UA/5.8.0.13337,sip
3306,tcp,PolycomVVX-VVX_400-UA/4.1.4.7430_010203040506,sip
3306,tcp,Polycom/5.5.0.23866 PolycomVVX-VVX_501-UA/5.5.0.23866,sip
3306,tcp,PolycomSoundPointIP-SPIP_670-UA/4.0.7.2514,sip
3306,tcp,PolycomSoundStationIP-SSIP_7000-UA/4.0.8.1608,sip
3306,tcp,PolycomRealPresenceTrio-Trio_8800-UA/5.4.0.12197,sip
3306,tcp,PolycomRealPresenceTrio-Trio_Visual+-UA/5.7.2.3123,sip
3306,tcp,Polycom/5.4.3.2389 PolycomRealPresenceTrio-Trio_8800-UA/5.4.3.2389,sip
3306,tcp,Polycom/5.4.3.2389 PolycomRealPresenceTrio-Trio_8800-UA/5.4.3.2389_DEADBEEF0000,sip
3306,tcp,301 Moved Permanently,html
3306,tcp,302 Found,html
3306,tcp,400 Bad Request,html
3306,tcp,401 Unauthorized,html
3306,tcp,403 Forbidden,html
3306,tcp,404 Not Found,html
3306,tcp,Not Found,html
3306,tcp,Invalid URL,html
3306,tcp,ERROR: The request could not be satisfied,html
3306,tcp,Microsoft Azure Web App - Error 404,html
3306,tcp,Index of /,html
3306,tcp,Test Page for the Nginx HTTP Server on the Amazon Linux AMI,html
3306,tcp,Test Page for the Nginx HTTP Server on Amazon Linux,html
3306,tcp,Apache HTTP Server Test Page powered by CentOS,html
3306,tcp,Apache2 Debian Default Page: It works,html
3306,tcp,Apache2 Ubuntu Default Page: It works,html
3306,tcp,Sample Home Page for APACHEDFT Server,html
3306,tcp,Apache Tomcat,html
3306,tcp,Apache Tomcat/8.0.32,html
3306,tcp,Apache Tomcat/5.5.29 - Error report,html
3306,tcp,Apache Tomcat/8.0.32 (Ubuntu) - Error report,html
3306,tcp,Apache Tomcat/7.0.56 (Debian) - Error report,html
3306,tcp,AiCloud,html
3306,tcp,DVR Components Download,html
3306,tcp,NETSurveillance WEB,html
3306,tcp,FRITZ!Box,html
3306,tcp,FRITZ!Powerline,html
3306,tcp,FRITZ!WLAN Repeater,html
3306,tcp,FRITZ!Repeater,html
3306,tcp,cPanel Login,html
3306,tcp,WHM Login,html
3306,tcp,Windows CE,html
3306,tcp,IIS7,html
3306,tcp,Microsoft Internet Information Services 8,html
3306,tcp,IIS 7.0 Detailed Error - 401.2 - Unauthorized,html
3306,tcp,IIS 8.0 Detailed Error - 403.14 - Forbidden,html
3306,tcp,IIS 8.5 Detailed Error - 403.14 - Forbidden,html
3306,tcp,IIS Windows,html
3306,tcp,IIS Windows Server,html
3306,tcp,Konsola zarzdzania NETIASPOT,html
3306,tcp,NETIASPOT Management Console,html
3306,tcp,hue personal wireless lighting,html
3306,tcp,LANDesk(R) Management Agent,html
3306,tcp,Plesk 12.0.18,html
3306,tcp,Plesk Onyx 17.5.3,html
3306,tcp,Parallels Plesk 12.0.1,html
3306,tcp,Parallels Plesk Panel 11.5.30,html
3306,tcp,Plesk 12.5.30 for Microsoft Windows,html
3306,tcp,Parallels Plesk Panel 11.5.30 for Microsoft Windows,html
3306,tcp,Default Parallels Plesk Panel Page,html
3306,tcp,Default Parallels Plesk Page,html
3306,tcp,Default PLESK Page,html
3306,tcp,Sage X3,html
3306,tcp,Web Viewer for Samsung DVR,html
3306,tcp,SonicWall - Authentication,html
3306,tcp,SonicWall Universal Management Suite v8.7,html
3306,tcp,Fireware XTM User Authentication,html
3306,tcp,DiskStation&nbsp;-&nbsp;Synology&nbsp;DiskStation,html
3306,tcp,DS218&nbsp;-&nbsp;Synology&nbsp;DiskStation,html
3306,tcp,Hello! Welcome to Synology Web Station!,html
3306,tcp,Hallo! Herzlich Willkommen bei Synology Web Station!,html
3306,tcp,Synology&nbsp;Router&nbsp;-&nbsp;synology,html
3306,tcp,Web Filter Block Override,html
3306,tcp,FortiGate,html
3306,tcp,Ubiquiti Networks,html
3306,tcp,UniFi Security Gateway,html
3306,tcp,Ubiquiti EdgeSwitch,html
3306,tcp,EdgeOS,html
3306,tcp,CloudKey,html
3306,tcp,Cloud Key,html
3306,tcp,airCube,html
3306,tcp,UniFi Video,html
3306,tcp,UniFi NVR: Software Portal,html
3306,tcp,airVision: [NVR] - Software Portal,html
3306,tcp,Welcome to AmpliFi,html
3306,tcp,USG60,html
3306,tcp,USG40,html
3306,tcp,USG20-VPN,html
3306,tcp,RomPager Embedded Web Server Toolkit,html
3306,tcp,Wowza Streaming Engine 4 Subscription Edition 4.7.7.01 build20190222144406,html
3306,tcp,Wowza Streaming Engine 4 Perpetual Pro Edition 4.8.8.01 build20201216140014,html
3306,tcp,RouterOS router configuration page,html
3306,tcp,MikroTik SwOS,html
3306,tcp,Welcome to nginx!,html
3306,tcp,Test Page for the Nginx HTTP Server,html
3306,tcp,Test Page for the Nginx HTTP Server on Fedora,html
3306,tcp,Welcome to nginx on Debian!,html
3306,tcp,Eagle Eye Networks (Local),html
3306,tcp,Web Local Display Unauthorized,html
3306,tcp,NETGEAR ReadyNAS,html
3306,tcp,NETGEAR GS108T,html
3306,tcp,NETGEAR M4100-24G-POE+,html
3306,tcp,NetGear GS748T,html
3306,tcp,NETGEAR Router WNR2000v4,html
3306,tcp,NETGEAR Router R6100,html
3306,tcp,Netgear Prosafe Plus Switch,html
3306,tcp,NETGEAR ProSAFE Plus Switch,html
3306,tcp,Digi One SP&nbsp;Configuration and Management,html
3306,tcp,PortServer TS 4&nbsp;Configuration and Management,html
3306,tcp,PortServer TS 4 H MEI&nbsp;Configuration and Management,html
3306,tcp,WR44v2 (SN: 888111) Configuration and Management,html
3306,tcp,WR21 (SN: 888111) Configuration and Management,html
3306,tcp,TransPort WR44v2 (SN: 888111) Configuration and Management,html
3306,tcp,TransPort WR44RR (SN: 888111) Configuration and Management,html
3306,tcp,TransPort WR44 (SN: 888111) Configuration and Management,html
3306,tcp,Digi TX54-Dual-Cellular - 0040FF100000,html
3306,tcp,Digi Configuration and Management,html
3306,tcp,NPort Web Console,html
3306,tcp,Lantronix SLB882/8824,html
3306,tcp,Lantronix SLB,html
3306,tcp,Lantronix SLC 8048,html
3306,tcp,Lantronix WEB-Manager,html
3306,tcp,KN4140v - Cover,html
3306,tcp,KN4132 - Cover,html
3306,tcp,Ethernet Relay Module,html
3306,tcp,Inveo Lantick Ethernet Relay Controller,html
3306,tcp,XYTRONIX Relay,html
3306,tcp,myUTN-50a Control Center,html
3306,tcp,myUTN Control Center,html
3306,tcp,iCOM Control Board,html
3306,tcp,Sigma Control 2,html
3306,tcp,WebPower,html
3306,tcp,Expert Power Control NET 2x6 - Rack42,html
3306,tcp,Sentry Switched CDU,html
3306,tcp,Emerson Network Power Rack PDU Card,html
3306,tcp,Emerson Network Power IntelliSlot Web Card,html
3306,tcp,Emerson Network Power IntelliSlot Web/485 Card,html
3306,tcp,Vertiv IntelliSlot Web Card,html
3306,tcp,Liebert IntelliSlot Web Card,html
3306,tcp,ConnectUPS Web/SNMP Card,html
3306,tcp,Calient Technologies Inc.,html
3306,tcp,Google Fiber Network Box Diagnostics,html
3306,tcp,ServerView Remote Management iRMC S3 Web Server,html
3306,tcp,ServerView&reg;&nbsp;Remote Management iRMC S4 Web Server Redirecting ...,html
3306,tcp,ServerView Remote Management iRMC S2 Web Server,html
3306,tcp,Cisco UCS KVM Direct,html
3306,tcp,Cisco KVM,html
3306,tcp,Cisco UCS Manager,html
3306,tcp,Cisco Integrated Management Controller,html
3306,tcp,Cisco Integrated Management Controller Login,html
3306,tcp,Cisco Integrated Management Controller WebUI,html
3306,tcp,Cisco IMC Login Page,html
3306,tcp,Cisco Meeting Management,html
3306,tcp,Cisco SON,html
3306,tcp,HPE Virtual Connect Manager,html
3306,tcp,HPE BladeSystem Onboard Administrator,html
3306,tcp,HPE System Management Homepage,html
3306,tcp,HP Integrated Lights-Out,html
3306,tcp,HP Integrated Lights-Out 2,html
3306,tcp,iLO 3,html
3306,tcp,iLO 4,html
3306,tcp,HPE SimpliVity OmniStack,html
3306,tcp,HPE StoreEver MSL3040,html
3306,tcp,Dell OpenManage Switch Administrator,html
3306,tcp,SW1 - ProCurve Switch 4204vl (J8770A),html
3306,tcp,ProCurve Switch 2610-24/12PWR (J9086A),html
3306,tcp,FlexiPacket Hub,html
3306,tcp,R&S Instrument VNC desktop,html
3306,tcp,Rohde & Schwarz remote instrument,html
3306,tcp,Paragon-100G,html
3306,tcp,33521A,html
3306,tcp,34972A,html
3306,tcp,53230A,html
3306,tcp,Agilent 33220A (MY44041111),html
3306,tcp,Agilent N5172B EXG MY44041111,html
3306,tcp,Agilent E5810 (00-30-D3-01-01-01),html
3306,tcp,LXI - Agilent Technologies - N1913A -  EPM Series Power Meter,html
3306,tcp,Polycom - Configuration Utility,html
3306,tcp,Digium Phone Settings,html
3306,tcp,3CX Phone System Management Console,html
3306,tcp,SPA504G Configuration Utility,html
3306,tcp,SPA504G Device Information (SEP0123456789ab),html
3306,tcp,Cisco SPA Configuration,html
3306,tcp,Cisco IP Phone,html
3306,tcp,Cisco IP Camera,html
3306,tcp,Cisco TelePresence MCU - Home page,html
3306,tcp,Cisco TelePresence MCU MSE - Home page,html
3306,tcp,Cisco Nexus 1000V,html
3306,tcp,Cisco Catalyst Switch - Home,html
3306,tcp,Cisco MDS 9000 and Nexus 5000 Management Modules 7.3(1)D1(1),html
3306,tcp,Cisco MDS 9000 and Nexus 5000 Management Modules 6.2(13a),html
3306,tcp,Cisco MDS 9000 Management Modules 3.3(2),html
3306,tcp,Stealthwatch Management Console,html
3306,tcp,Cisco vManage,html
3306,tcp,Login - Cisco DNA Center,html
3306,tcp,Cisco NFVIS,html
3306,tcp,Cisco Enterprise NFVIS,html
3306,tcp,Cisco Systems Login,html
3306,tcp,Cisco ASDM 6.4(7),html
3306,tcp,Duo Access Gateway,html
3306,tcp,Login - Duo Network Gateway,html
3306,tcp,VBrick Rev,html
3306,tcp,LinxVII-5S Remote Access,html
3306,tcp,Datalogic Mobile Portable,html
3306,tcp,AXIS,html
3306,tcp,Hanwha Techwin,html
3306,tcp,WV-NS202A Network Camera,html
3306,tcp,WV-NS954 Network Camera,html
3306,tcp,KACE Systems Management Appliance Service Center,html
3306,tcp,KACE Systems Management Appliance Administrator Console,html
3306,tcp,KACE Systems Deployment Appliance,html
3306,tcp,KACE Remote Site Appliance,html
3306,tcp,K1000 Service Center,html
3306,tcp,Remote Support Portal | Powered by BOMGAR,html
3306,tcp,Customer Support Portal Powered by BOMGAR,html
3306,tcp,XRoads Network Appliance Administration,html
3306,tcp,On Board Remote Management,html
3306,tcp,HD-RX-201-C-E,html
3306,tcp,Lencore Sound Manager 2,html
3306,tcp,Avocent AutoView 3100/3200,html
3306,tcp,Avocent AutoView 3050,html
3306,tcp,Aerohive HiveUI,html
3306,tcp,Ruckus Wireless Admin,html
3306,tcp,CTI 2572-A Main Menu,html
3306,tcp,2572-B Ethernet TCP/IP Module,html
3306,tcp,ECOM100 Main,html
3306,tcp,1794-AENTR FLEX Ethernet Adapter,html
3306,tcp,Anybus-CC EtherNet/IP,html
3306,tcp,Symmetry 2DBC STD APP (EN2DBC_00_EF_4F),html
3306,tcp,1747-L551 Home Page,html
3306,tcp,1747-L551/C Home Page,html
3306,tcp,1747-L552/C Home Page,html
3306,tcp,1766-L32BXB B/11.00,html
3306,tcp,PLC-5 Ethernet Base Page,html
3306,tcp,1761-NET-EN,html
3306,tcp,1761-NET-ENIW,html
3306,tcp,1785-ENET Ethernet Base Page,html
3306,tcp,NFT S7 - DALI-Gateway(Ethernet),html
3306,tcp,IBHLink S7++,html
3306,tcp,S7/S5 OPC Server,html
3306,tcp,Nessus,html
3306,tcp,Tenable Appliance,html
3306,tcp,Welcome to Citrix XenServer 7.2.0,html
3306,tcp,XenServer 6.2.5,html
3306,tcp,Welcome to Citrix Hypervisor 8.2.0,html
3306,tcp,RabbitMQ Management,html
3306,tcp,Statistics Report for HAProxy,html
3306,tcp,Open Manage&trade;,html
3306,tcp,TightVNC desktop [teller01],html
3306,tcp,noVNC,html
3306,tcp,VNC Viewer for Java,html
3306,tcp,Continuous Integrations [Jenkins],html
3306,tcp,Dashboard [Jenkins],html
3306,tcp,Shell In A Box,html
3306,tcp,AgilentLicenseManagerService Service,html
3306,tcp,Red Hat OpenStack Platform Director,html
3306,tcp,Red Hat&reg; OpenStack Director,html
3306,tcp,Login - OpenStack Dashboard,html
3306,tcp,splunkd,html
3306,tcp,VMware Horizon,html
3306,tcp,VMware Horizon View,html
3306,tcp,VMware&nbsp;Horizon,html
3306,tcp,VMware View Portal,html
3306,tcp,Welcome to VMware Site Recovery Manager,html
3306,tcp,""" + ID_VC_Welcome + """,html
3306,tcp,""" + ID_EESX_Welcome + """,html
3306,tcp,""" + ID_Converter_Welcome + """,html
3306,tcp,Graylog Web Interface,html
3306,tcp,Kibana,html
3306,tcp,Elastic Kibana,html
3306,tcp,Grafana,html
3306,tcp,Prometheus Time Series Collection and Processing Server,html
3306,tcp,Symantec Endpoint Protection Manager,html
3306,tcp,Hadoop Administration,html
3306,tcp,ManageEngine OpManager,html
3306,tcp,ManageEngine Desktop Central 9,html
3306,tcp,ADAudit Plus,html
3306,tcp,ManageEngine - ADManager Plus,html
3306,tcp,ManageEngine AssetExplorer,html
3306,tcp,ManageEngine Endpoint Central,html
3306,tcp,ManageEngine PAM360,html
3306,tcp,ManageEngine PasswordManager Pro,html
3306,tcp,ManageEngine Access Manager Plus,html
3306,tcp,ManageEngine ServiceDesk Plus,html
3306,tcp,ManageEngine ServiceDesk Plus - MSP,html
3306,tcp,ManageEngine SupportCenter Plus,html
3306,tcp,ScanFront 220Web Menu,html
3306,tcp,CDVI Update,html
3306,tcp,Liebert OpenComms Network Interface Card,html
3306,tcp,Excella Main Page,html
3306,tcp,B426,html
3306,tcp,Citrix Login,html
3306,tcp,Netscaler Gateway,html
3306,tcp,Citrix NetScaler SDX,html
3306,tcp,Citrix ADC SDX,html
3306,tcp,Citrix NetScaler Insight Center,html
3306,tcp,Brother MFC-L5900DW series,html
3306,tcp,HP LaserJet M1536dnf MFP&nbsp;&nbsp;&nbsp;1.1.1.1,html
3306,tcp,Jamf Pro Login - Jamf Pro v10.14.0-t1563397490,html
3306,tcp,Keyper Systems Administration - Login,html
3306,tcp,FireEye:,html
3306,tcp,GigaVUE-OS,html
3306,tcp,Pure Storage Login,html
3306,tcp,Axonius Cybersecurity Asset Management Platform,html
3306,tcp,CRESTRON,html
3306,tcp,ELAN Viewer Installation,html
3306,tcp,iTach IP2IR Setup and Configuration,html
3306,tcp,AVTECH Device ManageR,html
3306,tcp,"AVTECH Software, Inc. - Room Alert 11E - Advanced Computer Room Environment Monitoring, Alerting &amp; Automatic Corrective Action",html
3306,tcp,"AVTECH Software, Inc. - Room Alert 32E/W - Advanced Computer Room Environment Monitoring, Alerting &amp; Automatic Corrective Action",html
3306,tcp,"AVTECH Software, Inc. - Room Alert&reg; 32E/W - Advanced Computer Room Monitoring, Alerting &amp; Automatic Corrective Action",html
3306,tcp,"AVTECH Software, Inc. - TemPageR 3E - Real-Time Temperature Monitor For IT &amp; Facilities Environment Monitoring",html
3306,tcp,AppDynamics,html
3306,tcp,INDECT - CarDetector Configurator,html
3306,tcp,J-Link Pro Webserver,html
3306,tcp,OneFS,html
3306,tcp,Isilon InsightIQ,html
3306,tcp,Active Intelligence Engine,html
3306,tcp,Welcome to WildFly 11,html
3306,tcp,Welcome to WildFly 8,html
3306,tcp,Welcome to WildFly Application Server 8,html
3306,tcp,Welcome to WildFly,html
3306,tcp,Welcome to JBoss Application Server 7,html
3306,tcp,Welcome to JBoss AS,html
3306,tcp,Welcome to JBoss&trade;,html
3306,tcp,JBoss EAP 7,html
3306,tcp,EAP 7,html
3306,tcp,Welcome to JBoss EAP,html
3306,tcp,S2 Network Node,html
3306,tcp,S2 Netbox Login,html
3306,tcp,Home - NetBox,html
3306,tcp,S2 NetVR Login,html
3306,tcp,IBM HTTP Server,html
3306,tcp,IBM HTTP Server 8.5.5,html
3306,tcp,IBM Tivoli Storage Manager,html
3306,tcp,IBM FlashCopy Manager,html
3306,tcp,Jupyter Notebook,html
3306,tcp,JupyterLab,html
3306,tcp,Home Page - Select or create a notebook,html
3306,tcp,Jupyter Server,html
3306,tcp,JupyterHub,html
3306,tcp,Redirect to userimage: /control/userimage.html,html
3306,tcp,Apache ActiveMQ,html
3306,tcp,Google Wifi,html
3306,tcp,PRTG Network Monitor (WIN-R4C1T8HRRAA),html
3306,tcp,BigCorp PRTG Network Monitor (PRTG2),html
3306,tcp,BrightSign&reg;,html
3306,tcp,BrightSign Applications,html
3306,tcp,Diagnostics Web Server,html
3306,tcp,Linksys Smart Wi-Fi,html
3306,tcp,DD System Manager,html
3306,tcp,System Manager,html
3306,tcp,SonarQube,html
3306,tcp,server01 - Opengear Management Console,html
3306,tcp,Login (Virtual Traffic Manager Appliance :: 10.0.0.1),html
3306,tcp,Chronograf,html
3306,tcp,InfluxDB 2.0,html
3306,tcp,Sign in · GitLab,html
3306,tcp,GitLab is not responding,html
3306,tcp,GitLab,html
3306,tcp,Sign in | GitLab,html
3306,tcp,GitHub Enterprise,html
3306,tcp,Setup GitHub Enterprise,html
3306,tcp,GitHub Enterprise preflight check,html
3306,tcp,SAP NetWeaver Application Server Java,html
3306,tcp,SAP&#x20;NetWeaver&#x20;Portal,html
3306,tcp,Loading Portal...,html
3306,tcp,Lansweeper - Login,html
3306,tcp,Lansweeper First Run Wizard,html
3306,tcp,Celery Flower,html
3306,tcp,Flower,html
3306,tcp,InsightVM Security Console :: Login,html
3306,tcp,VM Security Console :: Login,html
3306,tcp,Nexpose Security Console :: Login,html
3306,tcp,Login Gateway - Kiwi Syslog Web Access,html
3306,tcp,Session Error - Kiwi Syslog Web Access,html
3306,tcp,SolarWinds Orion,html
3306,tcp,ClickShare Configurator,html
3306,tcp,IQA22N IQEYE1A1613: Live Images,html
3306,tcp,IQeye703 IQEYE011750: Live Images,html
3306,tcp,Welcome to Oracle Fusion Middleware,html
3306,tcp,Oracle Secure Global Desktop,html
3306,tcp,Oracle Secure Global Desktop Redirect Page,html
3306,tcp,OTM - Oracle Transportation Management,html
3306,tcp,Bad Oracle Access Manager Request,html
3306,tcp,Oracle Access Manager Operation Error,html
3306,tcp,Oracle(R) Integrated Lights Out Manager,html
3306,tcp,Integrated Lights Out Manager,html
3306,tcp,Genetec - SHARPV01111,html
3306,tcp,Nexus Repository Manager,html
3306,tcp,Apache Flink Web Dashboard,html
3306,tcp,Twonky,html
3306,tcp,Twonky Server,html
3306,tcp,TwonkyMedia,html
3306,tcp,TwonkyMedia server media browser,html
3306,tcp,Spiceworks,html
3306,tcp,Spiceworks Help Desk,html
3306,tcp,Spiceworks Server Busy,html
3306,tcp,Network Monitor,html
3306,tcp,Spirent TestCenter IQ,html
3306,tcp,Spirent TestCenter IQ - Free Preview,html
3306,tcp,Spirent TestCenter IQ - Preview,html
3306,tcp,SABnzbd,html
3306,tcp,SABnzbd - Log in,html
3306,tcp,Zabbix,html
3306,tcp,appliance: Zabbix,html
3306,tcp,SubTerraVia-NUC (build 36104) - Info,html
3306,tcp,DD-WRT (build 35030M) - Info,html
3306,tcp,Apache Druid,html
3306,tcp,Legacy Coordinator Console,html
3306,tcp,Druid Console,html
3306,tcp,Gerrit Code Review,html
3306,tcp,QA-ROBOT3 - Ignition Gateway,html
3306,tcp,Ignition 8.0 Demo Server - Ignition Gateway,html
3306,tcp,Airflow,html
3306,tcp,Airflow - DAGs,html
3306,tcp,Airflow - Login,html
3306,tcp,Cockroach Console,html
3306,tcp,openmediavault control panel - raspberrypi,html
3306,tcp,OpenMediaVault web administration interface - raspberrypi,html
3306,tcp,Log in to TeamCity &mdash; TeamCity,html
3306,tcp,Home - CUPS 2.3.1,html
3306,tcp,RUNDECK ENTERPRISE - Login,html
3306,tcp,Rundeck - Login,html
3306,tcp,CrushFTP WebInterface,html
3306,tcp,OpenEdge Explorer,html
3306,tcp,Consul by HashiCorp,html
3306,tcp,Redmine,html
3306,tcp,Database Offline &middot; Nagios Log Server,html
3306,tcp,Login &bull; Nagios Network Analyzer,html
3306,tcp,Licensing &bull; Nagios Network Analyzer,html
3306,tcp,Zing Vision,html
3306,tcp,Swagger UI,html
3306,tcp,Swagger Editor,html
3306,tcp,Emby,html
3306,tcp,WS - Folding@home Work Server,html
3306,tcp,Welcome to IBM Lotus Sametime,html
3306,tcp,HPE OfficeConnect Switch 1820 24G J9980A,html
3306,tcp,HPE OfficeConnect Switch 1820 8G J9979A,html
3306,tcp,HPE OfficeConnect Switch 1920S 24G 2SFP PoE+ (370W) JL385A,html
3306,tcp,Device42,html
3306,tcp,SolarWinds Virtualization Manager,html
3306,tcp,Gitea: Git with a cup of tea,html
3306,tcp,TurnKey Gitea,html
3306,tcp,LocalRepo,html
3306,tcp,Metasploit,html
3306,tcp,Makito X Decoder,html
3306,tcp,Ceph Dashboard,html
3306,tcp,Ceph,html
3306,tcp,Scrutinizer,html
3306,tcp,Hortonworks SmartSense Tool is loading...,html
3306,tcp,ownCloud,html
3306,tcp,Owncloud,html
3306,tcp,Octopus Deploy,html
3306,tcp,Android Debug Database,html
3306,tcp,RStudio Sign In,html
3306,tcp,TurnKey Moodle,html
3306,tcp,New Site,html
3306,tcp,ArchiveTeam Warrior,html
3306,tcp,Dashboard - Confluence,html
3306,tcp,Log In - Confluence,html
3306,tcp,System Dashboard - Jira,html
3306,tcp,System Dashboard - [Dev Test JIRA],html
3306,tcp,Log in - Bitbucket,html
3306,tcp,Welcome to XAMPP,html
3306,tcp,XAMPP for Linux,html
3306,tcp,Greenbone Security Assistant,html
3306,tcp,Greenbone Security Manager,html
3306,tcp,Jellyseerr,html
3306,tcp,Sign In - Jellyseerr,html
3306,tcp,Kodi,html
3306,tcp,Chorus 2 - Kodi web interface,html
3306,tcp,Drupal,html
3306,tcp,TurnKey Drupal8,html
3306,tcp,TurnKey Drupal7,html
3306,tcp,Select an installation profile,html
3306,tcp,LibreNMS,html
3306,tcp,HDHomeRun Main Menu,html
3306,tcp,Kubernetes Dashboard,html
3306,tcp,SoundTouch Access Point Setup,html
3306,tcp,WS server test page,html
3306,tcp,embedded WS server test page,html
3306,tcp,Pulse Connect Secure - SSL,html
3306,tcp,Jellyfin,html
3306,tcp,hypervisor - Proxmox Virtual Environment,html
3306,tcp,Sony Network Camera,html
3306,tcp,Lifesize&reg;,html
3306,tcp,400 - Bad Request  Lifesize&reg;,html
3306,tcp,AT&amp;T VPN Gateway,html
3306,tcp,AT&amp;T U115: 'Austin-Boston',html
3306,tcp,Symantec Encryption Verified Directory,html
3306,tcp,Symantec Encryption Server - Page Not Found,html
3306,tcp,Symantec Encryption Server - Login,html
3306,tcp,"Riverbed Technology, Inc.",html
3306,tcp,ClearPass - Aruba Networks,html
3306,tcp,MSTR Collab Server,html
3306,tcp,Openfire Admin Console,html
3306,tcp,":: PBX in a Flash, Welcome!",html
3306,tcp,Hak5 Cloud C²,html
3306,tcp,Metabase,html
3306,tcp,Nextcloud,html
3306,tcp,Observium :  - Test infra,html
3306,tcp,Login to Webmin,html
3306,tcp,Login to Usermin,html
3306,tcp,MoinMoinWiki - MoinMoin,html
3306,tcp,ABC123 - BlackBox Management Console,html
3306,tcp,Shelly Color Bulb,html
3306,tcp,Shelly Plug,html
3306,tcp,Shelly Dimmer,html
3306,tcp,Shelly Dimmer 2,html
3306,tcp,Shelly Switch,html
3306,tcp,Shelly RGBW2,html
3306,tcp,Shelly1L,html
3306,tcp,TinyGS Configuration,html
3306,tcp,WLED,html
3306,tcp,Freebox OS :: Identification,html
3306,tcp,Freebox OS,html
3306,tcp,HP UPS Network Module,html
3306,tcp,UniFi Network,html
3306,tcp,Login to AdminDroid Office 365 Reporter,html
3306,tcp,Nanoleaf Firmware Upload,html
3306,tcp,GoGogate - LAN,html
3306,tcp,ASUS Login,html
3306,tcp,GigaBlue Quad Plus - OpenWebif,html
3306,tcp,Barix Instreamer Instreamer,html
3306,tcp,Tracker Display,html
3306,tcp,Polycom DMA 7000,html
3306,tcp,VVX250,html
3306,tcp,OBi200,html
3306,tcp,Alpha Technologies,html
3306,tcp,Network Management Card,html
3306,tcp,UPS Properties,html
3306,tcp,HP Designjet T1200 PostScript - Supplies,html
3306,tcp,Radio Configuration/Diagnostic Utility,html
3306,tcp,Welcome to ntopng,html
3306,tcp,FreeNAS,html
3306,tcp,Xerox Color 570 - 100.100.100.101,html
3306,tcp,Web Smart Switch,html
3306,tcp,Quantum - Scalar i80 Login Screen,html
3306,tcp,Printer Administration,html
3306,tcp,Machine Identification - MX-3071,html
3306,tcp,Remote UI: Login: MF632C/634C: MF632C/634C,html
3306,tcp,Network Video Recorder Login,html
3306,tcp,Evolis Printer,html
3306,tcp,WyzeOutdoorPlug - Main Menu,html
3306,tcp,Aptinex IOT Relay Module - 4 Channel Rev1.1,html
3306,tcp,Diagnoser - Bobcatminer Diagnostic Dashboard,html
3306,tcp,LORIX Manager,html
3306,tcp,ETERNUS,html
3306,tcp,Covenant - Login,html
3306,tcp,Login | CALDERA,html
3306,tcp,phpMyAdmin,html
3306,tcp,phpMyAdmin 2.10.0.2,html
3306,tcp,phpMyAdmin 5.0.0-rc1,html
3306,tcp,phpMyAdmin 5.3.0-dev,html
3306,tcp,10.10.10.10:8080 / db.foo.bar | phpMyAdmin 5.0.4,html
3306,tcp,localhost:8080 / mysql-server | phpMyAdmin 5.3.0-dev+20220208.47252f9cf8,html
3306,tcp,[::ffff:10.10.10.10]:8080 / mysql-server | phpMyAdmin 5.3.0-dev+20220208.47252f9cf8,html
3306,tcp,Login - Adminer,html
3306,tcp,Home - Mongo Express,html
3306,tcp,Solr Admin,html
3306,tcp,Spark Master at spark://spark-master-0.foo.bar:7077,html
3306,tcp,Spark Master at spark://10.10.10.10:7077,html
3306,tcp,Spark Worker at 10.10.10.10:45339,html
3306,tcp,Superset,html
3306,tcp,pfSense - Login,html
3306,tcp,Netgate pfSense Plus - Login,html
3306,tcp,Login | OPNsense,html
3306,tcp,Vigor Login Page,html
3306,tcp,WSO2 API Manager,html
3306,tcp,[Publisher Portal]WSO2 APIM,html
3306,tcp,WSO2 Management Console,html
3306,tcp,WSO2 Enterprise Integrator (WSO2 EI),html
3306,tcp,dotCMS Content Management Platform,html
3306,tcp,Zimbra Web Client Sign In,html
3306,tcp,Zimbra Administration,html
3306,tcp,OpenKM,html
3306,tcp,:: Mayan EDMS,html
3306,tcp,Home :: Mayan EDMS,html
3306,tcp,Papermerge | Log in,html
3306,tcp,Paperless-ng sign in,html
3306,tcp,Paperless-ngx sign in,html
3306,tcp,FileRun :: Login,html
3306,tcp,FileRun :: Installation,html
3306,tcp,FileRun :: Login (powered by FileRun),html
3306,tcp,App Title :: Login (powered by FileRun),html
3306,tcp,SuiteCRM,html
3306,tcp,OpenSearch Dashboards,html
3306,tcp,Supervisor Status,html
3306,tcp,qdPM | Login,html
3306,tcp,qdPM 9.1 Installation,html
3306,tcp,qdPM 9.0 BETA Installation,html
3306,tcp,ZAP API UI,html
3306,tcp,CloudPanel | Log In,html
3306,tcp,Login | Control WebPanel,html
3306,tcp,CWP | User,html
3306,tcp,Graphs (darkstat eth0),html
3306,tcp,"Graphs (darkstat lagg0.4091, lagg0.21, lagg0.101, lagg0.102, lagg0.4001, lagg0.4081)",html
3306,tcp,Login - Radarr,html
3306,tcp,Login - Sonarr,html
3306,tcp,Login to Cacti,html
3306,tcp,Bitwarden Web Vault,html
3306,tcp,Vaultwarden Web Vault,html
3306,tcp,GoAnywhere 7.0.3,html
3306,tcp,GoAnywhere 6.8.6 - Production,html
3306,tcp,GoAnywhere Web Client - Login,html
3306,tcp,Server Backup Manager SE,html
3306,tcp,Server Backup Manager SE,html
3306,tcp,Server Backup Manager SE - foo.bar,html
3306,tcp,Server Backup Manager SE - [1234] FooBar,html
3306,tcp,PaperCut Login for Foo Bar,html
3306,tcp,Transmission Web Interface,html
3306,tcp,MeterSphere,html
3306,tcp,frps dashboard,html
3306,tcp,frp client admin UI,html
3306,tcp,Roundcube Webmail :: Welcome to Roundcube Webmail,html
3306,tcp,Eltex - NTP-RG-1402G,html
3306,tcp,Eltex - NTP-2,html
3306,tcp,Eltex - NTU-RG-1402G-W,html
3306,tcp,Eltex - NTU-RG-1421G-Wac:rev.A1,html
3306,tcp,Eltex - NTP-RG-1402G-W:rev.C,html
3306,tcp,Eltex - NTU-2V,html
3306,tcp,Eltex - NTU-2VC,html
3306,tcp,Eltex - NTP-2C,html
3306,tcp,FatPipe MPVPN&nbsp;| Log in,html
3306,tcp,FatPipe MPVPN Remote Configuration,html
3306,tcp,FatPipe IPVPN&nbsp;| Log in,html
3306,tcp,FatPipe IPVPN Remote Configuration,html
3306,tcp,FatPipe WARP&nbsp;| Log in,html
3306,tcp,FatPipe WARP Remote Configuration,html
3306,tcp,FatPipe SDWAN&nbsp;| Log in,html
3306,tcp,Sign In - Miniflux,html
3306,tcp,N-central Login Redirect,html
3306,tcp,250 2.0.0 doing nothing,smtp
3306,tcp,250 Why is there an NOOP instruction?,smtp
3306,tcp,8.8.8.8 Cyrus POP3 v2.3.8-OS X Server 10.5: 9A562 server ready <1999107648.1324502155@8.8.8.8>,pop
3306,tcp,foo Cyrus POP3 v2.3,pop
3306,tcp,foo Cyrus POP3 v2.3.14 server ready <13087751828270990591.1301068892@foo>,pop
3306,tcp,Lotus Notes POP3 server version X2.0 ready on foo/bar.,pop
3306,tcp,Lotus Notes POP3 server version Release 8.5.1FP5 ready on foo/US.,pop
3306,tcp,"Qpopper (version 4.0.3, modified by Sphera Technologies) at domain starting.  <xxx@domain>",pop
3306,tcp,Qpopper (version 4.0.3-mysql-0.13) at domain starting.  <xxx@domain>,pop
3306,tcp,Qpopper (version 4.0.16) at foo.example.com,pop
3306,tcp,QPOP (version 2.53) at domain starting.  <xxx@domain>,pop
3306,tcp,Qpopper (version 4.0.3) at domain starting.  <xxx@domain>,pop
3306,tcp,QPOP (version ?) at domain starting.  <xxx@domain>,pop
3306,tcp,Microsoft Exchange Server 2003 POP3 server version 6.5.6944.0 (host) ready.,pop
3306,tcp,Microsoft Exchange 2000 POP3 server version 6.0.6603.0 (host) ready.,pop
3306,tcp,Microsoft Exchange POP3 server version 5.5.2654.50 ready,pop
3306,tcp,Microsoft Windows POP3 Service Version 1.0 <xxx@host> ready.,pop
3306,tcp,Microsoft Exchange Server 2007 POP3 service ready,pop
3306,tcp,The Microsoft Exchange POP3 service is ready.,pop
3306,tcp,Dovecot ready.,pop
3306,tcp,Dovecot DA ready.,pop
3306,tcp,Dovecot ready. <fea.13865d.5f06b0a4.DuIvzQI4DAGR9MurahIGJw==@foo.bar.baz>,pop
3306,tcp,Dovecot (Ubuntu) ready.,pop
3306,tcp,Dovecot (Debian) ready.,pop
3306,tcp,Dovecot (Raspbian) ready.,pop
3306,tcp,foo.bar Zimbra POP3 server ready,pop
3306,tcp,foo.bar Zimbra 7.0.0_GA_3079 POP3 server ready,pop
3306,tcp,POP3 server ready <58c29ae4-7316-429e-8109-060444ab1a28@foo.example.com>,pop
3306,tcp,<84427.1298535083@foo.example.com>,pop
3306,tcp,ApplePasswordServer 10.6.0.0 password server at 10.2.90.228 ready.,pop
3306,tcp,ApplePasswordServer 10.5.0.1 password serv,pop
3306,tcp,"TCPIP POP server V5.4J-15A, OpenVMS V7.3-2 Alpha at example.com, up since 2015-02-12 08:44:53 20400434.2",pop
3306,tcp,Hello there.,pop
3306,tcp,CMailServer 5.0.0 POP3 Service Ready,pop
3306,tcp,POP3 Bigfoot v1.0 server ready,pop
3306,tcp,CCProxy 8.0 POP3 Service Ready,pop
3306,tcp,CCProxy 2010 POP3 Service Ready,pop
3306,tcp,CCProxy 6.4.2 POP3 Service Ready,pop
3306,tcp,POP3 on WinWebMail [1.1.1.1] ready.,pop
3306,tcp,BlackJumboDog (Version 5.7.5.0) ready,pop
3306,tcp,Welcome to MailEnable POP3 Server,pop
3306,tcp,4297c114f263c206ed12aaff4b0c7a50,favicons
3306,tcp,e5af3b68e837498a85b25ef2c36a0825,favicons
3306,tcp,14bd519881ea49a75353572cfb458dec,favicons
3306,tcp,d2cef6047a604012455f5c9a1cd4d960,favicons
3306,tcp,1a60f7f928a659f763204d525b3cf90d,favicons
3306,tcp,6d4c72194ecff7ead96f65db45851be9,favicons
3306,tcp,6e5e9d5cf722ba7dca6ffe417c3bb678,favicons
3306,tcp,55ece828b1329741c1d553a6575d71f1,favicons
3306,tcp,b3ae051d2c6b875b2064288104856291,favicons
3306,tcp,c24b156cfaa12860760793f43b487c21,favicons
3306,tcp,657ebbffad0e5c71a1010fbc9b279b1e,favicons
3306,tcp,0f584138aacfb79aaba7e2539fc4e642,favicons
3306,tcp,934624a112e74e6428a86a706cf7521d,favicons
3306,tcp,ce849e0d986f73c97aa81290c2052164,favicons
3306,tcp,47b51975a37b8582e8514d89df9956a5,favicons
3306,tcp,4644f2d45601037b8423d45e13194c93,favicons
3306,tcp,d80e364c0d3138c7ecd75bf9896f2cad,favicons
3306,tcp,f0ee98b4394dfdab17c16245dd799204,favicons
3306,tcp,b6341dfc213100c61db4fb8775878cec,favicons
3306,tcp,cf2445dcb53a031c02f9b57e2199bc03,favicons
3306,tcp,fe22dd2bb09daccf58256611ac491469,favicons
3306,tcp,e6a9dc66179d8c9f34288b16a02f987e,favicons
3306,tcp,a4819787db1dabe1a6b669d5d6df3bfd,favicons
3306,tcp,91b72b23e7f499d6c09cb18c7b1278f1,favicons
3306,tcp,d403850756671a93ca205b8128140494,favicons
3306,tcp,268ee26a1219a611828d5fd4bc4d69c0,favicons
3306,tcp,5a84c349c00d95c8ebd174ded3b50a86,favicons
3306,tcp,2b37c7f35285c341ec1f2cf7e40a3c22,favicons
3306,tcp,23e8c7bd78e8cd826c5a6073b15068b1,favicons
3306,tcp,6eb4a43cb64c97f76562af703893c8fd,favicons
3306,tcp,3bd2ec61324ad4d27cb7b0f484cd4289,favicons
3306,tcp,1391664373e72311a656c4a5504682af,favicons
3306,tcp,88717398db158e3330ce94fc1784e4a7,favicons
3306,tcp,04d89d5b7a290334f5ce37c7e8b6a349,favicons
3306,tcp,08aa365c2d0863df2735d386f77c22c2,favicons
3306,tcp,eadf13e6cac2efef4f0565e171f90953,favicons
3306,tcp,6c1452e18a09070c0b3ed85ce7cb3917,favicons
3306,tcp,2fa69f2bc9174ffc21fc3c7925da6862,favicons
3306,tcp,d9edf2a6f791120dea5f27ae4faf1212,favicons
3306,tcp,135aed33c0a7b8f44f0227a71b9ce345,favicons
3306,tcp,23ab9cf3907dfc3b047d8b14e7303d0d,favicons
3306,tcp,84b0fc44f58bfee1a303ee3398a86670,favicons
3306,tcp,0701d7ff661133eafb2bbd23656eb7db,favicons
3306,tcp,e467554976ad3162eec9dfbf83e2c324,favicons
3306,tcp,b338542efc5676d771c21fe94faf12b3,favicons
3306,tcp,a4eb4e0aa80740db8d7d951b6d63b2a2,favicons
3306,tcp,da897184fba34d5fe72148963f42b577,favicons
3306,tcp,4bbf4aa0702444fd841eda7dd707ff85,favicons
3306,tcp,08ff173efec0750dd29ac7f44d972427,favicons
3306,tcp,23671ccca2849ae58d1b04c218013382,favicons
3306,tcp,1480757e8415b8cf6ea94553f0581f3e,favicons
3306,tcp,53317933c27890ae9218697ecc0e97d9,favicons
3306,tcp,ee20526df4d69f7b02ee107458d8d679,favicons
3306,tcp,661b80a4dde45fee1079113ce0323336,favicons
3306,tcp,9d2025c356a2876990266689c6b6290b,favicons
3306,tcp,6d14f0aa6a61fe4780b94b42eed19e83,favicons
3306,tcp,1b476eae7d17844198fa494251ba910a,favicons
3306,tcp,a79bce1c22f081b0d1e38b142827a0e8,favicons
3306,tcp,ae9449edb0067aa8c2c292acbe93da6a,favicons
3306,tcp,895eea03838bb521717d632eec739e57,favicons
3306,tcp,611f1994a0ca4ce57eabe2f45b54dd07,favicons
3306,tcp,9db18be9073f41227b4fb0c1715ce82d,favicons
3306,tcp,e47c25d118b2c56ce3d7c31786b32a56,favicons
3306,tcp,4098755981824f02879b05ea2cc4da14,favicons
3306,tcp,f8affc42a31d3c2fa044b882b4656bc9,favicons
3306,tcp,e9d6d23a961ea23a3e961266876e0ffd,favicons
3306,tcp,639b61409215d770a99667b446c80ea1,favicons
3306,tcp,0a6509cf1af2f0ab1c38662fefd5e5be,favicons
3306,tcp,8df2318cae6c03a85179b744108645ba,favicons
3306,tcp,f983f318b0f0dff7a9303973f36ec45a,favicons
3306,tcp,1c4201c7da53d6c7e48251d3a9680449,favicons
3306,tcp,d316e1622c58825727e7e4e6c954d289,favicons
3306,tcp,646753a205c6a6db7f93d0d1ba30bd93,favicons
3306,tcp,12649f4e0c5a37d4a41cbca768c8e7e0,favicons
3306,tcp,297a81069094d00a052733d3a0537d18,favicons
3306,tcp,f7728520c81b7a303d8e54d282e13a16,favicons
3306,tcp,e1fab9a2d736f845ef487ae6dc2cb4b8,favicons
3306,tcp,3ef81fad2a3deaeb19f02c9cf67ed8eb,favicons
3306,tcp,c02e22ca67f83a0fb6f2fd265074910a,favicons
3306,tcp,68e1a9c89026b0efeddf718a48c282a5,favicons
3306,tcp,74120b5bbc7be340887466ff6cfe66c6,favicons
3306,tcp,2c2bd163799c49e25bc7ac0fe97f2449,favicons
3306,tcp,448fa67ece2a35d57e8d19808d350e9b,favicons
3306,tcp,0c9183bd23ed47288c733499fce4498c,favicons
3306,tcp,c4302a71aae96e158c3057c66184abbd,favicons
3306,tcp,cee18e28257988b40028043e65a6c2a3,favicons
3306,tcp,e48c482f8f5a8e5a6249b21a39f911e7,favicons
3306,tcp,4f21edb50ae95a99bbd4aa0a956a179e,favicons
3306,tcp,1531801cb9e3047e72034ed34da9d104,favicons
3306,tcp,245864156f187bf99b1562a30d1c1c97,favicons
3306,tcp,9b67ee27ad29bd721c0c1f5e5a1a5211,favicons
3306,tcp,801164802554cf799c6fc3851f93e0e1,favicons
3306,tcp,9e312675a79186e08436bcc2cf314608,favicons
3306,tcp,ed9dc05a5dde54b22d2edb16d9b68ab0,favicons
3306,tcp,ec60d8d2f3b0ded27c5767189882685c,favicons
3306,tcp,5856edf7bcbea0817312d9e535e5eb2a,favicons
3306,tcp,f4f3cb900258441d5dbc9105b7ab9b44,favicons
3306,tcp,c6acedaff906029fc5455d9ec52c7f42,favicons
3306,tcp,6bb12b3dc5a5bb8c7ff03f07a475f3fd,favicons
3306,tcp,9c003f40e63df95a2b844c6b61448310,favicons
3306,tcp,cff908861188a1246a35c3f8325c7d2c,favicons
3306,tcp,bad2c1f96cd66e70b4aa119e7270cc62,favicons
3306,tcp,966e60f8eb85b7ea43a7b0095f3e2336,favicons
3306,tcp,0fbe700fd7d07ec8d30ef8b3ac261484,favicons
3306,tcp,3e2cb2774a515a5826925214ec124b03,favicons
3306,tcp,5c9f3938754b459fb3590a00e5947fed,favicons
3306,tcp,827fd6c561d4b1f932f75e0f9a17f766,favicons
3306,tcp,765835f9b71c7f8405f5776d2a6ce49b,favicons
3306,tcp,e6942b8d321aee26b514ef5513583d52,favicons
3306,tcp,07ba76de1eb6c4550bfbf627a21cd6f8,favicons
3306,tcp,9cc719577e8de0abd0d76f43a40c2956,favicons
3306,tcp,5f09cded07bb864fd9b3d2dd72b5418e,favicons
3306,tcp,d14310fffe94d78c0da0c8fadb993f78,favicons
3306,tcp,9a008becde9c5f250edad4f00e567721,favicons
3306,tcp,d6421d60cb50188320da7082a93156d3,favicons
3306,tcp,f64ce96bbacc76d6db4d4eb0e78881da,favicons
3306,tcp,fcb9ede4815b4949f75cbead02450a72,favicons
3306,tcp,0a60c945e674ec7b953429b515519567,favicons
3306,tcp,bd1fadbf4396e7a8a0abcaed6bdbfc20,favicons
3306,tcp,b2bd2546ba77fec1f47425679e05f212,favicons
3306,tcp,f7e3d97f404e71d302b3239eef48d5f2,favicons
3306,tcp,bfac77149bf662238eb92d9b65c88a2a,favicons
3306,tcp,85c754581e1d4b628be5b7712c042224,favicons
3306,tcp,c08c8f6b8e8d975b3a3c86f82aa33ec4,favicons
3306,tcp,2f0935834ae4cc0953ee20fb421d29a3,favicons
3306,tcp,6177bfb75b498e0bb356223ed76ffe43,favicons
3306,tcp,e43ad9b75957c46a5975ded0f85a95b4,favicons
3306,tcp,2145225dd4406c274c317f8d80ccf584,favicons
3306,tcp,ef07026465d7b449a9759132486d1e3b,favicons
3306,tcp,bcc4933f81eff43e5d9bcc5b2828aa70,favicons
3306,tcp,b204c198a410e5ee28346c4a2110535e,favicons
3306,tcp,c00da11c81f9b887eed4123daee89909,favicons
3306,tcp,5ee43b38986a144d6b5022ea8c8f748f,favicons
3306,tcp,5ba13dcb526292ae707310a54e103cd1,favicons
3306,tcp,759fade9033aa298629e4b000dcd6dde,favicons
3306,tcp,b3045c004dd765466e84bd057eaaa795,favicons
3306,tcp,ce3a1e4c19eed29eb8ad7dd20c20d619,favicons
3306,tcp,d9c04e84269281a37e8f024578ffd4f3,favicons
3306,tcp,05664fb0c7afcd6436179437e31f3aa6,favicons
3306,tcp,f45f040baaf5200eb82a54296e6040cd,favicons
3306,tcp,8bbf74c036031fd834342ca75e9603d8,favicons
3306,tcp,09353a60731f33fea28b3379407e20a2,favicons
3306,tcp,4b60984f4ab0e57dc6aa0c755dea5a7c,favicons
3306,tcp,deee3a8ee8c5a85b8b0a0f26c19bf324,favicons
3306,tcp,97c6417ed01bdc0ae3ef32ae4894fd03,favicons
3306,tcp,e2f298e9811cd34a08bf5bb69e2d1d6a,favicons
3306,tcp,7102bb857703a0fece6d039a6777fc3f,favicons
3306,tcp,36b3ef286fa4befbb797a0966b456479,favicons
3306,tcp,0000eeec59841e6e63dd9f90424cac75,favicons
3306,tcp,34f1c18ed89e1b514473434351edc181,favicons
3306,tcp,b4d64bf2e42da188164d2a43cc71b5fb,favicons
3306,tcp,8570daa3ff0b3aa33157a433e2dea887,favicons
3306,tcp,78ee71862e89db1b1870197b40d026e5,favicons
3306,tcp,799f70b71314a7508326d1d2f68f7519,favicons
3306,tcp,fa69cdaaf6cac06e634b11bc2e36161b,favicons
3306,tcp,192decdad41179599a776494efc3e720,favicons
3306,tcp,b4e4785d5852c563b9ae47cbb7af06fe,favicons
3306,tcp,fa0d535bff80ca916d7d7a782a6b8dc0,favicons
3306,tcp,e41d685337fa906ea1b69942918161e1,favicons
3306,tcp,ad4de5c717c886a99c4cf0e066e9b461,favicons
3306,tcp,2fd26da3d6b790a86038f440d5b37eea,favicons
3306,tcp,20cfaa5b470512d11e83dd9aa80108d1,favicons
3306,tcp,f5a68db40594839cfc2696197608e2a3,favicons
3306,tcp,2d61bc736ebe98534728f160477374a9,favicons
3306,tcp,3661adb788ed643f5e575b2ed8536b6f,favicons
3306,tcp,b88c0eedc72d3bf4e86c2aa0a6ba6f7b,favicons
3306,tcp,0aee66dce5587fe6fad5ae2826501add,favicons
3306,tcp,fce59fb1734f3df8033dd645e48a09cf,favicons
3306,tcp,3aeb94ff79c01d9b32b4ac4de8bd372d,favicons
3306,tcp,a4feff49b464eb1d0182cf74f3e843d1,favicons
3306,tcp,afbc222b5f04fce3ec3e381d87ebfc55,favicons
3306,tcp,7a7cf293daa5b528bd49941630684c00,favicons
3306,tcp,eab32ee5b399d2cd504d8342ccf51ec3,favicons
3306,tcp,dc0816f371699823e1e03e0078622d75,favicons
3306,tcp,842c79ab11f38323fc554afbea5c990a,favicons
3306,tcp,a64986177b51d32d8b828c1d5f3bce93,favicons
3306,tcp,7da8813873190b6e3d7d8957d798bd1e,favicons
3306,tcp,31ccf4e22ba33dbec54cc357a43a36d3,favicons
3306,tcp,9dac0d6bad34f38552361f3a3b5bab16,favicons
3306,tcp,318ed14b5eedf8581f7e79439504e282,favicons
3306,tcp,e4fd990b4b8a5d61bd5ddb98cdfc7190,favicons
3306,tcp,979d9a884c322862e6830f61e2c378e6,favicons
3306,tcp,421e176ae0837bcc6b879ef55adbc897,favicons
3306,tcp,665f96fcdcc9da0ab89312acc02fa815,favicons
3306,tcp,2e6c696c61cb0c999ddad960d6adf02d,favicons
3306,tcp,45210ace96ce9c893f8c27c5decab10d,favicons
3306,tcp,7b0d4bc0ca1659d54469e5013a08d240,favicons
3306,tcp,302f9ac299f739e219f6eff93b5bdba5,favicons
3306,tcp,60f2a1b9feb617e1b8352f15532aedd8,favicons
3306,tcp,bc688a51959302fccb6e12ab63a2e696,favicons
3306,tcp,0d835213afc36cc098b080784bc223a0,favicons
3306,tcp,af13b379bdb4ae7a5e68d9aa4419b2e4,favicons
3306,tcp,cd844ad9671131f5464458a2ef58b7bc,favicons
3306,tcp,c32e2dc4d7caedd5cefc9d44cc4f62ec,favicons
3306,tcp,454faf816c2e631bc60b6b2ae01a9b39,favicons
3306,tcp,a2e9caf81f500f73fc18dc9a049f9f68,favicons
3306,tcp,8b0fb3e8080ac31ca9a01d88dc954f15,favicons
3306,tcp,06bd07c7437846e2aa5a6f90280b1b56,favicons
3306,tcp,b873440ead81397c72732d2f147a5bb3,favicons
3306,tcp,b56508cc967af50baddfd69596901dab,favicons
3306,tcp,c60ea375c39d1ab273c4d1bee717287a,favicons
3306,tcp,9052ab290483b0bd75c05b857c182bba,favicons
3306,tcp,3acbef1d83ac34f19a2631d6c1a4ac57,favicons
3306,tcp,7de37347ff2f9277824b3e3cfe4a8ada,favicons
3306,tcp,89167393768668c72fab6a9f025b5da6,favicons
3306,tcp,ddc75b0899dbf4f7b15290a77fbeb8ff,favicons
3306,tcp,7f027d6d3eb672117ba63f246bc10f62,favicons
3306,tcp,4aef220ab05308e3a3e8e4bec5984b2b,favicons
3306,tcp,5567e9ce23e5549e0fcd7195f3882816,favicons
3306,tcp,57f187c7a868faeac558007a8eb6cb2e,favicons
3306,tcp,e3e7a23638e32fff469fadf99b5b398c,favicons
3306,tcp,3d79fa32f03540637418f85d19c3ed60,favicons
3306,tcp,76c6e492cb8cc73a2a50d62176f205c9,favicons
3306,tcp,a3fd8705f010b90e37d42128000f620b,favicons
3306,tcp,871eb7d317524611af4f05c6ba878df8,favicons
3306,tcp,4eaaa139063e6706d1b5d0eee833d47b,favicons
3306,tcp,953e0d0190e50d247f4ece5620569ef1,favicons
3306,tcp,52794c5e8a69a8b03ba891e24c39da65,favicons
3306,tcp,35c390dade9419b4d6e9b83a8fc361c7,favicons
3306,tcp,3a7de0a4ee1ee78de3f06bfce823dc44,favicons
3306,tcp,89b932fcc47cf4ca3faadb0cfdef89cf,favicons
3306,tcp,efca7d9aeaad122133c65cdf628ac574,favicons
3306,tcp,9d35c5f8a9584ac36a716ae9b68fe566,favicons
3306,tcp,457d76be8460d899c09becbc09b4a9e8,favicons
3306,tcp,c205d6efb5f0e3c03ea42146d570ecdf,favicons
3306,tcp,3ab22b6f3f0d4271e8d038c05cfbd5c9,favicons
3306,tcp,efe29d50711d9b093d8187e97cc0e593,favicons
3306,tcp,6eb3dbf248df10d70eab44dbf836cb77,favicons
3306,tcp,f94362766b49671889bdb587e63e18eb,favicons
3306,tcp,1ff68b786ab054e7347130125cab1f83,favicons
3306,tcp,3f2cf444202bf9aa2375ad788c818370,favicons
3306,tcp,54c2d25662c51938b738efdb4e26f036,favicons
3306,tcp,9c845f917bb1720d80df603f26878d42,favicons
3306,tcp,9baf402c0fccb225c134eb9bdf9678c7,favicons
3306,tcp,5e760a3842c5c2a0278545c2ad5d88b0,favicons
3306,tcp,bf5c71bad91e3bb1fb0029ff1bf6ea06,favicons
3306,tcp,6dcab71e60f0242907940f0fcda69ea5,favicons
3306,tcp,09a1e50dc3369e031b97f38abddd10c8,favicons
3306,tcp,255b6fcbcb463e11ed763b2b892a2965,favicons
3306,tcp,f98bced327f13a45ad681829905db891,favicons
3306,tcp,ec7645edc81cdc336996811ad16f3cc6,favicons
3306,tcp,ad93b3973782b03ea62a43bd6602ba8b,favicons
3306,tcp,d521487f45fa7657450edfd6c16e4a63,favicons
3306,tcp,d11917dc7e651b21f0f75cd0dc309e8a,favicons
3306,tcp,04d9541338e525258daf47cc844d59f3,favicons
3306,tcp,486373b021971d0a95af04c811799e21,favicons
3306,tcp,a770611888d3bd309404eae57676f9e4,favicons
3306,tcp,df56ab6e924269e77945a0299716e679,favicons
3306,tcp,faeab99d83cdd05b875382a690bc60f3,favicons
3306,tcp,f6633e2c686cd53429f626cab6f15613,favicons
3306,tcp,d9526978908979fa5018db0bcc762aa0,favicons
3306,tcp,f205dfb1e2f71fed24f086aeaa0f433f,favicons
3306,tcp,eb55f14f48b6cf6a66f892d4926aa6df,favicons
3306,tcp,a50a678ceb2450031393efd555e08f06,favicons
3306,tcp,24c58a3ffc0233ef6612f1a7c33729aa,favicons
3306,tcp,1437920c973b2b7c03d075028440a656,favicons
3306,tcp,9422fe1eb162eb5329788a6cb6d408cb,favicons
3306,tcp,4fb229e05e309fffc561c787f7c26e14,favicons
3306,tcp,aa4962b88d588ac5ea3b5d9b2fed5ef7,favicons
3306,tcp,7e3c77e27bf772e8f25c8a66580957d3,favicons
3306,tcp,2c9d5e03f63c39e6336ec491019c4f50,favicons
3306,tcp,ed61e4c9e9a176e82734aa42c6a00ce4,favicons
3306,tcp,0dc6bff9bdabf1184c157d75ac73c22a,favicons
3306,tcp,45e72b45613ba6ec2a1ded251a31f201,favicons
3306,tcp,302fe34dc0e9515e2d0509ff5f3217e5,favicons
3306,tcp,8565497731f799fdd25ae59286807055,favicons
3306,tcp,d29a1ef8a3d0011504f5d076600ce16d,favicons
3306,tcp,425515e283192a3a686c04e1c50620aa,favicons
3306,tcp,f5c62ea4c4e9f9a8606400becc01375e,favicons
3306,tcp,7b73744799150c888a172daf3d7093bf,favicons
3306,tcp,1b786be7a46bd96a503a81b7faf86263,favicons
3306,tcp,4f52bd9a74742b08b0a152559da4d32a,favicons
3306,tcp,c7f62c79333a43b6cd3f24d9e9c69526,favicons
3306,tcp,fc83221e4a9e57f2e0b10416de541ca3,favicons
3306,tcp,e518c347f94a594de49e3f3948b8e6e5,favicons
3306,tcp,95db983278a0c04695b2e6775a65a8da,favicons
3306,tcp,6211ad748f77d07a0bccc40cf227ec4e,favicons
3306,tcp,34a1514e6ab88611178ef9bda6e1c752,favicons
3306,tcp,78d86dadf923f20c09c89f883047c985,favicons
3306,tcp,595591dc3d5e9bc47b2af8f12602ba19,favicons
3306,tcp,bd1b5fef10a0846b2db322b90a57b746,favicons
3306,tcp,908db8e56aeee8bb7a911b5df4eaf90e,favicons
3306,tcp,02f4db63a9cfb650c05ffd82956cbfd6,favicons
3306,tcp,716417a84b643460167d84e251579491,favicons
3306,tcp,dd80f14145f075264b3067801f511c2f,favicons
3306,tcp,5508e5abca6493613e11c72f4296ebf4,favicons
3306,tcp,e4ce127909d4697b97bf404a42e7c428,favicons
3306,tcp,02dd7453848213a7b5277556bcc46307,favicons
3306,tcp,d037ef2f629a22ddadcf438e6be7a325,favicons
3306,tcp,531b63a51234bb06c9d77f219eb25553,favicons
3306,tcp,ded14e8b701325c527da56f86b5d5616,favicons
3306,tcp,6f6256748d679d8684123363bd50a8dd,favicons
3306,tcp,ce83d230195be7e6d3f1513cc5057da5,favicons
3306,tcp,165de54ff29d30a3773c53e7911227d3,favicons
3306,tcp,0629ce6bd8a86ff6b5dbb2a24c040849,favicons
3306,tcp,a3dcb28303f26786e262e0760781057a,favicons
3306,tcp,1ecd8df7909afd77188cee9c33042c55,favicons
3306,tcp,20197040d99f50747a953d163fef982e,favicons
3306,tcp,e562faa1b6f61ff53762e59d738b8fc0,favicons
3306,tcp,ff66cb4b6922631e08d1538b361a2d2b,favicons
3306,tcp,7d33656392385d5ce695db69c7736608,favicons
3306,tcp,e174f317b4491295c63e5bc9d9b6115b,favicons
3306,tcp,cd2461f62d76fbbc905fa15160c0788f,favicons
3306,tcp,37fdaeebc861719280205e7107b78d52,favicons
3306,tcp,8c7d1c14e4b9c42f07bd6b800d93b806,favicons
3306,tcp,3a1cdf0deb443610aa2575467279a69e,favicons
3306,tcp,3d97c1251e67b41be93817e2e0cd7a4d,favicons
3306,tcp,1abc8c6149e4602d59eace535229217e,favicons
3306,tcp,188caa0ab159a5ceaca86922c293f62f,favicons
3306,tcp,fdfbcf58b378b0fba43ba86e41a824fe,favicons
3306,tcp,ed9a8c7810e8c9fb7035b6c3147c9a3a,favicons
3306,tcp,13693d9673576eee0341b65f1697a376,favicons
3306,tcp,c21973630a0986ce0bd703e69ff09491,favicons
3306,tcp,91b8256f84bcb7c5c87493f652f1d191,favicons
3306,tcp,dca8de269506757ce7f61c276991e1c5,favicons
3306,tcp,b0bd48e57fd398c5da8ae8f2ccc8d90d,favicons
3306,tcp,1ea465228fa40f5c89f899e51ccc02c9,favicons
3306,tcp,dbe63c6d86ca97a4b20420e932c5b0bb,favicons
3306,tcp,6b774f15b254a3d1548db63b6f411150,favicons
3306,tcp,5af2c34a740cf3d0f509d93bcbb41ef6,favicons
3306,tcp,4f12cccd3c42a4a478f067337fe92794,favicons
3306,tcp,53cbf6dd6891950b338d4764f38655c5,favicons
3306,tcp,b071172979419bb7d7b0591409b952dd,favicons
3306,tcp,17a40681aad7097ac6e06002abf2e7ec,favicons
3306,tcp,2f0df01346ace9afb440288feeb5d974,favicons
3306,tcp,9e8ba456e7e39ea364cc538959813719,favicons
3306,tcp,86157069c9574d4c75b907e614d6a521,favicons
3306,tcp,fa73151a3a3b610eaca4a7a5a78cc775,favicons
3306,tcp,16d472e9624492b9398e7645c46d1f25,favicons
3306,tcp,f46baa8367ecf994a9c50ce7fb89f483,favicons
3306,tcp,cc21dae362a981ea9ce93138cb855e66,favicons
3306,tcp,372be2fa33d5836cdcf8c1867e6900c2,favicons
3306,tcp,54bb0b4a353b89c42e63b8e8bd6ea504,favicons
3306,tcp,d6abc57c65b787c0418803ffc75a7fa0,favicons
3306,tcp,eddb2b697c8c3dab5a9572de564976d1,favicons
3306,tcp,b0f000f8041a6f1d2c366972b1dbad69,favicons
3306,tcp,619e4452da00dad6c3d7b5fd99b9390e,favicons
3306,tcp,4764ad78b4c0d93bc48d4d0df3b36c7e,favicons
3306,tcp,8d8030454ec1d7f96c8fdf670d4eb3c6,favicons
3306,tcp,57801ef5135f6a6e8ea69baef85f8607,favicons
3306,tcp,ef9c0362bf20a086bb7c2e8ea346b9f0,favicons
3306,tcp,924a68d347c80d0e502157e83812bb23,favicons
3306,tcp,f1ac749564d5ba793550ec6bdc472e7c,favicons
3306,tcp,c9ab649457b4e9affe91ff0ce488d15f,favicons
3306,tcp,b5ee418c61dc2b511fbc20b99a982b8d,favicons
3306,tcp,5107de66fbe7255a56248c5c15be5a8d,favicons
3306,tcp,6daa3eca79787964627179fd5a1c724d,favicons
3306,tcp,ec26e2e3326cb5f8bd0b493b4ff2fa4c,favicons
3306,tcp,dc499a7d439351c325b953bd3ca01fe5,favicons
3306,tcp,18b505dbacd4b14643a739fadd7ba669,favicons
3306,tcp,6e028d7cc65a1430c68a581f8064e8e2,favicons
3306,tcp,5104b4e1fd4d2ab80f0060272689391a,favicons
3306,tcp,6399cc480d494bf1fcd7d16c42b1c11b,favicons
3306,tcp,09b565a51e14b721a323f0ba44b2982a,favicons
3306,tcp,506190fc55ceaa132f1bc305ed8472ca,favicons
3306,tcp,2cc15cfae55e2bb2d85b57e5b5bc3371,favicons
3306,tcp,389a8816c5b87685de7d8d5fec96c85b,favicons
3306,tcp,f1876a80546b3986dbb79bad727b0374,favicons
3306,tcp,226ffc5e483b85ec261654fe255e60be,favicons
3306,tcp,b25dbe60830705d98ba3aaf0568c456a,favicons
3306,tcp,41e2c893098b3ed9fc14b821a2e14e73,favicons
3306,tcp,a28ebcac852795fe30d8e99a23d377c1,favicons
3306,tcp,71e30c507ca3fa005e2d1322a5aa8fb2,favicons
3306,tcp,d41d8cd98f00b204e9800998ecf8427e,favicons
3306,tcp,dcea02a5797ce9e36f19b7590752563e,favicons
3306,tcp,6f767458b952d4755a795af0e4e0aa17,favicons
3306,tcp,5b0e3b33aa166c88cee57f83de1d4e55,favicons
3306,tcp,7dbe9acc2ab6e64d59fa67637b1239df,favicons
3306,tcp,81ed5fa6453cf406d1d82233ba355b9a,favicons
3306,tcp,c1201c47c81081c7f0930503cae7f71a,favicons
3306,tcp,f425342764f8c356479d05daa7013c2f,favicons
3306,tcp,740af61c776a3cb98da3715bdf9d3fc1,favicons
3306,tcp,d7ac014e83b5c4a2dea76c50eaeda662,favicons
3306,tcp,edaaef7bbd3072a3a0c3fb3b29900bcb,favicons
3306,tcp,d99217782f41e71bcaa8e663e6302473,favicons
3306,tcp,a8fe5b8ae2c445a33ac41b33ccc9a120,favicons
3306,tcp,d16a0da12074dae41980a6918d33f031,favicons
3306,tcp,befcded36aec1e59ea624582fcb3225c,favicons
3306,tcp,e4a509e78afca846cd0e6c0672797de5,favicons
3306,tcp,3541a8ed03d7a4911679009961a82675,favicons
3306,tcp,fa2b274fab800af436ee688e97da4ac4,favicons
3306,tcp,83245b21512cc0a0e7a67c72c3a3f501,favicons
3306,tcp,85138f44d577b03dfc738d3f27e04992,favicons
3306,tcp,70625a6e60529a85cc51ad7da2d5580d,favicons
3306,tcp,99306a52c76e19e3c298a46616c5899c,favicons
3306,tcp,31c16dd034e6985b4ba929e251200580,favicons
3306,tcp,2d4cca83cf14d1adae178ad013bdf65b,favicons
3306,tcp,032ecc47c22a91e7f3f1d28a45d7f7bc,favicons
3306,tcp,c0c4e7c0ac4da24ab8fc842d7f96723c,favicons
3306,tcp,d6923071afcee9cebcebc785da40b226,favicons
3306,tcp,7513f4cf4802f546518f26ab5cfa1cad,favicons
3306,tcp,de68f0ad7b37001b8241bce3887593c7,favicons
3306,tcp,140e3eb3e173bfb8d15778a578a213aa,favicons
3306,tcp,c0533ae5d0ed638ba3fb3485d8250a28,favicons
3306,tcp,66b3119d379aee26ba668fef49188dd3,favicons
3306,tcp,09f5ea65a2d31da8976b9b9fd2bf853c,favicons
3306,tcp,f276b19aabcb4ae8cda4d22625c6735f,favicons
3306,tcp,a18421fbf34123c03fb8b3082e9d33c8,favicons
3306,tcp,23426658f03969934b758b7eb9e8f602,favicons
3306,tcp,75069c2c6701b2be250c05ec494b1b31,favicons
3306,tcp,27c3b07523efd6c318a201cac58008ba,favicons
3306,tcp,ae59960e866e2730e99799ac034eacf7,favicons
3306,tcp,2ab2aae806e8393b70970b2eaace82e0,favicons
3306,tcp,ddd76f1cfe31499ce3db6702991cbc45,favicons
3306,tcp,abeea75cf3c1bac42bbd0e96803c72b9,favicons
3306,tcp,bba9f1c29f100d265865626541b20a50,favicons
3306,tcp,171429057ae2d6ad68e2cd6dcfd4adc1,favicons
3306,tcp,f6e9339e652b8655d4e26f3e947cf212,favicons
3306,tcp,093551287f13e0ee3805fee23c6f0e12,favicons
3306,tcp,56753c5386a70edba6190d49252f00bb,favicons
3306,tcp,54b299f2f1c8b56c8c495f2ded6e3e0b,favicons
3306,tcp,857281e82ea34abbb79b9b9c752e33d2,favicons
3306,tcp,27a097ec0dbffb7db436384635d50415,favicons
3306,tcp,0e14c2f52b93613b5d1527802523b23f,favicons
3306,tcp,c9339a2ecde0980f40ba22c2d237b94b,favicons
3306,tcp,db1e3fe4a9ba1be201e913f9a401d794,favicons
3306,tcp,921042508f011ae477d5d91b2a90d03f,favicons
3306,tcp,ecab73f909ddd28e482ababe810447c8,favicons
3306,tcp,c16b0a5c9eb3bfd831349739d89704ec,favicons
3306,tcp,63d5627fc659adfdd5b902ecafe9100f,favicons
3306,tcp,462794b1165c44409861fcad7e185631,favicons
3306,tcp,3995c585b76bd5aa67cb6385431d378a,favicons
3306,tcp,ee3d6a9227e27a5bc72db3184dab8303,favicons
3306,tcp,7cc1a052c86cc3d487957f7092a6d8c3,favicons
3306,tcp,5e99522b02f6ecadbb3665202357d775,favicons
3306,tcp,39308a30527336e59d1d166d48c7742c,favicons
3306,tcp,43d4aa56dc796067b442c95976a864fd,favicons
3306,tcp,32bf63ac2d3cfe82425ce8836c9ce87c,favicons
3306,tcp,f567fd4927f9693a7a2d6cacf21b51b6,favicons
3306,tcp,919e132a62ea07fce13881470ba70293,favicons
3306,tcp,ed7d5c39c69262f4ba95418d4f909b10,favicons
3306,tcp,6900fab05a50a99d284405f46e5bc7f6,favicons
3306,tcp,24d1e355c00e79dc13b84d5455534fe7,favicons
3306,tcp,8ab2f1a55bcb0cac227828afd5927d39,favicons
3306,tcp,54667bea91124121e98da49e55244935,favicons
3306,tcp,a5b126cdeaa3081f77a22b3e43730942,favicons
3306,tcp,d00d85c8fb3a11170c1280c454398d51,favicons
3306,tcp,fa21ab1b1e1b4c9516afbd63e91275a9,favicons
3306,tcp,663ee93a41000b8959d6145f0603f599,favicons
3306,tcp,ea84a69cb146a947fac2ac7af3946297,favicons
3306,tcp,eb3e307f44581916d9f1197df2fc9de3,favicons
3306,tcp,669bc10baf11b43391294aac3e1b8c52,favicons
3306,tcp,b8fe2ec1fcc0477c0d0f00084d824071,favicons
3306,tcp,12225e325909cee70c31f5a7ab2ee194,favicons
3306,tcp,6be5ebd07e37d0b415ec83396a077312,favicons
3306,tcp,20e208bb83f3eeed7c1aa8a6d9d3229d,favicons
3306,tcp,5f8b52715c08dfc7826dad181c71dec8,favicons
3306,tcp,ebe293e1746858d2548bca99c43e4969,favicons
3306,tcp,0d42576d625920bcd121261fc5a6230b,favicons
3306,tcp,f972c37bf444fb1925a2c97812e2c1eb,favicons
3306,tcp,f5f2df7eec0d1c3c10b58960f3f8fb26,favicons
3306,tcp,933a83c6e9e47bd1e38424f3789d121d,favicons
3306,tcp,b6652d5d71f6f04a88a8443a8821510f,favicons
3306,tcp,06b60d90ccfb79c2574c7fdc3ac23f05,favicons
3306,tcp,21d80d9730a56b26dc9d252ffabb2987,favicons
3306,tcp,81df3601d6dc13cbc6bd8212ef50dd29,favicons
3306,tcp,28015fcdf84ca0d7d382394a82396927,favicons
3306,tcp,868e7b460bba6fe29a37aa0ceff851ba,favicons
3306,tcp,0b2481ebc335a2d70fcf0cba0b3ce0fc,favicons
3306,tcp,c30bf7e6d4afe1f02969e0f523d7a251,favicons
3306,tcp,9a8035769d7a129b19feb275a33dc5b4,favicons
3306,tcp,75aeda7adbd012fa93c4ae80336b4f45,favicons
3306,tcp,70777a39f5d1de6d3873ffb309df35dd,favicons
3306,tcp,82d746eb54b78b5449fbd583fc046ab2,favicons
3306,tcp,90c244c893a963e3bb193d6043a347bd,favicons
3306,tcp,4b30eec86e9910e663b5a9209e9593b6,favicons
3306,tcp,8190ead2eb45952151ab5065d0e56381,favicons
3306,tcp,ba84999dfc070065f37a082ab0e36017,favicons
3306,tcp,0f45c2c79ebe90d6491ddb111e810a56,favicons
3306,tcp,e551b7017a9bd490fc5b76e833d689bf,favicons
3306,tcp,275e2e37fc7be50c1f03661ef8b6ce4f,favicons
3306,tcp,68b329da9893e34099c7d8ad5cb9c940,favicons
3306,tcp,5488c1c8bf5a2264b8d4c8541e2d5ccd,favicons
3306,tcp,6927da350550f29bc641138825dff36f,favicons
3306,tcp,e3f28aab904e9edfd015f64dc93d487d,favicons
3306,tcp,69f8a727f01a7e9b90a258bc30aaae6a,favicons
3306,tcp,b01625f4aa4cd64a180e46ef78f34877,favicons
3306,tcp,af83bba99d82ea47ca9dafc8341ec110,favicons
3306,tcp,e9469705a8ac323e403d74c11425a62b,favicons
3306,tcp,7f57bbd0956976e797b4e8eebdc6d733,favicons
3306,tcp,69acfcb2659952bc37c54108d52fca70,favicons
3306,tcp,ffc05799dee87a4f8901c458f7291d73,favicons
3306,tcp,aa2253a32823c8a5cba8d479fecedd3a,favicons
3306,tcp,a2e38a3b0cdf875cd79017dcaf4f2b55,favicons
3306,tcp,cb740847c45ea3fbbd80308b9aa4530a,favicons
3306,tcp,7c7b66d305e9377fa1fce9f9a74464d9,favicons
3306,tcp,0e2503a23068aac350f16143d30a1273,favicons
3306,tcp,1fd3fafc1d461a3d19e91dbbba03d0aa,favicons
3306,tcp,1de863a5023e7e73f050a496e6b104ab,favicons
3306,tcp,83dea3d5d8c6feddec84884522b61850,favicons
3306,tcp,d1bc9681dce4ad805c17bd1f0f5cee97,favicons
3306,tcp,8d13927efb22bbe7237fa64e858bb523,favicons
3306,tcp,5b015106854dc7be448c14b64867dfa5,favicons
3306,tcp,ff260e80f5f9ca4b779fbd34087f13cf,favicons
3306,tcp,e7fc436d0bf31500ced7a7143067c337,favicons
3306,tcp,9789c9ab400ea0b9ca8fcbd9952133bd,favicons
3306,tcp,2b52c1344164d29dd8fb758db16aadb6,favicons
3306,tcp,237f837bbc33cd98a9f47b20b284e2ad,favicons
3306,tcp,6f7e92fe7e6a62661ac2b41528a78fc6,favicons
3306,tcp,2507c0b0a60ecdc816ba45482affaedf,favicons
3306,tcp,ef5169b040925a716359d131afbea033,favicons
3306,tcp,f6d0a100b6dbeb5899f0975a1203fd85,favicons
3306,tcp,81feac35654318fb16d1a567b8b941e7,favicons
3306,tcp,33b04fb9f2ec918f5f14b41527e77f6d,favicons
3306,tcp,6434232d43f27ef5462ba5ba345e03df,favicons
3306,tcp,e07c0775523271d629035dc8921dffc7,favicons
3306,tcp,4eb846f1286ab4e7a399c851d7d84cca,favicons
3306,tcp,a47951fb41640e7a2f5862c296e6f218,favicons
3306,tcp,10bd6ad7b318df92d9e9bd03104d9b80,favicons
3306,tcp,e298e00b2ff6340343ddf2fc6212010b,favicons
3306,tcp,240c36cd118aa1ff59986066f21015d4,favicons
3306,tcp,ceb25c12c147093dc93ac8b2c18bebff,favicons
3306,tcp,05656826682ab3147092991ef5de9ef3,favicons
3306,tcp,e19ffb2bc890f5bdca20f10bfddb288d,favicons
3306,tcp,1f8c0b08fb6b556a6587517a8d5f290b,favicons
3306,tcp,73778a17b0d22ffbb7d6c445a7947b92,favicons
3306,tcp,bd0f7466d35e8ba6cedd9c27110c5c41,favicons
3306,tcp,f097f0adf2b9e95a972d21e5e5ab746d,favicons
3306,tcp,28893699241094742c3c2d4196cd1acb,favicons
3306,tcp,80656aabfafe0f3559f71bb0524c4bb3,favicons
3306,tcp,48c02490ba335a159b99343b00decd87,favicons
3306,tcp,eb6d4ce00ec36af7d439ebd4e5a395d7,favicons
3306,tcp,a6b55b93bc01a6df076483b69039ba9c,favicons
3306,tcp,ee4a637a1257b2430649d6750cda6eba,favicons
3306,tcp,9ceae7a3c88fc451d59e24d8d5f6f166,favicons
3306,tcp,69ae01d0c74570d4d221e6c24a06d73b,favicons
3306,tcp,2e9545474ee33884b5fb8a9a0b8806dd,favicons
3306,tcp,be6fb62815509bd707e69ee8dad874a1,favicons
3306,tcp,a46bc7fc42979e9b343335bdd86d1c3e,favicons
3306,tcp,de2b6edbf7930f5dd0ffe0528b2bbcf4,favicons
3306,tcp,386211e5c0b7d92efabd41390e0fc250,favicons
3306,tcp,f89abd3f358cb964d6b753a5a9da49cf,favicons
3306,tcp,a7947b1675701f2247921cf4c2b99a78,favicons
3306,tcp,01febf7c2bd75cd15dae3aa093d80552,favicons
3306,tcp,1275afc920a53a9679d2d0e8a5c74054,favicons
3306,tcp,12888a39a499eb041ca42bf456aca285,favicons
3306,tcp,3341c6d3c67ccdaeb7289180c741a965,favicons
3306,tcp,43ba066789e749f9ef591dc086f3cd14,favicons
3306,tcp,a83dfece1c0e9e3469588f418e1e4942,favicons
3306,tcp,cee40c0b35bded5e11545be22a40e363,favicons
3306,tcp,4f88ba9f1298701251180e6b6467d43e,favicons
3306,tcp,4c3373870496151fd02a6f1185b0bb68,favicons
3306,tcp,b231ad66a2a9b0eb06f72c4c88973039,favicons
3306,tcp,e1e8bdc3ce87340ab6ebe467519cf245,favicons
3306,tcp,95103d0eabcd541527a86f23b636e794,favicons
3306,tcp,64ca706a50715e421b6c2fa0b32ed7ec,favicons
3306,tcp,e08333841cbe40d15b18f49045f26614,favicons
3306,tcp,e2cac3fad9fa3388f639546f3ba09bc0,favicons
3306,tcp,5ec8d0ecf7b505bb04ab3ac81535e062,favicons
3306,tcp,83a1fd57a1e1684fafd6d2487290fdf5,favicons
3306,tcp,b7f98dd27febe36b7275f22ad73c5e84,favicons
3306,tcp,63b982eddd64d44233baa25066db6bc1,favicons
3306,tcp,05bc6d56d8df6d668cf7e9e11319f4e6,favicons
3306,tcp,63740175dae089e479a70c5e6591946c,favicons
3306,tcp,4cbb2cfc30a089b29cd06179f9cc82ff,favicons
3306,tcp,9187f6607b402df8bbc2aeb69a07bbca,favicons
3306,tcp,a1c686eb6e771878cf6040574a175933,favicons
3306,tcp,4d7fe200d85000aea4d193a10e550d04,favicons
3306,tcp,1a9a1ec2b8817a2f951c9f1793c9bc54,favicons
3306,tcp,1cc16c64d0e471607677b036b3f06b6e,favicons
3306,tcp,7563f8c3ebd4fd4925f61df7d5ed8129,favicons
3306,tcp,7f0f918a78ca8d4d5ff21ea84f2bac68,favicons
3306,tcp,86e3bf076a018a23c12354e512af3b9c,favicons
3306,tcp,9a9ee243bc8d08dac4448a5177882ea9,favicons
3306,tcp,ee1169dee71a0a53c91f5065295004b7,favicons
3306,tcp,7214637a176079a335d7ac529011f4e4,favicons
3306,tcp,1bf954ba2d568ec9771d35c94a6eb2dc,favicons
3306,tcp,ff3b533b061cee7cfbca693cc362c34a,favicons
3306,tcp,428b23df874b41d904bbae29057bdba5,favicons
3306,tcp,8757fcbdbd83b0808955f6735078a287,favicons
3306,tcp,9fac8b45400f794e0799d0d5458c092b,favicons
3306,tcp,4e370f295b96eef85449c357aad90328,favicons
3306,tcp,4cfbb29d0d83685ba99323bc0d4d3513,favicons
3306,tcp,2df6edffca360b7a0fadc3bdf2191857,favicons
3306,tcp,8c291e32e7c7c65124d19eb17bceca87,favicons
3306,tcp,28c34462a074c5311492759435549468,favicons
3306,tcp,705d63d8f6f485bd40528394722b5c22,favicons
3306,tcp,9f500a24ccbdda88cf8ae3ec7b61fc40,favicons
3306,tcp,5b816961f19da96ed5a2bf15e79093cb,favicons
3306,tcp,f51425ace97f807fe5840c4382580fd5,favicons
3306,tcp,eb05f77bf80d66f0db6b1f682ff08bee,favicons
3306,tcp,5d27143fc38439baba39ba5615cbe9ef,favicons
3306,tcp,0c53ef3d151cbac70a8486dd1ebc8b25,favicons
3306,tcp,9939a032a9845e4d931d14e08f5a6c7c,favicons
3306,tcp,6c633b9b92530843c782664cb3f0542d,favicons
3306,tcp,a59c6fead5d55050674f327955df3acb,favicons
3306,tcp,107579220745d3b21461c23024d6c4a3,favicons
3306,tcp,c86974467c2ac7b6902189944f812b9a,favicons
3306,tcp,d9aa63661d742d5f7c7300d02ac18d69,favicons
3306,tcp,0a99a23f6b1f1bddb94d2a2212598628,favicons
3306,tcp,51b916bdaf994ce73d3e5e6dfe2a46ee,favicons
3306,tcp,d134378a39c722e941ac25eed91ca93b,favicons
3306,tcp,835306119474fefb6b38ae314a37943a,favicons
3306,tcp,b64a1155b80e0b06272f8b842b83fa57,favicons
3306,tcp,0e6a6ed665a9669b368d9a90b87976a9,favicons
3306,tcp,6c18a6e983f64b6a6ed0a32c9e8a19b6,favicons
3306,tcp,6acfee4c670580ebf06edae40631b946,favicons
3306,tcp,1f9c39ef3f740eebb046c900edac4ba5,favicons
3306,tcp,37a99d2ddea8b49f701db457b9a8ffed,favicons
3306,tcp,e7dce6ac6d8713a0b98407254ca33f80,favicons
3306,tcp,f08d232927ab8f2c661616b896928233,favicons
3306,tcp,9d203fbb74eabf67f48b965ba5acc9a6,favicons
3306,tcp,fbd140da4eff02b90c9ebcbdb3736322,favicons
3306,tcp,fd3f689b804ddb7bfab53fdf32bf7c04,favicons
3306,tcp,8dfab2d881ce47dc41459c6c0c652bcf,favicons
3306,tcp,66dcdd811a7d8b1c7cd4e15cef9d4406,favicons
3306,tcp,a7fe149a9f2582f38576d14d9b1f0f55,favicons
3306,tcp,2ba9b777483da0a6a8b29c4ab39a10b2,favicons
3306,tcp,701bb703b31f99da18251ca2e557edf0,favicons
3306,tcp,d4af3be33d952c1f98684d985019757c,favicons
3306,tcp,11abb4301d06dccc36d1b5f6dcad093e,favicons
3306,tcp,b9d28bd6822d2e09e01aa0af5d7ccc34,favicons
3306,tcp,eec3051d5c356d1798bea1d8a3617c51,favicons
3306,tcp,9c34a7481ba0c153bb3e2a10e0ea811e,favicons
3306,tcp,49bf194d1eccb1e5110957d14559d33d,favicons
3306,tcp,d361075db94bb892ff3fb3717714b2da,favicons
3306,tcp,a456dd2bae5746beb68814a5ac977048,favicons
3306,tcp,6e0c5b7979e9950125c71341e0960f65,favicons
3306,tcp,ddcc65196f0bc63a90c885bd88ecbb81,favicons
3306,tcp,ba4bfe5d1deb2b4410e9eb97c5b74c9b,favicons
3306,tcp,368c15ac73f0096aa3daff8ff6f719f8,favicons
3306,tcp,6d85758acb4f4baa4d242ba451c91026,favicons
3306,tcp,228ba3f6d946af4298b080e5c934487c,favicons
3306,tcp,ed8cf53ef6836184587ee3a987be074a,favicons
3306,tcp,f6c5f5e8857ecf561029fc5da005b6e3,favicons
3306,tcp,f682dbd4d0a18dd7699339b8adb28c0f,favicons
3306,tcp,7ff45523a7ee9686d3d391a0a27a0b4f,favicons
3306,tcp,a967c8bfde9ea0869637294b679b7251,favicons
3306,tcp,bc18566dcc41a0ff503968f461c4995a,favicons
3306,tcp,531e652a15bc0ad59b6af05019b1834a,favicons
3306,tcp,0ec12e5820517d3b62e56b9a8f1ee5bc,favicons
3306,tcp,300b5c3f134d7ec0bca862cf113149d8,favicons
3306,tcp,8718c2998236c796896b725f264092ee,favicons
3306,tcp,7350c3f75cb80e857efa88c2fd136da5,favicons
3306,tcp,2e5e985fe125e3f8fca988a86689b127,favicons
3306,tcp,d90cc1762bf724db71d6df86effab63c,favicons
3306,tcp,b14353fafda7c90fb1a2a214c195de50,favicons
3306,tcp,18fe76b96d4eae173bf439a9712fa5c1,favicons
3306,tcp,e44d22b74f7ee4435e22062d5adf4a6a,favicons
3306,tcp,3ead5afa19537170bb980924397b70d6,favicons
3306,tcp,28a122aa74f6929b0994fc544555c0b1,favicons
3306,tcp,e9dd9992d222d67c8f6a4704d2c88bdd,favicons
3306,tcp,c126f7e761813946fea2e90ff7ddb838,favicons
3306,tcp,5a77e47fa23554a4166d2303580b0733,favicons
3306,tcp,57f501d6fee2fdb024795abbdb750ad5,favicons
3306,tcp,Flussonic (http://www.flussonic.com/) 19.04,rtsp
3306,tcp,Flussonic (http://www.flussonic.com/) 20.01,rtsp
3306,tcp,Hipcam RealServer/V1.0,rtsp
3306,tcp,Dahua Rtsp Server,rtsp
3306,tcp,GStreamer RTSP server,rtsp
3306,tcp,WMServer/9.1.1.3862,rtsp
3306,tcp,WMServer/9.5.6001.22609,rtsp
3306,tcp,Wowza Streaming Engine 4.7.7 build20181108145350,rtsp
3306,tcp,Wowza Media Server 3.6.4 build9641,rtsp
3306,tcp,HiIpcam/V100R003 VodServer/1.0.0,rtsp
3306,tcp,Indigo-Security/1.0,rtsp
3306,tcp,Cisco MediaSense Media Server,rtsp
3306,tcp,AvigilonOnvifNvt/2.6.0.130,rtsp
3306,tcp,Linux/2.6.35.14_nl-xarina+ Ze-PRO,rtsp
3306,tcp,fbxrtspd/1.2 Freebox RTSP server,rtsp
3306,tcp,5.7.mysql_aurora.3.04.0,mysql
3306,tcp,8.0.mysql_aurora.3.04.0,mysql
3306,tcp,8.0.mysql_aurora.2.11.0,mysql
3306,tcp,9.0.mysql_aurora.1.00.0,mysql
3306,tcp,4.1.20,mysql
3306,tcp,5.5.23-55,mysql
3306,tcp,5.5.30-1.1,mysql
3306,tcp,5.5.18.1-log,mysql
3306,tcp,5.7.4-m14,mysql
3306,tcp,5.0.95-rs,mysql
3306,tcp,5.1.65-log,mysql
3306,tcp,5.4.1-beta-log,mysql
3306,tcp,4.1.13-Max-log,mysql
3306,tcp,5.1.33max-log,mysql
3306,tcp,5.0.87-modified-log,mysql
3306,tcp,5.5.3-m3-log,mysql
3306,tcp,4.0.20a-debug,mysql
3306,tcp,5.1.37-debug-log,mysql
3306,tcp,5.0.95-community-log,mysql
3306,tcp,5.0.37-Community-log,mysql
3306,tcp,5.0.21-community-max,mysql
3306,tcp,5.5.0-m2-community-log,mysql
3306,tcp,6.0.4-alpha-community,mysql
3306,tcp,5.1.33-community-debug,mysql
3306,tcp,5.5.0-m2-community-debug-log,mysql
3306,tcp,4.1.22-community-max-nt,mysql
3306,tcp,5.0.88-community-nt,mysql
3306,tcp,5.0.67-community-nt-log,mysql
3306,tcp,5.1.20-beta-community-nt-debug,mysql
3306,tcp,6.0.0-alpha-community-nt-debug,mysql
3306,tcp,6.0.2-alpha-community-nt-debug-log,mysql
3306,tcp,5.0.18-nt,mysql
3306,tcp,4.1.12a-nt-max-log,mysql
3306,tcp,3.23.58-max-nt,mysql
3306,tcp,5.1.6-alpha-nt-max,mysql
3306,tcp,4.0.11-gamma-max-nt,mysql
3306,tcp,5.5.25a-cll,mysql
3306,tcp,5.0.91-community-cll,mysql
3306,tcp,5.1.66-cll-lve,mysql
3306,tcp,5.0.95-community-cll-lve,mysql
3306,tcp,5.1.66-0ubuntu0.10.04.3-log,mysql
3306,tcp,5.5.28-0ubuntu0.12.04.3-log,mysql
3306,tcp,5.0.22-Debian_0ubuntu6.06.14-log,mysql
3306,tcp,5.1.41-3ubuntu12.10,mysql
3306,tcp,5.0.45-Debian_1ubuntu3.4,mysql
3306,tcp,5.0.51a-3ubuntu5.5,mysql
3306,tcp,5.0.51a-3ubuntu5.8-log,mysql
3306,tcp,5.0.75-0ubuntu10.2,mysql
3306,tcp,5.1.58-1ubuntu1,mysql
3306,tcp,4.0.24_Debian-10ubuntu2-log,mysql
3306,tcp,5.6.19-1~exp1ubuntu2-log,mysql
3306,tcp,5.6.19-1+deb.sury.org~precise+1,mysql
3306,tcp,5.6.20-1+deb.sury.org~precise+1-log,mysql
3306,tcp,5.6.21-1+deb.sury.org~trusty+1,mysql
3306,tcp,5.6.19-1+deb.sury.org~trusty+1-log,mysql
3306,tcp,5.5.62-0+deb8u1,mysql
3306,tcp,5.5.49-0+deb8u1-log,mysql
3306,tcp,5.6.31-1+jessie,mysql
3306,tcp,5.5.60-0+deb7u2,mysql
3306,tcp,5.5.60-0+deb7u2-log,mysql
3306,tcp,5.5.60-0+deb7u1,mysql
3306,tcp,5.5.60-0+deb7u1-log,mysql
3306,tcp,5.1.66-0+squeeze1,mysql
3306,tcp,5.1.66-0+squeeze1-log,mysql
3306,tcp,5.1.73-1+deb6u1,mysql
3306,tcp,5.5.41-0+wheezy1,mysql
3306,tcp,5.5.35-0+wheezy1-log,mysql
3306,tcp,5.5.59-25.23+1wheezy,mysql
3306,tcp,5.0.51a-24+lenny1-log,mysql
3306,tcp,5.0.51a-24+lenny2,mysql
3306,tcp,5.0.51a-24+lenny2+spu1-log,mysql
3306,tcp,5.1.49-3~bpo50+1-log,mysql
3306,tcp,5.0.51a-24+lenny2~bpo40+1-log,mysql
3306,tcp,5.0.32-Debian_7etch5~bpo31+1-log,mysql
3306,tcp,5.0.22-Debian_2bpo1,mysql
3306,tcp,5.0.32-Debian_7~bpo.1-log,mysql
3306,tcp,4.1.11-Debian_etch1-log,mysql
3306,tcp,5.0.32-Debian_7etch6-log,mysql
3306,tcp,4.0.24_Debian-10sarge2-log,mysql
3306,tcp,4.1.11-Debian_4sarge7-log,mysql
3306,tcp,4.0.24_Debian-4woody1,mysql
3306,tcp,4.0.23_Debian-3-log,mysql
3306,tcp,4.0.31-20070605_Debian-7-log,mysql
3306,tcp,5.1.22-rc-Debian_2~ppa5-log,mysql
3306,tcp,5.1.54-0.dotdeb.0,mysql
3306,tcp,5.1.58-1~dotdeb.0,mysql
3306,tcp,5.5.30-1~dotdeb.0-log,mysql
3306,tcp,5.1.30-Dotdeb_0.dotdeb.0-log,mysql
3306,tcp,5.0.13-rc-standard-log,mysql
3306,tcp,5.0.37-standard,mysql
3306,tcp,5.0.51a-standard-log,mysql
3306,tcp,5.0.24-pro-nt,mysql
3306,tcp,4.1.25-pro-gpl-nt-log,mysql
3306,tcp,4.1.23-pro-gpl-log,mysql
3306,tcp,5.0.17c-pro-gpl-cert,mysql
3306,tcp,5.0.82sp1,mysql
3306,tcp,5.1.46sp1-enterprise-gpl-advanced-log,mysql
3306,tcp,5.0.84-enterprise-nt,mysql
3306,tcp,5.1.26-rc-enterprise-gpl-log,mysql
3306,tcp,5.5.27-enterprise-commercial-advanced-log,mysql
3306,tcp,5.1.30-ndb-6.3.20-cluster-gpl-log,mysql
3306,tcp,5.5.20-ndb-7.2.5-gpl,mysql
3306,tcp,4.1.21-CLUSTERS,mysql
3306,tcp,5.0.46-cluster,mysql
3306,tcp,5.0.86-classic-log,mysql
3306,tcp,5.1.57-rel12.8,mysql
3306,tcp,5.1.60rel13.1-log,mysql
3306,tcp,5.1.67-rel14.3-log,mysql
3306,tcp,5.6.17-65.0-rel65.0,mysql
3306,tcp,5.1.50-percona,mysql
3306,tcp,5.5.27-percona-sure1-log,mysql
3306,tcp,5.5.7-rcPercona-Server-log,mysql
3306,tcp,5.1.73-14.12,mysql
3306,tcp,5.6.20-68.0-56,mysql
3306,tcp,5.6.16-64.2-25-log,mysql
3306,tcp,5.6.13-rc60.6,mysql
3306,tcp,5.6.13-rc61.0-log,mysql
3306,tcp,5.6.17-65.0-583.trusty,mysql
3306,tcp,5.6.17-65.0-587.saucy,mysql
3306,tcp,5.6.16-64.2-569.quantal-log,mysql
3306,tcp,5.6.16-64.2-569.precise-log,mysql
3306,tcp,5.5.36-34.2-648.wheezy-log,mysql
3306,tcp,5.5.36-34.2-648.squeeze,mysql
3306,tcp,4.0.27-nmm1-log,mysql
3306,tcp,4.1.22-nmm-1-log,mysql
3306,tcp,3.23.59-nightly-20050301-log,mysql
3306,tcp,5.1.30-SERVER-104,mysql
3306,tcp,4.0.15a-ISPrime,mysql
3306,tcp,5.1.26-rc-5.1.26rc-log,mysql
3306,tcp,5.1.66-ius-log,mysql
3306,tcp,5.0.67.d7-ourdelta-log,mysql
3306,tcp,5.0.87-d10-ourdelta65-log,mysql
3306,tcp,5.1.61-Alibaba-121011-log,mysql
3306,tcp,5.1.61-Alibaba-rds-201404-log,mysql
3306,tcp,5.5.34-MariaDB-cll-lve,mysql
3306,tcp,5.5.5-10.0.15-MariaDB-cll-lve,mysql
3306,tcp,5.5.5-10.2.23-MariaDB-log-cll-lve,mysql
3306,tcp,5.5.37-MariaDB-1~jessie-log,mysql
3306,tcp,10.0.11-MariaDB-1~jessie-log,mysql
3306,tcp,5.5.5-10.0.14-MariaDB-1~jessie-log,mysql
3306,tcp,5.5.37-MariaDB-1~wheezy-log,mysql
3306,tcp,10.0.11-MariaDB-1~wheezy-log,mysql
3306,tcp,5.5.5-10.0.14-MariaDB-1~wheezy-log,mysql
3306,tcp,5.5.31-MariaDB-1~squeeze-log,mysql
3306,tcp,5.5.5-10.0.15-MariaDB-1~squeeze-log,mysql
3306,tcp,5.3.2-MariaDB-beta-mariadb102~lenny,mysql
3306,tcp,5.5.5-10.0.16-MariaDB-1~sid,mysql
3306,tcp,5.5.5-10.1.23-MariaDB-1~xenial,mysql
3306,tcp,5.5.5-10.0.16-MariaDB-1~utopic-log,mysql
3306,tcp,5.5.5-10.0.15-MariaDB-1~trusty,mysql
3306,tcp,5.5.39-MariaDB-1~saucy-log,mysql
3306,tcp,5.5.5-10.3.20-MariaDB-1:10.3.20+maria~buster-log,mysql
3306,tcp,5.5.5-10.1.26-MariaDB-1~yakkety,mysql
3306,tcp,5.5.5-10.0.28-MariaDB-1~yakkety-wsrep,mysql
3306,tcp,5.5.5-10.3.22-MariaDB-1:10.3.22+maria~wily,mysql
3306,tcp,5.5.5-10.4.12-MariaDB-1:10.4.12+maria~wily-log,mysql
3306,tcp,5.5.5-10.1.11-MariaDB-1~wily-log,mysql
3306,tcp,5.5.5-10.1.16-MariaDB-1~wily,mysql
3306,tcp,5.5.5-10.0.24-MariaDB-1~vivid,mysql
3306,tcp,5.5.5-10.1.10-MariaDB-1~vivid-log,mysql
3306,tcp,5.5.5-10.0.24-MariaDB-1~vivid-wsrep,mysql
3306,tcp,5.5.5-10.2.9-MariaDB-1~vivid-wsrep-log,mysql
3306,tcp,5.5.5-10.3.22-MariaDB-1:10.3.22+maria~eoan,mysql
3306,tcp,5.5.5-10.4.12-MariaDB-1:10.4.12+maria~eoan-log,mysql
3306,tcp,5.5.5-10.3.17-MariaDB-1:10.3.17+maria~cosmic-log,mysql
3306,tcp,5.5.5-10.1.20-MariaDB-1:10.3.17+maria~cosmic,mysql
3306,tcp,5.5.5-10.3.17-MariaDB-1:10.3.17+maria~disco-log,mysql
3306,tcp,5.5.5-10.1.20-MariaDB-1:10.3.17+maria~disco,mysql
3306,tcp,5.5.32-MariaDB-1~raring-log,mysql
3306,tcp,5.5.5-10.0.12-MariaDB-1~quantal-log,mysql
3306,tcp,5.5.38-MariaDB-1~quantal-log,mysql
3306,tcp,5.5.41-MariaDB-1~precise-log,mysql
3306,tcp,5.5.5-10.0.16-MariaDB-1~precise-log,mysql
3306,tcp,5.5.34-MariaDB-mariadb122~hardy-log,mysql
3306,tcp,5.5.5-10.1.1-MariaDB-1~trusty-wsrep-log,mysql
3306,tcp,5.5.5-10.0.26-MariaDB-1~jessie-wsrep,mysql
3306,tcp,5.5.5-10.0.22-MariaDB-1~jessie-wsrep-log,mysql
3306,tcp,5.5.5-10.0.36-MariaDB-1~xenial-wsrep,mysql
3306,tcp,5.5.5-10.0.52-MariaDB-1~xenial-wsrep-log,mysql
3306,tcp,5.5.5-10.0.10-MariaDB-1~saucy-wsrep-log,mysql
3306,tcp,5.5.5-10.1.1-MariaDB-1~precise-wsrep,mysql
3306,tcp,5.5.34-MariaDB-1~lucid-wsrep-log,mysql
3306,tcp,5.5.5-10.0.17-MariaDB-0ubuntu1,mysql
3306,tcp,5.5.5-10.3.22-MariaDB-1ubuntu1-log,mysql
3306,tcp,5.5.39-MariaDB-0ubuntu0.14.04.1,mysql
3306,tcp,5.5.5-10.0.31-MariaDB-0ubuntu0.16.04.2,mysql
3306,tcp,5.5.34-MariaDB-1~lucid-log,mysql
3306,tcp,5.5.5-10.5.2-MariaDB-1:10.5.2+maria~focal,mysql
3306,tcp,5.5.5-10.1.1-MariaDB-1:10.1.1+maria~focal-log,mysql
3306,tcp,5.5.29-MariaDB-mariadb1~maverick,mysql
3306,tcp,5.5.5-10.1.29-MariaDB-alt1.M80P.1,mysql
3306,tcp,5.5.5-10.2.15-MariaDB-alt2.M80P.3.S1,mysql
3306,tcp,5.5.5-10.4.10-4-MariaDB-enterprise-log,mysql
3306,tcp,5.5.5-10.0.40-2-MariaDB,mysql
3306,tcp,5.5.5-10.0.40-MariaDB,mysql
3306,tcp,5.5.5-10.0.28-MariaDB-2+b1,mysql
3306,tcp,5.5.5-10.1.29-MariaDB-6+b1,mysql
3306,tcp,5.7.8-10.3.13-MariaDB-1,mysql
3306,tcp,5.5.60-MariaDB,mysql
3306,tcp,5.7.8-MariaDB-1:10.3.13,mysql
3306,tcp,5.5.5-10.5.27-MariaDB-ubu2004,mysql
3306,tcp,5.5.5-10.11.9-MariaDB-ubu2204,mysql
3306,tcp,5.5.5-10.11.9-MariaDB-ubu2204-log,mysql
3306,tcp,5.5.5-10.6.12-MariaDB-1:10.6.12+maria~ubu2004,mysql
3306,tcp,5.5.5-10.11.7-MariaDB-1:10.11.7+maria~ubu2204-log,mysql
3306,tcp,5.5.5-10.1.1-MariaDB-1~wheezy-wsrep-log,mysql
3306,tcp,5.5.5-10.1.1-MariaDB-1~squeeze-wsrep,mysql
3306,tcp,5.5.5-10.2.12-MariaDB-10.2.12+maria~zesty-log,mysql
3306,tcp,5.5.5-10.3.22-MariaDB-10.2.12+maria~zesty,mysql
3306,tcp,5.5.5-10.5.12-MariaDB-10.2.12+maria~artful-log,mysql
3306,tcp,5.5.5-10.3.2-MariaDB-10.2.12+maria~artful,mysql
3306,tcp,5.5.5-10.0.16-MariaDB-1~sid-wsrep,mysql
3306,tcp,5.5.5-10.0.15-MariaDB-wsrep,mysql
3306,tcp,5.1.39-maria-beta,mysql
3306,tcp,5.3.5-MariaDB-ga-mariadb113-log,mysql
3306,tcp,5.5.24-MariaDB-mariadb1~0.1,mysql
3306,tcp,10.0.1-MariaDB-log,mysql
3306,tcp,5.5.5-10.0.16-MariaDB-log,mysql
3306,tcp,5.5.30-MariaDB-debug,mysql
3306,tcp,5.2.10-MariaDB-mariadb107,mysql
3306,tcp,5.1.44-community-maria-log,mysql
3306,tcp,5.5.5-10.1.21-MariaDB-enterprise,mysql
3306,tcp,5.5.5-10.1.21-MariaDB-enterprise-log,mysql
3306,tcp,5.5.34-MariaDB-enterprise,mysql
3306,tcp,5.5.5-10.0.0 2.1.14-maxscale,mysql
3306,tcp,5.5.5-10.6.8-maxscale,mysql
3306,tcp,5.5.5-10.6.8-MaxScale,mysql
3306,tcp,5.2.0-falcon-alpha-community-nt,mysql
3306,tcp,5.2.0-falcon-alpha-log,mysql
3306,tcp,5.2.0-falcon-alpha-community,mysql
3306,tcp,5.5.40-tokudb-7.5.3-log,mysql
3306,tcp,5.5.21-tokudb-6.0.0-42634,mysql
3306,tcp,5.5.25-tokudb-6.1.1-47477-MariaDB-log,mysql
3306,tcp,5.5.5-10.2.17-MariaDB-1:10.2.17+maria~bionic,mysql
3306,tcp,5.5.5-10.2.14-MariaDB-1:10.2.14+maria~bionic-log,mysql
3306,tcp,5.5.5-10.1.40-MariaDB-1~bionic,mysql
3306,tcp,5.5.5-10.2.39-MariaDB-1~bionic-log,mysql
3306,tcp,5.5.5-10.2.17-MariaDB-1:10.2.17+maria~stretch,mysql
3306,tcp,5.5.5-10.2.25-MariaDB-10.2.25+maria~stretch-log,mysql
3306,tcp,5.5.5-10.1.39-MariaDB-1~stretch,mysql
3306,tcp,5.5.5-10.1.23-MariaDB-9+deb9u1,mysql
3306,tcp,5.5.5-10.5.29-MariaDB-0+deb11u1-log,mysql
3306,tcp,5.1.40-Sphinx,mysql
3306,tcp,5.0.91+tld0-log,mysql
3306,tcp,5.1.57-5.1.57+tld2-log,mysql
3306,tcp,5.0.24a-Debian_3.infrant1,mysql
3306,tcp,5.1.61-beget-log,mysql
3306,tcp,5.0.56-Linuxtone.Org,mysql
3306,tcp,5.1.53-LTOPS-log,mysql
3306,tcp,5.1.66-xencdn.net-log,mysql
3306,tcp,5.0.27-Comsenz-log,mysql
3306,tcp,5.1.56-www.gamewave.net-edition-log,mysql
3306,tcp,5.1.56-www.gamewave.net-log,mysql
3306,tcp,5.6.16-64.0-beget-log,mysql
3306,tcp,5.6.21-70.0-1-beget-log,mysql
3306,tcp,4.0.27yes,mysql
3306,tcp,5.5.24.t7-log,mysql
3306,tcp,5.5.31.t11.1,mysql
3306,tcp,5.5.15 Hybrid Cluster MySQL Proxy to,mysql
3306,tcp,5.1.53 ScaleBase Data Traffic Manager 3.2.3,mysql
3306,tcp,5.6.16-64.1-1.ctbanco60-log,mysql
3306,tcp,5.6.16-64.1-1.ctbanco7-log,mysql
3306,tcp,4.0.21 Complete MySQL by Server Logistics-log,mysql
3306,tcp,X1 NT-ESMTP Server foo.bar (IMail 6.06 EVAL 11347-1),smtp
3306,tcp,X1 NT-ESMTP Server foo.bar (IMail 6.06 899085-1),smtp
3306,tcp,foo.bar (IMail 12.4.2.27 21349-1) NT-ESMTP Server X1,smtp
3306,tcp,192.168.1.1 SMTP AnalogX Proxy 4.15 (Release) ready,smtp
3306,tcp,"ArGoSoft Mail Server, Version 1.4 (1.4.0.7)",smtp
3306,tcp,"foo.bar ArGoSoft Mail Server Freeware, Version 1.8 (1.8.8.8)",smtp
3306,tcp,"ArGoSoft Mail Server Freeware, Version 1.8 (1.8.8.8)",smtp
3306,tcp,"ArGoSoft Mail Server Pro for WinNT/2000, Version 1.61 (1.6.1.8)",smtp
3306,tcp,"ArGoSoft Mail Server Pro for WinNT/2000/XP, Version 1.8 (1.8.9.5)",smtp
3306,tcp,"foo.bar ArGoSoft Mail Server Pro for WinNT/2000/XP, Version 1.8 (1.8.9.5)",smtp
3306,tcp,foo.bar AppleShare IP Mail Server 6.2.1 SMTP Server Ready,smtp
3306,tcp,foo.bar AppleShare IP Mail Server 6.2 SMTP Server Ready,smtp
3306,tcp,CheckPoint FireWall-1 secure SMTP server,smtp
3306,tcp,CheckPoint FireWall-1 secure ESMTP server,smtp
3306,tcp,SMTP/cmap ready________________________________________________________________________,smtp
3306,tcp,CCProxy 7.3 SMTP Service Ready(Unregistered),smtp
3306,tcp,***************************,smtp
3306,tcp,CSM Internet Mail Scanner SMTP-Gateway ready.,smtp
3306,tcp,CSM Internet Mail Scanner SMTP-Gateway read.,smtp
3306,tcp,foo.bar IMS SMTP Receiver Version 0.83 Ready,smtp
3306,tcp,foo.bar running Eudora Internet Mail Server 3.0.2,smtp
3306,tcp,foo.bar running Eudora Internet Mail Server 2.2,smtp
3306,tcp,foo.bar ESMTP Server (Microsoft Exchange Internet Mail Service 5.5.2653.13) ready,smtp
3306,tcp,foo.bar Microsoft Exchange Internet Mail Service 5.0.1460.8 ready,smtp
3306,tcp,"foo.bar Microsoft ESMTP MAIL Service ready at Wed, 21 Jul 2010 19:04:24 -0700",smtp
3306,tcp,"foo.bar Microsoft ESMTP MAIL Service, Version: 10.0.14393.2608 ready at  Sun, 19 May 2019 09:04:29 -0500",smtp
3306,tcp,"Microsoft ESMTP MAIL Service, Version: 10.0.14393.2608 ready at  Sun, 19 May 2019 09:04:29 -0500",smtp
3306,tcp,"foo.bar Microsoft ESMTP MAIL Service, Version: 10.0.17763.1 ready at  Sun, 19 May 2019 09:04:29 -0500",smtp
3306,tcp,"foo.bar Microsoft SMTP MAIL ready at Wed, 29 Nov 2017 23:48:59 +0000 Version: 5.5.1877.197.19",smtp
3306,tcp,"Microsoft ESMTP MAIL Service, Version: 5.0.2195.5329 ready Thu, 30 Nov 2017 11:40:25 +0200",smtp
3306,tcp,"foo.bar Microsoft ESMTP MAIL Service, Version: 6.0.3790.4675 ready at Wed, 21 Jul 2010 19:04:24 -0700",smtp
3306,tcp,"Microsoft ESMTP MAIL Service, Version: 6.0.2600.5512 ready at  Thu, 30 Nov 2017 18:22:40 +0900",smtp
3306,tcp,"foo.bar Microsoft ESMTP MAIL Service, Version: 6.0.3790.3959 ready",smtp
3306,tcp,"foo.bar Microsoft ESMTP MAIL Service, Version: 6.0.3790.1830",smtp
3306,tcp,ESMTP Exim,smtp
3306,tcp,"ESMTP Exim Thu, 29 Apr 2021 06:46:16 +0200",smtp
3306,tcp,"foo.bar  ESMTP Exim 4.91 Thu, 29 Apr 2021 05:41:36 +400",smtp
3306,tcp,"foo.bar ESMTP Exim 4.89 """,smtp
3306,tcp,"foo.bar, ESMTP EXIM 4.83",smtp
3306,tcp,foo.bar ESMTP Exim 4.84_2,smtp
3306,tcp,"foo.bar ESMTP Exim 4.90_RC3 Thu, 30 Nov 2017 03:52:16 -0700",smtp
3306,tcp,"foo.bar ESMTP Exim 4.89_1b Thu, 05 Apr 2018 21:30:37 +0200",smtp
3306,tcp,"foo.bar ESMTP Exim 4.89-122312 Thu, 16 Nov 2017 10:33:38 +0200",smtp
3306,tcp,"foo.bar ESMTP (Exim 4.87) Thu, 30 Nov 2017 03:25:58 -0800",smtp
3306,tcp,"foo.bar ESMTP Exim 4.80 Thu, 16 Nov 2017 01:04:30 -0800",smtp
3306,tcp,"foo.bar ESMTP Exim 4.92.2 #89 Thu, 29 Apr 2021 07:43:39 +0200",smtp
3306,tcp,"foo.bar ESMTP Exim 4.89 #1 Thu, 16 Nov 2017 04:55:31 -0500 We do not authorize the use of this system to transport unsolicited, and/or bulk e-mail.",smtp
3306,tcp,"foo.bar ESMTP Exim 125302 Thu, 16 Nov 2017 04:55:11 -0500",smtp
3306,tcp,"foo.bar ESMTP Exim 4.82 Ubuntu Thu, 16 Nov 2017 11:30:44 +0300",smtp
3306,tcp,foo.bar ESMTP Exim,smtp
3306,tcp,"foo.bar ESMTP Exim Thu, 16 Nov 2017 01:11:30 -0800",smtp
3306,tcp,"foo.bar ESMTP Exim  #1 Thu, 30 Nov 2017 05:31:32 -0500",smtp
3306,tcp,"ESMTP Exim 4.82 Thu, 16 Nov 2017 12:19:22 +0300",smtp
3306,tcp,"ESMTP Exim 4.82 Thu, 16 Nov 2017 11:41:41 +0300",smtp
3306,tcp,"ESMTP Exim 4.89  #1 Thu, 16 Nov 2017 07:32:28 -0200",smtp
3306,tcp,foo.bar Exim ESMTP Service ready,smtp
3306,tcp,barracuda.foo.bar ESMTP (0a8d40ef45300cc1bd0f16ced5c9e6f1),smtp
3306,tcp,foo.bar FTGate server ready -attitude [C.o.r.E],smtp
3306,tcp,foo.bar SMTP/smap Ready.,smtp
3306,tcp,"foo.bar GroupWise Internet Agent 5.5.1 Ready (C)1993, 1998 Novell, Inc.",smtp
3306,tcp,"foo.bar GroupWise Internet Agent 8.0.3  Copyright (c) 1993-2012 Novell, Inc.  All rights reserved. Ready",smtp
3306,tcp,"foo.bar GroupWise Internet Agent 14.2.1  Copyright 1993-2016 Novell, Inc., a Micro Focus Company. All rights reserved. Ready",smtp
3306,tcp,"foo.bar GroupWise SMTP/MIME Daemon 4.1 v3 Ready (C)1993, 1996 Novell, Inc.",smtp
3306,tcp,"foo.bar running IBM VM SMTP Level 640 on Thu, 30 Nov 2017 01:08:59 PDT",smtp
3306,tcp,"foo.bar running IBM VM SMTP Level 3A0 on Mon, 10 Sep 2001 07:21:54 EDT",smtp
3306,tcp,"foo.bar ESMTP running IBM VM SMTP V2R4; Mon, 10 Sep 2001 07:24:35 -0400 (EDT)",smtp
3306,tcp,192.168.1.1 (IntraStore TurboSendmail) ESMTP Service ready,smtp
3306,tcp,"foo.bar SMTP Server (JAMES SMTP Server 2.3.2) ready Tue, 19 May 2015 00:36:13 +0200 (CEST)",smtp
3306,tcp,"ESMTP MailEnable Service, Version: 9.53",smtp
3306,tcp,"foo.home ESMTP MailEnable Service, Version: 10.34",smtp
3306,tcp,"foo.bar ESMTP MailEnable Service, Version: 1.8-- ready at 05/20/15 08:50:22",smtp
3306,tcp,"*.foo.bar ESMTP MailEnable Service, Version: 9.53-9.53- ready at 11/30/17 00:57:37",smtp
3306,tcp,"%WPI_HOSTNAME% ESMTP MailEnable Service, Version: 10.27-- ready at 07/07/21 18:24:47",smtp
3306,tcp,"foo.bar ESMTP MailEnable Service, Version: 9.00--9.00 ready at 11/30/17 09:30:34",smtp
3306,tcp,"foo.bar ESMTP MailEnable Service, Version: 1.986-- denied access at 04/05/18 16:15:25",smtp
3306,tcp,"foo.bar (Mail-Max Version 4.2.4.7, Wed, 31 Jan 2001 03:44:35 +0100 WST) ESMTP Mail Server Ready.",smtp
3306,tcp,"foo.bar (Mail-Max Version 3.073, Thu, 30 Nov 2017 17:24:59 +0800 ) ESMTP Mail Server Ready.",smtp
3306,tcp,foo.bar  MailSite ESMTP Receiver Version 3.4.6.0 Ready,smtp
3306,tcp,foo.bar MailSite SMTP Receiver Version 2.1.7 Ready,smtp
3306,tcp,foo.bar MailSite SMTP Receiver Ready,smtp
3306,tcp,MailSite ESMTP Receiver Version 10.2.0.0 Ready,smtp
3306,tcp,foo.bar MAILsweeper ESMTP Receiver Version 4.2.1.0 Ready,smtp
3306,tcp,"foo.bar ESMTP MDaemon 4.0.5 UNREGISTERED; Sat, 06 Oct 2001 09:10:56 +0400",smtp
3306,tcp,"foo.bar ESMTP MDaemon 4.0.2; Sat, 06 Oct 2001 01:46:44 -0500",smtp
3306,tcp,foo.bar ESMTP MDaemon 3.5.7 ready,smtp
3306,tcp,foo.bar ESMTP service ready [1] MDaemon v2.84 R,smtp
3306,tcp,foo.bar ESMTP service ready [1] using MDaemon v3.0.3 R,smtp
3306,tcp,foo.bar ESMTP service ready [1] MDaemon v2.8.7.0 R,smtp
3306,tcp,foo.bar ESMTP service ready [1] MDaemon v2.7 SP5 R,smtp
3306,tcp,foo.bar ESMTP service ready [1] (MDaemon v2.7 SP4 R),smtp
3306,tcp,foo.bar ESMTP service ready [1] (MDaemon v2.5 rB b1 32-T),smtp
3306,tcp,"foo.bar SMTP Merak 8.0.3; Thu, 30 Nov 2017 20:01:41 +1000",smtp
3306,tcp,"foo.bar ESMTP Merak 8.0.3; Thu, 30 Nov 2017 12:08:09 +0200",smtp
3306,tcp,"foo.bar ESMTP MERAK 2.10.284; Thu, 30 Nov 2017 17:55:10 +0800",smtp
3306,tcp,"MERCUR SMTP-Server (v3.30.09 SA-0000005) for Windows NT ready at Thu, 30 Nov 2017  10:01:06 +0100",smtp
3306,tcp,foo.bar Mercury 1.43 ESMTP server ready.,smtp
3306,tcp,foo.bar Mercury/32 v3.01a SMTP/ESMTP server ready.,smtp
3306,tcp,foo.bar Mercury/32 v3.30 ESMTP server ready.,smtp
3306,tcp,"foo.bar SMTP NAVIEG 2.0.1; Sun, 29 Jul 2001 22:02:16 -0500 http://www.symantec.com",smtp
3306,tcp,foo.bar ESMTP service (Netscape Messaging Server 4.15 Patch 7 (built Sep 12 2001)),smtp
3306,tcp,"foo.bar ESMTP server (Netscape Messaging Server - Version 3.6) ready Thu, 30 Nov 2017 04:19:10 -0500",smtp
3306,tcp,foo.bar Lotus SMTP MTA Service Ready,smtp
3306,tcp,"foo.bar  ESMTP Service (Lotus Domino Release 8.5) ready at Thu, 30 Nov 2017 17:01:45 +0800",smtp
3306,tcp,"foo.bar ESMTP Service (Lotus Domino Release 8.5.3FP6 HF1944) ready at Thu, 30 Nov 2017 17:17:43 +0800",smtp
3306,tcp,"foo.bar ESMTP Service (Lotus Domino Release 8.0.2 FP1 HF82) ready at Thu, 5 Apr 2018 22:03:28 +0200",smtp
3306,tcp,"foo.bar ESMTP Service (Lotus Domino Release 5.0.13a) ready at Thu, 16 Nov 2017 17:47:42 +0800",smtp
3306,tcp,"foo.bar ESMTP Service (Lotus Domino Release 7.0.4) ready at Thu, 16 Nov 2017 18:28:36 +0900",smtp
3306,tcp,"foo.bar ESMTP Service (Lotus Domino Release 8.0.2FP2) ready at Thu, 16 Nov 2017 02:17:33 -0700",smtp
3306,tcp,"foo.bar ESMTP Service (Lotus Domino Release 8.5.3) ready at Thu, 16 Nov 2017 17:52:21 +0800",smtp
3306,tcp,"ESMTP Service (Lotus Domino Release 7.0) ready at Thu, 30 Nov 2017 17:00:41 +0800",smtp
3306,tcp,"foo.bar ESMTP Service (Lotus Domino Release 5.0.1 (Intl)) ready at Thu, 30 Nov 2017 12:38:43 +0300",smtp
3306,tcp,"foo.bar ESMTP Service (IBM Domino Release 9.0.1FP8 HF475) ready at Thu, 30 Nov 2017 17:55:48 +0900",smtp
3306,tcp,"foo.bar ESMTP Service (IBM Domino Release 9.0.1) ready at Thu, 30 Nov 2017 10:12:26 +0100",smtp
3306,tcp,"ESMTP Service (IBM Domino Release 9.0.1FP8) ready at Thu, 30 Nov 2017 13:51:59 -0800",smtp
3306,tcp,"foo.bar ESMTP Service (Lotus Domino Build 166.1) ready at Thu, 16 Nov 2017 10:39:22 +0200",smtp
3306,tcp,"foo.bar ESMTP Service (Lotus Domino Build V85_M2_08202008) ready at Thu, 16 Nov 2017 03:57:40 -0500",smtp
3306,tcp,"Lotus Notes ESMTP Server X1.0 on FooBar R45 Server/Foo Bar/US ready at Fri, 15 Feb 2002 09:46:19 -0800.",smtp
3306,tcp,foo.bar NTMail (v7.02.3037/NU1319.01.5b000000) ready for ESMTP transfer,smtp
3306,tcp,"foo.bar WindowsNT SMTP Server v3.03.0018/7.aavn/SP ESMTP ready at Thu, 30 Nov 2017 10:15:31 +0100",smtp
3306,tcp,"foo.bar V5.7-ECO4, OpenVMS V8.4 IA64 ready at Wed, 20 May 2015 01:22:32 +0100 (BST)",smtp
3306,tcp,"foo.bar V5.4-15E, OpenVMS V7.3-2 Alpha ready at Wed, 20 May 2015 01:22:18 +0100 (BST)",smtp
3306,tcp,"foo.bar UCX V4.2-21I, OpenVMS V6.2 VAX ready at Wed, 20 May 2015 01:15:16 GMT",smtp
3306,tcp,"foo.bar UCX V4.2-21I, OpenVMS V6.2-1H3 Alpha ready at Wed, 20 May 2015 00:55:37 GMT",smtp
3306,tcp,"foo.bar ESMTP PMailServer [Free Edition] 1.91; Fri, 22 May 2015 02:04:56",smtp
3306,tcp,"foo.bar ESMTP PMailServer 1.78; Fri,  6 Apr 2018 04:34:11",smtp
3306,tcp,foo.bar ESMTP Postfix (3.1.4),smtp
3306,tcp,foo.bar ESMTP Postfix 2.7.1,smtp
3306,tcp,foo.bar ESMTP Postfix (2.8-20100306),smtp
3306,tcp,foo.bar ESMTP Postfix (Ubuntu),smtp
3306,tcp,"foo.bar ESMTP Hi, I'm a Mail-in-a-Box (Ubuntu/Postfix; see https://mailinabox.email/)",smtp
3306,tcp,"foo.bar Hi, I'm a Mail-in-a-Box (Ubuntu/Postfix; see https://mailinabox.email/)",smtp
3306,tcp,foo.bar ESMTP Postfix (Debian/GNU),smtp
3306,tcp,foo.bar ESMTP Postfix (lol),smtp
3306,tcp,foo.bar ESMTP Postfix,smtp
3306,tcp,foo.bar SMTP Postfix,smtp
3306,tcp,ESMTP Postfix,smtp
3306,tcp,foo.bar Postfix,smtp
3306,tcp,"foo.bar ESMTP server (post.office v3.8.4 release 116 ID# 1001-65749U100L10S0V38) ready Thu, 30 Nov 2017 18:46:24 +0900",smtp
3306,tcp,"foo.bar ESMTP server (Post.Office v3.1 release PO205e ID# 0-42000U100L2S100) ready Tue, 6 Feb 2001 19:38:32 +0100",smtp
3306,tcp,foo.bar Generic SMTP handler,smtp
3306,tcp,foo.bar SAP 8.04(53) ESMTP service ready,smtp
3306,tcp,Sendmail ESMTP ready,smtp
3306,tcp,"foo.bar ESMTP Sendmail 8.8.6 (PHNE_14041)/8.7.1; Tue, 6 Feb 2001 10:04:32 -0300 (SAT)",smtp
3306,tcp,"foo.bar ESMTP Sendmail @(#)Sendmail version 8.13.3 - Revision 1.004:: HP-UX11.31 - 03rd February,2010/8.11.1; Wed, 20 May 2015 23:35:38 GMT",smtp
3306,tcp,"foo.bar ESMTP Sendmail 8.8.7/UW7.1.0 ready at Tue, 6 Feb 2001 16:39:30 -0300 (GMT-0300)",smtp
3306,tcp,"foo.bar ESMTP Sendmail AIX4.2/UCB 8.7; Sun, 29 Jul 2001 22:34:37 -0400 (EDT)",smtp
3306,tcp,"foo.bar Sendmail AIX 4.1/UCB 5.64/4.03 ready at Mon, 30 Jul 2001 00:42:21 -0500",smtp
3306,tcp,"foo.bar ESMTP Sendmail AIX4.2/8.7/8.8; Sun, 29 Jul 2001 22:34:37 -0400 (EDT)",smtp
3306,tcp,"foo.bar ESMTP Sendmail AIX5.1/8.11.6p2/8.11.0; Fri, 28 Aug 1970 19:42:05 -0800",smtp
3306,tcp,"foo.bar ESMTP Sendmail 8.9.3/8.9.3/SuSE Linux 8.9.3-0.1; Mon, 30 Jul 2001 04:48:54 +0200",smtp
3306,tcp,"foo.bar ESMTP Sendmail 8.9.3+Sun/8.9.1; Mon, 30 Jul 2001 02:50:22 GMT",smtp
3306,tcp,"foo.bar ESMTP Sendmail 8.8.8+Sun/8.6.4 ready at Thu, 15 Nov 2000 11:40:32 -0800 (PST)",smtp
3306,tcp,"foo.bar ESMTP Debian Sendmail 8.12.0.Beta7/8.12.0.Beta7/Debian 8.12.0.Beta7-1; Sun, 29 Jul 2001 18:52:20 -0800",smtp
3306,tcp,"foo.bar ESMTP Sendmail 8.11.0/8.9.3/Debian 8.9.3-21; Sun, 29 Jul 2001 19:51:00 -0700",smtp
3306,tcp,"foo.bar ESMTP Sendmail 8.14.4/8.14.4/Debian-4+wheezy1; Thu, 30 Nov 2017 10:33:05 +0100; (No UCE/UBE) logging access from: xyz.foo.bar(OK)-xyz.foo.bar [10.0.0.1]",smtp
3306,tcp,"foo.bar ESMTP Sendmail 8.14.4/8.14.4/Debian-4+deb7u1; Thu, 30 Nov 2017 11:00:33 +0100; (No UCE/UBE) logging access from: xyz.foo.bar(OK)-xyz.foo.bar [10.0.0.1]",smtp
3306,tcp,"foo.bar ESMTP Sendmail 8.14.4/8.14.4/Debian-8+deb8u2; Thu, 30 Nov 2017 10:25:48 +0100; (No UCE/UBE) logging access from: xyz.foo.bar(OK)-xyz.foo.bar [10.0.0.1]",smtp
3306,tcp,"foo.bar ESMTP Sendmail 8.15.2/8.15.2/Debian-8+deb9u1; Thu, 29 Apr 2021 06:45:02 +0200; (No UCE/UBE) logging access from: xyz.foo.bar(OK)-xyz.foo.bar [10.0.0.1]",smtp
3306,tcp,"foo.bar ESMTP Sendmail 8.14.3/8.14.3/Debian-5+lenny1; Thu, 30 Nov 2017 12:29:40 +0300; (No UCE/UBE) logging access from: xyz.foo.bar(OK)-xyz.foo.bar [10.0.0.1]",smtp
3306,tcp,"foo.bar ESMTP Sendmail 8.13.8/8.13.8/Debian-3+etch1; Thu, 30 Nov 2017 10:28:23 +0100; (No UCE/UBE) logging access from: xyz.foo.bar(OK)-xyz.foo.bar [10.0.0.1]",smtp
3306,tcp,"foo.bar ESMTP Sendmail 8.13.4/8.13.4/Debian-3sarge1; Thu, 30 Nov 2017 10:55:47 +0100; (No UCE/UBE) logging access from: xyz.foo.bar(OK)-xyz.foo.bar [10.0.0.1]",smtp
3306,tcp,"foo.bar ESMTP Sendmail 8.15.2/8.15.2/Debian-3; Thu, 30 Nov 2017 10:55:50 +0200; (No UCE/UBE) logging access from: xyz.foo.bar(OK)-xyz.foo.bar [10.0.0.1]",smtp
3306,tcp,"foo.bar ESMTP Sendmail 8.14.3/8.14.3/Debian-9.4; Thu, 30 Nov 2017 10:11:54 +0100; (No UCE/UBE) logging access from: xyz.foo.bar(OK)-xyz.foo.bar [10.0.0.1]",smtp
3306,tcp,"foo.bar ESMTP Sendmail 8.14.2/8.14.2/Debian-2build1; Thu, 30 Nov 2017 04:09:50 -0600; (No UCE/UBE) logging access from: xyz.foo.bar(OK)-xyz.foo.bar [10.0.0.1]",smtp
3306,tcp,"foo.bar ESMTP Sendmail 8.13.5.20060308/8.13.5/Debian-3ubuntu1.1; Fri, 24 Jul 2009 01:41:21 -0700; (No UCE/UBE) logging access from: xyz.foo.bar(OK)-xyz.foo.bar [10.0.0.1]",smtp
3306,tcp,"foo.bar ESMTP Sendmail 8.14.4/8.14.4/Debian-4.1ubuntu1; Thu, 30 Nov 2017 11:00:30 +0100; (No UCE/UBE) logging access from: xyz.foo.bar(OK)-xyz.foo.bar [10.0.0.1]",smtp
3306,tcp,"foo.bar Sendmail SMI-8.6/SMI-SVR4 ready at Sun, 29 Jul 2001 22:58:46 -0400",smtp
3306,tcp,"foo.bar ESMTP Sendmail 8.9.3/linuxconf; Sun, 29 Jul 2001 22:48:28 -0400",smtp
3306,tcp,"foo.bar ESMTP MetaInfo Sendmail 2.5 Build 2630 (Berkeley 8.8.6)/8.8.4; Mon, 30 Jul",smtp
3306,tcp,"foo.bar ESMTP Sendmail 8.9.3+3.4W/8.9.3+3.4W; Tue, 30 Jan 2001 20:40:09 -0500 (EST)",smtp
3306,tcp,foo.bar ESMTP Sendmail 8.12.10/8.12.10;,smtp
3306,tcp,"foo.bar ESMTP Sendmail 8.8.8/8.8.9; Wed, 21 Nov 2001 23:39:07 +0100 (CET)",smtp
3306,tcp,"foo.bar ESMTP blah Sendmail 8.8.8/8.8.9; Wed, 21 Nov 2001 23:39:07 +0100 (CET)",smtp
3306,tcp,"foo.bar ESMTP Sendmail 8.10.2/8.10.3; Mon, 10 Sep 2001 08:37:14 -0400",smtp
3306,tcp,"foo.bar ESMTP foo-MTA Sendmail 8.13.8/8.13.9; Mon, 18 Apr 2011 08:52:38 -0700",smtp
3306,tcp,"foo.bar ESMTP Sendmail 8.14.4/8.14.4; Thu, 5 Apr 2018 19:30:58 GMT",smtp
3306,tcp,"foo.bar ESMTP Sendmail 8.8.8 ready at Tue, 6 Feb 2001 14:37:14 +0100 (CET)",smtp
3306,tcp,"foo.foo.bar ESMTP Sendmail 8.11.1 - (Revision 1.010)/8.9.3; Sat, 22 Jan 2011 10:08:35 -0500 (EST)",smtp
3306,tcp,"foo.foo.bar ESMTP Sendmail @(#)Sendmail version 8.13.3 - Revision 2.007 - 8 December 2008/8.8.6; Wed, 21 Jul 2010 11:17:01 -0400 (EDT)",smtp
3306,tcp,"foo.bar ESMTP Sendmail ; Thu, 30 Nov 2017 17:50:14 +0900",smtp
3306,tcp,"foo.bar ESMTP Sendmail; Thu, 30 Nov 2017 17:50:14 +0900",smtp
3306,tcp,"foo.bar ESMTP Sendmail Wed, 20 May 2015 17:17:56 -0600",smtp
3306,tcp,"foo.bar ESMTP Sendmail Ready; Thu, 30 Nov 2017 10:24:14 +0100",smtp
3306,tcp,"foo.bar ESMTP Sendmail ready at Fri, 6 Apr 2018 04:57:01 +0900",smtp
3306,tcp,foo.bar ESMTP Sendmail ready,smtp
3306,tcp,foo.bar ESMTP Sendmail ready.,smtp
3306,tcp,foo.bar ESMTP Sendmail,smtp
3306,tcp,foo.bar Sendmail ready.,smtp
3306,tcp,"ESMTP Sendmail  8.13.1/8.13.1; Thu, 30 Nov 2017 01:58:22 -0700",smtp
3306,tcp,"ESMTP Sendmail 8.14.7/8.14.7; Thu, 29 Apr 2021 14:07:54 +0900",smtp
3306,tcp,"mail.foo.bar ESMTP Sendmail 8.11.1 (1.1.2.11/12Jul01-1016AM) Wed, 8 Jan 2003 11:21:22 +0100 (MET)",smtp
3306,tcp,foo.bar -- Server ESMTP (Sun Internet Mail Server sims.4.0.2000.10.12.16.25.p8),smtp
3306,tcp,"2.0.0 foo.bar ESMTP ecelerity 4.0.0.43760 r(Platform:4.0.0.1) Thu, 30 Nov 2017 05:11:00 -0500",smtp
3306,tcp,"foo.bar ESMTP ecelerity 3.3.1.44388 r(44388) Thu, 30 Nov 2017 03:10:11 -0700",smtp
3306,tcp,"foo.bar ESMTP ecelerity 3.6.25.56547 r(Core:3.6.25.0) Thu, 30 Nov 2017 03:17:07 -0600",smtp
3306,tcp,"foo.bar ESMTP ecelerity 4.2.37.61980 r(:) Thu, 30 Nov 2017 09:58:54 +0000",smtp
3306,tcp,foo.bar Smtp Server SLMail v2.7 Ready ESMTP spoken here,smtp
3306,tcp,foo.bar SMTP Server SLmail 3.2.3113 Ready ESMTP spoken here,smtp
3306,tcp,foo.bar SMTP Server SLmail 5.5.0.4433 Ready ESMTP spoken here,smtp
3306,tcp,foo.bar ESMTP Symantec Mail Security,smtp
3306,tcp,foo.bar ESMTP Symantec Messaging Gateway,smtp
3306,tcp,foo.bar ESMTP SonicWALL (9.0.5.2077),smtp
3306,tcp,foo.bar ESMTP SonicWall (9.1.1.3113),smtp
3306,tcp,foo.bar (PowerMTA(TM) v3.2r24) ESMTP service ready,smtp
3306,tcp,foo.bar VOPmail ESMTP Receiver Version 4.0.179.0 Ready,smtp
3306,tcp,foo.bar VPOP3 ESMTP Server Ready,smtp
3306,tcp,foo.bar VPOP3 SMTP Server Ready,smtp
3306,tcp,foo.bar VPOP3 SMTP Server access not allowed!,smtp
3306,tcp,"foo.bar WebShield SMTP V4.5 MR1a Network Associates, Inc. Ready at Thu Nov 30 09:15:32 2017",smtp
3306,tcp,"foo.bar WebShield SMTP V4.5 Network Associates, Inc. Ready at Thu Nov 30 09:15:32 2017",smtp
3306,tcp,"foo.bar McAfee WebShield ASaP v1.0.1: Sun, 29 Jul 2001 22:46:18 -0700",smtp
3306,tcp,"foo.bar McAfee VirusScreen ASaP v1.1: Sun, 20 Jul 2003 09:20:52 -0700",smtp
3306,tcp,foo.bar ESMTP Lyris ListManager service ready,smtp
3306,tcp,foo.bar ESMTP - WinRoute Pro 4.2.4,smtp
3306,tcp,"ESMTP - WinRoute Pro 4.2.1 Thu, 16 Nov 2017 11:48:15 +0300",smtp
3306,tcp,"foo.bar ZMailer Server 2.99.57 #1 ESMTP ready at Thu, 16 Nov 2017 12:00:12 +0300",smtp
3306,tcp,"foo.bar ZMailer Server 2.99.55 #16 ESMTP+IDENT ready at Thu, 16 Nov 2017 06:51:42 -0300",smtp
3306,tcp,foo.bar Kerio Connect 8.0.2 ESMTP ready,smtp
3306,tcp,foo.bar Kerio Connect 9.2.5 patch 3 ESMTP ready,smtp
3306,tcp,foo.bar ESMTP CommuniGate Pro 5.3.1,smtp
3306,tcp,foo.bar ESMTP CommuniGate Pro 6.2c3,smtp
3306,tcp,foo.bar ESMTP CommuniGate Pro 4.3.12. It is you again :-(,smtp
3306,tcp,foo.bar NO UCE NO UBE NO RELAY PROBES ESMTP,smtp
3306,tcp,Cellopoint E-mail Firewall v3.9.12 Build 0324 ready,smtp
3306,tcp,ESMTP on WinWebMail [3.9.0.7] ready.  http://www.winwebmail.com,smtp
3306,tcp,"foo.bar Service ready by David.fx (0486) ESMTP Server (Tobit.Software, Germany)",smtp
3306,tcp,foo.bar ESMTP Perl,smtp
3306,tcp,foo.bar ESMTP,smtp
3306,tcp,foo.bar ESMTP Ready,smtp
3306,tcp,foo.bar SMTP,smtp
3306,tcp,foo.bar ESMTP Service ready,smtp
3306,tcp,ESMTP ready,smtp
3306,tcp,SMTP Ready,smtp
3306,tcp,ESMTP READY,smtp
3306,tcp,foo.bar ESMTP OpenSMTPD,smtp
3306,tcp,3Com IntelliJack NJ220,snmp
3306,tcp,3Com NJ200 Network Jack,snmp
3306,tcp,3Com-NJ2000 - 3CNJ2000 v2.00.03,snmp
3306,tcp,3Com-NJ2000 - 3CNJ2000 v2.00.04,snmp
3306,tcp,"3COM: AP8760: Dual Radio 11a/b/g Access Point, Software v2.1.13b05_sh, Bootrom v1.2.1, Hardware R02",snmp
3306,tcp,"3COM OfficeConnect Cable Modem3.1.0L,hardware version:B.2,software version:3.1.0L",snmp
3306,tcp,"3COM OfficeConnect Cable Modem3.2.1,hardware version:B.2,software version:3.2.1",snmp
3306,tcp,"3Com HomeConnect ADSL Modem V1.1.8, Built on May 17 2000 at 18:24:32.",snmp
3306,tcp,"3Com LinkBuilder FMS, SW version:3.11",snmp
3306,tcp,"3Com LinkSwitch 1000, SW Version:1.04",snmp
3306,tcp,"3Com MCNS external 2-way Cable Modem, HW_REV: 2.00 ,SW_VER: 01.03",snmp
3306,tcp,"3Com MCNS external 2-way Cable Modem, HW_REV: A01.3 ,SW_VER: 12.30",snmp
3306,tcp,"3Com MCNS external 2-way Cable Modem, HW_REV: A01.3 ,SW_VER: 2.09",snmp
3306,tcp,"3Com MCNS external Telco Return Cable Modem, HW_REV: ,SW_VER:",snmp
3306,tcp,"3Com MCNS external Telco Return Cable Modem, HW_REV: A01.3 ,SW_VER: 1. 1",snmp
3306,tcp,"3Com MCNS external Telco Return Cable Modem, HW_REV: A01.3 ,SW_VER: 1. 4",snmp
3306,tcp,"3Com OfficeConnect Remote ADSL 812 V1.0.5, Built on Mar 16 2000 at 17:27:24.",snmp
3306,tcp,"3Com OfficeConnect-Hub8M, SW version:1.03",snmp
3306,tcp,"3Com OfficeConnect-Hub8M, SW version:2.01",snmp
3306,tcp,3Com OfficeConnect Remote 510S,snmp
3306,tcp,"3Com Router Software V1.10, SNMP agent for Router 3012 with 1 MPC 860 Processor, Copyright (c) Reserved.",snmp
3306,tcp,"3Com Router Software V1.10, SNMP agent for Router 5009 with 1 MPC 8241 Processor, Copyright (c) Reserved.",snmp
3306,tcp,"3Com Router Software V1.10, SNMP agent for Router 5231 with 1 MPC 8240 Processor, Copyright (c) Reserved.",snmp
3306,tcp,"3Com SuperStack II Hub 10, SW version:3.04",snmp
3306,tcp,"3Com SuperStack II Hub 10, SW version:3.14",snmp
3306,tcp,"3Com SuperStack II Hub 10, SW version:3.16",snmp
3306,tcp,"3Com SuperStack II PS Hub 40, SW Version 1.14",snmp
3306,tcp,"3Com SuperStack II Port Switch Hub, SW Version 1.04",snmp
3306,tcp,"3Com SuperStack II Port Switch Hub, SW Version 1.10",snmp
3306,tcp,"3Com SuperStackII Switch 1000, SW Version:2.00",snmp
3306,tcp,"3Com SuperStackII Switch 1000, SW Version:2.10",snmp
3306,tcp,"3Com SuperStackII Switch 1000, SW Version:3.10",snmp
3306,tcp,"3Com SuperStackII Switch 1000, SW Version:3.21",snmp
3306,tcp,"3Com SuperStackII Switch 1000, SW Version:3.23",snmp
3306,tcp,"3Com SuperStackII Switch 3000 FX, SW Version:2.10",snmp
3306,tcp,"3Com SuperStackII Switch 3000, SW Version:2.00",snmp
3306,tcp,"3Com SuperStackII Switch 3000, SW Version:2.10",snmp
3306,tcp,"3Com SuperStackII Switch 3000, SW Version:3.10",snmp
3306,tcp,"3Com SuperStackII Switch 3000, SW Version:3.21",snmp
3306,tcp,"3Com SuperStackII Switch 3000, SW Version:3.22",snmp
3306,tcp,"3Com SuperStackII Switch 3000, SW Version:3.23",snmp
3306,tcp,3COM Superstack II Switch 3800,snmp
3306,tcp,3COM VCX Connect 100,snmp
3306,tcp,3COM VCX Connect 200,snmp
3306,tcp,3COM VCX Server,snmp
3306,tcp,3COM VCX V7005,snmp
3306,tcp,3Com 3Com SuperStack 4 Switch 5500G-EI 24-Port Software Version 3Com OS V3.02.04s168,snmp
3306,tcp,3Com 3Com SuperStack 4 Switch 5500G-EI 24-Port Software Version 3Com OS V3.02.04s56,snmp
3306,tcp,3Com 3Com SuperStack 4 Switch 5500G-EI SFP 24-Port Software Version 3Com OS V3.02.04s56,snmp
3306,tcp,3Com 3Com Switch 5500G-EI 24-Port Software Version 3Com OS V3.01.00s56p03,snmp
3306,tcp,3Com 3Com Switch 5500G-EI 48-Port Software Version 3Com OS V3.01.00s168,snmp
3306,tcp,3Com 3Com Switch 5500G-EI SFP 24-Port Software Version 3Com OS V3.01.00s56p03,snmp
3306,tcp,3Com Baseline Switch 2226-SFP Plus,snmp
3306,tcp,3Com Baseline Switch 2426-PWR Plus,snmp
3306,tcp,3Com Baseline Switch 2916-SFP Plus,snmp
3306,tcp,3Com Baseline Switch 2924-PWR Plus,snmp
3306,tcp,3Com Baseline Switch 2924-SFP Plus,snmp
3306,tcp,3Com Baseline Switch 2948 Plus,snmp
3306,tcp,3Com Baseline Switch 2920-SFP Plus Software Version 5.20 RELEASE 1101 Copyright (c) 2004-2009 3Com Corporation. All rights reserved.,snmp
3306,tcp,3Com Baseline Switch 2920-SFP Plus Software Version 5.20 Release 1101P02 Copyright (c) 2004-2009 3Com Corporation. All rights reserved.,snmp
3306,tcp,3Com Baseline Switch 2928-HPWR Plus Software Version 5.20 Release 1101P02 Copyright (c) 2004-2009 3Com Corporation. All rights reserved.,snmp
3306,tcp,3Com Baseline Switch 2928-HPWR Plus Software Version 5.20 Release 1101P09 Copyright (c) 2004-2010 3Com Corporation. All rights reserved.,snmp
3306,tcp,3Com Baseline Switch 2928-PWR Plus Software Version 5.20 Release 1101P10 Copyright (c) 2004-2010 3Com Corporation. All rights reserved.,snmp
3306,tcp,3Com Baseline Switch 2928-SFP Plus Software Version 5.20 Release 1511 Copyright (c) 2004-2012 3Com Corporation. All rights reserved.,snmp
3306,tcp,3Com Baseline Switch 2952-SFP Plus Software Version 5.20 Release 1101P02 Copyright (c) 2004-2009 3Com Corporation. All rights reserved.,snmp
3306,tcp,3Com CoreBuilder-9000 Enterprise Management Engine (3CB9EME) s/w rev: 3.0.0,snmp
3306,tcp,3Com CoreBuilder-9000 Enterprise Management Engine (3CB9EME) s/w rev: 3.0.5,snmp
3306,tcp,3Com Corporation HiPer Access Router Card Built on Apr 19 2000 at 12:33:01.,snmp
3306,tcp,3Com 11 Mbps Wireless Building to Building Bridge,snmp
3306,tcp,3Com 11 Mbps Wireless LAN Access Point 2000,snmp
3306,tcp,3Com 11 Mbps Wireless LAN Access Point 8000,snmp
3306,tcp,3Com 11a/b/g Wireless Workgroup Bridge,snmp
3306,tcp,3Com Wireless 108Mbps 11g ADSL Firewall Router,snmp
3306,tcp,3Com Wireless 11g ADSL Firewall Router,snmp
3306,tcp,3Com Wireless 11n ADSL Firewall Router,snmp
3306,tcp,3Com Wireless 11n Cable/DSL Firewall Router,snmp
3306,tcp,3Com Enterprise AP: v3.1.00 v3.0.8,snmp
3306,tcp,3Com Enterprise AP: v3.2.0 v3.0.8,snmp
3306,tcp,3Com OfficeConnect Managed Gb PoE,snmp
3306,tcp,3Com OfficeConnect Managed Switch 9,snmp
3306,tcp,3Com OfficeConnect Managed Switch 9 FX,snmp
3306,tcp,"3Com Router OSR6740 Software Release 1910P02, Standard (build V300R003B04D015SP01)",snmp
3306,tcp,3Com Router 3012 Software Extended_V1.30,snmp
3306,tcp,3Com Router 3013 Software V1.40.19,snmp
3306,tcp,3Com Router 3016 Software Extended_V1.20,snmp
3306,tcp,3Com Router 3016 Software V1.40.19,snmp
3306,tcp,3Com Router 3030 Software Extended_V2.04 (build V300R001B06D001SP23),snmp
3306,tcp,3Com Router 3030 Software V2.04 (build V300R001B06D001SP23),snmp
3306,tcp,3Com Router 3031 Software Extended_V2.04 (build V300R001B06D001SP23),snmp
3306,tcp,3Com Router 3036 Software Extended_V2.41.00.P01 (build V300R002B60D021),snmp
3306,tcp,3Com Router 3040 Software V2.41 (build V300R002B60D021),snmp
3306,tcp,3Com Router 3041 Software V2.41 (build V300R002B60D021),snmp
3306,tcp,3Com Router 5012 Software Extended_V2.20 (build V300R002B13D004),snmp
3306,tcp,3Com Router 5012 Software V3.12 (build V300R002B65D002SP01),snmp
3306,tcp,3Com Router 5231 Software Extended_V1.30,snmp
3306,tcp,3Com Router 5231 Software V1.20,snmp
3306,tcp,3Com Router 5232 Software Extended_V3.14p03 (build V300R002B68D003),snmp
3306,tcp,3Com Router 5232 Software V2.10 (build V300R003B01D008SP03),snmp
3306,tcp,3Com Router 5642 Software V3.01 (build V300R002B62D014),snmp
3306,tcp,3Com Router 5682 Software Extended_V3.01p09 (build V300R002B62D014),snmp
3306,tcp,3Com Router 6040 Software V3.12 (build V300R002B65D002SP01),snmp
3306,tcp,3Com Router 6080 Software V2.31 (build V300R002B13D004),snmp
3306,tcp,3Com S7902E,snmp
3306,tcp,3Com S7906E,snmp
3306,tcp,3Com S7910E,snmp
3306,tcp,3Com SuperStack 3,snmp
3306,tcp,3Com SuperStack II,snmp
3306,tcp,3Com SuperStack 3 Firewall,snmp
3306,tcp,3Com SuperStack 3 Switch 3226,snmp
3306,tcp,3Com SuperStack 3 Switch 3250,snmp
3306,tcp,3Com SuperStack 3 Switch 3812 12-port,snmp
3306,tcp,3Com SuperStack 3 Switch 3824 24-port,snmp
3306,tcp,3Com SuperStack 3 Switch 3848,snmp
3306,tcp,3Com SuperStack 3 Switch 3870 24-port,snmp
3306,tcp,3Com SuperStack 3 Switch 3870 48-port,snmp
3306,tcp,3Com SuperStack 3 Switch 4300,snmp
3306,tcp,3Com Switch 3812,snmp
3306,tcp,3Com Switch 3824,snmp
3306,tcp,3Com SuperStack 3 Switch 4500 26-Port Software Version 3Com OS V3.01.00s56,snmp
3306,tcp,3Com SuperStack 4 Switch 5500G-EI 24-Port Software Version 3Com OS V3.03.02s56Mc02,snmp
3306,tcp,3Com Switch 4200G 12-Port Software Version 3Com OS V3.01.00s56,snmp
3306,tcp,3Com Switch 4200G PWR 24-Port Software Version 3Com OS V3.02.02s168,snmp
3306,tcp,3Com Switch 4210 18-Port Software Version 3Com OS V3.01.02s56,snmp
3306,tcp,3Com Switch 4210 52-Port Software Version 3Com OS V3.01.12s56,snmp
3306,tcp,3Com Switch 4210 9-Port Software Version 3Com OS V3.01.03s56,snmp
3306,tcp,3Com Switch 4210 9-Port Software Version 3Com OS V3.01.12s56,snmp
3306,tcp,3Com Switch 4210 PWR 9-Port Software Version 3Com OS V3.01.12s56,snmp
3306,tcp,3Com Switch 4500 26-Port Software Version 3Com OS V3.03.00s168,snmp
3306,tcp,3Com Switch 4500 50-Port Software Version 3Com OS V3.03.02s168p09,snmp
3306,tcp,3Com Switch 4500 50-Port Software Version 3Com OS V3.03.02s168p11,snmp
3306,tcp,3Com Switch 4500 PWR 50-Port Software Version 3Com OS V3.03.02s168,snmp
3306,tcp,3Com Switch 4500G 24-Port PWR Software Version 3Com OS V5.01.03s56,snmp
3306,tcp,3Com Switch 4500G 24-Port Software Version 3Com OS V5.02.00s56p02,snmp
3306,tcp,3Com Switch 4500G 48-Port PWR Software Version 3Com OS V5.01.02s56,snmp
3306,tcp,3Com Switch 4500G PWR 48-Port Software Version 3Com OS V5.02.00s168p20,snmp
3306,tcp,3Com Switch 4210 18-Port Software Version 3.10 Release 2212P01,snmp
3306,tcp,3Com Switch 4210 26-Port Software Version 3.10 Release 2212,snmp
3306,tcp,3Com Switch 4210 26-Port Software Version 3.10 Release 2212P01,snmp
3306,tcp,3Com Switch 4210 52-Port Software Version 3.10 Release 2212,snmp
3306,tcp,3Com Switch 4210 52-Port Software Version 3.10 Release 2212P01,snmp
3306,tcp,3Com Switch 4210 9-Port Software Version 3.10 Release 2212,snmp
3306,tcp,3Com Switch 4210 9-Port Software Version 3.10 Release 2212P01,snmp
3306,tcp,3Com Switch 4800G 24-Port SFP Software Version 5.20 Feature 2210L03,snmp
3306,tcp,Nucleus SNMP Agent,snmp
3306,tcp,ADTRAN MX2820 Multiplexer,snmp
3306,tcp,ADTRAN MX2800 DS3 Multiplexer,snmp
3306,tcp,ADTRAN MX2800 STS-1,snmp
3306,tcp,ADTRAN MX2800,snmp
3306,tcp,ADTRAN NetVanta8044,snmp
3306,tcp,ADTRAN NetVanta8044M,snmp
3306,tcp,ADTRAN NetVanta814,snmp
3306,tcp,ADTRAN NetVanta818,snmp
3306,tcp,ADTRAN NetVanta832,snmp
3306,tcp,ADTRAN NetVanta832T,snmp
3306,tcp,ADTRAN NetVanta834,snmp
3306,tcp,ADTRAN NetVanta834T,snmp
3306,tcp,ADTRAN NetVanta838,snmp
3306,tcp,ADTRAN NetVanta838T,snmp
3306,tcp,ADTRAN NetVanta873,snmp
3306,tcp,ADTRAN TA1448S-CE,snmp
3306,tcp,Adtran TA1124,snmp
3306,tcp,Adtran TA1148,snmp
3306,tcp,"Total Access 924 (2nd Gen), Version: A1.08.00.E, Date: Tue Apr 28 10:54:58 2009",snmp
3306,tcp,"Total Access 904 (1st Gen), Version: A4.02.00.E, Date: Mon Aug 09 13:57:18 2010",snmp
3306,tcp,"Total Access 904, Version: 16.05.00.E, Date: Thu Feb 28 18:22:04 2008",snmp
3306,tcp,"Total Access 908 (1st Gen), Version: A1.02.00.E, Date: Mon Apr 14 13:59:03 2008",snmp
3306,tcp,"Total Access 908, ADSL (2nd Gen), Version: A2.06.00.E, Date: Mon Feb 15 10:36:45 2010",snmp
3306,tcp,"Total Access 908, Version: 12.06.00.E, Date: Mon Aug 28 13:49:40 2006",snmp
3306,tcp,"Total Access 924e (1st Gen), Version: A4.08.00.E, Date: Fri Jun 24 13:53:48 2011",snmp
3306,tcp,"Total Access 924e, Version: 14.06.00.E, Date: Tue Aug 14 22:38:20 2007",snmp
3306,tcp,Total Access 1500 SCU,snmp
3306,tcp,TA1100F 1179.760 Total Access SFP-Based System,snmp
3306,tcp,TA1200F 1179.660L1 Total Access IP DSLAM System,snmp
3306,tcp,TA1248 1179.641AL3 Total Access IP DSLAM System,snmp
3306,tcp,TA1248E 1179.641AL3 Total Access IP DSLAM System,snmp
3306,tcp,TA3011 1182.001L1 Total Access OMP-FC,snmp
3306,tcp,TA3011 Total Access OMP-FC,snmp
3306,tcp,UNKNOWN Total Access series shelf,snmp
3306,tcp,ADTRAN T3SU-300 (1200.217L1),snmp
3306,tcp,OPTI-MX 19 inch domestic shelf,snmp
3306,tcp,Allen-Bradley 1747-L551/C SLC-5/05 Series C Revision 11 1747_slc 3.46 13-Jan-06,snmp
3306,tcp,Allen-Bradley 1747-L552/C SLC-5/05 Series C Revision 9 1747_slc 3.33 16-Nov-04,snmp
3306,tcp,Allen-Bradley 1785-L20E PLC5-20/E Series E Revision B.2 np520e 1.67 13-Jan-98,snmp
3306,tcp,Allen-Bradley 1785-L40E PLC5-40/E Series E Revision F.2 1785_np540e 2.39 03-Jul-02,snmp
3306,tcp,Allen-Bradley 1766-L32AWA A/5.00 MicroLogix1400 Series A Revision 5.0,snmp
3306,tcp,Allen-Bradley 1766-L32AWAA A/3.00 MicroLogix1400 Series A Revision 3.0,snmp
3306,tcp,Allen-Bradley 1766-L32BWA A/5.00 MicroLogix1400 Series A Revision 5.0,snmp
3306,tcp,Allen-Bradley 1766-L32BWA B/10.00 MicroLogix1400 Series B Revision 10.0,snmp
3306,tcp,Allen-Bradley 1766-L32BXB A/5.00 MicroLogix1400 Series A Revision 5.0,snmp
3306,tcp,Allen-Bradley 1766-L32BXB B/10.00 MicroLogix1400 Series B Revision 10.0,snmp
3306,tcp,Allen-Bradley 1766-L32BXBA B/11.00 MicroLogix1400 Series B Revision 11.0,snmp
3306,tcp,Allen-Bradley 1756-ENET Revision: 2.7 icp_enet 1.135 12-Apr-02,snmp
3306,tcp,Allen-Bradley 1785-ENET Ethernet Interface Series E Revision B.0 1785enet 1.35 06-Mar-98,snmp
3306,tcp,Rockwell Automation 1756-EN2T/A,snmp
3306,tcp,Rockwell Automation 1756-EN2T/C,snmp
3306,tcp,Rockwell Automation 1756-EN2TR/B,snmp
3306,tcp,Rockwell Automation 1756-ENBT,snmp
3306,tcp,Rockwell Automation 1769-L3xE,snmp
3306,tcp,Rockwell Automation 1769-LxxE,snmp
3306,tcp,Rockwell Automation 1788-ENBT,snmp
3306,tcp,ALLWORX 9308,snmp
3306,tcp,APC - 16-port IP KVM - version: V_2.0.0-2 (Oct/17/06),snmp
3306,tcp,"APC Embedded PowerNet SNMP Agent (FW v3.0.2 SW v2.2.4.a, HW ged~, MOD: AP9605, Mfg: 06/24/1998, SN: X)",snmp
3306,tcp,"APC Embedded PowerNet SNMP Agent (SW v2.0.3, HW v2.0B, Mod: AP9206, Mfg 06/22/94, SN: A94063028359)",snmp
3306,tcp,APC Environmental Management System (MB:v3.6.9 PF:v2.6.4 PN:apc_hw02_aos_264.bin AF1:v2.6.7 AN1:apc_hw02_ems_267.bin MN:AP9320 HR:4 SN: ZA0747015277 MD:11/25/2007),snmp
3306,tcp,APC Environmental Manager (MB:v3.8.0 PF:v3.0.3 PN:apc_hw03_aos_303.bin AF1:v3.0.4 AN1:apc_hw03_mem_304.bin MN:AP9340 HR:05 SN: ZA0739002849 MD:09/25/2007),snmp
3306,tcp,APC Environmental Monitoring Unit (MB:v3.6.3 PF:v2.2.2 PN:apc_hw02_aos_222.bin AF1:v2.2.2 AN1:apc_hw02_ems_222.bin MN:AP9319 HR:3 SN:WA0339160711 MD:09/30/2003),snmp
3306,tcp,APC Web/SNMP Management Card (MB:v3.6.8 PF:v2.6.4 PN:apc_hw02_aos_264.bin AF1:v2.6.1 AN1:apc_hw02_sy_261.bin MN:AP9619 HR:A10 SN: ZA0624022354 MD:06/09/2006) (Embedded PowerNet SNMP Agent SW v2.2 compatible),snmp
3306,tcp,APC Web/SNMP Management Card (MB:v3.6.4 PF:v2.5.0 PN:apc_hw02_aos_250.bin AF1:v2.5.1 AN1:apc_hw02_sy_251.bin MN:AP9619 HR:A10 SN: ZA0435001769 MD:08/30/2004) (Embedded PowerNet SNMP Agent SW v2.2 compatible),snmp
3306,tcp,APC NetBotz Rack Access PX-HID (MB:v3.8.6 PF:v3.5.4 PN:apc_hw02_aos_354.bin AF1:v3.5.3 AN1:apc_hw02_pxhid_353.bin MN:AP9361 HR:04 SN: 5A0726V01013 MD:07/11/2007),snmp
3306,tcp,APC InfraStruXure Manager (MB:v3.6.0c AF1:v4.7.0.275 AN1:isx MN:AP92200 HR:1.0 SN:WA0532110212 MD:08/04/2005),snmp
3306,tcp,APC Metered Rack PDU (MB:v3.6.4 PF:v2.2.7 PN:apc_hw02_aos_227.bin AF1:v2.2.0 AN1:apc_hw02_rpdu_220.bin MN:AP7830 HR:B2 SN: JA0412013793 MD:03/18/2004),snmp
3306,tcp,APC Switched Rack PDU (MB:v3.6.4 PF:v2.2.7 PN:apc_hw02_aos_227.bin AF1:v2.2.0 AN1:apc_hw02_rpdu_220.bin MN:AP7900 HR:B2 SN: JA0410012030 MD:03/02/2004),snmp
3306,tcp,APC Web/SNMP Management Card (MB:v3.2.0 PF:v3.0.3 PN:aos303.bin AF1:v2.2.0 AN1:ms220.bin MN: AP9606 HR: G9 SN: JA0130009715 MD: 07/26/2001),snmp
3306,tcp,APC Web/SNMP Management Card (MB:v3.2.0 PF:v3.0.1 PN:aos301.bin AF1:v3.0.1 AN1:sumx301.bin MN: AP9606 HR: ] SN: 3A0105S05525 MD: 02/28/2001) (Embedded PowerNet SNMP Agent SW v2.2 compatible),snmp
3306,tcp,APC Web/SNMP Management Card (MB:v3.2.0 PF:v3.0.9.a PN:aos309a.bin AF1:v2.2.5.a AN1:ms225a.bin MN: AP9606 HR: J9 SN: WA0121006888 MD: 12/20/2002),snmp
3306,tcp,Apple Base Station V3.84 Compatible,snmp
3306,tcp,"Apple AirPort - Apple Inc., 2006-2009. All rights Reserved.",snmp
3306,tcp,"Apple AirPort - Apple Computer, 2006. All rights Reserved",snmp
3306,tcp,Arista Networks EOS version 4.28.6.1M running on an Arista Networks DCS-7050QX-32S,snmp
3306,tcp,Arista Networks EOS version 4.18.0F running on an Arista Networks DCS-7050S-52,snmp
3306,tcp,Arista Networks EOS version 4.22.4M running on an Arista Networks DCS-7280SR2K-48C6,snmp
3306,tcp,Arista Networks EOS version 4.20.10M running on an Arista Networks DCS-7050QX-32,snmp
3306,tcp,Arista Networks EOS version 4.30.6M running on an Arista vEOS-lab,snmp
3306,tcp,"Aruba JL256A 2930F-48G-PoE+-4SFP+ Switch, revision WC.16.11.0004, ROM WC.16.01.0010",snmp
3306,tcp,"Aruba JL074A 3810M-48G-PoE+-1-slot Switch, revision KB.16.10.0002, ROM KB.16.01.0009",snmp
3306,tcp,"Aruba JL258A 2930F-8G-PoE+-2SFP+ Switch, revision WC.16.02.0014, ROM WC.16.01.0003",snmp
3306,tcp,"Aruba 3810M Switch Stack, revision KB.16.08.0012, ROM KB.16.08.0007",snmp
3306,tcp,"ArubaOS (MODEL: ArubaMM-VA), Version 8.12.0.2 SSR (90468)",snmp
3306,tcp,"ArubaOS (MODEL: Aruba7005), Version 10.7.0.1 SSR (91033)",snmp
3306,tcp,Aruba ABC123 ArubaOS-CX_OVA Virtual.10.07.0010,snmp
3306,tcp,Aruba R8W85A 8100-24XT4XF4C LL.10.13.1060,snmp
3306,tcp,Aruba JL641A 6400M 32G CL4 PoE 4SFP55 Swch FL.10.10.1019,snmp
3306,tcp,SNMP-Link SL60,snmp
3306,tcp,SNMP-Link SL61 1.10 STD,snmp
3306,tcp,SNMP-Link SL81 1.11 STDF,snmp
3306,tcp,MIB Module for 46xx IP Telephones,snmp
3306,tcp,DEFINITY ONE Release 3 Agent,snmp
3306,tcp,Avaya AP-3 v2.5.3(914) SN-02UT44560476 v2.0.10,snmp
3306,tcp,Avaya AP-8 v2.6.0(914) SN-06UT27560151 v3.1.0,snmp
3306,tcp,Avaya AP4-AP5-AP6 v2.2.4(534) SN-03AT33590076 v3.0.4,snmp
3306,tcp,Avaya AP4-AP5-AP6 v2.4.5(758) SN-04AT07580112 v3.0.4,snmp
3306,tcp,Avaya Wireless AP-3v2.2.4(534) SN-02UT21560880 v2.0.10,snmp
3306,tcp,Avaya Wireless AP-3v2.4.5(758) SN-01UT47560491 v2.0.10,snmp
3306,tcp,Avaya Wireless Outdoor Router V3.87 SN-00UT42270773 V3.70,snmp
3306,tcp,Avaya Wireless Outdoor Router v4.15 SN-03UT28230440 V3.73,snmp
3306,tcp,"Avaya Inc. - C360 , SW version 4.3.12 , CS 1.1",snmp
3306,tcp,"Avaya Inc.- C360 Stackable Switch, SW version 4.5.14",snmp
3306,tcp,"Avaya P130 workgroup switch, SW version 2.9.2",snmp
3306,tcp,"Avaya Inc., G250 Media Gateway, SW Version 25.28.0",snmp
3306,tcp,"Avaya Inc., G250-BRI Media Gateway, SW Version 25.28.0",snmp
3306,tcp,"Avaya Inc., G350 Converged Media Gateway, SW Version 24.21.1",snmp
3306,tcp,"Avaya Inc., G450 Media Gateway, SW Version 31.22.0",snmp
3306,tcp,Avaya G700 Telephony Media Gateway,snmp
3306,tcp,Avaya Cajun Switch Agent v5.2.10,snmp
3306,tcp,Avaya Cajun Switch Agent v5.4.2,snmp
3306,tcp,Ethernet Routing Switch 2526T HW:04 FW:1.0.0.15 SW:v4.4.0.010 BN:10 (c) Avaya Networks,snmp
3306,tcp,Ethernet Routing Switch 3524GT HW:01 FW:1.0.0.4 SW:v5.0.0.060 BN:60 (c) Avaya Networks,snmp
3306,tcp,Ethernet Routing Switch 4550T-PWR HW:01 FW:5.3.0.3 SW:v5.6.0.008 BN:08 (c) Avaya Networks,snmp
3306,tcp,Ethernet Routing Switch 5510-24T HW:01 FW:6.0.0.10 SW:v6.2.1.003 BN:03 (c) Avaya Networks,snmp
3306,tcp,Ethernet Routing Switch 5510-24T HW:32 FW:6.0.0.14 SW:v6.2.3.011 BN:11 (c) Avaya Networks,snmp
3306,tcp,Ethernet Routing Switch 5510-24T HW:37 FW:6.0.0.10 SW:v6.2.0.008 BN:08 (c) Avaya Networks,snmp
3306,tcp,Ethernet Routing Switch 5520-24T-PWR HW:36 FW:6.0.0.10 SW:v6.2.0.200 BN:200 (c) Avaya Networks,snmp
3306,tcp,Ethernet Routing Switch 5520-24T-PWR HW:37 FW:6.0.0.10 SW:v6.2.0.008 BN:08 (c) Avaya Networks,snmp
3306,tcp,Ethernet Routing Switch 5530-24TFD HW:34 FW:6.0.0.13 SW:v6.2.2.022 BN:22 (c) Avaya Networks,snmp
3306,tcp,Ethernet Routing Switch 5530-24TFD HW:37 FW:6.0.0.10 SW:v6.2.0.008 BN:08 (c) Avaya Networks,snmp
3306,tcp,Ethernet Routing Switch 5530-24TFD HW:37 FW:6.0.0.15 SW:v6.2.4.010 BN:10 (c) Avaya Networks,snmp
3306,tcp,Ethernet Routing Switch 5530-24TFD HW:B.99 FW:6.0.0.15 SW:v6.2.4.011 BN:11 (c) Avaya Networks,snmp
3306,tcp,Ethernet Routing Switch 5632FD HW:03 FW:6.0.0.10 SW:v6.2.0.008 BN:08 (c) Avaya Networks,snmp
3306,tcp,Ethernet Routing Switch 5650TD HW:04 FW:6.0.0.13 SW:v6.2.2.023 BN:23 (c) Avaya Networks,snmp
3306,tcp,Ethernet Routing Switch 5650TD-PWR HW:03 FW:6.0.0.15 SW:v6.2.4.010 BN:10 (c) Avaya Networks,snmp
3306,tcp,PR:CS 1000 SW:MGC BN:MGCCCD01 HW:MGC (c) Avaya Inc.,snmp
3306,tcp,"PR:CS 1000 SW:NRS+SS_EM, Backup Server BN:7.50.17-00 HW:Avaya CPPMv1 (c) Avaya Inc.",snmp
3306,tcp,"PR:CS 1000 SW:NRS+SS_EM, Backup Server BN:7.50.17-00 HW:HP DL360G7 (c) Avaya Inc.",snmp
3306,tcp,"PR:CS 1000 SW:NRS+SS_EM_SubM, Primary Security Server BN:7.50.17-00 HW:Avaya CPPMv1 (c) Avaya Inc.",snmp
3306,tcp,"PR:CS 1000 SW:NRS+SS_EM_SubM, Primary Security Server BN:7.50.17-00 HW:HP DL360G7 (c) Avaya Inc.",snmp
3306,tcp,"PR:CS 1000 SW:NRS+SS_EM_SubM, Primary Security Server BN:7.50.17-00 HW:IBM X3350 (c) Avaya Inc.",snmp
3306,tcp,"PR:CS 1000, 2010 E SW:Call Server, Sys 4021 BN:7.50Q HW:CP-PM (c) Avaya Inc.",snmp
3306,tcp,ERS-1612 (2.1.0.0),snmp
3306,tcp,ERS-1612 (2.1.7.0),snmp
3306,tcp,ERS-8306 (4.2.0.1),snmp
3306,tcp,ERS-8310 (4.2.0.1),snmp
3306,tcp,ERS-8610co (5.1.0.0),snmp
3306,tcp,ERS-8610co (5.1.1.10),snmp
3306,tcp,ERS-8610co (5.1.6.0),snmp
3306,tcp,ERS-8610co (5.1.7.1),snmp
3306,tcp,ERS-8806 (7.1.0.0),snmp
3306,tcp,ERS-8810 (7.0.0.2),snmp
3306,tcp,ERS-8810 (7.1.0.1),snmp
3306,tcp,Monarch 7411 Print Adapter,snmp
3306,tcp,Monarch 7410 Print Adapter compatible with an HP JETDIRECT EX,snmp
3306,tcp,"Monarch M09855 FW Ver 6.2 / 7411 Network Adapter FW Ver CAMO-7.60, 802.11b-g WiFi FW Ver",snmp
3306,tcp,"Monarch M09855 FW Ver 6.2 / 7411 Network Adapter FW Ver CAMO-7.60, 802.11b-g WiFi FW Ver / Verifier",snmp
3306,tcp,DSR1010 03.00.01.00,snmp
3306,tcp,DSR2030 03.04.00.07,snmp
3306,tcp,DSR2161 03.00.01.00,snmp
3306,tcp,DSR4010 03.00.00.02,snmp
3306,tcp,DSR4020 03.06.01.07,snmp
3306,tcp,DSR800 03.00.01.00,snmp
3306,tcp,ESP-16 MI V3.13,snmp
3306,tcp,ESP-16 MI V3.14b,snmp
3306,tcp,ESP-2 MI V2.99,snmp
3306,tcp,ESP-2 MI V3.08,snmp
3306,tcp,ESP-4 MI V3.04,snmp
3306,tcp,ESP-8 MI V3.12b,snmp
3306,tcp,ESP-8 MI V3.13,snmp
3306,tcp,ESP-8 MI V3.14b,snmp
3306,tcp,AXIS 5470e Network Print Server V6.21 Dec  5 2000,snmp
3306,tcp,"AXIS 70U Network Document Server,Version: 1.08",snmp
3306,tcp,AXIS 540/542 Print Server V5.43 Feb 2 1998,snmp
3306,tcp,AXIS 560Print serverV5.36 Jul 7 1997,snmp
3306,tcp,AXIS OfficeBasic USB Network Print Server V7.03 Feb 14 2005,snmp
3306,tcp,AXIS PrintPoint 560/100 Print server V5.39 Dec 12 1997,snmp
3306,tcp,Axis NPS 550R Printer Server V4.11 Mar 1 1994,snmp
3306,tcp,Axis NPS 550RPrint serverV5.22 Oct 07 1996,snmp
3306,tcp,"Blue Coat SG400 Series, Version: SGOS 5.2.4.8, Release id: 35838 Proxy Edition",snmp
3306,tcp,"Blue Coat SG800 Series, Security-Gateway Version: SGOS 2.1.6044, Release id: 19480 Service Pack 4",snmp
3306,tcp,"Blue Coat SG400, ProxySG Version: SGOS 4.1.1.1, Release id: 22695",snmp
3306,tcp,"Blue Coat SG8100 Series, ProxySG Version: SGOS 4.3.4.1, Release id: 52168",snmp
3306,tcp,"Blue Coat AV1200 Series, ProxyAV Version: 3.2.6.1, Release id: 51482",snmp
3306,tcp,Blue Coat PacketShaper 8.4.1,snmp
3306,tcp,Blue Coat PacketShaper 8.7.2_B174625_b65,snmp
3306,tcp,Blue Coat PacketShaper 9.1.3,snmp
3306,tcp,Fibre Channel Switch.,snmp
3306,tcp,Fibre Channel Switch,snmp
3306,tcp,Brocade 4Gb SAN Switch Module for IBM eServer BladeCenter,snmp
3306,tcp,Brocade 8Gb SAN Switch Module for IBM eServer BladeCenter,snmp
3306,tcp,Brocade SAN Switch Module for IBM eServer BladeCenter,snmp
3306,tcp,"Brocade Communications Systems, Inc. BigIron RX, IronWare Version V2.7.3aT143 Compiled on Jan 07 2011 at 19:37:41 labeled as V2.7.03a",snmp
3306,tcp,"Brocade Communications Systems, Inc. FESX424-PREM, IronWare Version 07.0.01bT3e3 Compiled on Mar 17 2010 at 23:02:11 labeled as SXR07001b",snmp
3306,tcp,"Brocade NetIron CER, IronWare Version V5.2.0dT183 Compiled on Mar 02 2012 at 19:15:05 labeled as V5.2.00d",snmp
3306,tcp,"Brocade Backbone (System Mode: MLX), IronWare Version V5.1.0dT163 Compiled on Aug 19 2011 at 19:00:39 labeled as V5.1.00d",snmp
3306,tcp,"Brocade Communications Systems, Inc. ServerIron ADX 1008-1-PREM, TrafficWork Version 12.4.00T401",snmp
3306,tcp,"Brocade Communications Systems, Inc. ServerIron ADX 1008F-1, TrafficWork Version 12.3.03T401",snmp
3306,tcp,"Brocade Communications Systems, Inc. ServerIron ADX 4000, TrafficWork Version 12.3.01T403",snmp
3306,tcp,"Brocade Communications Systems, Inc. ServerIron ADX 4000, TrafficWork Version 12.3.01dT401",snmp
3306,tcp,"Brocade Communications Systems, Inc. ServerIron ADX 4000, TrafficWork Version 12.4.00bT403",snmp
3306,tcp,"Brocade VDX Switch, BR-VDX6740, Network Operating System Software Version 7.0.2b.",snmp
3306,tcp,"core02, VDX6740T-1G, Network Operating System Software Version 7.0.1b.",snmp
3306,tcp,"core01, BR-VDX6740, Network Operating System Software Version 7.0.2b.",snmp
3306,tcp,"SP NC-6300h, Firmware Ver.B  ,MID 5CS-157",snmp
3306,tcp,"SP NC-6300h, Firmware Ver.C  ,MID 5CS-157",snmp
3306,tcp,"Brother NC-130h, Firmware Ver.0.09  ,MID 8CA-A17-001",snmp
3306,tcp,"Brother NC-6800h, Firmware Ver.1.04  (09.05.08),MID 8C5-D61,FID 2",snmp
3306,tcp,"Brother NC-6400h, Firmware Ver.1.11 (06.12.20),MID 84UZ92",snmp
3306,tcp,"Brother NC-170h, Firmware Ver.0.09 ,MID 8CA-H11-001",snmp
3306,tcp,"Brother NC-8200h, Firmware Ver.1.03 (10.05.20),MID 84UC07",snmp
3306,tcp,"Brother NC-110h, Firmware Ver.A ,MID 8CA-814-201",snmp
3306,tcp,"Brother NC-140w, Firmware Ver.0.09 ,MID 8CA-A17-001",snmp
3306,tcp,"Brother NC-2010p, Firmware Ver. 3.62 (99.02.19",snmp
3306,tcp,"Brother NC-220w, Firmware Ver.0.09 ,MID 8CA-K13-001",snmp
3306,tcp,"Brother NC-220w, Firmware Ver.0.09 ,MID 8CA-K13-101",snmp
3306,tcp,"Brother NC-270w, Firmware Ver.0.01 (11.05.24),MID 8CA-P01-001",snmp
3306,tcp,"Brother NC-3100s,Firmware Ver.4.69,MID 54S601",snmp
3306,tcp,"Brother NC-6200h, Firmware Ver.A ,MID 8C5-A15,FID 2",snmp
3306,tcp,"Brother NC-6300h, Firmware Ver.K ,MID 5CS-101",snmp
3306,tcp,"Brother NC-7200w, Firmware Ver.1.03 (06.04.11),MID 8C5-B17,FID 2",snmp
3306,tcp,"Brother NC-7900w, Firmware Ver.1.04 (12.02.15),MID 84U-D05",snmp
3306,tcp,C&D Technologies SageNET 169-414 V1.15,snmp
3306,tcp,C&D Technologies SageNET 169-414 V1.28,snmp
3306,tcp,Cabletron 2E42-27 Rev 04.09.08 08/25/99--02:09 ofc,snmp
3306,tcp,Cabletron Systems HSIM-W6 Rev 02.01.09 IFO Based Switch 04/30/99--12:39 ofc,snmp
3306,tcp,"Cabletron Systems, Inc. 2E42-27R Rev 04.07.07 10/26/98--19:36 ofc",snmp
3306,tcp,"Cabletron Systems, Inc. 2H252-25R Rev 02.00.17 10/30/98--15:00 ofc",snmp
3306,tcp,"Cabletron Systems, Inc. 6H252-17 Rev 05.08.30 03/31/08--17:14 ofc",snmp
3306,tcp,Cabletron ELS10-26 Version 1.01.02 06/09/98--12:51:12,snmp
3306,tcp,Cabletron ELS10-26 Version 1.02.00 04/05/99--14:27:16,snmp
3306,tcp,Cabletron ELS100-16TX Rev.1.02.00,snmp
3306,tcp,Cabletron ELS100-24TXG SW:2.01.00,snmp
3306,tcp,Cabletron ELS100-24TXG SW:2.2.0.1,snmp
3306,tcp,Cabletron ELS100-24TXM SW:2.00.02,snmp
3306,tcp,Cabletron ELS100-24TXM SW:2.1.2.4,snmp
3306,tcp,Cabletron SEHI Revision 1.10.04,snmp
3306,tcp,Cabletron Smart Switch 6000 Chassis,snmp
3306,tcp,"SSR 2000 - Cabletron Systems, Inc. Firmware Version: 2.2.0.1 PROM Version: prom-1.1.0.5",snmp
3306,tcp,"SSR 8000 - Cabletron Systems, Inc. Firmware Version: 3.1.0.0 PROM Version: prom-2.0.1.1",snmp
3306,tcp,"SmartSwitch Router 245 v3.7.1 Copyright (c) 1996-1999 Cabletron Systems, Inc. All Rights Reserved",snmp
3306,tcp,"Enterasys Networks, Inc. 1H582-51 Rev 03.05.09.1 07/28/2005--17:47 ofc",snmp
3306,tcp,"Enterasys Networks, Inc. Matrix N3 Platinum Rev 05.42.04 06/07/2007--17:19 ofc",snmp
3306,tcp,"Enterasys Networks, Inc. NSA Chassis Rev 07.41.03.0009 01/05/2012--10:33 ofc",snmp
3306,tcp,"Enterasys Networks, Inc. B3G124-24 Rev 01.02.01.0004",snmp
3306,tcp,Canon iR C3220-C1 /P,snmp
3306,tcp,Canon iR105PLUS-M3 /P,snmp
3306,tcp,Canon iR6570 /P,snmp
3306,tcp,Canon iPR C1 /P,snmp
3306,tcp,Canon iPR C1-Q1 /P,snmp
3306,tcp,Canon iPR C1-Q2 /P,snmp
3306,tcp,Canon iPR C1-T1 /P,snmp
3306,tcp,Canon iPR C1PLUS-T1 /P,snmp
3306,tcp,Canon iPR C7000VP-A3100 /P,snmp
3306,tcp,Canon iPR C7010VP-A3200 /P,snmp
3306,tcp,Canon LASER SHOT LBP-1310 /P,snmp
3306,tcp,Canon LASER SHOT LBP-1310 /P EEPROM 1104,snmp
3306,tcp,Canon LASER SHOT LBP-1310 /P EEPROM 1200,snmp
3306,tcp,Canon LASER SHOT LBP-1910 /P,snmp
3306,tcp,Canon LASER SHOT LBP-2510 /P EEPROM 1204,snmp
3306,tcp,Canon LASER SHOT LBP-2710 /P EEPROM 1206,snmp
3306,tcp,Canon LASER SHOT LBP-2810 /P,snmp
3306,tcp,Canon LASER SHOT LBP-910 /P,snmp
3306,tcp,Canon LASER SHOT LBP-950 /P,snmp
3306,tcp,Canon imageCLASS C2500 /P,snmp
3306,tcp,Canon imageCLASS C3500 /P,snmp
3306,tcp,"Canon Inc., LBP-1760e Printer /P",snmp
3306,tcp,"Canon Inc., LBP-1760e Printer",snmp
3306,tcp,"Canon Inc., LBP-3260 Printer /P",snmp
3306,tcp,Canon MF8170 /P,snmp
3306,tcp,Canon MF5900 Series /P,snmp
3306,tcp,Canon CLC-iR C2620-C2 /P,snmp
3306,tcp,Canon CLC4040-iR C4580-H1 /P,snmp
3306,tcp,Canon CLC5151-iR C5180-H1 /P,snmp
3306,tcp,Canon COLOR LASER SHOT LBP-2360 /P,snmp
3306,tcp,Canon Inc. LASER CLASS 3170 /P,snmp
3306,tcp,Canon LASER CLASS 700,snmp
3306,tcp,Canon LBP5500 /P EEPROM 1100,snmp
3306,tcp,Canon Large Format W6200PG /P,snmp
3306,tcp,Canon MF6500 Series (FAX),snmp
3306,tcp,Canon MF6500 Series (UFRII LT),snmp
3306,tcp,Canon Network Camera VB-C60,snmp
3306,tcp,Canon Network Interface Board-C1,snmp
3306,tcp,Canon Network Multi-PDL Printer Board-H1,snmp
3306,tcp,Canon Network Printer Board-E1,snmp
3306,tcp,Canon Network Printer Board-F1,snmp
3306,tcp,Canon Network Printer Board-K1,snmp
3306,tcp,"Linux SystemEDGE Management Agent, Concord Communications, Inc.",snmp
3306,tcp,"SystemEDGE Management Agent, CA, Inc.",snmp
3306,tcp,SystemEDGE for LINUX,snmp
3306,tcp,SystemEDGE for Windows,snmp
3306,tcp,SpectraComm Manager (SCM),snmp
3306,tcp,IPSO hostname 4.1-BUILD022 releng 1515  11.15.2006-180244 i386,snmp
3306,tcp,"IP300 rev A02, IPSO b7dc-cimip350-02 3.7.1-BUILD004 releng 1227 11.06.2003-010000 i386",snmp
3306,tcp,"IP650 rev AA729002-408, IPSO semalfw05 3.7.1-BUILD020 releng 1299 02.09.2005-020308 i386",snmp
3306,tcp,Ciena SNMP Agent,snmp
3306,tcp,6500 OPTICAL SW:0810 BN:HD (c) Ciena (R) Corporation,snmp
3306,tcp,CIENA Corporation; Product : Traverse,snmp
3306,tcp,Ciena CN 3106 V1.0.4(04) (MIBs V1.6.8),snmp
3306,tcp,Ciena Distributed Node Product Line WaveCore (tm) OS Release 07000102.002,snmp
3306,tcp,Cisco Codec SoftW: TC5.1.0.280662 MCU: Cisco TelePresence SX20 Date: 2012-02-14 S/N: FTT16070041 BootSW: Board: 101790-6 [28],snmp
3306,tcp,TANDBERG Codec SoftW: TC4.2.0.259927 MCU: Cisco TelePresence MX200 Date: 2011-06-30 S/N: FTT1530000O BootSW: Board: 101770-4 [20],snmp
3306,tcp,TANDBERG Codec SoftW: TC5.1.3.292001 MCU: Cisco TelePresence MX300 Date: 2012-06-21 S/N: FTT16030013 BootSW: Board: 101770-5 [22],snmp
3306,tcp,Cisco Codec SoftW: TC5.1.0.279658Beta7 MCU: Cisco TelePresence SX20 Date: 2012-02-03 S/N: FTT1616005D BootSW: Board: 101790-6 [B0],snmp
3306,tcp,Cisco Codec SoftW: TC6.0.0 Beta7 MCU: Cisco TelePresence SX20 Date: 2012-09-17 S/N: FTT163100A3 BootSW: Board: 101790-6 [B0],snmp
3306,tcp,TANDBERG Codec SoftW: TC4.2.0.255978Beta2 MCU: Cisco TelePresence MX200 Date: 2011-05-23 S/N: FTT1524000I BootSW: Board: 101770-4 [00],snmp
3306,tcp,TANDBERG Codec SoftW: TCNC5.0.1.275220 MCU: Cisco TelePresence MX200 Date: 2011-12-19 S/N: FTT1615003S BootSW: Board: 101770-5 [22],snmp
3306,tcp,Cisco Codec SoftW: TCNC5.1.0.280662 MCU: Cisco TelePresence SX20 Date: 2012-02-14 S/N: FTT161300A0 BootSW: Board: 101790-6 [A0],snmp
3306,tcp,"TANDBERG Codec SoftW: F8.1 PAL MCU: TANDBERG Profile 6000MXP Date: 2009-09-07 S/N: 25A46936 BootSW: Rev. 1.15, 2008-01-04 Board: 100670 rev. 07",snmp
3306,tcp,"TANDBERG Codec SoftW: F9.1 NTSC MCU: TANDBERG 6000MXP PORTABLE Date: 2011-06-08 S/N: 25A07029 BootSW: Rev. 1.16, 2009-01-21 Board: 100670 rev. 07",snmp
3306,tcp,TANDBERG Codec SoftW: TC4.2.0.260857 MCU: TANDBERG Codec C40 Date: 2011-07-11 S/N: B1AV02D00182 BootSW: Board: 101681-1 [04],snmp
3306,tcp,TANDBERG Codec SoftW: TC4.2.1.265253 MCU: TANDBERG EX60 Date: 2011-09-06 S/N: A1AZ02E00212 BootSW: Board: 101620-6 [22],snmp
3306,tcp,TANDBERG Codec SoftW: TE1.0.0.175435 MCU: TANDBERG E20 Date: 2009-02-09 S/N: A1AA11B00658 BootSW: Board: 101390-6,snmp
3306,tcp,"SNMP:
  Uptime: 840410
  Description: Cisco Codec
SoftW: ce9.15.0.11.aec227943ed
MCU: Cisco Webex Room Kit
Date: 2021-01-28
S/N: FOC2236NA6V",snmp
3306,tcp,Cisco TelePresence MCU 4205,snmp
3306,tcp,Cisco TelePresence MCU MSE 8420,snmp
3306,tcp,Cisco TelePresence HD MCU 4520,snmp
3306,tcp,Cisco TelePresence Supervisor MSE 8050,snmp
3306,tcp,Cisco TelePresence Conductor,snmp
3306,tcp,Cisco TelePresence Supervisor,snmp
3306,tcp,TANDBERG Codec,snmp
3306,tcp,TANDBERG MPS-MCU,snmp
3306,tcp,Cisco Adaptive Security Appliance Version 8.0(2),snmp
3306,tcp,Cisco Adaptive Security Appliance Version 7.2(1)4,snmp
3306,tcp,Cisco Adaptive Security Appliance Version 7.2(4)17,snmp
3306,tcp,Cisco 761 Software Version c760-i.b.NET3 4.2(3) - Aug 21 1998 17:05:41 ISDN Stack Revision NET3 2.10,snmp
3306,tcp,"Cisco Systems, Inc./VPN 3000 Concentrator Series Version 3.0.2.Rel built by vmurphy on Apr 05 2001 21:41:33",snmp
3306,tcp,"Cisco Systems, Inc./VPN 3000 Concentrator Version 4.1.3.Rel built by vmurphy on Apr 12 2004 04:06:15",snmp
3306,tcp,"Cisco Systems, Inc./VPN 3000 Concentrator Version 4.1.7.H built by vmurphy on Oct 03 2005 23:20:53",snmp
3306,tcp,"Network Analysis Module (WS-SVC-NAM-1), Version 3.1(1)
Copyright (c) 1999-2003 by cisco Systems, Inc.",snmp
3306,tcp,"Cisco Network Analysis Module (WS-SVC-NAM-2), Version 3.3(0.9)
Copyright (c) 1999-2004 by cisco Systems, Inc.",snmp
3306,tcp,"Cisco Network Analysis Module (WS-SVC-NAM-2), Version 3.4(0.9)
Copyright (c) 1999-2004 by cisco Systems, Inc.",snmp
3306,tcp,"Cisco Network Analysis Module (WS-SVC-NAM-2), Version 5.0(1) RELEASE SOFTWARE [fc4]",snmp
3306,tcp,"Cisco Network Analysis Module (WS-SVC-NAM-2-250S), Version 4.1(1) RELEASE SOFTWARE [fc2]",snmp
3306,tcp,"Cisco Network Analysis Module (WS-SVC-NAM-2), Version 3.6(1b)",snmp
3306,tcp,Network Analysis Module (WS-X6380-NAM),snmp
3306,tcp,"Cisco IOS XR Software (Cisco IOS XRv Series),  Version 4.3.2[Default]",snmp
3306,tcp,"Cisco IOS XR Software (ASR9K), Version 7.4.1  Copyright (c) 2013-2021 by Cisco Systems, Inc.",snmp
3306,tcp,"Cisco IOS Software [Everest], Virtual XE Software (X86_64_LINUX_IOSD-UNIVERSALK9-M), Version 16.6.8, RELEASE SOFTWARE (fc3)",snmp
3306,tcp,"Cisco IOS Software, IOS-XE Software (PPC_LINUX_IOSD-ADVENTERPRISEK9-M), Version 15.1(3)S2, RELEASE SOFTWARE (fc1)",snmp
3306,tcp,"Cisco IOS Software [Dublin], Catalyst L3 Switch Software (CAT9K_LITE_IOSXE), Version 17.12.5, RELEASE SOFTWARE (fc5)",snmp
3306,tcp,"Q2lzY28gSW50ZXJuZXR3b3JrIE9wZXJhdGluZyBTeXN0ZW0gU29mdHdhcmUgDQpJT1MgKHRtK
      SBDMTcwMCBTb2Z0d2FyZSAoQzE3MDAtWS1NKSwgVmVyc2lvbiAxMi4yKDQpWUIsIEVBUkxZIE
      RFUExPWU1FTlQgUkVMRUFTRSBTT0ZUV0FSRSAoZmMxKQ0KU3luY2hlZCB0byB0ZWNobm9sb2d
      5IHZlcnNpb24gMTIuMig2LjgpVDINClRBQyBTdXBwb3J0OiBodHRwOi8vd3d",snmp
3306,tcp,"Q2lzY28gSW50ZXJuZXR3b3JrIE9wZXJhdGluZyBTeXN0ZW0gU29mdHdhcmUgDQpJT1MgKHRtK
      SBDMjYwMCBTb2Z0d2FyZSAoQzI2MDAtSS1NKSwgVmVyc2lvbiAxMi4wKDMpVDMsICBSRUxFQV
      NFIFNPRlRXQVJFIChmYzEpDQpDb3B5cmlnaHQgKGMpIDE5ODYtMTk5OSBieSBjaXNjbyBTeXN
      0ZW1zLCBJbmMNCgpDb21waWxlZCBUaHUgMTUtQXByLTk5IDE1OjQxIGJ5IGt",snmp
3306,tcp,"Q2lzY28gSU9TIFNvZnR3YXJlLCBDMTcwMCBTb2Z0d2FyZSAoQzE3MDAtQURWU0VDVVJJVFlLO
      S1NKSwgVmVyc2lvbiAxMi4zKDExKVlaMiwgUkVMRUFTRSBTT0ZUV0FSRSAoZmMyKQ0KVGVjaG
      5pY2FsIFN1cHBvcnQ6IGh0dHA6Ly93d3cuY2lzY28uY29tL3RlY2hzdXBwb3J0DQpDb3B5cml
      naHQgKGMpIDE5ODYtMjAwNyBieSBDaXNjbyBTeXN0ZW1zLCBJbmMNCkNvbXB",snmp
3306,tcp,"Cisco Systems, Inc. WS-C2948
Cisco Catalyst Operating System Software, Version 6.3(5)
Copyright (c) 1995-2002 by Cisco Systems, Inc.",snmp
3306,tcp,"Cisco Systems, Inc. WS-C2948
Cisco Catalyst Operating System Software, Version 8.1(3)
Copyright (c) 1995-2003 by Cisco Systems, Inc.",snmp
3306,tcp,"Cisco Systems, Inc. WS-C2948
Cisco Catalyst Operating System Software, Version 5.5(10)
Copyright (c) 1995-2001 by Cisco Systems, Inc.",snmp
3306,tcp,"Cisco Systems, Inc. WS-C2980G-A
Cisco Catalyst Operating System Software, Version 6.3(7)
Copyright (c) 1995-2002 by Cisco Systems, Inc.",snmp
3306,tcp,"Cisco Systems, Inc. WS-C2948
Cisco Catalyst Operating System Software, Version 5.5(16)
Copyright (c) 1995-2002 by Cisco Systems, Inc.",snmp
3306,tcp,"Cisco Systems WS-C6009
Cisco Catalyst Operating System Software, Version 8.3(7)
Copyright (c) 1995-2005 by Cisco Systems",snmp
3306,tcp,"Hardware:7845H2, 2 Intel(R) Xeon(R) CPU 5140 @ 2.33GHz, 4096 MB Memory: Software:UCOS 3.0.0.0-54",snmp
3306,tcp,Cisco VG248 version 1.3(1),snmp
3306,tcp,WLSE Release 2.5FCS Wed Oct 22 21:31:11 UTC 2003 (C) Copyright 2003 by Cisco Systems Inc.,snmp
3306,tcp,WLSE 1030 Release 2.13FCS Wed Feb 22 02:00:55 UTC 2006 (C) Copyright 2006 by Cisco Systems Inc.,snmp
3306,tcp,WLSE 1133 Release 2.15.4 Mon Dec 6 15:19:46 UTC 2010 (C) Copyright 2010 by Cisco Systems Inc.,snmp
3306,tcp,"Cisco NX-OS(tm) cgr1000, Software (cgr1000-uk9), Version 5.2(1)CG2(1), Interim version 5.2(1)CG2(0.167, RELEASE SOFTWARE Copyright (c) 2002-2011 by Cisco Systems, Inc. Compiled 1/1/2012 1:00:00",snmp
3306,tcp,"Cisco NX-OS(tm) m9100, Software (m9100-s2ek9-mz), Version 5.0(4), RELEASE SOFTWARE Copyright (c) 2002-2010 by Cisco Systems, Inc. Compiled 7/26/2010 15:00:00",snmp
3306,tcp,"Cisco NX-OS(tm) ucs, Software (ucs-6100-k9-system), Version 5.0(3)N2(2.1s), RELEASE SOFTWARE Copyright (c) 2002-2011 by Cisco Systems, Inc. Compiled 11/1/2011 13:00:00",snmp
3306,tcp,"Cisco NX-OS(tm) ucs, Software (ucs-6100-k9-system), Version 5.0(3)N2(2.1t), RELEASE SOFTWARE Copyright (c) 2002-2011 by Cisco Systems, Inc. Compiled 11/14/2011 17:00:00",snmp
3306,tcp,Cisco Controller,snmp
3306,tcp,Meraki MX68 Router/Security Appliance,snmp
3306,tcp,Meraki MX84 Cloud Managed Router,snmp
3306,tcp,Meraki MR46E Cloud Managed AP,snmp
3306,tcp,Meraki MR90 Cloud Managed AP,snmp
3306,tcp,Meraki MS120-8LP Cloud Managed PoE Switch,snmp
3306,tcp,Meraki MS225-24P Cloud Managed PoE Switch,snmp
3306,tcp,Meraki MS220-8P Cloud Managed PoE Switch,snmp
3306,tcp,Cisco Meraki MS250-48 Cloud Managed Switch,snmp
3306,tcp,"Cisco Firepower Threat Defense, Version 10.2.3.1 (Build 43), ASA Version 9.9(2)4",snmp
3306,tcp,"Cisco Firepower Threat Defense, Version 7.0.0 (Build 3), ASA Version 9.16(0)3",snmp
3306,tcp,"Linux, Cisco RV320, Version 1.4.2.17 Mon Oct 30 15:52:47 CST 2017",snmp
3306,tcp,"Linux, Cisco Small Business RV345-K9, Version 1.0.03.21 Wed Mar 10 04:42:23 IST 2021",snmp
3306,tcp,"Linux, Cisco Small Business RV130 (RV130), Version 1.0.2.7",snmp
3306,tcp,"Linux, Cisco Small Business RV320W, Version 1.2.1.14.11 Thu Aug 13 14:25:16 CST 2015",snmp
3306,tcp,Crestron Electronics AM-100 (Version 2.4.2.1),snmp
3306,tcp,ACOLA CoBox Snr 238-204 V3.40,snmp
3306,tcp,ACOLA CoBox Snr 6818376 04.5b5 (010430),snmp
3306,tcp,ACOLA CoBox Snr 784-208 V3.6,snmp
3306,tcp,"CoBox for Recognition Systems, Snr 0621630 05.6b1 (080305)",snmp
3306,tcp,"CoBox for Recognition Systems, Snr 0622033 05.6 (040825)",snmp
3306,tcp,"CoBox for Recognition Systems, Snr 220-146 V3.40",snmp
3306,tcp,"CoBox for Recognition Systems, Snr1039-191 3.8b4",snmp
3306,tcp,"CoBox for Recognition Systems, Snr  6925226 05.6 (040825)",snmp
3306,tcp,"CoBox for Recognition Systems, Snr  7107590 04.5 (011218)",snmp
3306,tcp,SP40,snmp
3306,tcp,"Compuware AMD, ver. ndw.11.0.731",snmp
3306,tcp,Cumulus Linux 3.7.2 (Linux Kernel 4.1.33-1+cl3u17),snmp
3306,tcp,Data Domain OS 4.3.3.0-53506,snmp
3306,tcp,Datamax Corporation I-Class 4208 Ver:08.01 01/14/2004 PN:83-2297-08B,snmp
3306,tcp,Datamax Corporation I-Class 4208 Ver:08.038 11/16/2004 PN:83-2297-08D8,snmp
3306,tcp,Datamax Corporation I-Class 4208 Ver:08.03R2 08/30/2007 PN:83-2297-08DR2,snmp
3306,tcp,Datamax DMXrfNet Print Server compatible with an HP JETDIRECT EX,snmp
3306,tcp,Datamax Printer,snmp
3306,tcp,Dell Out-of-band SNMP Agent for Remote Access Controller,snmp
3306,tcp,DELL PowerVault 136T,snmp
3306,tcp,PowerEdge 1655MC Integrated Switch,snmp
3306,tcp,"Dell 2135cn MFP; Net 12.10, Controller 200903191302, Engine 03.00.10",snmp
3306,tcp,Dell 2335dn MFP; 2.70.03.02;Engine 1.10.65;NIC V4.01.30(2335dn MFP) 02-05-2010;S/N JQF9FG1,snmp
3306,tcp,Dell 2355dn Laser MFP; V2.70.45.30 May-20-2013;Engine 1.20.25;NIC V4.01.42(2355dn MFP) 4-23-2013;S/N 3DKCJM1,snmp
3306,tcp,"Dell Laser Printer 5100cn (Net 6.26, Controller 200408201123, Engine 01.00.04)",snmp
3306,tcp,"Dell Color Laser 3110cn; Net 8.29, Controller 200604102121, Engine 05.03.00",snmp
3306,tcp,"Dell Color Laser 5110cn; Net 11.33, Controller 200612011020, Engine 01.03.00",snmp
3306,tcp,Dell 1235cn; V1.70.01.06 Nov-14-2008;Engine 1.77.74;NIC V4.00.54 10-31-2008;S/N GJ8TJH1,snmp
3306,tcp,Dell 1235cn; V1.70.01.08 Jan-29-2009;Engine 1.77.77;NIC V4.00.54 10-31-2008;S/N 9SMWJH1,snmp
3306,tcp,Dell Laser Printer 1720dn version NM.NA.N099 kernel 2.6.10 All-N-1,snmp
3306,tcp,Dell Laser Printer 5210n version NS.NP.N212 kernel 2.6.6 All-N-1,snmp
3306,tcp,Dell Laser Printer W5300 version 55.10.19 kernel 2.4.0-test6 All-N-1,snmp
3306,tcp,Dell 2330dn Laser Printer version NR.APS.N449 kernel 2.6.18.5 All-N-1,snmp
3306,tcp,Dell 2350dn Laser Printer version NR.APS.N449 kernel 2.6.18.5 All-N-1,snmp
3306,tcp,Dell 3330dn Laser Printer version NR.APS.N447b2 kernel 2.6.18.5 All-N-1,snmp
3306,tcp,Dell 5330dn Mono Laser Printer; 2.70.00.49 06-30-2010;Engine 1.01.83;NIC V4.01.18(5330dn) 06-19-2010;S/N 73P2FG1,snmp
3306,tcp,Dell 1815n Series,snmp
3306,tcp,DELL Tape Library Remote Management Card,snmp
3306,tcp,ConnectPort TS1 W RJ Version 82001772_B1 02/13/2008,snmp
3306,tcp,Digi Connect ES serie 800 SB Version 82002147_A 02/09/2009,snmp
3306,tcp,Digi One TS Version 82000747_N2 02/25/2005,snmp
3306,tcp,Digi International PortServer II v3.1.12 Jan 21 2003,snmp
3306,tcp,"Digi Connect Device, Version Unknown",snmp
3306,tcp,"Digi TransPort VC74-00S2-DE5-XX Ser#:127485 Software Build Ver5099. Apr 16 2010 16:54:47 C6 ARM Bios Ver 5.85 v38 667MHz B511-M512-F80-O1,0 MAC:00042d01f1fd",snmp
3306,tcp,"Digi TransPort WR21-HX1B-DE1-XX Ser#:211555 Software Build Ver5142. Nov 28 2011 11:25:34 WW ARM Bios Ver 6.45 v43 454MHz B987-M995-F80-O1,0 MAC:00042d033a63",snmp
3306,tcp,"Digi TransPort WR41-CX00-DA1-XX(WR41v2) Ser#:178329 Software Build Ver5129. May 20 2011 10:51:03 MW ARM Bios Ver 6.02 v41 399MHz B256-M256-F80-O100000,0 MAC:00042d02b899",snmp
3306,tcp,"Digi TransPort WR41-CXS1-DE1-XX(WR41v2) Ser#:187037 Software Build Ver5141. Nov 02 2011 00:17:59 MW ARM Bios Ver 6.37 v41 399MHz B256-M256-F80-O140,0 MAC:00042d02da9d",snmp
3306,tcp,"Digi TransPort WR44-HXA3-DE1-XX Ser#:176625 Software Build Ver5142. Nov 28 2011 11:33:21 SW ARM Bios Ver 6.45 v39 400MHz B512-M512-F80-O1,0 MAC:00042d02b1f1",snmp
3306,tcp,"Digi TransPort WR44-HXA3-DE1-XX Ser#:182788 Software Build Ver5142. Nov 28 2011 11:33:21 SW ARM Bios Ver 6.45 v39 400MHz B512-M512-F80-O1,0 MAC:00042d02ca04",snmp
3306,tcp,AnywhereUSB/2,snmp
3306,tcp,AnywhereUSB/14,snmp
3306,tcp,AnywhereUSB/5,snmp
3306,tcp,D-link Corp. Access Point,snmp
3306,tcp,D-Link DP-301P+ Print Server,snmp
3306,tcp,"DrayTek Corporation, Router Model: Vigor2960, Version: 1.5.1.4_Beta/1.5.1.4, Build Date/Time: 2024-02-23 05:29:35",snmp
3306,tcp,"DrayTek Corporation, Router Model: Vigor300B, Version: 1.5.1.2_Beta/1.5.1.2, Build Date/Time: 2024-02-23 05:29:35",snmp
3306,tcp,"DrayTek Corporation, Router Model: Vigor3912, Version: 4.4.3.4, Build Date/Time:Mar 27 2025 20:44:57",snmp
3306,tcp,"DrayTek Corporation, Router Model: Vigor2766, Version: 4.3.1_STD, Build Date/Time:Apr 26 2021 11:56:46",snmp
3306,tcp,Evolution 1100,snmp
3306,tcp,Evolution 1500,snmp
3306,tcp,Evolution 1550,snmp
3306,tcp,Evolution 2200,snmp
3306,tcp,Evolution 3000,snmp
3306,tcp,Evolution 650,snmp
3306,tcp,Evolution 800,snmp
3306,tcp,Evolution 850,snmp
3306,tcp,Evolution S 1750,snmp
3306,tcp,Evolution S 2500,snmp
3306,tcp,Evolution S 3000,snmp
3306,tcp,Evolution Series - IP,snmp
3306,tcp,Evolution Series - METRO,snmp
3306,tcp,Evolution Series - XPAND,snmp
3306,tcp,Evolution Series - XPAND IP,snmp
3306,tcp,Evolution Series EDGE - EDGE,snmp
3306,tcp,Connectrix DS_4100B,snmp
3306,tcp,Connectrix DS_5000B,snmp
3306,tcp,DS_4100B,snmp
3306,tcp,DS-5000B,snmp
3306,tcp,CX3-10c - Flare 3.26.0.10.5.032,snmp
3306,tcp,CX300 - Flare 2.16.0.300.5.012,snmp
3306,tcp,CX400 - Flare 2.19.0.400.5.040,snmp
3306,tcp,CX500 - Flare 2.07.0.500.5.020,snmp
3306,tcp,CX700 - Flare 2.24.0.700.5.022,snmp
3306,tcp,NetQue Version 4.0,snmp
3306,tcp,"EPSON AL-C1750N; Net 98.48,ESS 201103111031,IOT 02.17.00",snmp
3306,tcp,"EPSON AL-C2900; Net 96.51,ESS 201103101328,IOT 04.00.00",snmp
3306,tcp,"EPSON AL-CX29; Net 96.55,ESS 201106281159,IOT 04.00.00",snmp
3306,tcp,"EPSON LP-S620; Net 98.48,ESS 201103111031,IOT 02.17.02",snmp
3306,tcp,EPSON AL-C2000 01.00,snmp
3306,tcp,EPSON AL-C8500 01.00,snmp
3306,tcp,EPSON EPL-N2050+ 01.00,snmp
3306,tcp,EPSON EPL-N2700 01.00,snmp
3306,tcp,EPSON EPL-N2750 01.00,snmp
3306,tcp,EPSON EPL-N4000+ 01.00,snmp
3306,tcp,EPSON LP-8700PS3 01.00,snmp
3306,tcp,EPSON LP-9600 01.00,snmp
3306,tcp,EPSON LP-9600S 01.00,snmp
3306,tcp,EPSON LP-M720,snmp
3306,tcp,EPSON LP-S820,snmp
3306,tcp,EPSON AL-CX28,snmp
3306,tcp,EPSON AL-CX37,snmp
3306,tcp,EPSON AL-C3900,snmp
3306,tcp,EPSON 11b/g & 10/100 USB Ext. Print Server,snmp
3306,tcp,EPSON Type B 10Base-T Print Server,snmp
3306,tcp,EPSON Type B 10Base-T/100Base-TX Print Server,snmp
3306,tcp,EPSON Type B 10Base-T/2 Print Server,snmp
3306,tcp,EPSON Wireless 802.11b Print Server,snmp
3306,tcp,EpsonNet 11b/g & 10/100 USB Ext. Print Server,snmp
3306,tcp,EPSON Built-in 10Base-T/100Base-TX Print Server,snmp
3306,tcp,EPSON Built-in 11b/g & 10/100 Print Server,snmp
3306,tcp,EPSON Built-in 11b/g/n & 10/100 Print Server,snmp
3306,tcp,EPSON Built-in 11b/g/n Print Server,snmp
3306,tcp,EPSON Built-in Gigabit Ether Print Server,snmp
3306,tcp,EPSON External 10Base-T/100Base-TX Print Server,snmp
3306,tcp,EPSON Internal 10Base-T/100Base-TX Scanning Card,snmp
3306,tcp,EPSON Network Image Express,snmp
3306,tcp,EPSON Network Scanning Box,snmp
3306,tcp,EPSON UIB 10/100Base-T Ethernet Interface Card,snmp
3306,tcp,EPSON UIB 10Base Ethernet Interface Card,snmp
3306,tcp,Epson AL-CX17NF; ESS 01.00.07,snmp
3306,tcp,Epson AL-CX17NF; ESS 01.00.08,snmp
3306,tcp,Epson AL-CX17NF; ESS 01.00.13,snmp
3306,tcp,Epson AL-CX17NF; ESS 01.00.18,snmp
3306,tcp,Epson AL-CX17WF; ESS 01.00.07,snmp
3306,tcp,Epson AL-MX14NF; ESS SG4_SEC_1.08,snmp
3306,tcp,Epson AL-MX14NF; ESS SG4_SEC_1.16,snmp
3306,tcp,Epson AL-MX14NF; ESS SG4_SEC_1.22b,snmp
3306,tcp,Epson AL-MX14NF; ESS SG4_SEC_1.22c,snmp
3306,tcp,Epson LP-M120F; ESS SG4_SEC_1.23a,snmp
3306,tcp,Epson Network Projector,snmp
3306,tcp,ExtremeWare X0S version 11.2.0.15 v1120b15 by release-manager on Fri Apr 1 18:40:23 PST 2005,snmp
3306,tcp,ExtremeXOS version 11.6.3.5 v1163b5 by release-manager on Sun Sep 9 10:46:16 PDT 2007,snmp
3306,tcp,ExtremeXOS (X460-24x) version 15.6.1.4 v1561b4 by release-manager on Tue Sep 30 14:06:19 EDT 2014,snmp
3306,tcp,"Foundry Networks, Inc. Backbone, IronWare Version 06.6.36T41 Compiled on Jul 20 2001 at 21:38:29 labeled as BIS06636",snmp
3306,tcp,"Foundry Networks, Inc. BigIron 15000 Router, IronWare Version 08.0.01vT53 Compiled on Feb 26 2010 at 20:07:21 labeled as B2P08001v",snmp
3306,tcp,"Foundry Networks, Inc. BigIron 4000 Router, IronWare Version 07.8.02fT53 Compiled on Jan 16 2007 at 19:51:36 labeled as B2R07802f",snmp
3306,tcp,"Foundry Networks, Inc. BigIron 8000 Router, IronWare Version 08.0.01tT53 Compiled on Mar 04 2009 at 22:12:06 labeled as B2R08001t",snmp
3306,tcp,"Foundry Networks, Inc. Switch, IronWare Version 11.0.00gTI2 Compiled on Feb 18 2011 at 17:14:50 labeled as WJM11000g",snmp
3306,tcp,Foundry AP: 01.03.04Tw8 v2.0.0,snmp
3306,tcp,Foundry AP: 01.03.05Tw8 v3.0.4,snmp
3306,tcp,Foundry AP: 02.02.00Tw8 v4.0.0,snmp
3306,tcp,Foundry Enterprise Wireless AP,snmp
3306,tcp,Foundry Networks EdgeIron 2402CF,snmp
3306,tcp,Foundry Networks EdgeIron 24G,snmp
3306,tcp,Foundry Networks EdgeIron 24G-A,snmp
3306,tcp,Foundry Networks EdgeIron 4802CF,snmp
3306,tcp,Foundry Networks EdgeIron 48G,snmp
3306,tcp,Foundry Networks EdgeIron 48G1X10G,snmp
3306,tcp,FreeBSD freebsd-10-x64-ports-p 10.0-RELEASE-p4 FreeBSD 10.0-RELEASE-p4 #0: Tue Jun 3 13:14:57 UTC 2014 root@amd64-builder.daemonology.net:/usr/obj/usr/src/sys/GENERIC amd64,snmp
3306,tcp,FreeBSD freebsd-92-x64-snmp 9.2-RELEASE FreeBSD 9.2-RELEASE #0 r255898: Thu Sep 26 22:50:31 UTC 2013 root@bake.isc.freebsd.org:/usr/obj/usr/src/sys/GENERIC amd64,snmp
3306,tcp,FreeBSD freebsd-84-x64-pkgng-p.vuln.lax.rapid7.com 8.4-RELEASE-p11 FreeBSD 8.4-RELEASE-p11 #0: Tue Jun 3 07:47:34 UTC 2014 root@amd64-builder.daemonology.net:/usr/obj/usr/src/sys/GENERIC amd64,snmp
3306,tcp,FreeBSD freebsd-8-stable-x64-p.vuln.lax.rapid7.com 8.4-STABLE FreeBSD 8.4-STABLE #0 r266809: Wed May 28 16:54:28 EDT 2014 root@freebsd-8-stable-x64-p.vuln.lax.rapid7.com:/usr/obj/usr/src/sys/GENERIC amd64,snmp
3306,tcp,FreeBSD freebsd-64-x64-u.vuln.lax.rapid7.com 6.4-RELEASE FreeBSD 6.4-RELEASE #0: Wed Nov 26 08:21:48 UTC 2008 root@palmer.cse.buffalo.edu:/usr/obj/usr/src/sys/GENERIC amd64,snmp
3306,tcp,"FUJI XEROX Document Centre C360;ESS 1.131.11,IOT 6.6.5,IIT 12.7.0,IIT D12.0.0,ADF 10.3.0,FAX 11.20.50",snmp
3306,tcp,FUJI XEROX Document Centre C400 v 2. 0. 6,snmp
3306,tcp,FUJI XEROX Document Centre 405,snmp
3306,tcp,"FUJI XEROX DocuCentre-III C2200 ;ESS1.120.4,IOT 20.6.0,IIT 22.9.0,ADF 20.0.0,FAX 11.20.55,SJFI3.0.10,SSMI1.9.0",snmp
3306,tcp,"FUJI XEROX ApeosPort-II C4300 ;ESS 1.121.8,IOT 3.8.2,IIT 7.6.0,ADF 11.6.3,FAX 11.20.53",snmp
3306,tcp,DynaStar 2000,snmp
3306,tcp,DynaStar 1500,snmp
3306,tcp,Linux giga1-hd1-wax 2.6.34-GIGAMONuni-gvhd GigaVUE-H-Series 3.0.06 #1681 2013-11-06 07:42:52 ppc,snmp
3306,tcp,Linux GigaVUE-HB1-2 2.6.34-GIGAMONuni-gvhb1 GigaVUE-H-Series 3.0.02 #13 2013-08-22 09:58:43 ppc,snmp
3306,tcp,Linux GigaVUE-TA1 2.6.34-GIGAMONsmp-gvag GigaVUE-TA1 2.5.02 #5 2013-03-15 18:08:44 SMP ppc,snmp
3306,tcp,IP-Console-Switch-1x1x16 03.00.01,snmp
3306,tcp,IP-Console-Switch-3x1x16 03.00.13,snmp
3306,tcp,IP-Console-Switch-3x1x16 03.00.11,snmp
3306,tcp,HP IP Console Switch G2 4x1Ex32 - AF622 1.20.19.23386,snmp
3306,tcp,HP IP Console Switch G2 2x1Ex16 - AF621 1.20.0.22575,snmp
3306,tcp,HP-UX hostname B.10.20 A 9000/820 2006447661,snmp
3306,tcp,hostname VAX 4000-200 OpenVMS V7.2 Compaq TCP/IP Services for OpenVMS,snmp
3306,tcp,was1 AlphaServer DS10 466 MHz Compaq Tru64 UNIX V5.1B (Rev. 2650); Wed Feb 25 13:29:07 KST 2004 TCP/IP,snmp
3306,tcp,example.com COMPAQ AlphaServer DS10 617 MHz Digital UNIX V4.0F (Rev. 1229); Wed May 22 13:55:58 CST 2002 TCP/IP,snmp
3306,tcp,example.com COMPAQ Professional Workstation XP1000 Digital UNIX V4.0F  (Rev. 1229); Wed Jun 30 14:32:53 MET DST 2004 . TCP/IP,snmp
3306,tcp,DECserver 700-08 V1.1 BL44-11 ROM V3.4-9 LAT V5.1 LOAD IMAGE: WWENG1,snmp
3306,tcp,DECserver 90TL V1.1A BL45-11 ROM 2.0.0 LAT V5.1 LOAD IMAGE: MNENG1,snmp
3306,tcp,"DECserver900TM , Network Access SW V2.3A , HW=V1.6 , RO=V7.1-0, SW=BL47-60, LAT V5.1, LOAD IMAGE: WWENG2",snmp
3306,tcp,"DECserver90M , Network Access SW V2.2 , HW=V4.0 , RO=4.1, SW=BL29-52, LAT V5.1, LOAD IMAGE: MNENG2",snmp
3306,tcp,"DECserver90M , Network Access SW V2.3A , HW=V4.0 , RO=5.1, SW=BL47-60, LAT V5.1, LOAD IMAGE: MNENG3",snmp
3306,tcp,"DECserver90M , Network Access SW V2.4 BL50 , HW=V4.0 , RO=4.1, SW=V2.4 BL50, LAT V5.1, LOAD IMAGE: MNENG2",snmp
3306,tcp,"DECserver90M , Network Access SW V2.4 BL50 , HW=V4.0 , RO=5.1, SW=V2.4 BL50, LAT V5.1, LOAD IMAGE: MNENG3",snmp
3306,tcp,"DECserver90M , Network Access SW V2.5 BL51 , HW=V4.0 , RO=5.1, SW=V2.5 BL51, LAT V5.1, LOAD IMAGE: MNENG3",snmp
3306,tcp,"DECserver716, Network Access SW V3.2 BL01 , HW=V1.2 , RO=V7.3-0, LAT V5.1, LOAD IMAGE: WWENG2",snmp
3306,tcp,"HP3000 SERIES 918RX, MPE XL version C.75.00 NS Transport version B.07.05",snmp
3306,tcp,"HP3000 SERIES 928RX, MPE XL version C.60.00 NS Transport version B.06.00",snmp
3306,tcp,"HP3000 SERIES 939, MPE XL version C.70.02 NS Transport version B.07.00",snmp
3306,tcp,"HP3000 SERIES 969-200, MPE XL version C.75.00 NS Transport version B.07.05",snmp
3306,tcp,"HP3000 SERIES 969-220, MPE XL version C.70.00 NS Transport version B.07.00",snmp
3306,tcp,"HP3000 SERIES 969-400, MPE XL version C.75.04 NS Transport version B.07.05",snmp
3306,tcp,"HP3000 SERIES 977SX, MPE XL version C.55.00 NS Transport version B.05.09",snmp
3306,tcp,"HP3000 SERIES 979-400, MPE XL version C.75.00 NS Transport version B.07.05",snmp
3306,tcp,"HP3000 SERIES 988RX, MPE XL version C.55.00 NS Transport version B.05.09",snmp
3306,tcp,"HP3000 SERIES 989-400, MPE XL version C.75.00 NS Transport version B.07.05",snmp
3306,tcp,"HP3000 SERIES 989-650, MPE XL version C.70.02 NS Transport version B.07.00",snmp
3306,tcp,"HP3000 SERIES GREB/3000-A400-44, MPE XL version C.75.00 NS Transport version B.07.05",snmp
3306,tcp,"HP3000 SERIES U988RX, MPE XL version C.70.01 NS Transport version B.07.00",snmp
3306,tcp,"HP3000 SERIES e3000/A400-100-11, MPE XL version C.75.00 NS Transport version B.07.05",snmp
3306,tcp,"HP3000 SERIES e3000/A500-200-14, MPE XL version C.75.02 NS Transport version B.07.05",snmp
3306,tcp,"HP3000 SERIES e3000/N4000-400-44, MPE XL version C.75.03 NS Transport version B.07.05",snmp
3306,tcp,"HP3000 SERIES e3000/N4000-400-50, MPE XL version C.75.05 NS Transport version B.07.05",snmp
3306,tcp,"HP3000 SERIES e3000/N4000-400-75, MPE XL version C.75.00 NS Transport version B.07.05",snmp
3306,tcp,"HP3000 SERIES e3000/N4000-400-75, MPE XL version C.75.05 NS Transport version B.07.05",snmp
3306,tcp,"HP Comware Platform Software Comware Software Version 5.20,Release 2603P08 HP A6602 Router Copyright(c) 2010-2011 Hewlett-Packard Development Company, L.P.",snmp
3306,tcp,"HP Comware Platform Software Comware Software Version 5.20,Release 2603P08 HP A6608 Router Copyright(c) 2010-2011 Hewlett-Packard Development Company, L.P.",snmp
3306,tcp,"HP Series Router A-MSR20-40 HP Comware Platform Software Comware Software Version 5.20, Release 2209P15, Standard Copyright(c) 2010-2012 Hewlett-Packard Development Company, L.P.",snmp
3306,tcp,"HP Series Router A-MSR30-20 HP Comware Platform Software Comware Software Version 5.20, Release 2207P41, Standard Copyright(c) 2010 Hewlett-Packard Development Company, L.P.",snmp
3306,tcp,"HP Series Router A-MSR900 HP Comware Platform Software Comware Software Version 5.20, Release 2207P41 Copyright(c) 2010 Hewlett-Packard Development Company, L.P.",snmp
3306,tcp,"HP Series Router A-MSR20-40 HP Comware Platform Software Comware Software Version 5.20, T2207L16 Copyright(c) 2010-2011 Hewlett-Packard Development Company, L.P.",snmp
3306,tcp,"HP Comware Platform Software, Software Version 5.20 Release 2208 HP A5500-24G SI Switch with 2 Interface Slots Copyright (c) 2010-2011 Hewlett-Packard Development Company, L.P.",snmp
3306,tcp,"HP Comware Platform Software, Software Version 5.20 Release 2208 HP A5500-48G EI Switch with 2 Interface Slots Copyright (c) 2010-2011 Hewlett-Packard Development Company, L.P.",snmp
3306,tcp,"HP Comware Platform Software, Software Version 5.20 Release 2208P01 HP A5500-24G EI Switch with 2 Interface Slots Copyright (c) 2010-2011 Hewlett-Packard Development Company, L.P.",snmp
3306,tcp,"HP Comware Platform Software, Software Version 5.20 Release 2210 HP A5500-48G SI Switch with 2 Interface Slots Copyright (c) 2010-2011 Hewlett-Packard Development Company, L.P.",snmp
3306,tcp,"HP Comware Platform Software, Software Version 5.20 Release 5103P01 HP A3100-16 v2 EI Switch Copyright (c) 2010-2011 Hewlett-Packard Development Company, L.P.",snmp
3306,tcp,"HP Comware Platform Software, Software Version 5.20, Release 1211P04 HP A5800-24G Switch Copyright (c) 2010-2012 Hewlett-Packard Development Company, L.P.",snmp
3306,tcp,"HP Comware Platform Software, Software Version 5.20, Release 6616P05 HP A7506 Copyright (c) 2010-2011 Hewlett-Packard Development Company, L.P.",snmp
3306,tcp,"HP Comware Platform Software, Software Version 5.20, Release 6616P05 HP A7510 Copyright (c) 2010-2011 Hewlett-Packard Development Company, L.P.",snmp
3306,tcp,"HP Comware Platform Software, Software Version 5.20, Release 6635 HP A7506 Copyright (c) 2010-2011 Hewlett-Packard Development Company, L.P.",snmp
3306,tcp,"HP Comware Platform Software, Software Version 5.20.99, Release 2101P01 HP A3600-48 v2 EI Switch Copyright (c) 2010-2011 Hewlett-Packard Development Company, L.P.",snmp
3306,tcp,"HP Comware Platform Software, Software Version 7.1.033, Alpha 0002 HP MSR36-60 Copyright (c) 2010-2012 Hewlett-Packard Development Company, L.P.",snmp
3306,tcp,"SDNDIENvbXdhcmUgUGxhdGZvcm0gU29mdHdhcmUsIFNvZnR3YXJlIFZlcnNpb24gNS4yMCBSZ
      WxlYXNlIDIyMDgNCkgzQyBTNTUwMC0yOEMtRUkNCkNvcHlyaWdodCAoYykgMjAwNC0yMDEwIE
      hhbmd6aG91IEgzQyBUZWNoLiBDby4sIEx0ZC4gQWxsIHJpZ2h0cyByZXNlcnZlZC4K",snmp
3306,tcp,"H3C Switch S5120-28P-SI Software Version 5.20, Release 1101P10
       Copyright(c) 2004-2010 Hangzhou H3C Tech. Co., Ltd. All rights reserved.",snmp
3306,tcp,"HP V1910-16G Switch Software Version 5.20 Release 1108 Copyright (c) 2004-2011 Hewlett-Packard Development Company, L.P.",snmp
3306,tcp,"HP V1910-16G Switch Software Version 5.20, Release 1511 Copyright(c) 2010-2012 HP Tech. Co., Ltd. All rights reserved.",snmp
3306,tcp,"HP V1910-24G Switch Software Version 5.20 Release 1111 Copyright (c) 2004-2012 Hewlett-Packard Development Company, L.P.",snmp
3306,tcp,"HP V1910-24G Switch Software Version 5.20 Release 1111P01 Copyright (c) 2004-2012 Hewlett-Packard Development Company, L.P.",snmp
3306,tcp,"HP V1910-24G Switch Software Version 5.20, Release 1511 Copyright(c) 2010-2012 HP Tech. Co., Ltd. All rights reserved.",snmp
3306,tcp,"HP V1910-24G-PoE (170W) Switch Software Version 5.20 Release 1108P01 Copyright (c) 2004-2011 Hewlett-Packard Development Company, L.P.",snmp
3306,tcp,"HP V1910-24G-PoE (170W) Switch Software Version 5.20 Release 1111P01 Copyright (c) 2004-2012 Hewlett-Packard Development Company, L.P.",snmp
3306,tcp,"HP V1910-24G-PoE (365W) Switch Software Version 5.20 Release 1108 Copyright (c) 2004-2011 Hewlett-Packard Development Company, L.P.",snmp
3306,tcp,"HP V1910-48G Switch Software Version 5.20 Release 1111P01 Copyright (c) 2004-2012 Hewlett-Packard Development Company, L.P.",snmp
3306,tcp,"HP V1910-48G Switch Software Version 5.20, Release 1511 Copyright(c) 2010-2012 HP Tech. Co., Ltd. All rights reserved.",snmp
3306,tcp,"HP V1905-24 Switch Product Version 02.00.01 Copyright (c) 2011 Hewlett-Packard Development Company, L.P All rights Reserved.",snmp
3306,tcp,"HP V1905-24-PoE Switch Product Version 02.00.01 Copyright (c) 2011 Hewlett-Packard Development Company, L.P All rights Reserved.",snmp
3306,tcp,"HP V1905-48 Switch Product Version 02.00.01 Copyright (c) 2011 Hewlett-Packard Development Company, L.P All rights Reserved.",snmp
3306,tcp,"Hewlett-Packard Company J4139A HP ProCurve Routing Switch 9304M, Software Version 08.0.01kT53 Compiled on Apr 27 2007 at 18:55:59 labeled as H2R08001k",snmp
3306,tcp,"HP J4813A ProCurve Switch 2524, revision F.05.34, ROM F.02.01  (/sw/code/build/info(s02))",snmp
3306,tcp,"HP J4121A ProCurve Switch 4000M, revision C.09.28, ROM C.06.01 (/sw/code/build/vgro(c09))",snmp
3306,tcp,"ProCurve J4900B Switch 2626, revision H.08.98, ROM H.08.02 (/sw/code/build/fish(ts_08_5))",snmp
3306,tcp,"HP ProCurve 1810G - 8 GE, H.1.2, eCos-2.0",snmp
3306,tcp,"HP ProCurve 1810G - 24 GE, P.1.14, eCos-2.0",snmp
3306,tcp,"HP ProCurve 1810G - 8 GE, P.1.8, eCos-2.0",snmp
3306,tcp,"HP ProCurve 1810G - 8 GE, P.2.2, eCos-2.0, CFE-2.1",snmp
3306,tcp,"HP V1810-48G, PK.1.4, eCos-2.0, CFE-3.8",snmp
3306,tcp,"ProCurve J9145A 2910al-24G Switch, revision W.14.03, ROM W.14.04 (/sw/code/build/sbm(t4a_RC3))",snmp
3306,tcp,"ProCurve J9145A 2910al-24G Switch, revision W.14.30, ROM W.14.04 (/sw/code/build/sbm(t4a))",snmp
3306,tcp,"ProCurve 516733-B21 6120XG Blade Switch, revision Z.14.26, ROM Z.14.09 (/sw/code/build/vern(Z_14_zinfip_t4b))",snmp
3306,tcp,"ProCurve j9020a Switch 2510-48, revision U.11.04, ROM R.10.06 (/sw/code/build/dosx(ndx))",snmp
3306,tcp,"ProCurve j9020a Switch 2510-48, revision U.11.08, ROM R.10.06 (/sw/code/build/dosx(ndx))",snmp
3306,tcp,"ProCurve j9020a Switch 2510-48, revision U.11.11, ROM R.10.06 (/sw/code/build/dosx(ndx))",snmp
3306,tcp,"ProCurve j9020a Switch 2510-48, revision U.11.17, ROM R.10.06 (/sw/code/build/dosx(ndx))",snmp
3306,tcp,"HPJ3298A HP ProCurve Switch 212M, revision D.05.04, ROM D.05.01 (/sw/code/build/srao(f98))",snmp
3306,tcp,"HPJ4121A HP ProCurve Switch 4000M, revision C.05.04, ROM C.05.02 (/sw/code/build/vgro(f98))",snmp
3306,tcp,"HPJ4122A HP ProCurve Switch 2400M, revision C.05.04, ROM C.05.02 (/sw/code/build/vgro(f98))",snmp
3306,tcp,"HP J9145A E2910al-24G Switch, revision W.15.08.0007, ROM W.14.06 (/ws/swbuildm/rel_galt_qaoff/code/build/sbm(rel_galt_qaoff)) (Formerly ProCurve)",snmp
3306,tcp,"HP J9623A E2620-24 Switch, revision RA.15.05.0006, ROM RA.15.10 (/sw/code/build/xform(RA_15_05)) (Formerly ProCurve)",snmp
3306,tcp,"HP J9625A E2620-24-PoEP Switch, revision RA.15.05.0006, ROM RA.15.10 (/sw/code/build/xform(RA_15_05)) (Formerly ProCurve)",snmp
3306,tcp,"HP J9626A E2620-48 Switch, revision RA.15.05.0006, ROM RA.15.10 (/sw/code/build/xform(RA_15_05)) (Formerly ProCurve)",snmp
3306,tcp,"HP J8692A Switch E3500yl-24G, revision K.15.05.0002, ROM K.15.13 (/sw/code/build/btm(K_15_05)) (Formerly ProCurve)",snmp
3306,tcp,"HP J8697A Switch E5406zl, revision K.15.06.0006, ROM K.15.19 (/sw/code/build/btm(K_15_06)) (Formerly ProCurve)",snmp
3306,tcp,"HP J8698A Switch E5412zl, revision K.15.08.0007, ROM K.15.28 (/ws/swbuildm/rel_galt_qaoff/code/build/btm(rel_galt_qaoff)) (Formerly ProCurve)",snmp
3306,tcp,"HP J9477A Switch E8206zl, revision K.15.07.0008, ROM K.15.28 (/ws/swbuildm/ec_rel_ftcollins_qaoff/code/build/btm(ec_rel_ftcollins_qaoff)) (Formerly ProCurve)",snmp
3306,tcp,"HPJ3288A ProCurve 10/100 Hub 12M, ROM A.01.00, EEPROM A.01.00, HW A.02.00",snmp
3306,tcp,"HPJ3289A ProCurve 10/100 Hub 24M, ROM A.01.00, EEPROM A.01.00, HW A.02.00",snmp
3306,tcp,PROCURVE J9028A - PB.02.01,snmp
3306,tcp,PROCURVE J9028A - PB.02.03,snmp
3306,tcp,PROCURVE J9028A - PB.03.02,snmp
3306,tcp,PROCURVE J9028A - PB.03.04,snmp
3306,tcp,PROCURVE J9079A - VA.02.02,snmp
3306,tcp,PROCURVE J9080A - VB.02.01,snmp
3306,tcp,PROCURVE J9080A - VB.02.02,snmp
3306,tcp,PROCURVE J9080A - VB.02.04,snmp
3306,tcp,HP ProCurve Access Point 420: v2.1.5 v3.0.6,snmp
3306,tcp,HP Procurve Access Point 420: v2.0.38 v1.1.8 SN:TW517QB0VM,snmp
3306,tcp,HP Procurve Access Point 420: v2.0.38 v1.1.8 SN:TW525QB1T8,snmp
3306,tcp,HP Procurve Access Point 420: v2.0.39 v1.1.8 SN:TW439QB0JJ,snmp
3306,tcp,HP ProCurve AP 520wlv2.4.5(758) SN-PG44JL9CWY23 v2.0.10,snmp
3306,tcp,"ProCurve Access Point 10ag WW J9141A, revision WM.01.11, boot version WAB.01.00",snmp
3306,tcp,"ProCurve Access Point 530 NA J8986A, revision WA.02.15, boot version WAB.01.00",snmp
3306,tcp,"ProCurve Access Point 530 NA J8986A, revision WA.02.19, boot version WAB.01.00",snmp
3306,tcp,"ProCurve Access Point 530 NA J8986A, revision WA.02.27.0003, boot version WAB.01.00",snmp
3306,tcp,"ProCurve Access Point 530 WW J8987A, revision WA.01.05, boot version WAB.01.00",snmp
3306,tcp,"ProCurve Access Point 530 WW J8987A, revision WA.02.15, boot version",snmp
3306,tcp,"ProCurve Access Point 530 WW J8987A, revision WA.02.19, boot version WAB.01.00",snmp
3306,tcp,"ProCurve Secure Router 7102dl, Version: 03.01, Date: Fri Aug 12 08:41:29 2005",snmp
3306,tcp,"ProCurve Secure Router 7102dl, Version: 05.02, Date: Mon May 15 09:32:11 2006",snmp
3306,tcp,"ProCurve Secure Router 7203dl, Version: 05.02, Date: Mon May 15 09:32:11 2006",snmp
3306,tcp,"ProCurve Secure Router 7203dl, Version: 08.03, Date: Fri Jul 20 09:41:03 2007",snmp
3306,tcp,"ProCurve Secure Router 7203dl, Version: 14.04, Date: Wed Oct 14 11:33:27 2009",snmp
3306,tcp,"ProCurve Secure Router 7203dl, Version: 17.02.00, Date: Thu Jun 24 11:04:36 2010",snmp
3306,tcp,ProCurve Threat Management Services zl Module,snmp
3306,tcp,HP Color LaserJet 2840,snmp
3306,tcp,HP LaserJet 2840,snmp
3306,tcp,MSA Fabric Switch 6,snmp
3306,tcp,Network Storage Router SNMPv1/v2c Agent,snmp
3306,tcp,HP StorageWorks D2D Backup System CZC8522Q1V VTL-EELW-ARIA 482301-B21,snmp
3306,tcp,HP StorageWorks D2D Backup System CZJ117049B HP-CZJ117049B 596142-B21,snmp
3306,tcp,HP StorageWorks D2D Backup System MXQ144043K HP-MXQ144043K 595882-B21,snmp
3306,tcp,HP StorageWorks MSA2012fc,snmp
3306,tcp,HP StorageWorks MSA2012i,snmp
3306,tcp,HP StorageWorks MSA2012sa,snmp
3306,tcp,HP StorageWorks MSA2212fc,snmp
3306,tcp,HP StorageWorks MSA2312fc,snmp
3306,tcp,HP StorageWorks MSA2312i,snmp
3306,tcp,HP StorageWorks MSA2312sa,snmp
3306,tcp,HP StorageWorks MSA2324fc,snmp
3306,tcp,HP StorageWorks MSA2324i,snmp
3306,tcp,HP StorageWorks MSA2324sa,snmp
3306,tcp,HP StorageWorks P2000 G3 FC,snmp
3306,tcp,HP StorageWorks P2000 G3 SAS,snmp
3306,tcp,HP StorageWorks P2000 G3 iSCSI,snmp
3306,tcp,HP StorageWorks P2000G3 FC/iSCSI,snmp
3306,tcp,HP StorageWorks SN6000 Stackable Single Power Supply Fibre Channel Switch,snmp
3306,tcp,HP StorageWorks 8/20q Fibre Channel Switch,snmp
3306,tcp,HP StorageWorks VLS,snmp
3306,tcp,HP StorageWorks mpx100,snmp
3306,tcp,HP StorageWorks MSL Series,snmp
3306,tcp,HP Tape Library Remote Management Card,snmp
3306,tcp,HP 10Gb Ethernet BL-c Switch,snmp
3306,tcp,HP 1:10Gb Ethernet Blade Switch,snmp
3306,tcp,HP Onboard Administrator,snmp
3306,tcp,Management Processor (MP) for HP Integrity Servers,snmp
3306,tcp,PC BL Enclosure Integrated Administrator,snmp
3306,tcp,HP PC Blade Switch,snmp
3306,tcp,HP ETHERNET MULTI-ENVIRONMENT,snmp
3306,tcp,"HP ETHERNET MULTI-ENVIRONMENT,ROM A.03.15,JETDIRECT,JD24,EEPROM A.04.09",snmp
3306,tcp,"HP ETHERNET MULTI-ENVIRONMENT,ROM A.05.03,JETDIRECT,JD24,EEPROM A.05.05",snmp
3306,tcp,"HP ETHERNET MULTI-ENVIRONMENT,ROM A.05.03,JETDIRECT,JD24,EEPROM A.08.49",snmp
3306,tcp,"HP ETHERNET MULTI-ENVIRONMENT,ROM B.25.01,JETDIRECT,JD118,EEPROM D.27.02,CIDATE 03/23/2004",snmp
3306,tcp,"HP ETHERNET MULTI-ENVIRONMENT,SN:CNBJL00199,FN:JK0086J,SVCID:17036,PID:HP LaserJet P2015 Series",snmp
3306,tcp,"HP ETHERNET MULTI-ENVIRONMENT,SN:CNBJL53447,FN:JK35P6Y,SVCID:00000,PID:HP LaserJet P2015 Series",snmp
3306,tcp,"HP ETHERNET MULTI-ENVIRONMENT,SN:CNF9B1HNBY,FN:PT50G6X,SVCID:20132,PID:HP Color LaserJet CM2320nf MFP",snmp
3306,tcp,TippingPoint Core Controller,snmp
3306,tcp,Integrated Lights-Out 4 2.02 Aug 18 2014,snmp
3306,tcp,Integrated Lights-Out 2 (iLO 2) for Integrity,snmp
3306,tcp,"MAS 1.0 (Intel X86) Copyright (c) 1998-2006 Huawei Technologies Co., Ltd on Windows NT 5.0",snmp
3306,tcp,"MAS 1.0 (Intel X86) Copyright (c) 1998-2006 Huawei Technologies Co., Ltd on SUSE LINUX 9.0",snmp
3306,tcp,HUAWEI-3COM WBR-204g,snmp
3306,tcp,"Huawei Versatile Routing Platform Software
      VRP (R) software, Version 8.120 (CE6870EI V200R001C00SPC700) Copyright (C) 2012-2016 Huawei Technologies Co., Ltd.",snmp
3306,tcp,"Huawei Versatile Routing Platform Software
      VRP (R) software, Version 5.120 (AR2200 V200R003C00) Copyright (C) 2011-2012 HUAWEI TECH CO., LTD",snmp
3306,tcp,"Huawei Versatile Routing Platform Software
      VRP (R) software, Version 5.111 (5310EI V200R003) Copyright (C) 2011-2012 HUAWEI TECH CO., LTD",snmp
3306,tcp,IBM RISC System/6000 Machine Type: 0x0035 Processor id: 000018593500 The Base Operating System AIX version: 03.02.0000.0000 TCPIP Applications version: 03.02.0000.0000,snmp
3306,tcp,IBM RISC System/6000 Machine Type: 0x0100 Processor id: 000125576600 The Base Operating System AIX version: 03.02.0000.0000 TCPIP Applications version: 03.02.0000.0000,snmp
3306,tcp,RISC System/6000 Architecture Machine Type: 0x0800 Processor id: 000148364800 Base Operating System Runtime AIX version: 04.02.0001.0000 TCP/IP Client Support version: 04.02.0001.0000,snmp
3306,tcp,RISC System/6000 Architecture Machine Type: 0x0400 Processor id: 000033407200 Base Operating System Runtime AIX version: 04.03.0003.0000 TCP/IP Client Support version: 04.03.0003.0000,snmp
3306,tcp,RISC System/6000 Architecture Machine Type: 0x0400 Processor id: 000055848900 Base Operating System Runtime AIX version: 04.03.0003.0075 TCP/IP Client Support version: 04.03.0003.0075,snmp
3306,tcp,RISC System/6000 Architecture Machine Type: 0x0400 Processor id: 000059987900 Base Operating System Runtime AIX version: 04.03.0003.0000 TCP/IP Client Support version: 04.03.0003.0000,snmp
3306,tcp,RISC System/6000 Architecture Machine Type: 0x0401 Processor id: 000387955700 Base Operating System Runtime AIX version: 04.03.0003.0000 TCP/IP Client Support version: 04.03.0003.0000,snmp
3306,tcp,RISC System/6000 Architecture Machine Type: 0x0800 Processor id: 00011724A000 Base Operating System Runtime AIX version: 04.03.0003.0075 TCP/IP Client Support version: 04.03.0003.0075,snmp
3306,tcp,RISC System/6000 Architecture Machine Type: 0x0800 Processor id: 00087623A600 Base Operating System Runtime AIX version: 04.03.0003.0000 TCP/IP Client Support version: 04.03.0003.0000,snmp
3306,tcp,IBM PowerPC CHRP Computer Machine Type: 0x0800004c Processor id: 0040906A4C00 Base Operating System Runtime AIX version: 04.02.0001.0000 TCP/IP Client Support version: 04.02.0001.0000,snmp
3306,tcp,IBM PowerPC CHRP Computer Machine Type: 0x0800004c Processor id: 0044B47A4C00 Base Operating System Runtime AIX version: 04.02.0001.0000 TCP/IP Client Support version: 04.02.0001.0000,snmp
3306,tcp,IBM PowerPC Personal Computer.Machine Type: 0x0807004c Processor id: 003003334C00.Base Operating System Runtime AIX version: 04.02.0001.0000.TCP/IP Client Support  version: 04.02.0001.0000,snmp
3306,tcp,Motorola PowerPC Personal Computer Machine Type: 0x080000e1 Processor id: 00264E54E100 Base Operating System Runtime AIX version: 04.02.0001.0000 TCP/IP Client Support version: 04.02.0001.0000,snmp
3306,tcp,Motorola PowerPC Personal Computer Machine Type: 0x080000e2 Processor id: 0034D907E200 Base Operating System Runtime AIX version: 04.02.0001.0000 TCP/IP Client Support version: 04.02.0001.0000,snmp
3306,tcp,IBM PowerPC CHRP Computer Machine Type: 0x0800004c Processor id: 0056BD5A4C00 Base Operating System Runtime AIX version: 04.03.0003.0075 TCP/IP Client Support version: 04.03.0003.0075,snmp
3306,tcp,IBM PowerPC CHRP Computer Machine Type: 0x0800004c Processor id: 005A269A4C00 Base Operating System Runtime AIX version: 04.03.0003.0075 TCP/IP Client Support version: 04.03.0003.0075,snmp
3306,tcp,IBM PowerPC CHRP Computer Machine Type: 0x0800004c Processor id: 005F153A4C00 Base Operating System Runtime AIX version: 04.03.0003.0075 TCP/IP Client Support version: 04.03.0003.0075,snmp
3306,tcp,IBM PowerPC CHRP Computer Machine Type: n   7026-B80*SN-n   104740F Serial Number: n   104740F Base Operating System Runtime AIX version: 04.03.0003.0000 TCP/IP Client Support version: 04.03.0003.0000,snmp
3306,tcp,IBM PowerPC CHRP Computer Machine Type: n   7044-270*SN-n   10F9BBD Serial Number: n   10F9BBD Base Operating System Runtime AIX version: 04.03.0003.0000 TCP/IP Client Support version: 04.03.0003.0000,snmp
3306,tcp,IBM PowerPC CHRP Computer Machine Type: n   7046-B50*SN-n   10C2ABD Serial Number: n   10C2ABD Base Operating System Runtime AIX version: 04.03.0003.0000 TCP/IP Client Support version: 04.03.0003.0000,snmp
3306,tcp,IBM PowerPC CHRP Computer Tipo de M.quina: 0x0800004c Id de Procesador: 0005B4DF4C00 Base Operating System Runtime AIX versi.n: 04.03.0003.0000 TCP/IP Client Support versi.n: 04.03.0003.0000,snmp
3306,tcp,IBM PowerPC CHRP Computer Machine Type: 0x0800004c Processor id: 0059B7BA4C00 Base Operating System Runtime AIX version: 05.01.0000.0051 TCP/IP Client Support version: 05.01.0000.0070,snmp
3306,tcp,IBM PowerPC CHRP Computer Machine Type: 0x0800004c Processor id: 009F12264C00 Base Operating System Runtime AIX version: 05.01.0000.0050 TCP/IP Client Support version: 05.01.0000.0050,snmp
3306,tcp,IBM PowerPC CHRP Computer Machine Type: 0x0800004c Processor id: 009F12284C00 Base Operating System Runtime AIX version: 05.01.0000.0050 TCP/IP Client Support version: 05.01.0000.0050,snmp
3306,tcp,IBM PowerPC CHRP Computer Machine Type: n   7025-6F0*SN-n   109C8CA Serial Number: n   109C8CA Base Operating System Runtime AIX version: 05.01.0000.0035 TCP/IP Client Support version: 05.01.0000.0035,snmp
3306,tcp,IBM PowerPC CHRP Computer Machine Type: n   7028-6C4*SN-n   105DD3A Serial Number: n   105DD3A Base Operating System Runtime AIX version: 05.01.0000.0051 TCP/IP Client Support version: 05.01.0000.0068,snmp
3306,tcp,IBM PowerPC CHRP Computer Machine Type: n   7028-6E1*SN-n   100676A Serial Number: n   100676A Base Operating System Runtime AIX version: 05.01.0000.0010 TCP/IP Client Support version: 05.01.0000.0010,snmp
3306,tcp,IBM PowerPC CHRP Computer Machine Type: n   7029-6E3*SN-n   102735A Serial Number: n   102735A Base Operating System Runtime AIX version: 05.01.0000.0050 TCP/IP Client Support version: 05.01.0000.0050,snmp
3306,tcp,IBM PowerPC CHRP Computer Machine Type: n   7029-6E3*SN-n   10B30FF Serial Number: n   10B30FF Base Operating System Runtime AIX version: 05.01.0000.0050 TCP/IP Client Support version: 05.01.0000.0050,snmp
3306,tcp,IBM PowerPC CHRP Computer Machine Type: n   7038-6M2*SN-n   6510FFA Serial Number: n   6510FFA Base Operating System Runtime AIX version: 05.01.0000.0035 TCP/IP Client Support version: 05.01.0000.0035,snmp
3306,tcp,IBM PowerPC CHRP Computer Machine Type: n   7040-681*SN-n   83859AA Serial Number: n   83859AA Base Operating System Runtime AIX version: 05.01.0000.0035 TCP/IP Client Support version: 05.01.0000.0035,snmp
3306,tcp,IBM PowerPC CHRP Computer Machine Type: n   7044-270*SN-n   10A252F Serial Number: n   10A252F Base Operating System Runtime AIX version: 05.01.0000.0025 TCP/IP Client Support version: 05.01.0000.0025,snmp
3306,tcp,IBM PowerPC CHRP Computer Tipo de M.quina: 0x0800004c Id de Procesador: 000025534C00 Base Operating System Runtime AIX versi.n: 05.01.0000.0000 TCP/IP Client Support versi.n: 05.01.0000.0000,snmp
3306,tcp,Ordinateur CHRP PowerPC IBM Type de machine : 0x0800004c ID processeur : 005DA8CA4C00 Base Operating System Runtime AIX version : 05.01.0000.0051 TCP/IP Client Support version : 05.01.0000.0062,snmp
3306,tcp,IBM PowerPC CHRP Computer Machine Type: 0x0800004c Processor id: 0008FB8A4C00 Operating System Software: AIX version: 5.1 Networking Software: not available!,snmp
3306,tcp,IBM PowerPC CHRP Computer Machine Type: 0x0800004c Processor id: 000BD57F4C00 Operating System Software: AIX version: 5.1 Networking Software: not available!,snmp
3306,tcp,IBM PowerPC CHRP Computer.Machine Type: 0x0800004c Processor id: 00C0E53F4C00.Base Operating System Runtime AIX version: 05.02.0000.0105.TCP/IP Client Support version: 05.02.0000.0107,snmp
3306,tcp,IBM PowerPC CHRP Computer Machine Type: 0x0800004c Processor id: 00CBEEFA4C00 Base Operating System Runtime AIX version: 05.02.0000.0075 TCP/IP Client Support version: 05.02.0000.0075,snmp
3306,tcp,IBM PowerPC CHRP Computer Machine Type: 0x0800004c Processor id: 00CC5C524C00 Base Operating System Runtime AIX version: 05.02.0000.0105 TCP/IP Client Support version: 05.02.0000.0115,snmp
3306,tcp,IBM PowerPC CHRP Computer Machine Type: 0x0800004c Processor id: 00CE2E1E4C00 Base Operating System Runtime AIX version: 05.02.0000.0075 TCP/IP Client Support version: 05.02.0000.0075,snmp
3306,tcp,IBM PowerPC CHRP Computer Machine Type: 0x0800004c Processor id: 00CE2E2E4C00 Base Operating System Runtime AIX version: 05.02.0000.0075 TCP/IP Client Support version: 05.02.0000.0075,snmp
3306,tcp,IBM PowerPC CHRP Computer Machine Type: 0x0800004c Processor id: 00CE569B4C00 Base Operating System Runtime AIX version: 05.02.0000.0040 TCP/IP Client Support version: 05.02.0000.0040,snmp
3306,tcp,IBM PowerPC CHRP Computer Machine Type: n   7029-6C3*SN-n   651006A Serial Number: n   651006A Base Operating System Runtime AIX version: 05.02.0000.0010 TCP/IP Client Support version: 05.02.0000.0010,snmp
3306,tcp,IBM PowerPC CHRP Computer Machine Type: n   7029-6E3*SN-n   10B7A1C Serial Number: n   10B7A1C Base Operating System Runtime AIX version: 05.02.0000.0010 TCP/IP Client Support version: 05.02.0000.0010,snmp
3306,tcp,IBM PowerPC CHRP Computer Machine Type: n   7044-270*SN-n   109A49F Serial Number: n   109A49F Base Operating System Runtime AIX version: 05.02.0000.0050 TCP/IP Client Support version: 05.02.0000.0060,snmp
3306,tcp,IBM PowerPC CHRP Computer Machine Type: n   9111-520*SN-n   10026CF Serial Number: n   10026CF Base Operating System Runtime AIX version: 05.02.0000.0050 TCP/IP Client Support version: 05.02.0000.0060,snmp
3306,tcp,......... IBM PowerPC CHRP Machine Type: 0x0800004c Processor id: 000483D3D600 Base Operating System Runtime AIX version: 05.02.0000.0105 TCP/IP Client Support version: 05.02.0000.0107,snmp
3306,tcp,......... IBM PowerPC CHRP Machine Type: 0x0800004c Processor id: 0008CAC6D700 Base Operating System Runtime AIX version: 05.02.0000.0105 TCP/IP Client Support version: 05.02.0000.0109,snmp
3306,tcp,......... IBM PowerPC CHRP Machine Type: 0x0800004c Processor id: 0008CAE2D700 Base Operating System Runtime AIX version: 05.02.0000.0105 TCP/IP Client Support version: 05.02.0000.0107,snmp
3306,tcp,......... IBM PowerPC CHRP Machine Type: 0x0800004c Processor id: 0008CB1AD700 Base Operating System Runtime AIX version: 05.02.0000.0105 TCP/IP Client Support version: 05.02.0000.0109,snmp
3306,tcp,......... IBM PowerPC CHRP Machine Type: 0x0800004c Processor id: 0008CB36D700 Base Operating System Runtime AIX version: 05.02.0000.0105 TCP/IP Client Support version: 05.02.0000.0107,snmp
3306,tcp,Ordinateur CHRP PowerPC IBM Machine Type: 0x0800004c Processor id: 00C4EDFF4C00 Base Operating System Runtime AIX version: 05.02.0000.0095 TCP/IP Client Support version: 05.02.0000.0095,snmp
3306,tcp,Ordinateur CHRP PowerPC IBM Machine Type: 0x0800004c Processor id: 00C4EE0F4C00 Base Operating System Runtime AIX version: 05.02.0000.0095 TCP/IP Client Support version: 05.02.0000.0095,snmp
3306,tcp,IBM PowerPC CHRP Computer.Machine Type: 0x0800004c Processor id: 000A3CD8D600.Base Operating System Runtime AIX version: 05.03.0000.0060.TCP/IP Client Support version: 05.03.0000.0063,snmp
3306,tcp,IBM PowerPC CHRP Computer Machine Type: 0x0800004c Processor id: 00F7BF9F4C00 Base Operating System Runtime AIX version: 05.03.0012.0001 TCP/IP Client Support version: 05.03.0012.0005,snmp
3306,tcp,IBM PowerPC CHRP Computer Machine Type: 0x0800004c Processor id: 00F7BFA04C00 Base Operating System Runtime AIX version: 05.03.0012.0001 TCP/IP Client Support version: 05.03.0012.0005,snmp
3306,tcp,IBM PowerPC CHRP Computer Machine Type: 0x0800004c Processor id: 00F7BFB24C00 Base Operating System Runtime AIX version: 05.03.0012.0001 TCP/IP Client Support version: 05.03.0012.0005,snmp
3306,tcp,IBM PowerPC CHRP Computer Machine Type: n   9110-510*SN-n   620EAA Serial Number: n   620EAA Base Operating System Runtime AIX version: 05.03.0000.0010 TCP/IP Client Support version: 05.03.0000.0020,snmp
3306,tcp,IBM PowerPC CHRP Computer Machine Type: n   9111-520*SN-n   108DFCF Serial Number: n   108DFCF Base Operating System Runtime AIX version: 05.03.0000.0010 TCP/IP Client Support version: 05.03.0000.0020,snmp
3306,tcp,IBM PowerPC CHRP Computer Machine Type: n   9111-520*SN-n   10DADEF Serial Number: n   10DADEF Base Operating System Runtime AIX version: 05.03.0000.0030 TCP/IP Client Support version: 05.03.0000.0030,snmp
3306,tcp,IBM PowerPC CHRP Computer Machine Type: n   9113-550*SN-n   65D554F Serial Number: n   65D554F Base Operating System Runtime AIX version: 05.03.0000.0030 TCP/IP Client Support version: 05.03.0000.0030,snmp
3306,tcp,IBM PowerPC CHRP Computer Machine Type: n   9113-550*SN-n   65D562F Serial Number: n   65D562F Base Operating System Runtime AIX version: 05.03.0000.0010 TCP/IP Client Support version: 05.03.0000.0020,snmp
3306,tcp,IBM PowerPC CHRP Computer Machine Type: n   9131-52A*SN-n   63C7DG Serial Number: n   63C7DG Base Operating System Runtime AIX version: 05.03.0000.0040 TCP/IP Client Support version: 05.03.0000.0040,snmp
3306,tcp,IBM PowerPC CHRP Computer Machine Type: n ..7025-F50*SN-n ..444373A Serial Number: not available! Base Operating System Runtime AIX version: 05.03.0007.0000 TCP/IP Client Support version: 05.03.0007.0000,snmp
3306,tcp,......... IBM PowerPC CHRP Machine Type: 0x0800004c Processor id: 005F022F4C00 Base Operating System Runtime AIX version: 05.03.0008.0000 TCP/IP Client Support version: 05.03.0008.0003,snmp
3306,tcp,Ordinateur CHRP PowerPC IBM Machine Type: 0x0800004c Processor id: 0009753CD700 Base Operating System Runtime AIX version: 05.03.0007.0000 TCP/IP Client Support version: 05.03.0007.0000,snmp
3306,tcp,IBM PowerPC CHRP Computer Machine Type: 0x0800004c Processor id: 00018C4AD400 Base Operating System Runtime VIOS version: 05.03.0008.0000 TCP/IP Client Support version: 05.03.0008.0000,snmp
3306,tcp,IBM PowerPC CHRP Computer Machine Type: 0x0800004c Processor id: 0002EBDAD700 Base Operating System Runtime VIOS version: 05.03.0008.0000 TCP/IP Client Support version: 05.03.0008.0001,snmp
3306,tcp,IBM PowerPC CHRP Computer Machine Type: 0x0800004c Processor id: 0005EEE5D600 Base Operating System Runtime VIOS version: 05.03.0008.0000 TCP/IP Client Support version: 05.03.0008.0001,snmp
3306,tcp,IBM PowerPC CHRP Computer Machine Type: 0x0800004c Processor id: 00C2E6F44C00 Base Operating System Runtime VIOS version: 05.03.0008.0000 TCP/IP Client Support version: 05.03.0008.0010,snmp
3306,tcp,IBM PowerPC CHRP Computer Machine Type: 0x0800004c Processor id: 00C3A6044C00 Base Operating System Runtime VIOS version: 05.03.0008.0000 TCP/IP Client Support version: 05.03.0008.0006,snmp
3306,tcp,IBM PowerPC CHRP Computer Machine Type: 0x0800004c Processor id: 00C3A6144C00 Base Operating System Runtime VIOS version: 05.03.0008.0000 TCP/IP Client Support version: 05.03.0008.0006,snmp
3306,tcp,IBM PowerPC CHRP Computer Machine Type: 0x0800004c Processor id: 00C5AE104C00 Base Operating System Runtime VIOS version: 05.03.0008.0000 TCP/IP Client Support version: 05.03.0008.0001,snmp
3306,tcp,IBM PowerPC CHRP Computer Machine Type: 0x0800004c Processor id: 00F77AEE4C00 Base Operating System Runtime AIX version: 06.01.0006.0015 TCP/IP Client Support version: 06.01.0006.0015,snmp
3306,tcp,IBM PowerPC CHRP Computer Machine Type: 0x0800004c Processor id: 00F77C9A4C00 Base Operating System Runtime AIX version: 06.01.0006.0015 TCP/IP Client Support version: 06.01.0006.0015,snmp
3306,tcp,IBM PowerPC CHRP Computer Machine Type: n ..8204-E8A*SN-n ..65B46C2 Serial Number: not available! Base Operating System Runtime AIX version: 06.01.0001.0000 TCP/IP Client Support version: 06.01.0001.0001,snmp
3306,tcp,IBM PowerPC CHRP Computer Machine Type: n ..8231-E1C*SN-n ..6AB15R Serial Number: not available! Base Operating System Runtime AIX version: 06.01.0007.0015 TCP/IP Client Support version: 06.01.0007.0015,snmp
3306,tcp,IBM PowerPC CHRP Computer Machine Type: 0x0800004c Processor id: 00055539D600 Base Operating System Runtime VIOS version: 06.01.0007.0000 TCP/IP Client Support version: 06.01.0005.0000,snmp
3306,tcp,IBM PowerPC CHRP Computer Machine Type: 0x0800004c Processor id: 000B0148D700 Base Operating System Runtime AIX version: 07.01.0000.0015 TCP/IP Client Support version: 07.01.0000.0015,snmp
3306,tcp,IBM PowerPC CHRP Computer Machine Type: 0x0800004c Processor id: 00C5433C4C00 Base Operating System Runtime AIX version: 07.01.0001.0000 TCP/IP Client Support version: 07.01.0001.0003,snmp
3306,tcp,IBM PowerPC CHRP Computer Machine Type: 0x0800004c Processor id: 00F6FDC74C00 Base Operating System Runtime AIX version: 07.01.0001.0000 TCP/IP Client Support version: 07.01.0001.0002,snmp
3306,tcp,UNIX System Machine Type: not available! Processor id: 0001FDAF4C00 Base Operating System Runtime AIX version: 05.01.0000.0051 TCP/IP Client Support version: 05.01.0000.0070,snmp
3306,tcp,UNIX System Machine Type: not available! Processor id: 0001FDAF4C00 Base Operating System Runtime AIX version: 05.02.0000.0105 TCP/IP Client Support version: 05.02.0000.0107,snmp
3306,tcp,UNIX System Machine Type: not available! Processor id: 0001FDAF4C00 Base Operating System Runtime AIX version: 05.03.0000.0050 TCP/IP Client Support version: 05.03.0000.0053,snmp
3306,tcp,UNIX System Machine Type: not available! Processor id: 0001FDAF4C00 Base Operating System Runtime AIX version: 06.01.0007.0000 TCP/IP Client Support version: 06.01.0005.0000,snmp
3306,tcp,UNIX System Machine Type: not available! Processor id: 0001FDAF4C00 Base Operating System Runtime AIX version: 07.01.0001.0000 TCP/IP Client Support version: 07.01.0001.0002,snmp
3306,tcp,IBM Network Printer 12,snmp
3306,tcp,IBM Network Printer 24,snmp
3306,tcp,IBM 6400 Version 1.1.41 3-3-3,snmp
3306,tcp,IBM 6400 Version 1.1.38.11 3-3-3,snmp
3306,tcp,IBM 6400 Version 1.1.5,snmp
3306,tcp,IBM 6400 Version 7.0.9.6,snmp
3306,tcp,IBM 6400 Version 7.1,snmp
3306,tcp,SNMPv3 agent version 1.0 with DPI version 2.0,snmp
3306,tcp,BladeCenter Management Module,snmp
3306,tcp,BladeCenter Advanced Management Module,snmp
3306,tcp,IBM 3584 Tape Library,snmp
3306,tcp,Intermec CX Terminal,snmp
3306,tcp,Thermal Label Printer Intermec PM43,snmp
3306,tcp,Honeywell PM43;P10.14.014620,snmp
3306,tcp,"Pulse Secure, LLC,Ivanti Connect Secure,ISA-V,22.3R1 (build 1647)",snmp
3306,tcp,"Pulse Secure, LLC,Ivanti Connect Secure,ISA-V,22.3R2.1245 (build 1647)",snmp
3306,tcp,"Pulse Secure, LLC,ISA-V,22.3R1 (build 1647)",snmp
3306,tcp,"Ivanti Connect Secure,ISA-V,22.3R2.1245 (build 1647)",snmp
3306,tcp,"NetScreen-5GT version 6.2.0r4.0 (SN: 0064082005002928, Firewall+VPN)",snmp
3306,tcp,"NetScreen-5GT version 5.4.0r3a.0 (SN: 0064092007003281, Firewall+VPN)",snmp
3306,tcp,"NetScreen-5GT version 5.4.0r2.0 (SN: 0064092005010968, Firewall+VPN)",snmp
3306,tcp,"NetScreen-5GT version 6.2.0r2.0 (SN: 0064122004003146, Firewall+VPN)",snmp
3306,tcp,"NetScreen-208 version 5.4.0r20.0 (SN: 0099052005000121, Firewall+VPN)",snmp
3306,tcp,Juniper WXC-1800 : 5.6.4.0,snmp
3306,tcp,Juniper WXC-1800 : 5.7.7.0,snmp
3306,tcp,Juniper WXC-250 : 5.7.7.0,snmp
3306,tcp,Juniper WXC-3400 : 5.6.4.0,snmp
3306,tcp,Juniper WXC-500 : 5.5.2.0,snmp
3306,tcp,Juniper WXC-500 : 5.7.5.0,snmp
3306,tcp,Juniper WXC-500 : 5.7.7.0_PD1,snmp
3306,tcp,"Juniper Networks,Inc,MAG-4610,7.1R6 (build 20169)",snmp
3306,tcp,"Juniper Networks,Inc,MAG-4610,7.1R7:HF2 (build 21415)",snmp
3306,tcp,"Juniper Networks,Inc,MAG-4610,7.3R1:B2 (build 21317)",snmp
3306,tcp,"Juniper Networks,Inc,MAG-SM160,7.3R1:B2 (build 21317)",snmp
3306,tcp,"Juniper Networks,Inc,SA-2000,7.1R1.1 (build 17943)",snmp
3306,tcp,"Juniper Networks,Inc,SA-2000,7.1R2 (build 18193)",snmp
3306,tcp,"Juniper Networks,Inc,SA-2000,7.1R4 (build 19243)",snmp
3306,tcp,"Juniper Networks,Inc,SA-2500,7.1R1 (build 17675)",snmp
3306,tcp,"Juniper Networks,Inc,SA-2500,7.1R2 (build 18193)",snmp
3306,tcp,"Juniper Networks,Inc,SA-2500,7.1R6 (build 20169)",snmp
3306,tcp,"Juniper Networks,Inc,SA-2500,7.1R9 (build 20893)",snmp
3306,tcp,"Juniper Networks,Inc,SA-2500,7.2R1.1 (build 20761)",snmp
3306,tcp,"Juniper Networks,Inc,SA-4000,7.1R7 (build 20581)",snmp
3306,tcp,"Juniper Networks,Inc,SA-4500,7.1R10 (build 21187)",snmp
3306,tcp,"Juniper Networks,Inc,SA-4500,7.1R8 (build 20737)",snmp
3306,tcp,"Juniper Networks,Inc,SA-6000,7.1R7:HF2 (build 21415)",snmp
3306,tcp,Juniper Standalone IDP device,snmp
3306,tcp,Juniper SRX,snmp
3306,tcp,Juniper SRX 210H,snmp
3306,tcp,Juniper SRX 240,snmp
3306,tcp,Juniper SRX 650,snmp
3306,tcp,Juniper SRX100H,snmp
3306,tcp,Juniper SRX210,snmp
3306,tcp,Juniper SRX210H,snmp
3306,tcp,Juniper SRX240,snmp
3306,tcp,Juniper SRX240 Cluster,snmp
3306,tcp,Juniper SRX240 Firewall,snmp
3306,tcp,Juniper SRX240H,snmp
3306,tcp,"Juniper Networks, Inc. DELL J-EX4200-24T internet router, kernel JUNOS 11.1R3.5 #0: 2011-06-25 01:18:46 UTC builder@briath.juniper.net:/volume/build/junos/11.1/release/11.1R3.5/obj-powerpc/bsd/kernels/JUNIPER-EX/kernel Build date: 2011-06-25 01:01:37",snmp
3306,tcp,"Juniper Networks, Inc. ex4200-48p internet router, kernel JUNOS 11.4R1.6 #0: 2011-11-15 11:14:01 UTC builder@evenath.juniper.net:/volume/build/junos/11.4/release/11.4R1.6/obj-powerpc/bsd/kernels/JUNIPER-EX/kernel Build date: 2011-11-15 10:35:08 UTC C",snmp
3306,tcp,"Juniper Networks, Inc. t640 internet router, kernel JUNOS 9.2R4.4 #0: 2009-05-27 07:54:10 UTC builder@amalath.juniper.net:/volume/build/junos/9.2/release/9.2R4.4/obj-i386/sys/compile/JUNIPER Build date: 2009-05-27 08:11:51 UTC Copyright (c) 1996-2009",snmp
3306,tcp,"Juniper Networks, Inc. srx3400 internet router, kernel JUNOS 12.3X48-D60.2, Build date: 2017-12-11 19:52:52 UTC Copyright (c) 1996-2017 Juniper Networks, Inc.",snmp
3306,tcp,"Juniper Networks, Inc. JNP10003 [MX10003] internet router, kernel JUNOS 23.4R2.13, Build date: 2024-07-05 17:12:30 UTC Copyright (c) 1996-2024 Juniper Networks, Inc.",snmp
3306,tcp,"Juniper Networks, Inc. ex2300-c-12t Ethernet Switch, kernel JUNOS 15.1X53-D590.1, Build date: 2018-11-14 20:31:32 UTC Copyright (c) 1996-2018 Juniper Networks, Inc.",snmp
3306,tcp,"Juniper Networks, Inc. ex2200-c-12t-2g Ethernet Switch, kernel JUNOS 12.3R12-S15, Build date: 2020-02-13 14:27:08 UTC Copyright (c) 1996-2020 Juniper Networks, Inc.",snmp
3306,tcp,"Juniper Networks, Inc. qfx5110-48s-4c Ethernet Switch, kernel JUNOS 17.3R3-S1.5, Build date: 2018-08-31 19:06:08 UTC Copyright (c) 1996-2018 Juniper Networks, Inc.",snmp
3306,tcp,"Juniper Networks, Inc. E120 Edge Routing Switch SW Version : (10.1.0 release-0.0 [BuildId 10854]) Build Date : April 22, 2009 02:27 Copyright (c) 1999-2009 Juniper Networks, Inc. All rights reserved.",snmp
3306,tcp,"Juniper Networks, Inc. E120 Edge Routing Switch SW Version : (10.1.3 release-0.0 [BuildId 12315]) Build Date : July 7, 2010 13:31 Copyright (c) 1999-2010 Juniper Networks, Inc. All rights reserved.",snmp
3306,tcp,"Juniper Networks, Inc. ERX-700 Edge Routing Switch SW Version : (8.2.4 patch-0.4 [BuildId 10192]) Build Date : October 24, 2008 00:24 Copyright (c) 1999, 2001 Juniper Networks, Inc.",snmp
3306,tcp,"Juniper Networks EX2500 10GbE Switch, SW Version 3.1R1.0",snmp
3306,tcp,"Juniper Networks, Inc. RX1400 Edge Switch Router SW Version : (10.3.2 patch-0.2 [BuildId 12841]) Build Date : February 3, 2011 16:26 Copyright (c) 1999, 2001 Juniper Networks, Inc.",snmp
3306,tcp,"Juniper Networks, Inc MX-8 7.6.2.3 REL",snmp
3306,tcp,"Juniper Networks, Inc. SRC-PE C2000",snmp
3306,tcp,"Juniper Networks, Inc. SRC-PE C4000",snmp
3306,tcp,Juniper EX4200-48PX Ethernet Switch,snmp
3306,tcp,Juniper EX2200-C-12T-2G Ethernet Switch,snmp
3306,tcp,LANIER LD145 2.40 / LANIER Network Printer C model / LANIER Network Scanner C model / LANIER Network Facsimile C model,snmp
3306,tcp,LANIER LD335c 1.27 / LANIER Network Printer C model / LANIER Network Scanner C model,snmp
3306,tcp,LANIER LP226c/SP C410 1.05 / LANIER Network Printer C model,snmp
3306,tcp,LANIER LD120d 0.40.12 / LANIER Network Printer C model / LANIER Network Scanner C model / LANIER Network Facsimile C model,snmp
3306,tcp,Lantronix EPS2 Version V3.3/4(950530),snmp
3306,tcp,Lantronix EPS2 Version V3.4/1(960401),snmp
3306,tcp,Lantronix EPS1 Version V3.3/2(941216),snmp
3306,tcp,Lantronix EPS1 Version V3.3/4(950530),snmp
3306,tcp,Lantronix EPS1 Version V3.4/1(960401),snmp
3306,tcp,Lantronix EPS1 Version V3.5/10(990820),snmp
3306,tcp,Lantronix EPS1 Version V3.5/3(971202),snmp
3306,tcp,Lantronix EPS1 Version V3.5/5(980529),snmp
3306,tcp,Lantronix EPS1 Version V3.5/7(981112),snmp
3306,tcp,Lantronix EPS1 Version V3.6/4(000712),snmp
3306,tcp,Lantronix EPS1 Version V3.6/5(010208),snmp
3306,tcp,Lantronix EPS2 Version V3.5/2(970721),snmp
3306,tcp,Lantronix EPS2 Version V3.5/5(980529),snmp
3306,tcp,Lantronix EPS2-100 Version V3.5/7(981112),snmp
3306,tcp,Lantronix EPS2-100 Version V3.6/4(000712),snmp
3306,tcp,Lantronix EPS2-100 Version V3.7/1(031017),snmp
3306,tcp,Lantronix EPS4-100 Version B3.7/109(030909),snmp
3306,tcp,Lantronix EPS4-100 Version V3.5/7(981112),snmp
3306,tcp,Lantronix EPS4-100 Version V3.6/4(000712),snmp
3306,tcp,Lantronix EPS4-100 Version V3.7/1(031017),snmp
3306,tcp,Lantronix MSS100 Version V3.6/9(030114),snmp
3306,tcp,Lantronix EDS8PS V4.1.0.2R17 (03111515KK9H),snmp
3306,tcp,Lantronix ETS8P Version V3.6/4(000712),snmp
3306,tcp,Lantronix SCS400 Version B2.0/504(040415),snmp
3306,tcp,Lantronix LRS2 Version V1.3/4(980529),snmp
3306,tcp,LANTRONIX ETS-16 Version V2.2/45(940822),snmp
3306,tcp,Lantronix EDS16PR,snmp
3306,tcp,Lantronix Inc. - Modbus Bridge,snmp
3306,tcp,Lantronix UDS1100 V6.1.0.3 (060811),snmp
3306,tcp,Lantronix UDS 2132805 V5.8.0.1 (041102),snmp
3306,tcp,Lantronix UDS V5.9.0.0 (091013),snmp
3306,tcp,Lantronix UDS V6.6.21.0RC3 (080919),snmp
3306,tcp,Lantronix UDS,snmp
3306,tcp,Lantronix XPort AR V4.0.0.0R16 (0),snmp
3306,tcp,Lantronix XPort AR V4.0.0.0R16 (064907012804),snmp
3306,tcp,Lantronix XPort AR V4.0.0.0R16 (070407018581),snmp
3306,tcp,Lantronix XPort AR V4.0.0.0R16 (07103607I8BAOD),snmp
3306,tcp,Lantronix XPort AR V5.1.0.0R4 (065207015235),snmp
3306,tcp,Lantronix Xport Pro V5.0.0.0R14 (07112947T9ETLD),snmp
3306,tcp,Lantronix Xport Pro V5.0.0.0R14 (07121257T5O4CJ),snmp
3306,tcp,Lantronix Xport Pro V5.2.0.0R20 (07110707T8O60M),snmp
3306,tcp,Lantronix Xport Pro V5.2.0.0R20 (07112097T8TOVI),snmp
3306,tcp,Lantronix XPort AR,snmp
3306,tcp,Lantronix XPress DR+ V6.1.0.1 (060404),snmp
3306,tcp,Lantronix MatchPort AR V1.1.0.0R1 (07101497G7IJFA),snmp
3306,tcp,Lantronix MatchPort AR V1.1.0.0R6.MC_V3.5 (07100747G7I1DT),snmp
3306,tcp,Lantronix MatchPort AR V1.1.0.0R7 (07110947G8CY77),snmp
3306,tcp,Lantronix MatchPort AR V1.1.0.0R7 (07111167G8D044),snmp
3306,tcp,Lantronix MatchPort AR V1.1.0.0R7 (77092507G6O3TO),snmp
3306,tcp,Lantronix MatchPort AR V1.3.0.0B3 (07093487G7HSYS),snmp
3306,tcp,Lantronix MatchPort b/g Pro V1.1.0.0R6.MC_WIFI_V3 (07082157J6MXD,snmp
3306,tcp,Lantronix MatchPort b/g Pro V1.1.0.1R1.1.1.2 (07110177J8CO4V),snmp
3306,tcp,Lantronix MatchPort b/g Pro V1.1.0.1R1.1.3.07 (07101877J6MZ0D),snmp
3306,tcp,Lantronix MatchPort b/g Pro V1.3.0.0R9 (07090117J6NHS9),snmp
3306,tcp,Lantronix MatchPort b/g Pro V1.3.0.0R9 (07102327J7IUK5),snmp
3306,tcp,Lantronix WiBox V5.8.0.1 (041013),snmp
3306,tcp,Lantronix WiBox V6.0.0.1 (050413),snmp
3306,tcp,Lantronix WiBox V6.4.0.0 (061024),snmp
3306,tcp,Lantronix WiBox V6.5.0.0 (070402),snmp
3306,tcp,Lantronix WiBox V6.6.0.0 (080116),snmp
3306,tcp,Lantronix WiBox V6.7.0.0 (100118),snmp
3306,tcp,Lantronix SDS V5.8.0.1 (041014),snmp
3306,tcp,Lantronix SDS V5.8.0.7 (061010),snmp
3306,tcp,Lantronix SDS1101 V6.1.0.3 (060811),snmp
3306,tcp,Lantronix SDS1101 V6.5.0.0 (070402),snmp
3306,tcp,Lantronix SDS2101 V6.5.0.0 (070402),snmp
3306,tcp,Lantronix SLS 010100,snmp
3306,tcp,Lantronix SLSLP 030001,snmp
3306,tcp,Lantronix SLSLP 030005,snmp
3306,tcp,Lantronix NTS 0239032 04.4 (010817),snmp
3306,tcp,Lantronix NTS 1145416 04.4 (010817),snmp
3306,tcp,Lantronix NTS1536-076 V3.8,snmp
3306,tcp,Lexmark C524 version NS.NP.N212 kernel 2.6.6 All-N-1,snmp
3306,tcp,Lexmark T522 version 54.30.06 kernel 2.4.0-test6 All-N-1,snmp
3306,tcp,Lexmark T522 version 54.10.33 kernel 2.4.0-test6 All-N-1,snmp
3306,tcp,Lexmark T622 version 54.10.37 kernel 2.4.0-test6 All-N-1,snmp
3306,tcp,Lexmark T630 version 55.10.19 kernel 2.4.0-test6 All-N-1,snmp
3306,tcp,Lexmark T632 version 55.10.87 kernel 2.4.0-test6 All-N-1,snmp
3306,tcp,Lexmark T634 version 55.10.19 kernel 2.4.0-test6 All-N-1,snmp
3306,tcp,Lexmark T642 version NS.NP.N118 kernel 2.6.6 All-N-1,snmp
3306,tcp,Lexmark T644 version NS.NP.N118 kernel 2.6.6 All-N-1,snmp
3306,tcp,Lexmark T644 version NS.NP.N219 kernel 2.6.6 All-N-1,snmp
3306,tcp,MarkNet Pro 1 Version 2.10.192 Ethernet 10T.,snmp
3306,tcp,MarkNet Pro 1 Version 2.10.192 Ethernet Combo.,snmp
3306,tcp,MarkNet Pro 1 Version 2.10.17 Ethernet 10/100.,snmp
3306,tcp,MarkNet Pro 1 Version 2.10.196 Ethernet Combo.,snmp
3306,tcp,MarkNet X2011e Version 4.20.21 Ethernet 10/100.,snmp
3306,tcp,Lexmark MarkNet XLe 202 Version 4.117.1 Ethernet.,snmp
3306,tcp,Lexmark MarkNet XLe 202 Version 4.133.1 Ethernet.,snmp
3306,tcp,Lexmark Optra T610  Version 5.15.18  FaxSCSI-Ethernet.,snmp
3306,tcp,Lexmark Optra K 1220 Version 1.9.14 Ethernet 10/100.,snmp
3306,tcp,Lexmark Optra K 1220 Version 3.11.17 Ethernet 10/100.,snmp
3306,tcp,Lexmark Optra N Laser Printer Version 79.133.1 Ethernet.,snmp
3306,tcp,Lexmark Optra SC 1275 Version 1.10.10 Ethernet 10/100.,snmp
3306,tcp,Lexmark Optra SC 1275 Version 1.10.196 Ethernet 10/100.,snmp
3306,tcp,Lexmark Forms Printer 2580 version LC.CO.N061 kernel 2.6.10 All-N-1,snmp
3306,tcp,Lexmark Forms Printer 2580 version LCL.CU.P105 kernel 2.6.10 All-N-1,snmp
3306,tcp,Lexmark Forms Printer 2581 version LCL.CU.P105 kernel 2.6.10 All-N-1,snmp
3306,tcp,Lexmark Forms Printer 2590 version LC.CO.N061 kernel 2.6.10 All-N-1,snmp
3306,tcp,Lexmark Forms Printer 2590 version LCL.CU.P103 kernel 2.6.10 All-N-1,snmp
3306,tcp,Lexmark Forms Printer 2590 version LCL.CU.P105 kernel 2.6.10 All-N-1,snmp
3306,tcp,Lexmark Forms Printer 2591 version LCL.CU.P103 kernel 2.6.10 All-N-1,snmp
3306,tcp,Lexmark Forms Printer 4227 plus version LC.CO.N061 kernel 2.6.10 All-N-1,snmp
3306,tcp,Lexmark Pro5500 Series version FHN.RB.P1.111006z kernel 2.6.28.10.1 All-N-1,snmp
3306,tcp,Lexmark Pro910 Series version FQN.QNL.P1.111026 kernel 2.6.28.10.1 All-N-1,snmp
3306,tcp,Lexmark S510 Series version FHN.EA3.P1.111006z kernel 2.6.28.10.1 All-N-1,snmp
3306,tcp,LEXMARK X204 version NM.APS.N058 kernel 2.6.18.5 All-N-1,snmp
3306,tcp,Lexmark C720 Version 3.19.12 Ethernet 10/100.,snmp
3306,tcp,Lexmark C720 Version 3.20.11 Ethernet 10/100.,snmp
3306,tcp,Lexmark C720 Version 3.20.20 Ethernet 10/100.,snmp
3306,tcp,Lexmark C720 Version 3.20.30 Ethernet 10/100.,snmp
3306,tcp,Lexmark T520 Version 5.201.26 FaxSCSI-Ethernet.,snmp
3306,tcp,Lexmark T620 Version 1.10.192 Ethernet 10/100.,snmp
3306,tcp,Lexmark T620 Version 1.10.196 Ethernet 10/100.,snmp
3306,tcp,Lexmark T620 Version 3.20.20 Ethernet 10/100.,snmp
3306,tcp,Lexmark T630 Version 6.22.26 MFP-Ethernet 10/100.,snmp
3306,tcp,Lexmark T632 Version 6.22.26 MFP-Ethernet 10/100.,snmp
3306,tcp,"Lexmark X560n; Net 11.73,ESS 200709260947,IOT 05.10.00",snmp
3306,tcp,"Lexmark X560n; Net 11.77,ESS 200805220849,IOT 05.10.00",snmp
3306,tcp,Lexmark C500 PS Print Server,snmp
3306,tcp,Lexmark X500 Series,snmp
3306,tcp,KONICA MINOLTA bizhub C252,snmp
3306,tcp,KONICA MINOLTA bizhub C351,snmp
3306,tcp,KONICA MINOLTA bizhub 500,snmp
3306,tcp,KONICA MINOLTA 200,snmp
3306,tcp,KONICA MINOLTA 350,snmp
3306,tcp,KONICA MINOLTA 362,snmp
3306,tcp,Fiery X3e 31C-M,snmp
3306,tcp,KYOCERA MITA Printing System,snmp
3306,tcp,KYOCERA Printer I/F IB-23 Ver 1.1.0,snmp
3306,tcp,KYOCERA Printer I/F IB-20/21 Ver 1.1.1,snmp
3306,tcp,KYOCERA Document Solutions Printing System,snmp
3306,tcp,LNL-2210 Intelligent Single Door Controller Firmware Version 1.17.6 Build 359,snmp
3306,tcp,LNL-2220 Intelligent Dual Reader Controller Firmware Version 1.17.3 Build 351,snmp
3306,tcp,LNL-3300 Intelligent System Controller Firmware Version 1.17.6 Build 359,snmp
3306,tcp,"DLB APC 5M-90 V3, v7.02.rt3883.Deliberant.APC.en_US.53109.151202.0133",snmp
3306,tcp,Linux hostname 2.4.21-27.0.2.ELsmp #1 SMP Wed Jan 12 23:35:44 EST 2005 i686,snmp
3306,tcp,Linux hostname 2.6.9-22.ELsmp #1 SMP Mon Sep 19 18:32:14 EDT 2005 i686,snmp
3306,tcp,Linux hostname 2.6.18-53.1.4.el5 #1 SMP Fri Nov 30 00:45:16 EST 2007 i686,snmp
3306,tcp,Linux hostname 2.6.18-53.1.4.el5 #1 SMP Fri Nov 30 00:45:55 EST 2007 x86_64,snmp
3306,tcp,Linux hostname 2.4.9-e.40smp #1 SMP Thu Apr 8 16:53:29 EDT 2004 i686,snmp
3306,tcp,Linux hostname 2.4.18-3 #1 Thu Apr 18 07:37:53 EDT 2002 i686,snmp
3306,tcp,CentOS release 4.9 (Final),snmp
3306,tcp,Linux hostname 2.6.9-55.0.9.ELsmp #1 SMP Thu Sep 27 18:27:41 EDT 2007 i686,snmp
3306,tcp,Linux hostname 2.6.18-53.1.4.el5xen #1 SMP Fri Nov 30 01:21:23 EST 2007 x86_64,snmp
3306,tcp,Linux hostname 2.6.18-53.1.6.el5xen #1 SMP Wed Jan 23 11:59:21 EST 2008 x86_64,snmp
3306,tcp,Linux hostname 2.6.18-53.1.13.el5xen #1 SMP Tue Feb 12 13:33:07 EST 2008 x86_64,snmp
3306,tcp,Linux hostname 2.6.11-1.1369_FC4 #1 Thu Jun 2 22:55:56 EDT 2005 i686,snmp
3306,tcp,Linux hostname 2.6.20-1.2948.fc6 #1 SMP Fri Apr 27 19:48:40 EDT 2007 i686,snmp
3306,tcp,Linux hostname 2.6.22.9-91.fc7 #1 SMP Thu Sep 27 23:10:59 EDT 2007 i686,snmp
3306,tcp,Linux hostname 2.6.4-52-smp #1 SMP Wed Apr 7 02:11:20 UTC 2004 i686,snmp
3306,tcp,Linux hostname 2.4.32-ow1 i686,snmp
3306,tcp,Linux hostname 2.6.20-16-server #2 SMP Thu Jun 7 20:26:23 UTC 2007 i686,snmp
3306,tcp,Linux SUNSP00144F9E0508 2.4.22 #1 Sat Apr 21 11:28:21 PDT 2007 ppc,snmp
3306,tcp,"Silver Peak Systems, Inc. NX7600 Linux foo 2.6.22.14 hidalgo 3.3.0.0_32549 #1 2010-07-20 04:25:08 SMP x86_64",snmp
3306,tcp,Linux hostname 2.6.9 #2 SMP Tue Jun 26 16:10:49 EDT 2012 x86_64,snmp
3306,tcp,Linux 2.6.9 #2 SMP Tue Jun 26 16:10:49 EDT 2012 x86_64,snmp
3306,tcp,Linux hostname 2.6.9 x86_64,snmp
3306,tcp,Linux 2.6.9 x86_64,snmp
3306,tcp,Linux hostname 2.6.9,snmp
3306,tcp,Linux 2.6.9,snmp
3306,tcp,Linux hostname,snmp
3306,tcp,Darwin host.example.com 7.0.0 Darwin Kernel Version 7.0.0: Wed Sep 24 15:48:39 PDT 2003; root:xnu/xnu-517.obj~1/RELEASE_PPC Power Macintosh,snmp
3306,tcp,Darwin host.example.com 8.6.0 Darwin Kernel Version 8.6.0: Tue Mar 7 16:58:48 PST 2006; root:xnu-792.6.70.obj~1/RELEASE_PPC Power Macintosh,snmp
3306,tcp,Darwin host.example.com 9.0.0 Darwin Kernel Version 9.0.0: Tue Oct 9 21:37:58 PDT 2007; root:xnu-1228~1/RELEASE_PPC Power Macintosh,snmp
3306,tcp,Darwin host.example.com 10.0.0 Darwin Kernel Version 10.0.0: Fri Jul 31 22:46:25 PDT 2009; root:xnu-1456.1.25~1/RELEASE_X86_64 x86_64,snmp
3306,tcp,Darwin host.example.com 11.2.0 Darwin Kernel Version 11.2.0: Tue Aug 9 20:54:00 PDT 2011; root:xnu-1699.24.8~1/RELEASE_X86_64 x86_64,snmp
3306,tcp,Darwin host.example.com 12.2.1 Darwin Kernel Version 12.2.1: Thu Oct 18 12:13:47 PDT 2012; root:xnu-2050.20.9~1/RELEASE_X86_64 x86_64,snmp
3306,tcp,Darwin host.example.com 13.4.0 Darwin Kernel Version 13.4.0: Sun Aug 17 19:50:11 PDT 2014; root:xnu-2422.115.4~1/RELEASE_X86_64 x86_64,snmp
3306,tcp,Darwin host.example.com 14.4.0 Darwin Kernel Version 14.4.0: Thu May 28 11:35:04 PDT 2015; root:xnu-2782.30.5~1/RELEASE_X86_64 x86_64,snmp
3306,tcp,Hardware: x86 Family 6 Model 8 Stepping 3 AT/AT COMPATIBLE  - Software: Windows NT Version 4.0  (Build Number: 1381 Uniprocessor Free ),snmp
3306,tcp,Hardware: x86 Family 15 Model 4 Stepping 8 AT/AT COMPATIBLE - Software: Windows 2000 Version 5.0 (Build 2195 Uniprocessor Free),snmp
3306,tcp,Hardware: x86 Family 15 Model 75 Stepping 2 AT/AT COMPATIBLE - Software: Windows 2000 Version 5.1 (Build 2600 Uniprocessor Free),snmp
3306,tcp,Hardware: x86 Family 6 Model 15 Stepping 6 AT/AT COMPATIBLE - Software: Windows Version 5.2 (Build 3790 Multiprocessor Free),snmp
3306,tcp,Hardware: AMD64 Family 15 Model 4 Stepping 3 AT/AT COMPATIBLE - Software: Windows Version 5.2 (Build 3790 Multiprocessor Free),snmp
3306,tcp,Hardware: Intel64 Family 6 Model 15 Stepping 6 AT/AT COMPATIBLE - Software: Windows Version 5.2 (Build 3790 Multiprocessor Free),snmp
3306,tcp,"Windows_NT Microsoft Windows Server 2003 5.2 3790 Service Pack 2, GenuineIntel EM64T Family 6 Model 23 Stepping 6",snmp
3306,tcp,"Windows_NT Microsoft Windows Server 2003 5.2 3790 Service Pack 2, GenuineIntel x86 Family 6 Model 23 Stepping 6",snmp
3306,tcp,Microsoft Windows CE Version 4.20 (Build 0),snmp
3306,tcp,Microsoft Windows CE Version 4.20 (Build 1088),snmp
3306,tcp,Hardware: x86 Family 15 Model 2 Stepping 5 AT/AT COMPATIBLE - Software: Windows Version 6.0 (Build 6000 Multiprocessor Free),snmp
3306,tcp,Hardware: Intel64 Family 15 Model 2 Stepping 5 AT/AT COMPATIBLE - Software: Windows Version 6.0 (Build 6000 Multiprocessor Free),snmp
3306,tcp,Hardware: x86 Family 15 Model 2 Stepping 5 AT/AT COMPATIBLE - Software: Windows Version 6.0 (Build 6001 Multiprocessor Free),snmp
3306,tcp,Hardware: AMD64 Family 16 Model 2 Stepping 3 AT/AT COMPATIBLE - Software: Windows Version 6.0 (Build 6001 Multiprocessor Free),snmp
3306,tcp,Hardware: Intel64 Family 15 Model 2 Stepping 5 AT/AT COMPATIBLE - Software: Windows Version 6.0 (Build 6001 Multiprocessor Free),snmp
3306,tcp,Hardware: x86 Family 15 Model 2 Stepping 5 AT/AT COMPATIBLE - Software: Windows Version 6.0 (Build 6002 Multiprocessor Free),snmp
3306,tcp,Hardware: AMD64 Family 16 Model 2 Stepping 3 AT/AT COMPATIBLE - Software: Windows Version 6.0 (Build 6002 Multiprocessor Free),snmp
3306,tcp,Hardware: Intel64 Family 15 Model 2 Stepping 5 AT/AT COMPATIBLE - Software: Windows Version 6.0 (Build 6002 Multiprocessor Free),snmp
3306,tcp,Hardware: x86 Family 15 Model 2 Stepping 5 AT/AT COMPATIBLE - Software: Windows Version 6.1 (Build 7600 Multiprocessor Free),snmp
3306,tcp,Hardware: AMD64 Family 16 Model 2 Stepping 3 AT/AT COMPATIBLE - Software: Windows Version 6.1 (Build 7600 Multiprocessor Free),snmp
3306,tcp,Hardware: Intel64 Family 15 Model 2 Stepping 5 AT/AT COMPATIBLE - Software: Windows Version 6.1 (Build 7600 Multiprocessor Free),snmp
3306,tcp,Hardware: x86 Family 15 Model 2 Stepping 5 AT/AT COMPATIBLE - Software: Windows Version 6.1 (Build 7601 Multiprocessor Free),snmp
3306,tcp,Hardware: AMD64 Family 16 Model 2 Stepping 3 AT/AT COMPATIBLE - Software: Windows Version 6.1 (Build 7601 Multiprocessor Free),snmp
3306,tcp,Hardware: Intel64 Family 15 Model 2 Stepping 5 AT/AT COMPATIBLE - Software: Windows Version 6.1 (Build 7601 Multiprocessor Free),snmp
3306,tcp,Hardware: Intel64 Family 6 Model 2 Stepping 3 AT/AT COMPATIBLE - Software: Windows Version 6.2 (Build 9200 Multiprocessor Free),snmp
3306,tcp,Hardware: x86 Family 6 Model 2 Stepping 3 AT/AT COMPATIBLE - Software: Windows Version 6.2 (Build 9200 Multiprocessor Free),snmp
3306,tcp,Hardware: AMD64 Family 21 Model 0 Stepping 2 AT/AT COMPATIBLE - Software: Windows Version 6.3 (Build 9600 Multiprocessor Free),snmp
3306,tcp,Hardware: x86 Family 21 Model 0 Stepping 2 AT/AT COMPATIBLE - Software: Windows Version 6.3 (Build 9600 Multiprocessor Free),snmp
3306,tcp,Windows w12-srv-snmp 6.2.9200   Server 4.0 Intel64 Family 6 Model 26 Stepping 4,snmp
3306,tcp,"LX Console Manager, s/w version=5.3.9",snmp
3306,tcp,RASExpress Server Version 5.63,snmp
3306,tcp,Neoscale CryptoStore(TM) neoaht2,snmp
3306,tcp,Neoscale CryptoStore(TM) neoaht3,snmp
3306,tcp,Data ONTAP Release 7.2.3: Thu Jul  5 10:42:49 PDT 2007 (IBM),snmp
3306,tcp,NetApp Release 7.2.4: Fri Nov 16 00:34:57 PST 2007,snmp
3306,tcp,NetApp Release 8.1RC2 7-Mode: Thu Oct 27 19:26:06 PDT 2011,snmp
3306,tcp,"NetBotz RackBotz 400C Appliance; FV: A1_3_71_136-20021216P, HR: REV A13, MD: 11/04/2003; MC: TEX",snmp
3306,tcp,"NetBotz RackBotz 400C Appliance; FV: A1_3_90_168-20040908P, HR: REV A13, MD: 11/03/2003; MC: TEX",snmp
3306,tcp,Netopia 3347NWG v7.5.1r8,snmp
3306,tcp,Netopia 3347NWG v7.7.4r0,snmp
3306,tcp,Netopia 3347NWG-ENT v8.5,snmp
3306,tcp,Netopia 3347NWG-ENT v8.6.1r4,snmp
3306,tcp,Netopia 3347W v8.4r2,snmp
3306,tcp,Netopia 2241N-VGx v7.7.0b4,snmp
3306,tcp,Netopia 2241N-VGx v7.7.0r1,snmp
3306,tcp,Netopia R9100 v4.8.2,snmp
3306,tcp,"NetScaler NS10.0: Build 54.6.nc, Date: Apr 6 2012, 08:00:41",snmp
3306,tcp,"NetScaler NS9.3: Build 57.5.nc, Date: Jun 27 2012, 19:37:56",snmp
3306,tcp,Business Policy Switch 2000 HW:10 FW:3.6.0.1 SW:v3.1.6.02 ISVN:2,snmp
3306,tcp,BayStack 420     HW:#02      FW:3.0.0.3   SW:v3.0.0.46,snmp
3306,tcp,BayStack 450-24T HW:RevB  FW:V1.02 SW:V1.0.0.8,snmp
3306,tcp,BayStack 350-24T HW:RevD  FW:V1.44 SW:v2.0.0.28,snmp
3306,tcp,BayStack 450-24T HW:RevL  FW:V1.47 SW:v3.1.0.22  ISVN:1,snmp
3306,tcp,Ethernet Switch 470-48T      HW:#05      FW:3.6.0.6   SW:v3.6.2.04 BN:4 ISVN:2 (c) Nortel Networks,snmp
3306,tcp,"Bay Networks, Inc. BayStack 303 Ethernet Switch Rev: 2.2.32.19-2.1.4.16",snmp
3306,tcp,"BayStack 301, version 1.0.0 (96120629)",snmp
3306,tcp,Accelar-8106 (3.0.1),snmp
3306,tcp,Alteon iSD NSNAS HW:4050 SW:1.6.1.3,snmp
3306,tcp,"Nortel, CS 1000 Signaling Server, Software Release sse-4.50.88",snmp
3306,tcp,"Nortel Networks, CS 1000 Signaling Server, Software Release sse-4.00.55",snmp
3306,tcp,"Nortel, CS 1000 VGMC, Software Release IPL-4.50.88",snmp
3306,tcp,"Nortel, CS 1000S/M Call Server, System 2121, Release 4, Issue 50",snmp
3306,tcp,"NORTEL, Succession 1000/M Call Server, System 2121, Release 3, Issue 0",snmp
3306,tcp,"Nortel Networks, Meridian 1 Call Server, System 2121, Release 4, Issue 0",snmp
3306,tcp,"Nortel, Meridian 1 Call Server, System 2121, Release 4, Issue 50",snmp
3306,tcp,Nortel Application Switch 2424,snmp
3306,tcp,Ethernet Routing Switch 5520-48T-PWR  HW:32       FW:5.0.0.3   SW:v5.0.4.011 BN:00 (c) Nortel Networks,snmp
3306,tcp,Ethernet Routing Switch 2526T (Stack Enabled) HW:01 FW:1.0.0.13 SW:v4.1.0.000 BN:00 (c) Nortel Networks,snmp
3306,tcp,"Nortel SR 1001, Software Version = r8.3.5, Boot Version = J1100_031805",snmp
3306,tcp,"Nortel SR 1004, Software Version = r8.4.4, Boot Version = T1k031605",snmp
3306,tcp,"Nortel SR 3120, Software Version = r9.2, Boot Version = r9.2",snmp
3306,tcp,"Nortel SR 4134 SNMP Agent, Software Version = 10.2.0.211, Boot Version = 0.0.0.45",snmp
3306,tcp,Image: rel/10.00 Created on Fri Mar 1 23:18:04 EST 1996.,snmp
3306,tcp,Image: rel/10.01 Created on Thu Jul 18 11:31:53 EDT 1996.,snmp
3306,tcp,Image: rel/11.02 Created on Fri May 30 22:23:06 EDT 1997.,snmp
3306,tcp,Image: rel/11.02 Created on Fri May 30 22:54:42 EDT 1997.,snmp
3306,tcp,Image: rel/15.6.0.0/ Created on Thu Mar 31 18:08:57 EST 2005.,snmp
3306,tcp,Image: rel/15.6.0.0/ Created on Thu Mar 31 19:41:07 EST 2005.,snmp
3306,tcp,Image: rel/15.7.0.0/ Created on Fri Jul 7 12:49:01 EDT 2006.,snmp
3306,tcp,Image: rel/15.7.1.0/ Created on Wed Jun 13 12:03:05 EDT 2007.,snmp
3306,tcp,Nortel Layer2-3 GbE Switch Module(Copper),snmp
3306,tcp,Novell NetWare v3.12 (100 user) 8/12/93,snmp
3306,tcp,"Novell NetWare 5.00.09  September 21, 2000",snmp
3306,tcp,"Novell NetWare 5.00.10  July 10, 2002",snmp
3306,tcp,"Novell NetWare 5.00.10  December 9, 2003",snmp
3306,tcp,"Novell NetWare 5.00.11  January 19, 2005",snmp
3306,tcp,"Novell NetWare 5.60.03  March 27, 2003",snmp
3306,tcp,"Novell NetWare 5.60.05  May 27, 2004",snmp
3306,tcp,"Novell NetWare 5.70.02  June 11, 2004",snmp
3306,tcp,"Novell NetWare 5.70.03  January 20, 2005",snmp
3306,tcp,"Novell NetWare 5.70.03  May 23, 2005",snmp
3306,tcp,"Novell NetWare 5.70.04  August 15, 2005",snmp
3306,tcp,"Novell NetWare 5.70.05  December 16, 2005",snmp
3306,tcp,"Novell NetWare 5.70.05  April 11, 2006",snmp
3306,tcp,"Novell NetWare 5.70.06  October 26, 2006",snmp
3306,tcp,"Novell NetWare 5.70.07  September 18, 2007",snmp
3306,tcp,"Novell NetWare 5.70.08 October 3, 2008",snmp
3306,tcp,Novell UnixWare v2.1,snmp
3306,tcp,"Oce NC-6800h, Firmware Ver.1.01  (10.01.08),MID 8C5-D92,FID 2",snmp
3306,tcp,"Oce NC-6400h, Firmware Ver.1.03  (07.02.27),MID 8C5-B29,FID 2",snmp
3306,tcp,Oce im2330,snmp
3306,tcp,Oce im4512,snmp
3306,tcp,Oce cm4010,snmp
3306,tcp,Oce digital 3155 R5.3,snmp
3306,tcp,Oce digital 3165 R5.3,snmp
3306,tcp,"Oce, 3165 R8.2, Controller R10.2.8",snmp
3306,tcp,"Oce, DS60 R1.2.0, Smart Imager R8.5.3.22",snmp
3306,tcp,"Oce, TDS750 R1.1, Power Logic Controller R14.8.1.0_12010481",snmp
3306,tcp,"Oce, ColorWave650 R2.0, EmCon R2.0, Network interface",snmp
3306,tcp,"Oce, VarioPrint 135 R2.1.0.0, PRISMAsync R13.4.42.7",snmp
3306,tcp,"Oce, VarioPrint 2045 R3.2, Controller R8.2.15",snmp
3306,tcp,Oce VarioPrint 2070 R2,snmp
3306,tcp,Oce CS2344 /P,snmp
3306,tcp,Oce 1000C,snmp
3306,tcp,Oce digital copier,snmp
3306,tcp,NRG SP C312DN V1.03 / NRG Network Printer C model,snmp
3306,tcp,NRG MP 3350 1.10 / NRG Network Printer C model / NRG Network Scanner C model,snmp
3306,tcp,NRG MP C3500 1.67 / NRG Network Printer C model / NRG Network Scanner C model,snmp
3306,tcp,NRG DSm415 0.29.01 / NRG Network Printer C model / NRG Network Scanner C model,snmp
3306,tcp,NRG MP 171 1.00.1 / NRG Network Printer C model / NRG Network Scanner C model / NRG Network Facsimile C model,snmp
3306,tcp,NRG SP C231SF v1.14a / NRG Network Printer C model / NRG Network Scanner C model / NRG Network Facsimile C model,snmp
3306,tcp,NRG DSm622 1.05 / NRG Network Printer C model / NRG Network Scanner C model / NRG Network Facsimile C model,snmp
3306,tcp,NRG MP C2550 1.14 / NRG Network Printer C model / NRG Network Scanner C model / NRG Network Facsimile C model,snmp
3306,tcp,NRG MP C3500 1.70 / NRG Network Printer C model / NRG Network Scanner C model,snmp
3306,tcp,NRG MP C4000 1.24 / NRG Network Printer C model / NRG Network Scanner C model / NRG Network Facsimile C model,snmp
3306,tcp,NRG MP C4500 1.65 / NRG Network Printer C model / NRG Network Scanner C model,snmp
3306,tcp,NRG 4525/4508/4502 5.25 / NRG Network Printer C model / NRG Network Scanner C model,snmp
3306,tcp,NRG 6002/6005/6008 1.12.3 / NRG Network Printer C model / NRG Network Scanner C model,snmp
3306,tcp,NRG C7417 1.00 / NRG Network Printer C model,snmp
3306,tcp,NRG C7425dn 1.10 / NRG Network Printer C model,snmp
3306,tcp,NRG C7435n 1.05 / NRG Network Printer C model,snmp
3306,tcp,NRG DSc38 V.2.13 / NRG Network Printer C model,snmp
3306,tcp,OKI OkiLAN 6400e Rev. 10/100BASE Ethernet PrintServer: Attached to B6250 Rev.8.1: (C)2005 OKI DATA CORP,snmp
3306,tcp,OKI OkiLAN 6400e Rev. 10/100BASE Ethernet PrintServer: Attached to B6500 Rev.2.19 C1: (C)2005 OKI DATA CORP,snmp
3306,tcp,OKI OkiLAN 6400e Rev. 10/100BASE Ethernet PrintServer: Attached to B720n Rev.7.1b1: (C)2005 OKI DATA CORP,snmp
3306,tcp,OKI OkiLAN 6400e Rev. 10/100BASE Ethernet PrintServer: Attached to B930 Rev.3.6: (C)2005 OKI DATA CORP,snmp
3306,tcp,OKI FastEther8450e Rev.01.08 10/100BASE Ethernet PrintServer: Attached to B430 Rev.C2.00 : Copyright (c) 2008 Oki Data Corporation. All rights reserved.,snmp
3306,tcp,OKI FastEther8450e Rev.08.01 10/100BASE Ethernet PrintServer: Attached to C5650 Rev.M1.02 : Copyright (c) 2007 Oki Data Corporation. All rights reserved.,snmp
3306,tcp,Overland Neo Series,snmp
3306,tcp,Overland Agent Version 1.1,snmp
3306,tcp,Palo Alto Networks PA-2000 series firewall,snmp
3306,tcp,Palo Alto Networks PA-500 series firewall,snmp
3306,tcp,Palo Alto Networks PA-4000 series firewall,snmp
3306,tcp,Palo Alto Networks Panorama server,snmp
3306,tcp,WJ-HD300 SWVer1.53,snmp
3306,tcp,Panasonic DP-1520P,snmp
3306,tcp,PARADYNE T1 DSU/CSU; model: 3165-A4-210; S/W Release: 05.01.16; H/W CCA1: 3996-82C; Serial number: 5796841,snmp
3306,tcp,PARADYNE BitStorm 2600; S/W Release: 02.05.07;,snmp
3306,tcp,PARADYNE BitStorm 4800; S/W Release: 01.00.09;,snmp
3306,tcp,PARADYNE GranDSLAM 4200; S/W Release: 02.05.23;,snmp
3306,tcp,PARADYNE SHDSL FrameSaver DSL; Model: 9788; S/W Release: 02.00.06; NAM CCA number: 4814-80C; Serial number: 6658952,snmp
3306,tcp,Paradyne ATM ADSL Unit; Model: 4223-A1-532; CCA: 868-5969-8200; S/W Release: 02.03.08; Hardware Revision: 5969-82A; Serial number: 6963727 ;,snmp
3306,tcp,Paradyne ATM ReachDSL Unit; Model: 4211-A1-530; CCA: 868-5315-8200; S/W Release: 02.03.04; Hardware Revision: 5315-82G; Serial number: 6066448 ;,snmp
3306,tcp,Paradyne Hotwire DSL4; Model: 8546-B1-000; Card: R4IP; S/W Release: 02.03.15; H/W Revision: 1004-80A; Serial number: 7HMOC,snmp
3306,tcp,Paradyne HotWire MCC; Model: 8000-B1-000; Card: MC-M; S/W Release: 02.00.22; H/W Revision: 1010-80A; Serial number: 7HHJR,snmp
3306,tcp,pfSense pfSense.localdomain 2.3.4-RELEASE pfSense FreeBSD 10.3-RELEASE-p19 amd64,snmp
3306,tcp,pfSense example.com 2.1-RELEASE nanobsd FreeBSD 8.3-RELEASE-p11 i386,snmp
3306,tcp,Rectifier Technologies Pacific WebCSU 169-412 V1.15,snmp
3306,tcp,Rectifier Technologies Pacific WebCSU 169-412 V1.28,snmp
3306,tcp,Rectifier Technologies Pacific WebCSU 169-412 V1.30,snmp
3306,tcp,Rectifier SNMP Server,snmp
3306,tcp,ucd-snmp-4.1.2/Red Hat eCos,snmp
3306,tcp,Raritan Computer Inc. IPReach,snmp
3306,tcp,Raritan Computer; CommandCenter Secure Gateway; Version 3.1.1.5.2; CC-SG-G1 HW,snmp
3306,tcp,Raritan Computer; CommandCenter Secure Gateway; Version 3.1.1.5.2; CC-SG-V1 HW,snmp
3306,tcp,Raritan Computer; CommandCenter Secure Gateway; Version 3.2.1.5.1; CC-SG-E1 HW,snmp
3306,tcp,Raritan Computer; CommandCenter Secure Gateway; Version 3.2.1.5.1; CC-SG-V1 HW,snmp
3306,tcp,Raritan Computer; CommandCenter Secure Gateway; Version 4.3.0.5.13; CC-SG-V1-A HW,snmp
3306,tcp,Raritan Computer; CommandCenter Secure Gateway; Version 5.3.0.5.8; CCSG128-VA HW,snmp
3306,tcp,Raritan Dominion PX - Firmware Version 010200,snmp
3306,tcp,Raritan Dominion PX - Firmware Version 010300,snmp
3306,tcp,Raritan Dominion PX - Firmware Version 010502-10441,snmp
3306,tcp,Raritan Dominion PX - Firmware Version 010505-10603,snmp
3306,tcp,Raritan Dominion PX - Firmware Version 010600-10544,snmp
3306,tcp,"RedBack Networks AOS Release 3.1.6.18 PRODUCTION MAINTENANCE RELEASE Copyright (c) 1997-2001 by RedBack Networks, Inc. Compiled 2001-Oct-24 19:56:11 GMT by wheatley",snmp
3306,tcp,"Redback Networks AOS Release 5.0.6.10 MAINTENANCE RELEASE Copyright (c) 1997-2002 by Redback Networks, Inc. Compiled 2002-Sep-20 20:53:18 GMT by wheatley",snmp
3306,tcp,"Redback Networks AOS Release 5.0.6.33 MAINTENANCE RELEASE Copyright (c) 1997-2003 by Redback Networks, Inc. Compiled 2003-Nov-09 19:21:42 GMT by wheatley",snmp
3306,tcp,"Redback Networks AOS Release 6.0.8.0 PRODUCTION RELEASE Copyright (c) 1997-2003 by Redback Networks, Inc. Compiled 2003-Nov-26 02:22:01 GMT by wheatley",snmp
3306,tcp,"Redback Networks AOS Release 6.0.8.5 MAINTENANCE RELEASE Copyright (c) 1997-2004 by Redback Networks, Inc. Compiled 2004-Feb-18 09:28:31 GMT by wheatley",snmp
3306,tcp,"Redback Networks AOS Release 6.0.9.12 MAINTENANCE RELEASE Copyright (c) 1997-2004 by Redback Networks, Inc. Compiled 2004-Jul-28 23:58:03 GMT by wheatley",snmp
3306,tcp,"Redback Networks AOS Release 6.1.4.13 PRODUCTION MAINTENANCE RELEASE Copyright (c) 1997-2006 by Redback Networks, Inc. Compiled 2006-Oct-06 16:26:44 GMT by relsms",snmp
3306,tcp,"Redback Networks AOS Release 6.1.4.14 PRODUCTION MAINTENANCE RELEASE Copyright (c) 1997-2006 by Redback Networks, Inc. Compiled 2007-Jan-03 03:15:24 GMT by relsms",snmp
3306,tcp,"Redback Networks AOS Release 6.1.4.16 PRODUCTION MAINTENANCE RELEASE Copyright (c) 1997-2006 by Redback Networks, Inc. Compiled 2007-Aug-10 21:42:14 GMT by relsms",snmp
3306,tcp,"Redback Networks AOS Release 6.2.5.0 PRODUCTION RELEASE Copyright (c) 1997-2007 by Redback Networks, Inc. Compiled 2007-Nov-28 02:48:44 GMT by relsms",snmp
3306,tcp,"Redback Networks SmartEdge OS Version SEOS-11.1.2.3p1-Release Built by sysbuild@SWB-node04 Fri Dec 23 11:47:30 PST 2011 Copyright (C) 1998-2011, Redback Networks Inc. All rights reserved.",snmp
3306,tcp,"Redback Networks SmartEdge OS Version SEOS-11.1.2.3p3-Release Built by sysbuild@SWB-node06 Thu Feb 16 16:39:21 PST 2012 Copyright (C) 1998-2012, Redback Networks Inc. All rights reserved.",snmp
3306,tcp,"Redback Networks SmartEdge OS Version SEOS-11.1.2.4-Release Built by sysbuild@SWB-node01 Sat Mar 3 16:15:16 PST 2012 Copyright (C) 1998-2012, Redback Networks Inc. All rights reserved.",snmp
3306,tcp,"Redback Networks SmartEdge OS Version SEOS-11.1.2.4-Release Built by sysbuild@SWB-node03 Sat Mar 3 16:15:16 PST 2012 Copyright (C) 1998-2012, Redback Networks Inc. All rights reserved.",snmp
3306,tcp,"Redback Networks SmartEdge OS Version SEOS-11.1.2.4p3-Release Built by sysbuild@SWB-node01 Sat Apr 28 07:58:16 PDT 2012 Copyright (C) 1998-2012, Redback Networks Inc. All rights reserved.",snmp
3306,tcp,RICOH Aficio 1022 5.20 / RICOH Network Printer C model / RICOH Network Facsimile C model,snmp
3306,tcp,RICOH Aficio 1232C 2.07.2 / RICOH Network Printer C model / RICOH Network Scanner C model / RICOH Network Facsimile C model,snmp
3306,tcp,RICOH Aficio 1515 0.29.03 / RICOH Network Printer C model / RICOH Network Scanner C model / RICOH Network Facsimile C model,snmp
3306,tcp,RICOH Aficio 1515 0.29.04 / RICOH Network Printer C model / RICOH Network Scanner C model / RICOH Network Facsimile C model,snmp
3306,tcp,RICOH Aficio 2015 0.40.07 / RICOH Network Printer C model / RICOH Network Scanner C model / RICOH Network Facsimile C model,snmp
3306,tcp,RICOH Aficio 2027 1.04 / RICOH Network Printer C model / RICOH Network Scanner C model / RICOH Network Facsimile C model,snmp
3306,tcp,RICOH Aficio 2035 1.05.1 / RICOH Network Printer C model / RICOH Network Scanner C model,snmp
3306,tcp,RICOH Aficio 2035e 2.40 / RICOH Network Printer C model / RICOH Network Scanner C model / RICOH Network Facsimile C model,snmp
3306,tcp,RICOH Aficio MP 1600 1.00.1 / RICOH Network Printer C model / RICOH Network Scanner C model / RICOH Network Facsimile C model,snmp
3306,tcp,RICOH Aficio MP 161 1.03 / RICOH Network Printer C model / RICOH Network Scanner C model / RICOH Network Facsimile C model,snmp
3306,tcp,RICOH Aficio MP 5500 2.06 / RICOH Network Printer C model / RICOH Network Scanner C model / RICOH Network Facsimile C model,snmp
3306,tcp,RICOH Aficio MP 5500 2.04 / RICOH Network Printer C model / RICOH Network Scanner C model / RICOH Network Facsimile C model,snmp
3306,tcp,RICOH Aficio MP C2500 1.62.1 / RICOH Network Printer C model / RICOH Network Scanner C model / RICOH Network Facsimile C model,snmp
3306,tcp,RICOH Aficio MP C2500 1.66 / RICOH Network Printer C model / RICOH Network Scanner C model / RICOH Network Facsimile C model,snmp
3306,tcp,RICOH Aficio MP C3000 1.70 / RICOH Network Printer C model / RICOH Network Scanner C model / RICOH Network Facsimile C model,snmp
3306,tcp,RICOH Aficio 2045 1.06s / RICOH Network Printer C model / RICOH Network Scanner C model,snmp
3306,tcp,RICOH Aficio SP C411DN 1.01 / RICOH Network Printer C model,snmp
3306,tcp,RICOH Aficio 350e/355e,snmp
3306,tcp,RICOH Aficio 551,snmp
3306,tcp,RICOH Aficio MP C2500,snmp
3306,tcp,RICOH Aficio 1013 / RICOH Network Printer D model,snmp
3306,tcp,RICOH imagio MP C6001 1.04 / RICOH Network Printer C model / RICOH Network Scanner C model,snmp
3306,tcp,RICOH imagio MP C6001 1.05.1 / RICOH Network Printer C model / RICOH Network Scanner C model,snmp
3306,tcp,RICOH imagio MP6001 1.14 / RICOH Network Printer C model / RICOH Network Scanner C model / RICOH Network Facsimile C model,snmp
3306,tcp,RICOH imagio MP6001 1.19 / RICOH Network Printer C model / RICOH Network Scanner C model / RICOH Network Facsimile C model,snmp
3306,tcp,RICOH imagio Neo 135 0.60.01 / RICOH Network Printer C model / RICOH Network Scanner C model / RICOH Network Facsimile C model,snmp
3306,tcp,RICOH IPSiO NX96e 1.01 / RICOH Network Printer C model,snmp
3306,tcp,RICOH IPSiO SP C301SF v1.26 / RICOH Network Printer C model /RICOH Network Scanner C model /RICOH Network Facsimile C model,snmp
3306,tcp,RICOH IPSiO SP C310 1.00 / RICOH Network Printer C model,snmp
3306,tcp,RICOH IPSiO GX e3300 Ver 1.02 / RICOH Network Printer C model,snmp
3306,tcp,RICOH Pro 907EX 1.02 / RICOH Network Printer C model / RICOH Network Scanner C model,snmp
3306,tcp,Gestetner C7640nD 1.01 / Gestetner Network Printer C model,snmp
3306,tcp,IBM Infoprint 1332 version 55.00.39 kernel 2.4.0-test6 All-N-1,snmp
3306,tcp,IBM Infoprint 1372 version 55.10.19 kernel 2.4.0-test6 All-N-1,snmp
3306,tcp,IBM Infoprint Color 1354 version 86.01.01 kernel 2.4.0-test6 All-N-1,snmp
3306,tcp,InfoPrint 6500 Version 1.4.40.6 3-3-3,snmp
3306,tcp,IBM Infoprint 1352 version 55.10.19 kernel 2.4.0-test6 All-N-1,snmp
3306,tcp,InfoPrint 1832 version NR.APS.N447b2 kernel 2.6.18.5 All-N-1,snmp
3306,tcp,IBM Infoprint 1410 MFP version NGN1.NM.N112 kernel 2.4.0-test6 All-N-1,snmp
3306,tcp,InfoPrint Color 1826 MFP version NR.APS.N469 kernel 2.6.18.5 All-N-1,snmp
3306,tcp,IBM Infoprint 1226 Version 3.20.30 Ethernet 10/100.,snmp
3306,tcp,IBM InfoPrint 40,snmp
3306,tcp,IBM InfoPrint (v1) 21,snmp
3306,tcp,InfoPrint 4247-Z03,snmp
3306,tcp,RouterOS RB Crossroads,snmp
3306,tcp,RouterOS RB Groove A-5Hn,snmp
3306,tcp,RouterOS RB MetaROUTER,snmp
3306,tcp,RouterOS RB Metal 5SHPn,snmp
3306,tcp,RouterOS RB OmniTIK UPA-5HnD,snmp
3306,tcp,RouterOS RB SXT-5D,snmp
3306,tcp,RouterOS RB miniROUTER,snmp
3306,tcp,RouterOS RB1100,snmp
3306,tcp,RouterOS RB1100AHx2,snmp
3306,tcp,RouterOS RB112,snmp
3306,tcp,RouterOS RB1200,snmp
3306,tcp,RouterOS RB600A,snmp
3306,tcp,RouterOS RB711-2Hn,snmp
3306,tcp,RouterOS RB751G-2HnD,snmp
3306,tcp,RouterOS RB800,snmp
3306,tcp,RouterOS RB951-2n,snmp
3306,tcp,RouterOS,snmp
3306,tcp,RouterOS x86,snmp
3306,tcp,RouterOS x86,snmp
3306,tcp,CSS326-24G-2S+ SwOS v2.13,snmp
3306,tcp,"Onyx,MSN2700,SWv3.9.3202",snmp
3306,tcp,SAVIN 2400WD,snmp
3306,tcp,Savin 9965DP,snmp
3306,tcp,SAVIN 2555 / RICOH Network Printer D model,snmp
3306,tcp,SAVIN 2522 5.20 / SAVIN Network Printer C model / SAVIN Network Scanner C model / SAVIN Network Facsimile C model,snmp
3306,tcp,SAVIN 9922DP 1.4.9 / RICOH Network Printer C model,snmp
3306,tcp,SAVIN SLP38c 2.22 / SAVIN Network Printer C model,snmp
3306,tcp,SAVIN SP C400DN 1.01 / SAVIN Network Printer C model,snmp
3306,tcp,Samsung CLP-300; CLP300N_V1.01.02.01 11-15-2006;Engine 1.01.57;NIC V4.01.06(CLP-300) 11-03-2006;S/N XXXXXXXXXXXXXXXX,snmp
3306,tcp,Samsung Samsung SCX-470x Series; V3.00.01.04 SEP-16-2011;Engine V1.02.05 09-02-2011;NIC V6.01.00;S/N XXXXXXXXXXXXXXXX,snmp
3306,tcp,Samsung CLX-7285,snmp
3306,tcp,Samsung CLX-7355,snmp
3306,tcp,Samsung CLX-7455,snmp
3306,tcp,Samsung CLP-705 Series; ; S/N XXXXXXXXXXXXXXXX,snmp
3306,tcp,Sentry Switched CDU,snmp
3306,tcp,Sentry Switched PDU,snmp
3306,tcp,Sentry Switched DC PDU,snmp
3306,tcp,SonicWALL TZ 670 (SonicOS 7.1.3-7015-R6965),snmp
3306,tcp,SonicWALL NSv 270 (SonicOSX 7.1.3-7015-R6965),snmp
3306,tcp,SonicWALL NSA 220 (SonicOS Enhanced 5.8.1.2-20o),snmp
3306,tcp,SonicWALL TZ 215 wireless-N (SonicOS Enhanced 5.8.1.2-6o),snmp
3306,tcp,SonicWALL TZ190 Enhanced (SonicOS Enhanced 3.6.0.4-30e),snmp
3306,tcp,SonicWALL SuperMassive 9200 (SonicOS Enhanced 6.2.5.3-35n),snmp
3306,tcp,SonicWALL SOHO (SonicOS Enhanced 5.9.1.4-4o),snmp
3306,tcp,SonicWALL SOHO wireless-N (SonicOS Enhanced 6.2.5.1-26n--HF175723-2n),snmp
3306,tcp,SonicWALL StrongARM / 233 Mhz (PRO 200),snmp
3306,tcp,SonicWALL StrongARM / 233 Mhz (PRO 230),snmp
3306,tcp,SonicWALL StrongARM / 233 Mhz (PRO 300),snmp
3306,tcp,SonicWALL StrongARM / 233 Mhz (PRO 330),snmp
3306,tcp,SonicWALL Toshiba / 133 Mhz (SOHO2),snmp
3306,tcp,SonicWALL Toshiba / 133 Mhz (SOHO3),snmp
3306,tcp,SonicWALL Toshiba / 133 Mhz (TELE3 SP),snmp
3306,tcp,SonicWALL I80X86 / 800 Mhz (PRO 2040 Standa),snmp
3306,tcp,SCO TCP/IP Runtime Release 2.0.0,snmp
3306,tcp,SCO UnixWare 7.1.0,snmp
3306,tcp,SCO OpenServer Release 6,snmp
3306,tcp,ShoreGear 60/12,snmp
3306,tcp,ShoreGear T1,snmp
3306,tcp,Silicon Graphics IRIS Indigo2  running IRIX version 6.5,snmp
3306,tcp,Silicon Graphics IRIS Indigo2 Elan running IRIX 5.3,snmp
3306,tcp,Silicon Graphics IRIS Indigo2 running IRIX 5.3,snmp
3306,tcp,Silicon Graphics IRIS O2 CRM running IRIX 6.3,snmp
3306,tcp,Silicon Graphics Challenge/1 running IRIX64 6.5,snmp
3306,tcp,Silicon Graphics Fuel running IRIX64 version 6.5,snmp
3306,tcp,Silicon Graphics IRIS Octane running IRIX64 version 6.5,snmp
3306,tcp,Silicon Graphics Octane2 running IRIX64 version 6.5,snmp
3306,tcp,Silicon Graphics Onyx2 running IRIX64 version 6.5,snmp
3306,tcp,Silicon Graphics Origin 200 running IRIX64 version 6.5,snmp
3306,tcp,Silicon Graphics Origin 2000 running IRIX64 version 6.5,snmp
3306,tcp,Silicon Graphics Origin 3000 running IRIX64 version 6.5,snmp
3306,tcp,SHARP AR-M450,snmp
3306,tcp,SHARP MX-M350N,snmp
3306,tcp,SHARP MX-M453N,snmp
3306,tcp,SHARP MX-M503N,snmp
3306,tcp,SHARP MX-M620U,snmp
3306,tcp,SNMP agent for HiPath 3000 V3/V4,snmp
3306,tcp,SNMP agent for HiPath 3000/5000 V5.x,snmp
3306,tcp,SNMP agent for HiPath 3000 V3.x,snmp
3306,tcp,SCALANCE W747-1RR,snmp
3306,tcp,SCALANCE W788-1RR,snmp
3306,tcp,"HiPath Wireless Access Controller - C20 Office, System Version V6R1.10507.0",snmp
3306,tcp,"HiPath Wireless Access Controller - C2400 Enterprise, System Version 07.41.01.0192",snmp
3306,tcp,"HiPath Wireless Access Controller - C2400 Enterprise, System Version 07.41.03.0006",snmp
3306,tcp,"HiPath Wireless Access Controller - C25, System Version 07.41.02.0009",snmp
3306,tcp,"HiPath Wireless Access Controller - C25, System Version 08.01.01.0247",snmp
3306,tcp,"HiPath Wireless Access Controller - C25, System Version 08.01.02.0030",snmp
3306,tcp,"HiPath Wireless Access Controller - C5110-2, System Version 07.41.01.0192",snmp
3306,tcp,"HiPath Wireless Access Controller - FE Series , System Version V5 R1.10034.0",snmp
3306,tcp,"HiPath Wireless Access Controller - GE Series , System Version V5 R3.10404.0",snmp
3306,tcp,"HiPath Wireless Access Controller - V2110, System Version 08.01.01.0251",snmp
3306,tcp,HiPath optiPoint 400 Economy HFA,snmp
3306,tcp,HiPath optiPoint 400 Standard HFA,snmp
3306,tcp,optiPoint 410 phone,snmp
3306,tcp,optiPoint 600 office,snmp
3306,tcp,"Siemens 5830 DMT Router (5830-001) v6.1.120 Copyright (C) 2004 Siemens Subscriber Networks, Inc. All Rights Reserved",snmp
3306,tcp,"Siemens 5851 SDSL [ATM] Router (5851-648) v6.1.140 Copyright (C) 2004 Siemens Subscriber Networks, Inc. All Rights Reserved",snmp
3306,tcp,Siemens 5940 T1E1 [COMBO] Router (5940-005) v6.3.050,snmp
3306,tcp,Siemens 7950 G.SHDSL [ATM] (7950-001) Router with ISDN Voice v6.1.077 All Rights Reserved,snmp
3306,tcp,"Siemens, SIMATIC HMI, KTP1000 Basic PN, 6AV6 647-0AF11-3AX0, HW: 1, FW: V01.06.00, Revision: 1",snmp
3306,tcp,"Siemens, SIMATIC HMI, KTP600 Basic Mono PN, 6AV6647-0AB11-3AX0, HW:1, FW:V01.06.00",snmp
3306,tcp,"Siemens, SIMATIC HMI, KTP600 Basic color PN, 6AV6 647-0AD11-3AX0, HW:1, FW:V11.00.02.00",snmp
3306,tcp,"Siemens, SIMATIC HMI, MP177, 6AV6 642-0EA01-3AX0, HW: 0, SW: V 1 0 0",snmp
3306,tcp,"Siemens, SIMATIC HMI, TP177B, 6AV6 642-0BD01-3AX0, HW: 0, SW: V 1 0 2",snmp
3306,tcp,"Siemens, SIMATIC HMI, XP277, 6AV6 643-0CB01-1AX0, HW: 0, SW: V 1 1 2",snmp
3306,tcp,"Siemens, SIMATIC HMI, unknown, 6AV2 124-0GC01-0AX0, HW: 0, SW: V 11 0 2",snmp
3306,tcp,"Siemens, SIMATIC HMI, unknown, 6AV2 124-0JC01-0AX0, HW: 0, SW: V 11 0 0",snmp
3306,tcp,"Siemens, SIMATIC NET, CP 343-1 Advanced, 6GK7 343-1GX30-0XE0, HW: Version 3, FW: Version V1.2.3, VPB9502953",snmp
3306,tcp,"Siemens, SIMATIC NET, CP 343-1 Lean, 6GK7 343-1CX10-0XE0, HW: Version 6, FW: Version V2.6.0, VPC3513639",snmp
3306,tcp,"Siemens, SIMATIC NET, CP 343-1, 6GK7 343-1EX30-0XE0, HW: Version 3, FW: Version V2.2.20, VPXN545808",snmp
3306,tcp,"Siemens, SIMATIC NET, SCALANCE X204-2, 6GK5 204-2BB10-2AA3, HW: 4, FW: V4.01",snmp
3306,tcp,"Siemens, SIMATIC NET, Scalance S612, 6GK56120BA102AA3, HW: Version 6, FW: Version T03.00.00.00_25.00.00.01, VPB9542952",snmp
3306,tcp,"Siemens, SIMATIC NET CP1613 FW V 06.33",snmp
3306,tcp,"Siemens, SIMATIC S7, CPU-1200, 6ES7 211-1BD30-0XB0, HW: 1, FW: V.2.0.2, SZVX8YU9000553",snmp
3306,tcp,"Siemens, SIMATIC S7, CPU315-2 PN/DP, 6ES7 315-2EH13-0AB0 , HW: 3, FW: V2.5.0, S C-V4P07826200",snmp
3306,tcp,"Siemens, SIMATIC S7, IM151-8, 6ES7 151-8AB01-0AB0 , HW: 2, FW: V3.2.3, S C-B3UC78192011",snmp
3306,tcp,"Siemens, SIMATIC S7, CPU-1200, 6ES7 212-1BD30-0XB0 SZVA1YU6008610 , 1, V.1.0.1, SZVA1YU6008610",snmp
3306,tcp,"Siemens, SIMATIC S7, CPU-1200, 6ES7 212-1HD30-0XB0 SZVA3YU7002312 , 1, V.1.0.1, SZVA3YU7002312",snmp
3306,tcp,"Siemens, SIMATIC S7, CPU-1200, 6ES7 214-1BE30-0XB0 SZVA2YYY007305 , 1, V.1.0.2, SZVA2YYY007305",snmp
3306,tcp,"Siemens, SIMATIC, S7-300",snmp
3306,tcp,"Siemens, SINUMERIK, solution line PCU50, , HW:1, FW:V00.00.00,",snmp
3306,tcp,"Siemens, SINUMERIK, solution line PCU50.3B-P 1GB XP, 6FC5210-0DF33-2AB0, HW:A, FW:V00.00.00, ST-BN2040231",snmp
3306,tcp,Name:ReliantUNIX-N release:5.45 version:B0032 machine:RM400,snmp
3306,tcp,Name:ReliantUNIX-N release:5.45 version:B2005 machine:RM400,snmp
3306,tcp,Name:ReliantUNIX-Y release:5.45 version:A1023 machine:RM600,snmp
3306,tcp,Name:ReliantUNIX-Y release:5.45 version:B2005 machine:RM600,snmp
3306,tcp,Siemens Subscriber Networks 4100-Series (D240),snmp
3306,tcp,Siemens Subscriber Networks 4100-Series (D241),snmp
3306,tcp,Siemens Subscriber Networks 4100/4200-Series (D240),snmp
3306,tcp,Siemens Subscriber Networks 4100/4200-Series (D245),snmp
3306,tcp,Siemens Subscriber Networks 6200/6300-Series (E771),snmp
3306,tcp,Siemens Subscriber Networks 6300-Series (E771),snmp
3306,tcp,Siemens Subscriber Networks 6500-Series (E652),snmp
3306,tcp,Siemens Subscriber Networks SE567/8-Series (E652),snmp
3306,tcp,Source Technologies ST-9620 version NJ.APS.N254e kernel 2.6.18.5 All-N-1,snmp
3306,tcp,Source Technologies ST-9620 version NR.APS.N447b2 kernel 2.6.18.5 All-N-1,snmp
3306,tcp,Source Technologies ST-9445 version 61.60.06 kernel 2.4.0-test6 All-N-1,snmp
3306,tcp,Source Technologies ST-9512 version NM.NA.N099 kernel 2.6.10 All-N-1,snmp
3306,tcp,SunOS sysname 5.11 Generic_118833-33 sun4u,snmp
3306,tcp,SunOS sysname 5.10 Generic_118833-33 sun4u,snmp
3306,tcp,SunOS sysname 5.7 Generic_118833-33 sun4u,snmp
3306,tcp,SunOS zeus.net.cmu.edu 4.1.3_U1 1 sun4m,snmp
3306,tcp,"Sun SNMP Agent, Sun-Blade-100",snmp
3306,tcp,"Sun SNMP Agent, UltraAX-i2",snmp
3306,tcp,"Sun SNMP Agent, Ultra-5_10",snmp
3306,tcp,"Sun SNMP Agent, Ultra-1",snmp
3306,tcp,"Sun SNMP Agent, Ultra-Enterprise",snmp
3306,tcp,"Sun SNMP Agent, Sun-Fire-V240",snmp
3306,tcp,"Sun SNMP Agent, Netra-T12",snmp
3306,tcp,"Sun SNMP Agent, Ultra-25",snmp
3306,tcp,"Sun SNMP Agent, Ultra-80",snmp
3306,tcp,"Sun SNMP Agent, Ultra-60",snmp
3306,tcp,"Sun SNMP Agent, UltraAX-MP",snmp
3306,tcp,"Sun SNMP Agent, UltraSPARC-IIi-cEngine",snmp
3306,tcp,"Sun SNMP Agent, Ultra-whatever",snmp
3306,tcp,"Sun SNMP Agent,",snmp
3306,tcp,Sun StorEdge 3511,snmp
3306,tcp,"SunOS 5.10 sun4u sparc SUNW,Sun-Fire-V210, Class 4 Call Manager",snmp
3306,tcp,"SunOS 5.10 sun4u sparc SUNW,Sun-Fire-V210, Class 5 Call Manager",snmp
3306,tcp,"SunOS 5.10 sun4u sparc SUNW,Sun-Fire-V215, CommandCenter",snmp
3306,tcp,"SunOS 5.10 sun4u sparc SUNW,Sun-Fire-V240, Class 5 Call Manager",snmp
3306,tcp,"SunOS 5.10 sun4u sparc SUNW,Ultra-250, Class 5 Call Manager",snmp
3306,tcp,"SunOS 5.10 sun4u sparc SUNW,UltraAX-i2, Class 5 Call Manager",snmp
3306,tcp,"SunOS 5.8 sun4u sparc SUNW,Sun-Fire-V210, Class 5 Call Manager",snmp
3306,tcp,"SunOS 5.8 sun4u sparc SUNW,Ultra-60, Class 5 Call Manager",snmp
3306,tcp,"SunOS 5.8 sun4u sparc SUNW,UltraAX-i2, Class 4 Call Manager",snmp
3306,tcp,"SunOS 5.8 sun4u sparc SUNW,UltraAX-i2, Class 5 Call Manager",snmp
3306,tcp,"SunOS 5.11 sun4u sparc SUNW,Sun-Fire-V210, Class 4 Call Manager",snmp
3306,tcp,"SunOS 5.12 sun4u sparc SUNW,Sun-Fire-V210, Class 4 Call Manager",snmp
3306,tcp,"SunOS integra01 5.10 Generic_127127-11 sun4v sparc SUNW,T5240",snmp
3306,tcp,"SunOS integra02 5.10 Generic_127127-11 sun4v sparc SUNW,T5240",snmp
3306,tcp,"SunOS magppg01 5.10 Generic_127127-11 sun4v sparc SUNW,T5240",snmp
3306,tcp,"SunOS magppg02 5.10 Generic_127127-11 sun4v sparc SUNW,T5240",snmp
3306,tcp,"SunOS rs1-s3 5.10 Generic_142900-09 sun4v sparc SUNW,Netra-CP3260",snmp
3306,tcp,"SunOS sn 5.10 Generic_118833-36 sun4v sparc SUNW,Sun-Fire-T200",snmp
3306,tcp,"SunOS sn 5.8 Generic_118833-36 sun4v sparc SUNW,Sun-Fire-T200",snmp
3306,tcp,"SunOS integra01 5.11 Generic_127127-11 sun4v sparc SUNW,T5240",snmp
3306,tcp,"SunOS integra01 5.12 Generic_127127-11 sun4v sparc SUNW,T5240",snmp
3306,tcp,SunOS 5.10 Generic sun4u,snmp
3306,tcp,SunOS 5.10 Generic_137111-07 sun4v,snmp
3306,tcp,SunOS 5.10 Generic_142900-11 sun4v,snmp
3306,tcp,SunOS 5.8 Generic_108528-16 sun4u,snmp
3306,tcp,SunOS 5.8 Generic_108528-27 sun4u,snmp
3306,tcp,SunOS 5.8 Generic_108528-29 sun4u,snmp
3306,tcp,SunOS 5.8 Generic_117350-25 sun4u,snmp
3306,tcp,SunOS 5.8 Generic_117350-62 sun4u,snmp
3306,tcp,SunOS 5.9 Generic_118558-24 sun4u,snmp
3306,tcp,SunOS 5.9 Generic_118558-36 sun4u,snmp
3306,tcp,SunOS 5.11 Generic sun4u,snmp
3306,tcp,SunOS 5.12 Generic sun4u,snmp
3306,tcp,SunOS release:5.10 version:Generic_125100-07 machine:sun4u,snmp
3306,tcp,SunOS release:5.10 version:Generic_139555-08 machine:sun4v,snmp
3306,tcp,SunOS release:5.8 version:Generic_117350-62 machine:sun4u,snmp
3306,tcp,SunOS release:5.9 version:Generic_122300-22 machine:sun4u,snmp
3306,tcp,SunOS release:5.11 version:Generic_125100-07 machine:sun4u,snmp
3306,tcp,SunOS release:5.12 version:Generic_125100-07 machine:sun4u,snmp
3306,tcp,Symantec Gateway Security 360,snmp
3306,tcp,Symantec Gateway Security 300 Series,snmp
3306,tcp,Symantec Gateway Security 320,snmp
3306,tcp,Symantec Gateway Security 420,snmp
3306,tcp,Symantec Gateway Security 440,snmp
3306,tcp,Symantec Gateway Security 460,snmp
3306,tcp,Symbol Spectrum24 Ethernet Access Point,snmp
3306,tcp,"Symbol Access Point, S/W rev:- S/W rev: 02.70-06",snmp
3306,tcp,"Symbol Access Point, S/W rev:02.21-01",snmp
3306,tcp,"Symbol Spectrum24 FHSS Access Point, S/W rev: 04.02-12",snmp
3306,tcp,Symbol Access Point- S/W rev: 03.50-26,snmp
3306,tcp,Symbol AP-7131 HW=E SW=4.0.3.0-010R MIB=01h18,snmp
3306,tcp,Symbol AP5131 HW=A SW=0.0-045R MIB=01b15,snmp
3306,tcp,Symbol WS2000 HW=R04 SW=0.0-035R MIB=08c12,snmp
3306,tcp,Symbol WS2000 HW=R04 SW=1.5.0.0-216r MIB=08a43,snmp
3306,tcp,"Tektronix, Inc., Phaser 860N, PhaserShare Series B Network Interface, (14.44/13.34/14.46/3.38)",snmp
3306,tcp,PocketPro,snmp
3306,tcp,PocketPro 100,snmp
3306,tcp,TROY PocketPro 100s,snmp
3306,tcp,TROY PocketPro 100s compatible with an HP JETDIRECT EX,snmp
3306,tcp,silex PocketPro 100s,snmp
3306,tcp,silex PocketPro 100s compatible with an HP JETDIRECT EX,snmp
3306,tcp,TOSHIBA e-STUDIO451c,snmp
3306,tcp,TOSHIBA e-STUDIO233,snmp
3306,tcp,TOSHIBA TEC B-FV4,snmp
3306,tcp,FreeNAS-11.3-U3.2 (1e9dd3b3e2). Hardware: amd64 Intel(R) Xeon(R) CPU E3-1230 v6 @ 3.50GHz running at 3504. Software: FreeBSD 11.3-RELEASE-p9 (revision 199506),snmp
3306,tcp,TrueNAS-12.0-U4.1 (fb0389beb0). Hardware: amd64 Intel(R) Xeon(R) CPU E5-1620 v3 @ 3.50GHz running at 3491 MHz. Software: FreeBSD 12.2-RELEASE-p6 (revision 199506),snmp
3306,tcp,UAP-AC-Mesh-Pro 4.3.20.11298,snmp
3306,tcp,"EdgeSwitch 48-Port Lite, 1.8.1.5145168, Linux 3.6.5-1b505fb7, 1.1.0.5102011",snmp
3306,tcp,"USW GigaBit Ethernet Switch, firmware 5.34.0.12180",snmp
3306,tcp,"USW GigaBit Ethernet Switch, firmware v4.3.20.1129",snmp
3306,tcp,"USW-8P-60, 4.3.20.11298, Linux 3.6.5",snmp
3306,tcp,"US-24-500W, 5.43.36.12724, Linux 3.6.5",snmp
3306,tcp,"USW-5-Flex, 4.0.80.10875",snmp
3306,tcp,USW-Flex 5.64.8.13083,snmp
3306,tcp,Ubiquiti UniFi 5.1.19 Linux 5.4.213 ipq9574,snmp
3306,tcp,Ubiquiti UniFi UDM 5.1.19 Linux 4.19.152 al324,snmp
3306,tcp,Ubiquiti UniFi UDM-Pro 5.1.19 Linux 4.19.152 al324,snmp
3306,tcp,Ubiquiti UniFi UDM-SE 5.1.19 Linux 4.19.152 al324,snmp
3306,tcp,Ubiquiti UniFi UDM-Pro-Max 5.1.19 Linux 4.19.152 al324,snmp
3306,tcp,Ubiquiti UniFi UDR 5.1.19 Linux 4.4.198 mt7622,snmp
3306,tcp,Ubiquiti UniFi UDR7 5.1.19 Linux 5.4.213 ipq5322,snmp
3306,tcp,Ubiquiti UniFi UCG-Ultra 5.1.19 Linux 5.4.213 ipq5322,snmp
3306,tcp,Ubiquiti UniFi UCG-Max 5.1.19 Linux 5.4.213 ipq5322,snmp
3306,tcp,Ubiquiti UniFi UCG-Fiber 5.1.19 Linux 5.4.213 ipq9574,snmp
3306,tcp,Unisys UDS544 version NS.NP.N219 kernel 2.6.6 All-N-1,snmp
3306,tcp,VxWorks SNMPv1/v2c Agent,snmp
3306,tcp,"VBrick Systems Inc., Model 4300 Serial 01010101010",snmp
3306,tcp,"VMware ESXi 5.1.0 build-1157734 VMware, Inc. x86_64",snmp
3306,tcp,"VMware ESX 5.0.0 build-623860 VMware, Inc. x86_64",snmp
3306,tcp,"""vSphere Management Assistant 4.1.0""",snmp
3306,tcp,"Xerox Phaser 3300MFP; OS 1.50.00.17   05-07-2013, Engine 1.05.44, NIC V4.03.01(P3300MFP), PCL5e 6.08.01 11-10-2009, PCL6 5.98  09-23-2009, PS3 V2.19.06 12-15-2010, SPL 5.24 03-27-2006, PDF V1.00.32 02-25-2006, IBM/EPSON 5.22 09-24-2009",snmp
3306,tcp,"Xerox Phaser 3300MFP; OS 1.50.00.14   07-16-2009, Engine 1.05.44, NIC V4.02.06(P3300MFP) 07-16-2009, PCL5e 5.93 03-19-2009, PCL6 5.94  05-11-2009, PS3 V1.99.06 04-09-2009, SPL 5.24 03-27-2006, PDF V1.00.32 02-25-2006, IBM/EPSON 5.20 02-03-2009",snmp
3306,tcp,"Xerox WorkCentre 3335; SS 60.004.00.000, NC 4.00.50.73, UI V5.51.00.31.00_17030801, ME V0.00.39, CCOS 6.9.P",snmp
3306,tcp,"Xerox WorkCentre 3345; SS 60.001.01.000, NC 4.00.50.46, UI V5.51.00.29.00_16052717, ME V0.00.37, CCOS 6.9.P",snmp
3306,tcp,"Xerox B1025 Multifunction Printer; SS 75.000.77.000, NC V4.00.50, UI V5.52.00.08.00_18032319, ME V0.00.25 03-20-2018, CCOS 6.9.P",snmp
3306,tcp,"Xerox Phaser 5500DN;PS G02.10,Net 22.42.11.22.2004,Eng 11.42.00,OS 4.46;SN RET570148",snmp
3306,tcp,"Xerox Phaser 6350DP;PS 5.0.0,Net 24.98.07.15.2005,Eng 3.2.0,OS 5.98",snmp
3306,tcp,"Xerox Phaser 6250DP;PS 4.8.0,Net 18.02.08.01.2003,Eng 1.1.1,OS 4.82;SN PWG464781",snmp
3306,tcp,"Xerox Phaser 6250DP;PS 4.11.0,Net 19.30.02.14.2004,Eng 1.1.2,OS 5.4;SN PWG678254",snmp
3306,tcp,"Xerox Phaser 7750GX;PS 4.0.4,Net 18.68.11.18.2003,Eng 3.10.1,OS 5.62;SN RRW531440",snmp
3306,tcp,"Xerox Phaser 8500N;PS 3.11.0,Net 24.38.04.28.2005,Eng 18.P1.3.11.0,OS 4.278",snmp
3306,tcp,"Xerox Phaser 8550DT;PS 4.8.0,Net 25.28.08.19.2005,Eng 18.P1.4.8.0,OS 4.302",snmp
3306,tcp,"Xerox Phaser 8560DN; OS 7.86, PS 4.1.0, Eng 22.L0.4.1.0, Net 31.92.12.14.2006",snmp
3306,tcp,Xerox Phaser 6200 DX v(2.12/14.66.02.22.2002/1.6.7/4.26) Printer 256MB LPH130287,snmp
3306,tcp,"Xerox Phaser 6140N; NIC 14.31,ESS 200905190951,IOT 02.01.00,Boot 200809191035",snmp
3306,tcp,"Xerox Phaser 6180MFP-D; Net 11.74,ESS 200802151717,IOT 05.09.00,Boot 200706151125",snmp
3306,tcp,"Xerox Phaser 6130N; Net 10.80,ESS 200802181501,IOT 02.00.09",snmp
3306,tcp,"Xerox Document Centre Multi-function System, ESS 0.19.12.011.1, IOT 28.52.0, UI 0.10.27.31, Finisher 7.95.0",snmp
3306,tcp,"Xerox Document Centre Multi-function System, ESS 0.19.02.503.6, IOT 0.19.2.503, UI 0.19.2.503",snmp
3306,tcp,Xerox DocuPrint N4525 Network Laser Printer - 2.15,snmp
3306,tcp,Xerox DocuPrint N4025 Network Laser Printer - 2.12-54,snmp
3306,tcp,Xerox DocuPrint N4525 Network Laser Printer - 2.15-04,snmp
3306,tcp,Xerox DocuPrint N4025 Network Laser Printer - 2.12-02,snmp
3306,tcp,"Xerox WorkCentre Pro Multifunction System, ESS 0.C03.04.510.01, IOT 9.0.3, UI 0.1.4.509, Scanner 1.4.0",snmp
3306,tcp,"Xerox WorkCentre Pro Multifunction System, ESS 0.C03.04.510.01, IOT 9.0.3, UI 0.1.4.509, Finisher 3.8.0, Scanner 1.4.0",snmp
3306,tcp,"Xerox WorkCentre Pro Multifunction System; ESS 0.040.010.51172, IOT 50.0.0, UI 0.12.50.3, Finisher 3.20.0, Scanner 17.5.0",snmp
3306,tcp,"Xerox WorkCentre 5665 v1 Multifunction System; System Software 000.000.000.00000, ESS",snmp
3306,tcp,"Xerox WorkCentre 7132;ESS PS1.202.1,IOT 10.5.0,FIN B12.12.0,IIT 7.5.0,ADF 11.6.3,FAX 1.30.50",snmp
3306,tcp,"Xerox ColorQube 9203; System Software 000.000.000.00000, ESS",snmp
3306,tcp,Xerox DocuTech 6115; DocuSP CP.4205.90,snmp
3306,tcp,"Xerox DocuColor 250 with EFI Fiery Controller; SW1.1,Controller ROM1.231.15, IOT 8.26.0, FIN C16.25.0, IIT 11.56.1, IIT D12.3.2, ADF 11.8.0",snmp
3306,tcp,"XEROX 6204 WIDE FORMAT PRINTER; ACCXES 15.0 136, IOT 01.01.07",snmp
3306,tcp,"XEROX WIDE FORMAT 6605 PRINTER; ACCXES 14.0 142, IOT 01.01.04XXXXXX",snmp
3306,tcp,"XEROX WIDE FORMAT 6604 PRINTER; ACCXES 14.0 142, IOT 01.01.04XXXXXX",snmp
3306,tcp,- Netlink-Xyplex Xyplex hardware MX-1600 00.00.00 Rom 470000 Xyplex software Terminal Server V6.0S91,snmp
3306,tcp,- WTF? Xyplex hardware CSERV-20 00.00.00 Rom 470000 Xyplex software Terminal Server V6.0.3,snmp
3306,tcp,- Xyplex Terminal Server Xyplex hardware CSERV-20 00.00.00 Rom 470000 Xyplex software Terminal Server V6.0,snmp
3306,tcp,WVN720D.WVNET.EDU - WVN720D Xyplex hardware CSERV-20 00.02.00 Rom 4C0000 Xyplex software Terminal Server V6.1,snmp
3306,tcp,Xyplex hardware CSERV-20 08.00.00 Rom 4A0000nXyplex software Terminal Server V6.0.1,snmp
3306,tcp,Xyplex Corporation EdgeBlaster,snmp
3306,tcp,ZebraNet PrintServer,snmp
3306,tcp,Prestige 645,snmp
3306,tcp,Prestige 660HW-61,snmp
3306,tcp,Prestige 660HW-T3,snmp
3306,tcp,P-660HW-D1,snmp
3306,tcp,Prestige 642R-13,snmp
3306,tcp,Prestige 660ME-61,snmp
3306,tcp,Prestige 650R-T3,snmp
21,tcp,foo.bar Microsoft FTP Service (Version 3.0).,ftp
21,tcp,foo.bar Microsoft FTP Service (Version 5.0).,ftp
21,tcp,foo.bar Microsoft FTP Service (Version 5.1).,ftp
21,tcp,foo.bar Microsoft FTP Service,ftp
21,tcp,Microsoft FTP Service,ftp
21,tcp,example.com FTP server (Version 1.1.214.4(PHNE_38458) Mon Feb 15 06:03:12 GMT 2010) ready.,ftp
21,tcp,example.com FTP server (Revision 1.1 Version wuftpd-2.6.1(PHNE_38578) Fri Sep 5 12:10:54 GMT 2008) ready.,ftp
21,tcp,example.com FTP server (Version wu-2.6.2(1) Sat Jul 19 16:21:30 UTC 2008) ready.,ftp
21,tcp,example.com 192.168.0.1 FTP server (Version wu-2.6.2(1) Wed Sep 21 11:16:21 MEST 2005) ready.,ftp
21,tcp,example.com FTP server (Version wu-2.6.2-11.73.1) ready.,ftp
21,tcp,example.com FTP server (Revision 5.0 Version wuftpd-2.6.1 Thu Apr 29 06:48:40 GMT 2010) ready.,ftp
21,tcp,example.com FTP server (Version:  Mac OS X Server 10.3 - +GSSAPI) ready.,ftp
21,tcp,"this is a banner.  change it.
example.com FTP server (Version:  Mac OS X Server 10.3 - +GSSAPI) ready.",ftp
21,tcp,example.com FTP server (Version:  Mac OS X Server) ready.,ftp
21,tcp,"this is a banner.  change it.
example.com FTP server (Version:  Mac OS X Server) ready.",ftp
21,tcp,example.com FTP server (tnftpd 20061217) ready.,ftp
21,tcp,example.com FTP server (SunOS 5.11) ready.,ftp
21,tcp,example.com FTP server (SunOS 5.7) ready.,ftp
21,tcp,example.com FTP server (SunOS 5.10) ready.,ftp
21,tcp,example.com FTP Server (SunOS 5.6) ready.,ftp
21,tcp,ProFTPD 1.3.0rc2 Server (Debian) [host],ftp
21,tcp,ProFTPD 1.3.0rc2 Server (LinksysWRT350N) [host],ftp
21,tcp,ProFTPD 1.3.3g Server (NETGEAR ReadyNAS) [192.168.1.10],ftp
21,tcp,ProFTPD Server (NETGEAR ReadyNAS) [test],ftp
21,tcp,ProFTPD 1.2.10 Server (Main FTP Server) [host],ftp
21,tcp,ProFTPD 1.2.10 Server (ProFTPD) [host],ftp
21,tcp,ProFTPD 1.2.10rc3 Server (ProFTPD Default Installation) [host],ftp
21,tcp,ProFTPD 1.3.0rc2 Server ready.,ftp
21,tcp,ProFTPD FTP Server ready.,ftp
21,tcp,ProFTPD Server ready.,ftp
21,tcp,ProFTPD Server (ProFTPD) [1.2.3.4],ftp
21,tcp,ProFTPD Server (ProFTPD Default Installation) [1.2.3.4],ftp
21,tcp,"ProFTPD Server (pair Networks, Inc FTP server) [1.2.3.4]",ftp
21,tcp,ProFTPD Server (ProFTPD) [::ffff:192.168.1.1],ftp
21,tcp,ProFTPD Server,ftp
21,tcp,ProFTPD,ftp
21,tcp,ProFTPD,ftp
21,tcp,ftp.host.com proftpd[40312]: error: no valid servers configured\n,ftp
21,tcp,"2016-10-31 12:14:35,524 hostname.com proftpd[26992]: error: no valid servers configured\n",ftp
21,tcp,ProFTPD 1.3.2c Server (ProFTPD Default Installation) [,ftp
21,tcp,ProFTPD 1.3.0 Server (svrname.hosting.com) [10.10.10.,ftp
21,tcp,ProFTPD 1.3.3a Server (randomstring) [::ff,ftp
21,tcp,ProFTPD 1.3.2d Server localhost,ftp
21,tcp,=(<*>)=-.:. (( Welcome to Pure-FTPd 1.0.11 )) .:.-=(<*>)=-,ftp
21,tcp,"=(<*>)=-.:. (( Welcome to Pure-FTPd 1.0.11 )) .:.-=(<*>)=-
more stuff",ftp
21,tcp,---------- Welcome to Pure-FTPd ----------,ftp
21,tcp,--------- Bienvenido a Pure-FTPd [privsep] [TLS] ----------,ftp
21,tcp,---------  Pure-FTPd [privsep] ----------,ftp
21,tcp,--------- Welcome to Pure-FTPd [privsep] [TLS] ----------,ftp
21,tcp,"--------- Welcome to Pure-FTPd [privsep] [TLS] ----------
more text",ftp
21,tcp,Welcome to Pure-FTPd,ftp
21,tcp,Pure-FTPd.,ftp
21,tcp,=(<*>)=-.:. (( Welcome to PureFTPd 1.1.0 )) .:.-=(<*>)=-,ftp
21,tcp,"=(<*>)=-.:. (( Welcome to PureFTPd 1.1.0 )) .:.-=(<*>)=-
more text",ftp
21,tcp,Serv-U FTP Server v15.1.3.25 ready...,ftp
21,tcp,Serv-U FTP-Server v2.5n for WinSock ready...,ftp
21,tcp,Serv-U FTP Server v6.0 for WinSock ready,ftp
21,tcp,Serv-U FTP Server v7.2 ready...,ftp
21,tcp,Serv-U FTP Server v14.0 ready...,ftp
21,tcp,Welcom to Serv-U FTP Server,ftp
21,tcp,"zFTPServer v4.0, build 2008-12-24 01:41 ready.",ftp
21,tcp,(vsFTPd 1.1.3) host,ftp
21,tcp,(vsFTPd 2.0.5),ftp
21,tcp,"ready, dude (vsFTPd 1.1.0: beat me, break me)",ftp
21,tcp,vsFTPd 2.0.4+ (ext.3) ready...,ftp
21,tcp,OOPS: vsftpd: root is not mounted.,ftp
21,tcp,OOPS: cannot read user list file:/etc/vsftpd.user_list,ftp
21,tcp,FileZilla Server version 0.9.2 beta,ftp
21,tcp,FileZilla Server version 0.9.13a beta,ftp
21,tcp,FileZilla Server 0.9.54 beta,ftp
21,tcp,FileZilla Server v0.9.33 beta,ftp
21,tcp,APC FTP server ready.,ftp
21,tcp,AP7932 Network Management Card AOS v3.3.4 FTP server ready.,ftp
21,tcp,ACRC103 Network Management Card AOS v3.6.1 FTP server ready.,ftp
21,tcp,0G-9354-01 Network Management Card AOS v3.6.1 FTP server ready.,ftp
21,tcp,foo2 FTP server (EMC-SNAS: 5.6.47.11),ftp
21,tcp,foo2 FTP server (EMC-SNAS: 5.6.50.203) ready.,ftp
21,tcp,foo4 FTP server (EMC-SNAS: 5.5.31.6) r,ftp
21,tcp,JD FTP Server Ready,ftp
21,tcp,JD FTP Server Ready.,ftp
21,tcp,Check Point FireWall-1 Secure FTP server running on host,ftp
21,tcp,Blue Coat FTP Service,ftp
21,tcp,---freeFTPd 1.0---warFTPd 1.65---,ftp
21,tcp,"SFTPD1 IBM FTP CS V1R4 at x.y.z, 21:02:19 on 2007-12-15.",ftp
21,tcp,FTP server (IBM 4690 TCP/IP FTP Version 1.0) ready.,ftp
21,tcp,ftp.example.com NcFTPd Server (licensed copy) ready.,ftp
21,tcp,hostname DCS-2100 FTP server ready.,ftp
21,tcp,Secure Gateway FTP server ready.,ftp
21,tcp,SUN StorEdge 3511 RAID FTP server ready.,ftp
21,tcp,Axis 2100 Network Camera 2.43 Nov 04 2008 ready.,ftp
21,tcp,AXIS 216FD Network Fixed Dome Camera 4.47 (Mar 13 2008) ready.,ftp
21,tcp,AXIS 214 PTZ Network Camera 4.49 (Oct 05 2009) ready,ftp
21,tcp,AXIS 205 Network Camera version 4.05 (Sep 27 2004) ready.,ftp
21,tcp,AXIS 233D Network Dome Camera 4.48.4 (Mar 23 2010) ready.,ftp
21,tcp,AXIS P1346 Network Camera 5.50beta3 (2014) ready,ftp
21,tcp,AXIS Q7406 Video Encoder Blade 5.01 (Aug 01 2008) ready.,ftp
21,tcp,AXIS 241Q Video Server 4.47.2 (Dec 11 2008) ready.,ftp
21,tcp,AXIS P7701 Video Decoder 5.07.2 (Apr 20 2010) ready.,ftp
21,tcp,AXIS Q7401 Video Encoder 5.01 (Aug 01 2008) ready.,ftp
21,tcp,AXIS Q7401 Video Encoder 5.50.2_cst_412205_1 (2013),ftp
21,tcp,AXIS Q7424-R Mk II Video Encoder 5.51.3.1 (2016) ready.,ftp
21,tcp,AXIS P8221 IO Audio Module 5.10.2 (Nov 07 2011) ready.,ftp
21,tcp,AXIS A1001 Network Door Controller 1.65.1.1 (2018) ready.,ftp
21,tcp,AXIS 5600+ (rev 3) FTP Network Print Server V7.00 Sep 10 2004 ready.,ftp
21,tcp,AXIS 560 FTP Network Print Server V6.00 Jul 7 1999 ready.,ftp
21,tcp,AXIS 5470e FTP Network Print Server V6.30.beta2 Sep 25 2002 ready.,ftp
21,tcp,RICOH Aficio 2045e FTP server (4.12) ready.,ftp
21,tcp,RICOH Aficio SP 4210N FTP server (8.63) ready.,ftp
21,tcp,RICOH Aficio MP C3000 FTP server (5.11) ready.,ftp
21,tcp,NRG MP C2800 FTP server (8.25) ready.,ftp
21,tcp,NRG MP 3350 FTP server (7.05) ready.,ftp
21,tcp,NRG MP C3500 FTP server (5.17) ready.,ftp
21,tcp,NRG MP 171 FTP server (9.02.1) ready.,ftp
21,tcp,NRG MP C2550 FTP server (8.25) ready.,ftp
21,tcp,NRG MP C3500 FTP server (5.19) ready.,ftp
21,tcp,NRG MP C4000 FTP server (8.30) ready.,ftp
21,tcp,NRG MP C4500 FTP server (5.14) ready.,ftp
21,tcp,Xerox WorkCentre 6605DN,ftp
21,tcp,Xerox WorkCentre 3615,ftp
21,tcp,Xerox WorkCentre 6505DN,ftp
21,tcp,Xerox WorkCentre 6505N,ftp
21,tcp,Xerox Phaser 6130N,ftp
21,tcp,Xerox Phaser 6180MFP-D,ftp
21,tcp,XEROX 6204 Wide Format FTP server ready,ftp
21,tcp,FUJI XEROX DocuPrint 3055,ftp
21,tcp,FUJI XEROX DocuPrint C1190 FS,ftp
21,tcp,FUJI XEROX DocuPrint C2100,ftp
21,tcp,ET000400CEA560 Lexmark T640 FTP Server NS.NP.N219 ready.,ftp
21,tcp,ET0021718 Lexmark T654 FTP Server NR.APS.F368 ready.,ftp
21,tcp,Lexmark X500 FTP server ready,ftp
21,tcp,220 ECOSYS P2135dn FTP server,ftp
21,tcp,VxWorks (5.3.1) FTP server ready,ftp
21,tcp,VxWorks (VxWorks5.5.1) FTP server ready,ftp
21,tcp,Tornado-vxWorks (VxWorks5.5.1) FTP server,ftp
21,tcp,VxWorks (5.4.2) FTP server ready.,ftp
21,tcp,Tornado-vxWorks FTP server ready,ftp
21,tcp,NanoDAC FTP server (VxWorks VxWorks 6.6) ready.,ftp
21,tcp,BVS-MR-BSC2 FTP server (VxWorks 6.4) ready.,ftp
21,tcp,<38785ca0>  Tenor Multipath Switch FTP server (Version VxWorks5.4.2) ready.,ftp
21,tcp,VxWorks FTP server (VxWorks 5.3.1 - Secure NetLinx version (1.0)) ready.,ftp
21,tcp,ADC iScale,ftp
21,tcp,TASKalfa 300ci FTP server,ftp
21,tcp,TASKalfa 520i FTP server,ftp
21,tcp,SAVIN 4075 FTP server (4.08) ready.,ftp
21,tcp,SAVIN 9025 FTP server (7.23) ready.,ftp
21,tcp,SAVIN 9050 FTP server (7.30) ready.,ftp
21,tcp,SAVIN 917 FTP server (9.03) ready.,ftp
21,tcp,SAVIN 917 FTP server (9.05.2) ready.,ftp
21,tcp,SAVIN C2525 FTP server (5.14) ready.,ftp
21,tcp,SAVIN C3528 FTP server (4.08.3) ready.,ftp
21,tcp,SAVIN C3528 FTP server (4.17) ready.,ftp
21,tcp,SAVIN C6055 FTP server (7.16) ready.,ftp
21,tcp,SAVIN C9145 FTP server (10.51) ready.,ftp
21,tcp,Oce im4512 Ver 01.04.00.0c FTP server.,ftp
21,tcp,Oce im3512 Ver 01.04.00.0c FTP server.,ftp
21,tcp,Oce Plotwave300 FTP Service (Version 4.5.7).,ftp
21,tcp,LinkCom Xpress 10/100 +IPDS FTP version 1.0 ready,ftp
21,tcp,LinkCom Xpress EIO PRO 10,ftp
21,tcp,LXKE82124 IBM Infoprint 1332 FTP Server 55.10.21 ready.,ftp
21,tcp,LXKE8255D IBM Infoprint 1332 FTP Server 55.10.21 ready.,ftp
21,tcp,LXKE825A0 IBM Infoprint 1332 FTP Server 55.10.21 ready.,ftp
21,tcp,LXKE93276 IBM Infoprint 1332 FTP Server 55.10.19 ready.,ftp
21,tcp,Gestetner MP5500/DSm755 FTP server (5.11c) ready.,ftp
21,tcp,Gestetner MP C4502 FTP server (11.77) ready.,ftp
21,tcp,Gestetner MP 161/DSm416 FTP server (6.11) ready.,ftp
21,tcp,Gestetner 3502 FTP server (1.66.1) ready,ftp
21,tcp,Gestetner C7526dn FTP server (6.05.1) ready.,ftp
21,tcp,Gestetner MPC2500,ftp
21,tcp,EUFSALE MarkNet X2011e FTP Server 4.20.21 ready.,ftp
21,tcp,ET0021B730F70E Source Technologies ST-9620 FTP Server NJ.APS.N254e ready.,ftp
21,tcp,ET0021B7549AF2 Source Technologies ST-9620 FTP Server NR.APS.N447b2 ready.,ftp
21,tcp,ET0021B7300F01 Source Technologies ST-9620 FTP Server NJ.APS.N254e ready.,ftp
21,tcp,ET0020007E4D2A Pro700 Series FTP Server ready.,ftp
21,tcp,ET0020004F54EE Lexmark Forms Printer 2590 Ethernet FTP Server LCL.CU.P012c ready.,ftp
21,tcp,ET0004001E9C00 TOSHIBA e-STUDIO500S FTP Server NC2.NPS.N221 ready.,ftp
21,tcp,ET00040089BE42 TOSHIBA e-STUDIO500S FTP Server NC2.NPS.N211 ready.,ftp
21,tcp,JHBPRN13 TOSHIBA e-STUDIO500S FTP Server NC2.NPS.N211 ready.,ftp
21,tcp,lex142785470853 Lexmark Optra T612 FTP Server 3.20.30 ready.,ftp
21,tcp,oppr1.s02504.us Lexmark Optra T610 FTP Server 3.20.20 ready.,ftp
21,tcp,SHARP MX-6200N Ver 01.02.00.0e FTP server.,ftp
21,tcp,SHARP MX-M363N Ver 01.05.00.0k FTP server.,ftp
21,tcp,SHARP MX-M363N Ver 01.05.00.1k FTP server.,ftp
21,tcp,SHARP MX-5001N Ver 01.05.00.0n FTP server.,ftp
21,tcp,SHARP MX-5500N Ver 01.02.00.09 FTP server.,ftp
21,tcp,SHARP MX-M453N Ver 01.05.00.0k FTP server.,ftp
21,tcp,SHARP MX-M503N Ver 01.05.00.1k FTP server.,ftp
21,tcp,SHARP MX-M620U Ver 01.03.00 FTP server.,ftp
21,tcp,SHARP MX-M620U Ver 01.04.00.04 FTP server.,ftp
21,tcp,FS-C2126MFP FTP server,ftp
21,tcp,FS-C2026MFP+ FTP server,ftp
21,tcp,FS-1128MFP FTP server,ftp
21,tcp,FS-1370DN FTP server,ftp
21,tcp,FS-C5015N FTP server.,ftp
21,tcp,ESI-2941B Version 6.34 ready.,ftp
21,tcp,ESI-2941A Version 6.03 ready.,ftp
21,tcp,ESI-2933A Version 6.40 ready.,ftp
21,tcp,ESI-2831 Version 2.1 ready.,ftp
21,tcp,ESI-2833A Version 6.3 ready.,ftp
21,tcp,ESI-2900A Version 6.31 ready.,ftp
21,tcp,ESI-2841B Version 3.01 ready.,ftp
21,tcp,ESI-2841C Version 5.09e ready.,ftp
21,tcp,ESI-2933A Version 6.40a.05 ready.,ftp
21,tcp,ESI-2999A Version 6.30a.07 ready.,ftp
21,tcp,SATO SATO PRINTER Ver A1.2.3 FTP server.,ftp
21,tcp,SATO SATO PRINTER Ver A2.3.0 FTP server.,ftp
21,tcp,Printer FTP 4.8.7 ready at Apr 30 20:13:23,ftp
21,tcp,Printer FTP 4.8.7 ready at Aug 31 16:43:22,ftp
21,tcp,Printer FTP 4.8.7 ready at Feb 28 11:27:46,ftp
21,tcp,Printer FTP 4.8.7 ready at Jan 31 00:40:04,ftp
21,tcp,Printer FTP 4.8.7 ready at Mar 31 06:28:25,ftp
21,tcp,EFI FTP Print server ready.,ftp
21,tcp,SHARP AR-M450 Ver 01.05.00.0k FTP server.,ftp
21,tcp,KONICA MINOLTA FTP server ready.,ftp
21,tcp,KM23BC97 FTP server (KM FTPD version 1.00) ready.,ftp
21,tcp,KM23BF0A FTP server (KM FTPD version 1.00) ready.,ftp
21,tcp,KM23CBDB FTP server (KM FTPD version 1.00) ready.,ftp
21,tcp,KM23E608 FTP server (KM FTPD version 1.00) ready.,ftp
21,tcp,KM23E8A2 FTP server (KM FTPD version 1.00) ready.,ftp
21,tcp,KM25015E FTP server (KM FTPD version 1.00) ready.,ftp
21,tcp,KM250E38 FTP server (KM FTPD version 1.00) ready.,ftp
21,tcp,KM251A4C FTP server (KM FTPD version 1.00) ready.,ftp
21,tcp,ZBR-46686 Version 7.02 ready.,ftp
21,tcp,ZBR-79071 Version V56.17.5Z ready.,ftp
21,tcp,ZBR-46687 Version 7.02 ready.,ftp
21,tcp,ET0021B71A1111 Dell 2350dn Laser Printer FTP Server NR.APS.N449 ready.,ftp
21,tcp,host.example.com FTP server (Version 4.1 Sat Sep 7 14:31:53 CDT 2002) ready.,ftp
21,tcp,host.example.com FTP server (Version 5.3 Sat Jan 10 14:01:03 CDT 2012) ready,ftp
21,tcp,"Welcome to the Cisco TelePresence AM GW 3610, version 1.1(1.34)",ftp
21,tcp,"Welcome to the Cisco TelePresence IP GW 3510, version 2.0(3.32)",ftp
21,tcp,"Welcome to the Cisco TelePresence MCU 4210, version 4.3(2.18)",ftp
21,tcp,"Welcome to the Cisco TelePresence MCU MSE 8420, version 4.3(1.68)",ftp
21,tcp,"Welcome to the Telepresence Server 7010, version 2.1(1.18)",ftp
21,tcp,example.com FTP server (Compaq Tru64 UNIX Version 5.60) ready.,ftp
21,tcp,example.com FTP server (Digital UNIX Version 5.60) ready.,ftp
21,tcp,example.com FTP server (MikroTik 6.18) ready,ftp
21,tcp,Super Thing_Place-  FTP server (MikroTik 6.43.16) ready,ftp
21,tcp,Super Thing_Place-  FTP server (MikroTik 6.43.16beta2) ready,ftp
21,tcp,Super Thing_Place-  FTP server (MikroTik 6.43.16rc56) ready,ftp
21,tcp,Welcome to ASUS RT-AC68U FTP service.,ftp
21,tcp,Welcome to ASUS RT-N13U.B1 FTP service.,ftp
21,tcp,Welcome to ASUS BRT-AC828 FTP service.,ftp
21,tcp,Welcome to ASUS DSL-AC68U FTP service.,ftp
21,tcp,Welcome to ASUS DSL-N55U-D1 FTP service.,ftp
21,tcp,Welcome to ASUS TM-AC1900 FTP service.,ftp
21,tcp,FRITZ!Box7490 FTP server ready.,ftp
21,tcp,FRITZ!BoxFonWLAN7390 FTP server ready.,ftp
21,tcp,FRITZ!Box7490(UI) FTP server ready.,ftp
21,tcp,FRITZ!Box7362SL(UI) FTP server ready.,ftp
21,tcp,FRITZ!BoxFonWLAN7270v3 FTP server ready.,ftp
21,tcp,FRITZ!Box6490Cable(kdg) FTP server ready.,ftp
21,tcp,HES_CPE FTP server (GNU inetutils 1.4.1) ready.,ftp
21,tcp,Speedport W 723V Typ B FTP Server v1.40.000 ready,ftp
21,tcp,Speedport W 921V FTP Server v1.39.000 ready,ftp
21,tcp,Speedport W722V FTP Server v1.18.000 ready,ftp
21,tcp,DiskStation FTP server ready.,ftp
21,tcp,Synology FTP server ready.,ftp
21,tcp,SYNOLOGY FTP server ready.,ftp
21,tcp,"""Welcome to MyBookLive""",ftp
21,tcp,Multicraft 2.0.2 FTP server,ftp
21,tcp,Multicraft 2.0.0-pre19 FTP server,ftp
21,tcp,bftpd 2.2.1 at 192.168.0.1 ready.,ftp
21,tcp,bftpd 2.2 at ::ffff:192.168.1.1 ready.,ftp
21,tcp,NASFTPD Turbo station 1.3.5a Server (ProFTPD) [192.168.1.100],ftp
21,tcp,NASFTPD Turbo station 2.x 1.3.1rc2 Server (ProFTPD) [192.168.1.100],ftp
21,tcp,NASFTPD Turbo station 1.3.5a Server (ProFTPD),ftp
21,tcp,Twisted 14.0.0 FTP Server,ftp
21,tcp,Twisted 16.5.0rc2 FTP Server,ftp
21,tcp,Gene6 FTP Server v3.10.0 (Build 2) ready...,ftp
21,tcp,Gene6 FTP Server v3.7.0  (Build 24) ready...,ftp
21,tcp,a.host.name.tld X2 WS_FTP Server 7.7(50012467),ftp
21,tcp,a.host.name.tld X2 WS_FTP Server 5.0.5 (1989540204),ftp
21,tcp,V2 WS_FTP Server 6.1(05544322),ftp
21,tcp,FTP Server (ZyWALL USG 20) [::ffff:192.168.0.2],ftp
21,tcp,FTP Server (ZyWALL USG100-PLUS) [::ffff:192.168.5.101],ftp
21,tcp,FTP Server (ZyWALL USG 20) [10.0.0.2],ftp
21,tcp,Welcome to TP-LINK FTP server,ftp
21,tcp,TP-LINK FTP version 1.0 ready at Wed May  1 20:51:49 2019,ftp
21,tcp,ucftpd(Jul  2 2012-22:13:49) FTP server ready.,ftp
21,tcp,ucftpd(Sep 10 2010-17:23:34) FTP server ready.,ftp
21,tcp,ucftpd FTP server ready.,ftp
21,tcp,Welcome to TBS FTP Server.,ftp
21,tcp,Sofrel S500 SN 01-499-00427  ready. Time is 00:11:39 01/11/16.,ftp
21,tcp,TiMOS-C-13.0.R9 cpm/hops64 ALCATEL SR 7750 Copyright (,ftp
21,tcp,TiMOS-C-9.0.R8 cpm/hops ALCATEL SR 7750 Copyright (c),ftp
21,tcp,example.com FTP server ready.,ftp
21,tcp,example.com FTP server (Version 6.00LS) ready.,ftp
21,tcp,example.com FTP server (Version 1.2) ready.,ftp
21,tcp,FTP server is ready.,ftp
21,tcp,FTP Server ready.,ftp
21,tcp,FTP Server Ready,ftp
21,tcp,FTP-Server,ftp
21,tcp,FTP Server,ftp
21,tcp,FTP service ready.,ftp
21,tcp,Welcom to ProRat Ftp Server,ftp
21,tcp,srv.name FTP Server (vftpd 1.23) ready.,ftp
21,tcp,FTP Server (vftpd 1.31) ready.,ftp
21,tcp,siren FTP server (QVT/Net 5.1) ready.,ftp
21,tcp,qpc-qvtnet FTP server (QVT/Net 4.1) ready.,ftp
21,tcp,Amazon Linux AMI release 2016.09,ftp
21,tcp,Idea FTP Server 0.83.213 (localhost) [1.2.3.4],ftp
21,tcp,Idea FTP Server 0.80 (subdomain.home.pl) [1.2.3.4],ftp
21,tcp,Amazon Ftp,ftp
21,tcp,Dreamhost FTP Server,ftp
21,tcp,QTCP at core.bank.local.,ftp
21,tcp,HomeLogic FTP Server Please Give User Name,ftp
21,tcp,Welcome to Honeywell Printer PM43c,ftp
21,tcp,SurgeFTP 192.168.0.0 (Version 2.3a12),ftp
21,tcp,SurgeFTP foo.bar.baz (Version 2.2f9),ftp
21,tcp,CyberPower Systems FTP Server Ready.,ftp
21,tcp,Sentry Switched PDU v8.0w FTP server ready.,ftp
21,tcp,Sentry Switched CDU v7.1e-d1 FTP server ready.,ftp
21,tcp,Printer's ftp server 530 Please login with USER and PASS.,ftp
21,tcp,foo.bar FTP server (Medusa Async V2.43 [experimental]) ready.,ftp
21,tcp,10.10.10.10 FTP server (Medusa Async V41297 [experimental]) ready.,ftp
21,tcp,FTP server (Medusa Async V24763 [experimental]) ready.,ftp
3306,tcp,"CN=R3,O=Let's Encrypt,C=US",x509
3306,tcp,"CN=Let's Encrypt Authority X3,O=Let's Encrypt,C=US",x509
3306,tcp,"CN=Amazon,OU=Server CA 1B,O=Amazon,C=US",x509
3306,tcp,"CN=DigiCert SHA2 Secure Server CA,O=DigiCert Inc,C=US",x509
3306,tcp,"CN=DigiCert TLS RSA SHA256 2020 CA1,O=DigiCert Inc,C=US",x509
3306,tcp,"CN=DigiCert TLS Hybrid ECC SHA384 2020 CA1,O=DigiCert Inc,C=US",x509
3306,tcp,"CN=DigiCert Secure Site ECC CA-1,OU=www.digicert.com,O=DigiCert Inc,C=US",x509
3306,tcp,"CN=DigiCert SHA2 Extended Validation Server CA,OU=www.digicert.com,O=DigiCert Inc,C=US",x509
3306,tcp,"CN=DigiCert SHA2 High Assurance Server CA,OU=www.digicert.com,O=DigiCert Inc,C=US",x509
3306,tcp,"CN=Sectigo RSA Domain Validation Secure Server CA,O=Sectigo Limited,L=Salford,ST=Greater Manchester,C=GB",x509
3306,tcp,"CN=Sectigo RSA Organization Validation Secure Server CA,O=Sectigo Limited,L=Salford,ST=Greater Manchester,C=GB",x509
3306,tcp,"CN=GeoTrust RSA CA 2018,OU=www.digicert.com,O=DigiCert Inc,C=US",x509
3306,tcp,"CN=Go Daddy Secure Certificate Authority - G2,OU=http://certs.godaddy.com/repository/,O=GoDaddy.com\, Inc.,L=Scottsdale,ST=Arizona,C=US",x509
3306,tcp,"CN=Eureka Gen1 ICA,OU=Google TV,O=Google Inc,L=Mountain View,ST=California,C=US",x509
3306,tcp,"CN=Chromecast ICA 3,OU=Cast,O=Google Inc,L=Mountain View,ST=California,C=US",x509
3306,tcp,"CN=Chromecast ICA 4 (Audio),OU=Cast,O=Google Inc,L=Mountain View,ST=California,C=US",x509
3306,tcp,"CN=Chromecast ICA 5 (4K),OU=Cast,O=Google Inc,L=Mountain View,ST=California,C=US",x509
3306,tcp,"CN=Chromecast ICA 6 (Audio Assist),OU=Cast,O=Google Inc,L=Mountain View,ST=California,C=US",x509
3306,tcp,"CN=Chromecast ICA 7 (Audio Assist 2),OU=Cast,O=Google Inc,L=Mountain View,ST=California,C=US",x509
3306,tcp,"CN=Chromecast ICA 9 (Audio Assist),OU=Cast,O=Google Inc,L=Mountain View,ST=California,C=US",x509
3306,tcp,"CN=Chromecast ICA 11 (Video Assist),OU=Cast,O=Google Inc,L=Mountain View,ST=California,C=US",x509
3306,tcp,"CN=Chromecast ICA 12,OU=Cast,O=Google Inc,L=Mountain View,ST=California,C=US",x509
3306,tcp,"CN=Chromecast ICA 21 (ATV),OU=Cast,O=Google Inc,L=Mountain View,ST=California,C=US",x509
3306,tcp,CN=atvremote/sabrina_prod_stable/sabrina/Chromecast/13:37:F0:0B:AR:42,x509
3306,tcp,"CN=Asus fugu Cast ICA,OU=Widevine,O=Google Inc,L=Kirkland,ST=Washington,C=US",x509
3306,tcp,"CN=Sony amai Cast ICA,OU=Widevine,O=Google Inc,L=Kirkland,ST=Washington,C=US",x509
3306,tcp,"CN=Cast TV ICA (Vizio),OU=Cast,O=Google Inc,L=Mountain View,ST=California,C=US",x509
3306,tcp,"CN=NVidia Shield Cast ICA,OU=Widevine,O=Google Inc,L=Kirkland,ST=Washington,C=US",x509
3306,tcp,"CN=NVidia Darcy NVidia Tegra K1-Denver Cast ICA,OU=Widevine,O=Google Inc,L=Kirkland,ST=Washington,C=US",x509
3306,tcp,"CN=Yealink Equipment Issuing CA,OU=yealink.com,O=Yealink Network Technology Co.\,Ltd.,L=Xiamen,ST=Fujian,C=CN",x509
3306,tcp,"CN=ZA1117619249,OU=Internally Generated Certificate,O=American Power Conversion Corp,L=Default Locality,ST=Default State,C=US",x509
3306,tcp,CN=ASA Temporary Self Signed Certificate,x509
3306,tcp,"CN=Temporary CA 218131fe-8af4-11e7-aa6e-9950d6bbaf74,OU=Temporary CA 218131fe-8af4-11e7-aa6e-9950d6bbaf74,O=Temporary CA 218131fe-8af4-11e7-aa6e-9950d6bbaf74",x509
3306,tcp,O=VMware Installer,x509
3306,tcp,"CN=CA,OU=VMware Engineering,O=vCenter,ST=California,C=US",x509
3306,tcp,"CN=Default Issuer (Do not trust),OU=ISS,O=Hewlett Packard Enterprise,L=Houston,ST=Texas,C=US",x509
3306,tcp,"CN=synology.com,O=Synology Inc.,L=Taipei,C=TW",x509
3306,tcp,"CN=default,OU=NS Internal,O=Citrix ANG,L=San Jose,ST=California,C=US",x509
3306,tcp,"CN=default UYENMB,OU=NS Internal,O=Citrix ANG,L=San Jose,ST=California,C=US",x509
3306,tcp,"O=Technicolor,L=Edegem,ST=Antwerp,C=BE",x509
3306,tcp,"CN=Vigor Router,OU=DrayTek Support,O=DrayTek Corp.,L=HuKou,ST=HsinChu,C=TW",x509
3306,tcp,"CN=Kubernetes Ingress Controller Fake Certificate,O=Acme Co",x509
3306,tcp,CN=TRAEFIK DEFAULT CERT,x509
3306,tcp,"CN=Fireware web ca,OU=Fireware,O=WatchGuard",x509
3306,tcp,"CN=Fireware web CA,OU=Fireware,O=Watchguard CA",x509
3306,tcp,O=Caddy Self-Signed,x509
3306,tcp,CN=Avaya cu360 11YT11111111,x509
3306,tcp,"CN=Roomba CA,OU=HBU,O=iRobot,L=Bedford,ST=MA,C=US",x509
3306,tcp,"CN=192.168.1.1,OU=FreshTomato Team,O=FreshTomato,L=Columbus,ST=Ohio,C=US",x509
3306,tcp,"SERIALNUMBER=111111111111111111,CN=00-07-5f-11-11-11,OU=ST-VS,O=Bosch Sicherheitssysteme GmbH,L=Grasbrunn,C=DE",x509
3306,tcp,"CN=Proxmox Virtual Environment,OU=dd69676f-e203-490e-b040-79b75ed6a9d7,O=PVE Cluster Manager CA",x509
3306,tcp,CN=minikubeCA,x509
3306,tcp,HP LaserJet 4100 Series,hp
3306,tcp,HP LaserJet 2200,hp
3306,tcp,LASERJET 4050,hp
3306,tcp,LASERJET 4 PLUS,hp
3306,tcp,HP LaserJet Professional P1606dn,hp
3306,tcp,hp designjet 110plus,hp
3306,tcp,DESIGNJET 1050C,hp
3306,tcp,DESIGNJET 1055CM,hp
3306,tcp,DESIGNJET 700,hp
3306,tcp,Xerox ColorQube 8570DN,hp
3306,tcp,Xerox ColorQube 8570DT,hp
3306,tcp,Xerox ColorQube 8570N,hp
3306,tcp,Brother HL-1660e,hp
3306,tcp,iR 3180C EUR,hp
3306,tcp,iR C4080/C4580,hp
3306,tcp,iR1020/1024/1025,hp
3306,tcp,Dell Laser Printer 1710n,hp
3306,tcp,Dell Color Laser 3110cn,hp
3306,tcp,Laser Printer 5100cn,hp
3306,tcp,Dell 2130cn Color Laser,hp
3306,tcp,Dell 2330dn Laser Printer,hp
3306,tcp,Dell 2350dn Laser Printer,hp
3306,tcp,Dell 3130cn Color Laser,hp
3306,tcp,Dell 5130cdn Color Laser,hp
3306,tcp,Dell 5230n Laser Printer,hp
3306,tcp,Dell 2145cn,hp
3306,tcp,Dell 2135cn MFP,hp
3306,tcp,Dell 2335dn MFP,hp
3306,tcp,HP 9250C Digital Sender,hp
3306,tcp,KM-5050,hp
3306,tcp,FS-C2126MFP,hp
3306,tcp,FS-C2126MFP+,hp
3306,tcp,FS-1035MFP/DP,hp
3306,tcp,FS-C8500DN,hp
3306,tcp,FS-4100DN,hp
3306,tcp,FS-2020D,hp
3306,tcp,TASKalfa 300ci,hp
3306,tcp,TASKalfa 520i,hp
3306,tcp,TASKalfa 250ci,hp
3306,tcp,Lexmark C910,hp
3306,tcp,Lexmark Optra LaserPrinter,hp
3306,tcp,Lexmark Optra S 1250,hp
3306,tcp,Oce fx3000:8C5-B29:Ver.D:U0707161719:B0601271355,hp
3306,tcp,Oce VL3200:8C5-D92:Ver.B,hp
3306,tcp,OceIGI MX-NBX3 02-Jul-07 14:47,hp
3306,tcp,Imagistics im3510/4510 02-Aug-04 10:56,hp
3306,tcp,OKI C610,hp
3306,tcp,OKI C710,hp
3306,tcp,OKI C710dn,hp
3306,tcp,OKI MC860,hp
3306,tcp,RICOH Aficio 2075,hp
3306,tcp,RICOH Aficio AP610N,hp
3306,tcp,RICOH Aficio SP 8100DN,hp
3306,tcp,RICOH MP C1500/615C,hp
3306,tcp,NRG MP 171,hp
3306,tcp,NRG MP 3350,hp
3306,tcp,NRG MP C2550,hp
3306,tcp,NRG MP C2800,hp
3306,tcp,NRG MP C3500,hp
3306,tcp,NRG MP C4000,hp
3306,tcp,NRG MP C4500,hp
3306,tcp,NRG SP C231SF,hp
3306,tcp,Gestetner MPC2500/DSc525,hp
3306,tcp,HYDRA,hp
3306,tcp,SAVIN 4075,hp
3306,tcp,Samsung SCX-5835_5935 Series,hp
3306,tcp,Samsung CLX-4195 Series,hp
3306,tcp,Samsung CLP-680 Series,hp
3306,tcp,Samsung ML-5012_5512 Series,hp
3306,tcp,Sharp MX-NBX3 18-Mar-08 10:22,hp
3306,tcp,Sharp AR-P17 24-Mar-04 19:55,hp
3306,tcp,Source Technologies ST-9620,hp
3306,tcp,TOSHIBA e-STUDIO350 V468Z 20061013,hp
3306,tcp,TOSHIBA e-STUDIO350-450 V444Z 20041104,hp
3306,tcp,TOSHIBA e-STUDIO450 V468Z 20061013,hp
3306,tcp,TOSHIBA e-STUDIO500S,hp
3306,tcp,Xerox Phaser 6180MFP-D,hp
3306,tcp,ID=Xerox Phaser 5400,hp
3306,tcp,Xerox WorkCentre 7425,hp
3306,tcp,Xerox WorkCentre Pro 245,hp
3306,tcp,"Xerox WorkCentre Pro 55, v1 Multifunction System",hp
3306,tcp,XC560,hp
3306,tcp,DC250,hp
3306,tcp,EX4112-4127,hp
3306,tcp,Stroj '10.10.10.10' nemá povoleno se k tomuto MySQL serveru připojit,mysql
3306,tcp,Værten '10.10.10.10' kan ikke tilkoble denne MySQL-server,mysql
3306,tcp,Het is host '10.10.10.10' is niet toegestaan verbinding te maken met deze MySQL server,mysql
3306,tcp,Host '10.10.10.10' is not allowed to connect to this MySQL server,mysql
3306,tcp,#HY000Host '10.10.10.10' is not allowed to connect to this MySQL server,mysql
3306,tcp,Masinal '10.10.10.10' puudub ligipääs sellele MySQL serverile,mysql
3306,tcp,Le hôte '10.10.10.10' n'est pas authorisé à se connecter à ce serveur MySQL,mysql
3306,tcp,"Host '10.10.10.10' hat keine Berechtigung, sich mit diesem MySQL-Server zu verbinden",mysql
3306,tcp,Ο υπολογιστής '10.10.10.10' δεν έχει δικαίωμα σύνδεσης με τον MySQL server,mysql
3306,tcp,A '10.10.10.10' host szamara nem engedelyezett a kapcsolodas ehhez a MySQL szerverhez,mysql
3306,tcp,Al sistema '10.10.10.10' non e` consentita la connessione a questo server MySQL,mysql
3306,tcp,ホスト '10.10.10.10' からのこの MySQL server への接続は許可されていません。,mysql
3306,tcp,'10.10.10.10' 호스트는 이 MySQL서버에 접속할 허가를 받지 못했습니다.,mysql
3306,tcp,'Host' '10.10.10.10' não tem permissão para se conectar com este servidor MySQL,mysql
3306,tcp,Host-ul '10.10.10.10' nu este permis a se conecta la aceste server MySQL,mysql
3306,tcp,Хосту '10.10.10.10' не разрешается подключаться к этому серверу MySQL,mysql
3306,tcp,Host-u '10.10.10.10' nije dozvoljeno da se konektuje na ovaj MySQL server,mysql
3306,tcp,Servidor '10.10.10.10' no está permitido para conectar con este servidor MySQL,mysql
3306,tcp,"Denna dator, '10.10.10.10', har inte privileger att använda denna MySQL server",mysql
3306,tcp,Хосту '10.10.10.10' не доволено зв'язуватись з цим сервером MySQL,mysql
3306,tcp,Stroj '10.10.10.10' je zablokován kvůli mnoha chybám při připojování. Odblokujete použitím 'mysqladmin flush-hosts',mysql
3306,tcp,Værten '10.10.10.10' er blokeret på grund af mange fejlforespørgsler. Lås op med 'mysqladmin flush-hosts',mysql
3306,tcp,Host '10.10.10.10' is geblokkeeerd vanwege te veel verbindings fouten. Deblokkeer met 'mysqladmin flush-hosts',mysql
3306,tcp,Host '10.10.10.10' is blocked because of many connection errors; unblock with 'mysqladmin flush-hosts',mysql
3306,tcp,Masin '10.10.10.10' on blokeeritud hulgaliste ühendusvigade tõttu. Blokeeringu saab tühistada 'mysqladmin flush-hosts' käsuga,mysql
3306,tcp,L'hôte '10.10.10.10' est bloqué à cause d'un trop grand nombre d'erreur de connexion. Débloquer le par 'mysqladmin flush-hosts',mysql
3306,tcp,Host '10.10.10.10' blockiert wegen zu vieler Verbindungsfehler. Aufheben der Blockierung mit 'mysqladmin flush-hosts',mysql
3306,tcp,Ο υπολογιστής '10.10.10.10' έχει αποκλεισθεί λόγω πολλαπλών λαθών σύνδεσης. Προσπαθήστε να διορώσετε με 'mysqladmin flush-hosts',mysql
3306,tcp,"A '10.10.10.10' host blokkolodott, tul sok kapcsolodasi hiba miatt. Hasznalja a 'mysqladmin flush-hosts' parancsot",mysql
3306,tcp,Sistema '10.10.10.10' bloccato a causa di troppi errori di connessione. Per sbloccarlo: 'mysqladmin flush-hosts',mysql
3306,tcp,接続エラーが多いため、ホスト '10.10.10.10' は拒否されました。'mysqladmin flush-hosts' で解除できます。,mysql
3306,tcp,너무 많은 연결오류로 인하여 호스트 '10.10.10.10'는 블락되었습니다. 'mysqladmin flush-hosts'를 이용하여 블락을 해제하세요,mysql
3306,tcp,'Host' '10.10.10.10' está bloqueado devido a muitos erros de conexão. Desbloqueie com 'mysqladmin flush-hosts',mysql
3306,tcp,Host-ul '10.10.10.10' e blocat din cauza multelor erori de conectie. Poti deploca folosind 'mysqladmin flush-hosts',mysql
3306,tcp,Хост '10.10.10.10' заблокирован из-за слишком большого количества ошибок соединения. Разблокировать его можно с помощью 'mysqladmin flush-hosts',mysql
3306,tcp,Host '10.10.10.10' je blokiran zbog previše grešaka u konekciji.  Možete ga odblokirati pomoću komande 'mysqladmin flush-hosts',mysql
3306,tcp,Servidor '10.10.10.10' está bloqueado por muchos errores de conexión.  Desbloquear con 'mysqladmin flush-hosts',mysql
3306,tcp,"Denna dator, '10.10.10.10', är blockerad pga många felaktig paket. Gör 'mysqladmin flush-hosts' för att ta bort alla blockeringarna",mysql
3306,tcp,Хост '10.10.10.10' заблоковано з причини великої кількості помилок з'єднання. Для розблокування використовуйте 'mysqladmin flush-hosts',mysql
3306,tcp,"Nemohu vytvořit nový thread (errno 4). Pokud je ještě nějaká volná paměť, podívejte se do manuálu na část o chybách specifických pro jednotlivé operační systémy",mysql
3306,tcp,"Kan ikke danne en ny tråd (fejl nr. 4). Hvis computeren ikke er løbet tør for hukommelse, kan du se i brugervejledningen for en mulig operativ-system - afhængig fejl",mysql
3306,tcp,Kan geen nieuwe thread aanmaken (Errcode: 4). Indien er geen tekort aan geheugen is kunt u de handleiding consulteren over een mogelijke OS afhankelijke fout,mysql
3306,tcp,"Can't create a new thread (errno 4); if you are not out of available memory, you can consult the manual for a possible OS-dependent bug",mysql
3306,tcp,"Ei suuda luua uut lõime (veakood 4). Kui mälu ei ole otsas, on tõenäoliselt tegemist operatsioonisüsteemispetsiifilise veaga",mysql
3306,tcp,"Impossible de créer une nouvelle tâche (errno 4). S'il reste de la mémoire libre, consultez le manual pour trouver un éventuel bug dépendant de l'OS",mysql
3306,tcp,"Kann keinen neuen Thread erzeugen (Fehler: 4). Sollte noch Speicher verfügbar sein, bitte im Handbuch wegen möglicher Fehler im Betriebssystem nachschlagen",mysql
3306,tcp,"Uj thread letrehozasa nem lehetseges (Hibakod: 4). Amenyiben van meg szabad memoria, olvassa el a kezikonyv operacios rendszerfuggo hibalehetosegekrol szolo reszet",mysql
3306,tcp,Impossibile creare un nuovo thread (errno 4). Se non ci sono problemi di memoria disponibile puoi consultare il manuale per controllare possibili problemi dipendenti dal SO,mysql
3306,tcp,新規にスレッドを作成できません。(エラー番号 4) もしも使用可能メモリーの不足でなければ、OS依存のバグである可能性があります。,mysql
3306,tcp,새로운 쓰레드를 만들 수 없습니다.(에러번호 4). 만약 여유메모리가 있다면 OS-dependent버그 의 메뉴얼 부분을 찾아보시오.,mysql
3306,tcp,"Não pode criar uma nova 'thread' (erro no. 4). Se você não estiver sem memória disponível, você pode consultar o manual sobre um possível 'bug' dependente do sistema operacional",mysql
3306,tcp,"Nu pot crea un thread nou (Eroare 4). Daca mai aveti memorie disponibila in sistem, puteti consulta manualul - ar putea exista un potential bug in legatura cu sistemul de operare",mysql
3306,tcp,"Невозможно создать новый поток (ошибка 4). Если это не ситуация, связанная с нехваткой памяти, то вам следует изучить документацию на предмет описания возможной ошибки работы в конкретной ОС",mysql
3306,tcp,"Ne mogu da kreiram novi thread (errno 4). Ako imate još slobodne memorije, trebali biste da pogledate u priručniku da li je ovo specifična greška vašeg operativnog sistema",mysql
3306,tcp,"No puedo crear un nuevo thread (errno 4). Si tu está con falta de memoria disponible, tu puedes consultar el Manual para posibles problemas con SO",mysql
3306,tcp,Kan inte skapa en ny tråd (errno 4),mysql
3306,tcp,"Не можу створити нову гілку (помилка 4). Якщо ви не використали усю пам'ять, то прочитайте документацію до вашої ОС - можливо це помилка ОС",mysql
3306,tcp,Příliš mnoho spojení,mysql
3306,tcp,For mange forbindelser (connections),mysql
3306,tcp,Te veel verbindingen,mysql
3306,tcp,Too many connections,mysql
3306,tcp,Liiga palju samaaegseid ühendusi,mysql
3306,tcp,Trop de connexions,mysql
3306,tcp,Zu viele Verbindungen,mysql
3306,tcp,Υπάρχουν πολλές συνδέσεις...,mysql
3306,tcp,Tul sok kapcsolat,mysql
3306,tcp,Troppe connessioni,mysql
3306,tcp,接続が多すぎます。,mysql
3306,tcp,너무 많은 연결... max_connection을 증가 시키시오...,mysql
3306,tcp,For mange tilkoblinger (connections),mysql
3306,tcp,For mange tilkoplingar (connections),mysql
3306,tcp,Zbyt wiele poł?czeń,mysql
3306,tcp,Excesso de conexões,mysql
3306,tcp,Prea multe conectiuni,mysql
3306,tcp,Слишком много соединений,mysql
3306,tcp,Previše konekcija,mysql
3306,tcp,Príliš mnoho spojení,mysql
3306,tcp,Demasiadas conexiones,mysql
3306,tcp,För många anslutningar,mysql
3306,tcp,Забагато з'єднань,mysql
3306,tcp,Nemohu zjistit jméno stroje pro Vaši adresu,mysql
3306,tcp,Kan ikke få værtsnavn for din adresse,mysql
3306,tcp,Kan de hostname niet krijgen van uw adres,mysql
3306,tcp,Can't get hostname for your address,mysql
3306,tcp,Ei suuda lahendada IP aadressi masina nimeks,mysql
3306,tcp,Ne peut obtenir de hostname pour votre adresse,mysql
3306,tcp,Kann Hostnamen für diese Adresse nicht erhalten,mysql
3306,tcp,Δεν έγινε γνωστό το hostname για την address σας,mysql
3306,tcp,A gepnev nem allapithato meg a cimbol,mysql
3306,tcp,Impossibile risalire al nome dell'host dall'indirizzo (risoluzione inversa),mysql
3306,tcp,IPアドレスからホスト名を解決できません。,mysql
3306,tcp,당신의 컴퓨터의 호스트이름을 얻을 수 없읍니다.,mysql
3306,tcp,Kan ikke få tak i vertsnavn for din adresse,mysql
3306,tcp,Kan ikkje få tak i vertsnavn for di adresse,mysql
3306,tcp,Nie można otrzymać nazwy hosta dla twojego adresu,mysql
3306,tcp,Não pode obter nome do 'host' para seu endereço,mysql
3306,tcp,Nu pot sa obtin hostname-ul adresei tale,mysql
3306,tcp,Невозможно получить имя хоста для вашего адреса,mysql
3306,tcp,Ne mogu da dobijem ime host-a za vašu IP adresu,mysql
3306,tcp,Nemôžem zistiť meno hostiteľa pre vašu adresu,mysql
3306,tcp,No puedo obtener el nombre de maquina de tu direccion,mysql
3306,tcp,Kan inte hitta 'hostname' för din adress,mysql
3306,tcp,Не можу визначити ім'я хосту для вашої адреси,mysql
3306,tcp,Host '10.10.10.10' is not allowed to connect to this MariaDB server,mysql
3306,tcp,#07000Proxy Warning - IP Forbidden,mysql
3306,tcp,(proxy) all backends are down,mysql
3306,tcp,1.3.6.1.4.1.311.1.1.3.1.2 Hardware: x86 Family 6 Model 8 Stepping 3 AT/AT COMPATIBLE  - Software: Windows NT Version 4.0  (Build Number: 1381 Uniprocessor Free ),snmp
3306,tcp,1.3.6.1.4.1.311.1.1.3.1.3 Hardware: x86 Family 6 Model 8 Stepping 3 AT/AT COMPATIBLE  - Software: Windows NT Version 4.0  (Build Number: 1381 Uniprocessor Free ),snmp
3306,tcp,1.3.6.1.4.1.311.1.1.3.1.2 Hardware: x86 Family 15 Model 4 Stepping 8 AT/AT COMPATIBLE - Software: Windows 2000 Version 5.0 (Build 2195 Uniprocessor Free),snmp
3306,tcp,1.3.6.1.4.1.311.1.1.3.1.3 Hardware: x86 Family 15 Model 4 Stepping 8 AT/AT COMPATIBLE - Software: Windows 2000 Version 5.0 (Build 2195 Uniprocessor Free),snmp
3306,tcp,1.3.6.1.4.1.311.1.1.3.1.2 Hardware: x86 Family 15 Model 4 Stepping 3 AT/AT COMPATIBLE - Software: Windows Version 5.2 (Build 3790 Multiprocessor Free),snmp
3306,tcp,1.3.6.1.4.1.311.1.1.3.1.3 Hardware: x86 Family 15 Model 4 Stepping 3 AT/AT COMPATIBLE - Software: Windows Version 5.2 (Build 3790 Multiprocessor Free),snmp
3306,tcp,1.3.6.1.4.1.311.1.1.3.1.2 Hardware: AMD64 Family 15 Model 4 Stepping 3 AT/AT COMPATIBLE - Software: Windows Version 5.2 (Build 3790 Multiprocessor Free),snmp
3306,tcp,1.3.6.1.4.1.311.1.1.3.1.2 Hardware: Intel64 Family 6 Model 15 Stepping 6 AT/AT COMPATIBLE - Software: Windows Version 5.2 (Build 3790 Multiprocessor Free),snmp
3306,tcp,1.3.6.1.4.1.311.1.1.3.1.3 Hardware: AMD64 Family 15 Model 4 Stepping 3 AT/AT COMPATIBLE - Software: Windows Version 5.2 (Build 3790 Multiprocessor Free),snmp
3306,tcp,1.3.6.1.4.1.311.1.1.3.1.3 Hardware: Intel64 Family 6 Model 15 Stepping 6 AT/AT COMPATIBLE - Software: Windows Version 5.2 (Build 3790 Multiprocessor Free),snmp
3306,tcp,Microsoft Windows CE Version 4.20 (Build 0),snmp
3306,tcp,Microsoft Windows CE Version 4.20 (Build 1088),snmp
3306,tcp,1.3.6.1.4.1.311.1.1.3.1.2 Hardware: x86 Family 15 Model 2 Stepping 5 AT/AT COMPATIBLE - Software: Windows Version 6.0 (Build 6001 Multiprocessor Free),snmp
3306,tcp,1.3.6.1.4.1.311.1.1.3.1.3 Hardware: x86 Family 15 Model 2 Stepping 5 AT/AT COMPATIBLE - Software: Windows Version 6.0 (Build 6001 Multiprocessor Free),snmp
3306,tcp,1.3.6.1.4.1.311.1.1.3.1.2 Hardware: AMD64 Family 16 Model 2 Stepping 3 AT/AT COMPATIBLE - Software: Windows Version 6.0 (Build 6001 Multiprocessor Free),snmp
3306,tcp,1.3.6.1.4.1.311.1.1.3.1.2 Hardware: Intel64 Family 15 Model 2 Stepping 5 AT/AT COMPATIBLE - Software: Windows Version 6.0 (Build 6001 Multiprocessor Free),snmp
3306,tcp,1.3.6.1.4.1.311.1.1.3.1.3 Hardware: AMD64 Family 16 Model 2 Stepping 3 AT/AT COMPATIBLE - Software: Windows Version 6.0 (Build 6001 Multiprocessor Free),snmp
3306,tcp,1.3.6.1.4.1.311.1.1.3.1.3 Hardware: Intel64 Family 15 Model 2 Stepping 5 AT/AT COMPATIBLE - Software: Windows Version 6.0 (Build 6001 Multiprocessor Free),snmp
3306,tcp,1.3.6.1.4.1.311.1.1.3.1.2 Hardware: x86 Family 16 Model 2 Stepping 3 AT/AT COMPATIBLE - Software: Windows Version 6.0 (Build 6002 Multiprocessor Free),snmp
3306,tcp,1.3.6.1.4.1.311.1.1.3.1.3 Hardware: x86 Family 16 Model 2 Stepping 3 AT/AT COMPATIBLE - Software: Windows Version 6.0 (Build 6002 Multiprocessor Free),snmp
3306,tcp,1.3.6.1.4.1.311.1.1.3.1.2 Hardware: AMD64 Family 16 Model 2 Stepping 3 AT/AT COMPATIBLE - Software: Windows Version 6.0 (Build 6002 Multiprocessor Free),snmp
3306,tcp,1.3.6.1.4.1.311.1.1.3.1.2 Hardware: Intel64 Family 15 Model 2 Stepping 5 AT/AT COMPATIBLE - Software: Windows Version 6.0 (Build 6002 Multiprocessor Free),snmp
3306,tcp,1.3.6.1.4.1.311.1.1.3.1.3 Hardware: AMD64 Family 16 Model 2 Stepping 3 AT/AT COMPATIBLE - Software: Windows Version 6.0 (Build 6002 Multiprocessor Free),snmp
3306,tcp,1.3.6.1.4.1.311.1.1.3.1.3 Hardware: Intel64 Family 15 Model 2 Stepping 5 AT/AT COMPATIBLE - Software: Windows Version 6.0 (Build 6002 Multiprocessor Free),snmp
3306,tcp,1.3.6.1.4.1.311.1.1.3.1.2 Hardware: x86 Family 15 Model 2 Stepping 5 AT/AT COMPATIBLE - Software: Windows Version 6.1 (Build 7600 Multiprocessor Free),snmp
3306,tcp,1.3.6.1.4.1.311.1.1.3.1.3 Hardware: x86 Family 15 Model 2 Stepping 5 AT/AT COMPATIBLE - Software: Windows Version 6.1 (Build 7600 Multiprocessor Free),snmp
3306,tcp,1.3.6.1.4.1.311.1.1.3.1.2 Hardware: AMD64 Family 16 Model 2 Stepping 3 AT/AT COMPATIBLE - Software: Windows Version 6.1 (Build 7600 Multiprocessor Free),snmp
3306,tcp,1.3.6.1.4.1.311.1.1.3.1.2 Hardware: Intel64 Family 15 Model 2 Stepping 5 AT/AT COMPATIBLE - Software: Windows Version 6.1 (Build 7600 Multiprocessor Free),snmp
3306,tcp,1.3.6.1.4.1.311.1.1.3.1.3 Hardware: AMD64 Family 16 Model 2 Stepping 3 AT/AT COMPATIBLE - Software: Windows Version 6.1 (Build 7600 Multiprocessor Free),snmp
3306,tcp,1.3.6.1.4.1.311.1.1.3.1.3 Hardware: Intel64 Family 15 Model 2 Stepping 5 AT/AT COMPATIBLE - Software: Windows Version 6.1 (Build 7600 Multiprocessor Free),snmp
3306,tcp,1.3.6.1.4.1.311.1.1.3.1.2 Hardware: x86 Family 15 Model 2 Stepping 5 AT/AT COMPATIBLE - Software: Windows Version 6.1 (Build 7601 Multiprocessor Free),snmp
3306,tcp,1.3.6.1.4.1.311.1.1.3.1.3 Hardware: x86 Family 15 Model 2 Stepping 5 AT/AT COMPATIBLE - Software: Windows Version 6.1 (Build 7601 Multiprocessor Free),snmp
3306,tcp,1.3.6.1.4.1.311.1.1.3.1.2 Hardware: AMD64 Family 16 Model 2 Stepping 3 AT/AT COMPATIBLE - Software: Windows Version 6.1 (Build 7601 Multiprocessor Free),snmp
3306,tcp,1.3.6.1.4.1.311.1.1.3.1.2 Hardware: Intel64 Family 15 Model 2 Stepping 5 AT/AT COMPATIBLE - Software: Windows Version 6.1 (Build 7601 Multiprocessor Free),snmp
3306,tcp,1.3.6.1.4.1.311.1.1.3.1.3 Hardware: AMD64 Family 16 Model 2 Stepping 3 AT/AT COMPATIBLE - Software: Windows Version 6.1 (Build 7601 Multiprocessor Free),snmp
3306,tcp,1.3.6.1.4.1.311.1.1.3.1.3 Hardware: Intel64 Family 15 Model 2 Stepping 5 AT/AT COMPATIBLE - Software: Windows Version 6.1 (Build 7601 Multiprocessor Free),snmp
3306,tcp,1.3.6.1.4.1.311.1.1.3.1.2 Hardware: Intel64 Family 6 Model 2 Stepping 3 AT/AT COMPATIBLE - Software: Windows Version 6.2 (Build 9200 Multiprocessor Free),snmp
3306,tcp,1.3.6.1.4.1.8072.3.2.1,snmp
3306,tcp,1.3.6.1.4.1.8072.3.2.2,snmp
3306,tcp,1.3.6.1.4.1.8072.3.2.3,snmp
3306,tcp,1.3.6.1.4.1.8072.3.2.4,snmp
3306,tcp,1.3.6.1.4.1.8072.3.2.5,snmp
3306,tcp,1.3.6.1.4.1.8072.3.2.6,snmp
3306,tcp,1.3.6.1.4.1.8072.3.2.7,snmp
3306,tcp,1.3.6.1.4.1.8072.3.2.8,snmp
3306,tcp,1.3.6.1.4.1.8072.3.2.9,snmp
3306,tcp,1.3.6.1.4.1.8072.3.2.10,snmp
3306,tcp,1.3.6.1.4.1.8072.3.2.11,snmp
3306,tcp,1.3.6.1.4.1.8072.3.2.12,snmp
3306,tcp,1.3.6.1.4.1.8072.3.2.13,snmp
3306,tcp,1.3.6.1.4.1.8072.3.2.14,snmp
3306,tcp,1.3.6.1.4.1.8072.3.2.15,snmp
3306,tcp,1.3.6.1.4.1.8072.3.2.16,snmp
3306,tcp,"1.3.6.1.4.1.11.2.3.7.11.181.21 Aruba JL256A 2930F-48G-PoE+-4SFP+ Switch, revision WC.16.11.0004, ROM WC.16.01.0010",snmp
3306,tcp,500 No way!,smtp
3306,tcp,500 What? I don't understand that.,smtp
3306,tcp,"version=Domain Time II 5.1.b.20100331R,hostname=blah,domain=,flat=WORKGROUP,system=Win2003 x64,processor=x64",ntp
3306,tcp,"version=Domain Time II 5.2.b.20110831R,hostname=blah,domain=blah,flat=blah,system=Win2003,processor=x86",ntp
3306,tcp,"version=Domain Time II 5.2.b.20120215R,hostname=blah,domain=blah,flat=blah,system=Win2008R2 x64,processor=x64",ntp
3306,tcp,"version=Domain Time II 5.2.b.20140303R,hostname=blah,domain=blah,flat=blah,system=Win2008,processor=x86",ntp
3306,tcp,"version=Domain Time II 5.2.b.20140523,hostname=blah,domain=blah,flat=blah,system=Win2008 x64,processor=x64",ntp
3306,tcp,"version=Domain Time II 5.2.b.20140101R,hostname=blah,domain=blah,flat=blah,system=Win2012 x64,processor=x64",ntp
3306,tcp,"version=Domain Time II 5.2.b.20130405R,hostname=blah,domain=,flat=WORKGROUP,system=Win7 x64,processor=x64",ntp
3306,tcp,"version=""ntpd 4.2.0-r Fri Feb  5 15:18:30 EST 2010 (1)"",
      processor=""Working"", system=""EqualLogic (R) storage array"", leap=0,
      stratum=3, precision=-7, rootdelay=102.894, rootdispersion=245.154,
      peer=63940, refid=172.23.16.40, reftime=0xd22791f2.e4026bd4, poll=10,
      clock=0xd2279",ntp
3306,tcp,"processor=""Working"", system=""Equallogic (R) storage array"", leap=3,
      stratum=16, precision=-7, rootdelay=0.000, rootdispersion=11715.765,
      peer=0, refid=0.0.0.0, reftime=0x00000000.00000000, poll=6,
      clock=0xd229efe1.5559b3d0, state=1, phase=0.000, frequency=0.000,
      jitter=0.000,",ntp
3306,tcp,"version=""ntpd 4.2.2p1@1.1570-o Thu Nov 26 11:34:34 UTC 2009 (1)"",
      processor=""x86_64"", system=""Linux/2.6.18-194.ESX""",ntp
3306,tcp,"version=""ntpd 4.2.4p3@1.1502-o Wed Jul 18 11:45:01 UTC 2007 (1)"",
      processor=""i686"", system=""Linux/2.4.29"", leap=00, stratum=3,",ntp
3306,tcp,"version=""ntpd 4.1.1@1.786 Tue Nov 12 09:30:41 PST 2002 (1)"", processor=""Power Macintosh"", system=""Darwin6.8"",",ntp
3306,tcp,"version=""ntpd 4.2.0@1.1161-r Fri Jan 13 11:36:23 PST 2006 (1)"",
      processor=""i386"", system=""Darwin/8.11.1"", leap=11, stratum=16,",ntp
3306,tcp,"version=""ntpd 4.2.2@1.1532-o Mon Sep 24 01:42:27 UTC 2007 (1)"",
      processor=""Power Macintosh"", system=""Darwin/9.0.0"", leap=3, stratum=16,",ntp
3306,tcp,"version=""ntpd 4.2.4p4@1.1520-o Mon May 18 19:38:25 UTC 2009 (1)"",
      processor=""i386"", system=""Darwin/10.8.0"", leap=0, stratum=3,",ntp
3306,tcp,"processor=""i386"", system=""BSD/OS4.3.1"", leap=0, stratum=2",ntp
3306,tcp,"system=""BSD/OS"", leap=3, stratum=16, rootdelay=0.00",ntp
3306,tcp,"version=""ntpd 4.2.6@1.2089-o Fri May 28 01:20:53 UTC 2010 (1)"",
      processor=""x86_64"", system=""Darwin/11.2.0"", leap=11, stratum=16,",ntp
3306,tcp,"version=""ntpd 4.2.6@1.2089-o Fri May 28 01:20:53 UTC 2010 (1)"",
      processor=""x86_64"", system=""Darwin/12.1.0"", leap=3, stratum=16,",ntp
3306,tcp,"version=""ntpd 4.2.6@1.2089-o Fri May 28 01:20:53 UTC 2010 (1)"",
      processor=""x86_64"", system=""Darwin/13.4.0"", leap=3, stratum=16,",ntp
3306,tcp,"version=""ntpd 4.2.6@1.2089-o Fri May 28 01:20:53 UTC 2010 (1)"",
      processor=""x86_64"", system=""Darwin/14.3.0"", leap=00, stratum=2,",ntp
3306,tcp,"version=""ntpd 4.2.6p2@1.2194 Wed Nov 24 15:54:11 UTC 2010 (1)"",
      processor=""i386"", system=""FreeBSD/6.3-NETSCALER-9.3"", leap=00, stratum=3,",ntp
3306,tcp,"version=""ntpd 4.2.6p3-a (1)"", processor=""amd64"", system=""FreeBSD/8.4-NETSCALER-10.5"",
      leap=3, stratum=16, precision=-21, rootdelay=0.000, rootdisp=1264777.230,",ntp
3306,tcp,"version=""ntpd 4.2.6p2@1.2194 Wed Nov 24 15:54:11 UTC 2010 (1)"",
      processor=""i386"", system=""FreeBSD/7.4-PRERELEASE"", leap=00, stratum=3,",ntp
3306,tcp,"processor=""i386"", system=""FreeBSD4.1-RELEASE""",ntp
3306,tcp,"processor=""i386"", system=""FreeBSD2.2.6-RELEASE"",",ntp
3306,tcp,"version=""ntpd 4.2.4p6-o Thu Jan  8 21:02:40 MET 2009 (import)"",
      processor=""sparc64"", system=""NetBSD/5.0_STABLE"", leap=00, stratum=1,",ntp
3306,tcp,"processor=""i386"", system=""NetBSD1.5.3""",ntp
3306,tcp,"processor=""i386"", system=""NetBSD1.6""",ntp
3306,tcp,"processor=""i386"", system=""NetBSD1.6.1""",ntp
3306,tcp,"processor=""i386"", system=""NetBSD1.6.2_STABLE""",ntp
3306,tcp,"processor=""sbmips"", system=""NetBSD3.0""",ntp
3306,tcp,"processor=""se100"", system=""NetBSD1.5.3""",ntp
3306,tcp,"processor=""seil3"", system=""NetBSD1.6.1_STABLE""",ntp
3306,tcp,"processor=""seil3"", system=""NetBSD1.6.2_STABLE""",ntp
3306,tcp,"processor=""seil4"", system=""NetBSD1.6.1_STABLE""",ntp
3306,tcp,"processor=""seil4"", system=""NetBSD1.6.2_STABLE""",ntp
3306,tcp,"processor=""siara2k"", system=""NetBSD1.5.3""",ntp
3306,tcp,"system=""NetWare"", leap=0, stratum=2, rootdelay=0.12",ntp
3306,tcp,"version=""ntpd 4.2.0@1.1161-r Wed Apr 20 11:28:05 EDT 2005 (1)"",
      processor=""sun4u"", system=""SunOS/5.0"", leap=00, stratum=2,",ntp
3306,tcp,"version=""ntpd 4.2.0@1.1161-r Wed Apr 20 11:28:05 EDT 2005 (1)"",
      processor=""sun4u"",system=""SunOS5.0"", leap=00,stratum=2,",ntp
3306,tcp,"version=""ntpd 4.2.0@1.1161-r Wed Apr 20 11:28:05 EDT 2005 (1)"",
      processor=""sun4u"", system=""SunOS/5.1"", leap=00, stratum=2,",ntp
3306,tcp,"version=""ntpd 4.2.0@1.1161-r Wed Apr 20 11:28:05 EDT 2005 (1)"",
      processor=""sun4u"", system=""SunOS5.1"", leap=00,stratum=2,",ntp
3306,tcp,"version=""ntpd 4.2.0@1.1161-r Wed Apr 20 11:28:05 EDT 2005 (1)"",
      processor=""sun4u"", system=""SunOS/5.2"", leap=00, stratum=2,",ntp
3306,tcp,"version=""ntpd 4.2.0@1.1161-r Wed Apr 20 11:28:05 EDT 2005 (1)"",
      processor=""sun4u"", system=""SunOS5.2"", leap=00, stratum=2,",ntp
3306,tcp,"version=""ntpd 4.2.0@1.1161-r Wed Apr 20 11:28:05 EDT 2005 (1)"",
      processor=""sun4u"", system=""SunOS/5.3"", leap=00, stratum=2,",ntp
3306,tcp,"version=""ntpd 4.2.0@1.1161-r Wed Apr 20 11:28:05 EDT 2005 (1)"",
      processor=""sun4u"", system=""SunOS5.3"", leap=00, stratum=2,",ntp
3306,tcp,"version=""ntpd 4.2.0@1.1161-r Wed Apr 20 11:28:05 EDT 2005 (1)"",
      processor=""sun4u"", system=""SunOS/5.4"", leap=00, stratum=2,",ntp
3306,tcp,"version=""ntpd 4.2.0@1.1161-r WEd Apr 20 11:28:05 EDT 2005 (1)"",
      processor=""sun4u"", system=""SunOS5.4"", leap=00, stratum=2,",ntp
3306,tcp,"version=""ntpd 4.2.0@1.1161-r Wed Apr 20 11:28:05 EDT 2005 (1)"",
      processor=""sun4u"", system=""SunOS/5.5"", leap=00, stratum=2,",ntp
3306,tcp,"version=""ntpd 4.2.0@1.1161-r Wed Apr 20 11:28:05 EDt 2005 (1)"",
      processor=""sun4u"", system=""SunOS5.5"", leap=00, stratum=2,",ntp
3306,tcp,"version=""ntpd 4.2.0@1.1161-r Wed Apr 20 11:28:05 EDT 2005 (1)"",
      processor=""sun4u"", system=""SunOS/5.6"", leap=00, stratum=2,",ntp
3306,tcp,"version=""ntpd 4.2.0@1.1161-r Wed Apr 20 11:28:05 EDT 2005 (1)"",
      processor=""sun4u"", system=""SunOS5.6"", leap=00, stratum=2,",ntp
3306,tcp,"version=""ntpd 4.2.0@1.1161-r Wed Apr 20 11:28:05 EDT 2005 (1)"",
      processor=""sun4u"", system=""SunOS/5.11"", leap=00, stratum=2,",ntp
3306,tcp,"version=""ntpd 4.2.0@1.1161-r Wed Apr 20 11:28:05 EDT 2005 (1)"",
      processor=""sun4u"", system=""SunOS5.11"", leap=00,stratum=2,",ntp
3306,tcp,"version=""ntpd 4.2.0@1.1161-r Wed Apr 20 11:28:05 EDT 2005 (1)"",
      processor=""sun4u"", system=""SunOS/5.7"", leap=00, stratum=2,",ntp
3306,tcp,"version=""ntpd 4.2.0@1.1161-r Wed Apr 20 11:28:05 EDT 2005 (1)"",
      processor=""sun4u"", system=""SunOS/5.10"", leap=00, stratum=2,",ntp
3306,tcp,"version=""ntpd 4.2.0@1.1161-r Wed Apr 20 11:28:05 EDT 2005 (1)"",
      processor=""sun4u"", system=""SunOS5.7"", leap=00,stratum=2,",ntp
3306,tcp,"version=""ntpd 4.2.0@1.1161-r Wed Apr 20 11:28:05 EDT 2005 (1)"",
      processor=""sun4u"", system=""SunOS5.10"", leap=00, stratum=2,",ntp
3306,tcp,"processor=""sun4m"", system=""SunOS/5.0""",ntp
3306,tcp,"processor=""sun4m"", system=""SunOS5.0""",ntp
3306,tcp,"processor=""sun4m"", system=""SunOS/5.1""",ntp
3306,tcp,"processor=""sun4u"", system=""SunOS5.1""",ntp
3306,tcp,"processor=""sun4m"", system=""SunOS/5.2""",ntp
3306,tcp,"processor=""sun4u"", system=""SunOS5.2""",ntp
3306,tcp,"processor=""sun4m"", system=""SunOS/5.3""",ntp
3306,tcp,"processor=""sun4u"", system=""SunOS5.3""",ntp
3306,tcp,"processor=""sun4m"", system=""SunOS/5.4""",ntp
3306,tcp,"processor=""sun4u"", system=""SunOS5.4""",ntp
3306,tcp,"processor=""sun4m"", system=""SunOS/5.5""",ntp
3306,tcp,"processor=""sun4u"", system=""SunOS5.5""",ntp
3306,tcp,"processor=""sun4m"", system=""SunOS/5.6""",ntp
3306,tcp,"processor=""sun4u"", system=""SunOS5.6""",ntp
3306,tcp,"processor=""sun4m"", system=""SunOS/5.7""",ntp
3306,tcp,"processor=""sun4m"", system=""SunOS/5.10""",ntp
3306,tcp,"processor=""sun4u"", system=""SunOS5.7""",ntp
3306,tcp,"processor=""sun4m"", system=""SunOS5.10""",ntp
3306,tcp,"processor=""sun4m"", system=""SunOS/5.11""",ntp
3306,tcp,"processor=""sun4m"", system=""SunOS5.11""",ntp
3306,tcp,"system=""UNIX/SunOS 4.x"",",ntp
3306,tcp,"version=""ntpd 4.2.0-a Wed Aug 12 04:22:47 UTC 2009 (1)"",
      processor=""i386"", system=""JUNOS9.3R4.4"", leap=11, stratum=16,",ntp
3306,tcp,"processor=""i386"", system=""JUNOS7.0R2.7"", leap=0, stratum=3",ntp
3306,tcp,"processor=""i386"", system=""JUNOS6.4R1.6"", leap=3, stratum=16",ntp
3306,tcp,"processor=""i386"", system=""JUNOS5.5R2.3"", leap=0, stratum=3",ntp
3306,tcp,"version=""ntpd 4.2.4p7@copenhagen-o May 22 11:25:36 (UTC+02:00) 2009  (3)"",
      processor=""x86"", system=""Windows"", leap=00, stratum=2, precision=-19,",ntp
3306,tcp,"version=""ntpd 4.2.4p4@1.1520-modena-o Dec 05 9:35:28 (UTC+01:00) 2007  (11)"",
      processor=""unknown"", system=""WINDOWS/NT"", leap=00, stratum=2,",ntp
3306,tcp,"version=""ntpd 4.2.2@1.1532-o Wed Sep  6 16:49:43 EDT 2006 (2)"",
      processor=""9000/800"", system=""HP-UX/B.11.11"", leap=00, stratum=1,",ntp
3306,tcp,"version=""ntpd 4.2.6 Revision 0.0 Tue Nov 5 14:21:22 UTC 2012"",
      processor=, system=""HP-UX/""",ntp
3306,tcp,"version=""ntpd 4.2.5p154@1.1802 Tue Mar 22 22:09:00 UTC 2011 (39)"",
      processor=""unknown"", system=""ia64-hp-hpux11.31"", leap=00, stratum=1,",ntp
3306,tcp,"version=""ntpd 4.2.4p6@1.1495 Wed Sep 22 02:33:15 UTC 2010 (1)"",
      processor=""x86_64"", system=""VMkernel/4.1.0"", leap=11, stratum=16,",ntp
3306,tcp,"processor=""alpha"", system=""OSF1V4.0"", leap=00, stratum=1, precision=-18,",ntp
3306,tcp,"system=""UNIX/DECOSF1"", leap=0, stratum=3, rootdelay=18.14,",ntp
3306,tcp,"system=""Linux"", leap=00, stratum=2, rootdelay=6.480,",ntp
3306,tcp,"system=""UNIX/AIX"", leap=00, stratum=3, rootdelay=2.000,",ntp
3306,tcp,"system=""SunOS"", leap=00, stratum=1, rootdelay=0.000,",ntp
3306,tcp,"system=""cisco"", leap=00, stratum=2, rootdelay=39.900,",ntp
3306,tcp,"system=""Data ONTAP/8.1RC2""",ntp
3306,tcp,"system=""UNIX/HPUX"", leap=0, stratum=3, rootdelay=1.16,
      rootdispersion=1.89, peer=52828, refid=A.B.C.D,
      reftime=0xd2ec64af.5cca1000, poll=10, clock=0xd2ec6545.46514000,
      phase=-1.080, freq=-2231.51, error=0.40",ntp
3306,tcp,"version=""4"", processor=""unknown"", system=""UNIX"", leap=0, stratum=2,",ntp
3306,tcp,"system=""VxWorks"", leap=0, stratum=8, rootdelay=63.74,
      rootdispersion=151.29, peer=65508, refid=192.168.2.100,
      reftime=0xd4747c5c.5851f000, poll=6, clock=0xd4747c6d.31206000,
      phase=4.131, freq=18961.38, compliance=0",ntp
3306,tcp,"system=""VXWORKS/Tornado"", leap=3, stratum=16, rootdelay=0.00, rootdispersion=0.00",ntp
3306,tcp,"processor=""unknown"", system=""arm-wrs-vxworks"", leap=0, stratum=2, rootdelay=999.86, rootdispersion=17.90, peer=32444",ntp
3306,tcp,"system=""i386-wrs-vxworks"", leap=0, stratum=2, rootdelay=999.86, rootdispersion=17.90, peer=32444",ntp
3306,tcp,"system=""UNIX/Unixware2"", leap=3, stratum=16, rootdelay=0.00,
      rootdispersion=0.00, peer=0, refid=0.0.0.0, reftime=0x00000000.00000000,
      poll=4, clock=0xd1d874b7.051ec000, phase=0.000, freq=0.00, error=0.00",ntp
3306,tcp,"processor=""i386"", system=""SCO_SV3.2"", leap=0, stratum=2, precision=-18",ntp
3306,tcp,"version=""ntpd 4.2.0-r Thu Aug 11 12:41:19 CDT 2005 (1)"",
      processor=""i386"", system=""SecureOS/7.0.1.00"", leap=0, stratum=3,
      precision=-19, rootdelay=27.044, rootdispersion=87.845, peer=2357,
      refid=A.B.C.D, reftime=0xd2636966.fd61b098, poll=10,
      clock=0xd2636c8e.d5e2d427, state=4",ntp
3306,tcp,"version=""ntpd 4.2.0-r Thu Aug 11 12:41:19 CDT 2005 (1)"",
      processor=""i386"", system=""SecureOS/7.0.0.04"", leap=0, stratum=2,
      precision=-19, rootdelay=56.480, rootdispersion=35.772, peer=8677,
      refid=A.B.C.D, reftime=0xd260ce25.8f9e2b59, poll=10,
      clock=0xd260cf6c.7e0f1646, state=4",ntp
3306,tcp,"processor=""i686"", system=""Linux2.6.10"", leap=0, stratum=2,
      precision=-17, rootdelay=44.644, rootdispersion=29.933, peer=13317,
      refid=A.B.C.D, reftime=0xd2c29f69.407570c5, poll=10,
      clock=0xd2c2a335.360999dc, state=4, phase=1.037, frequency=55.898,
      jitter=0.203, stability=0.004",ntp
3306,tcp,"processor=""i686"", system=""Linux2.6.23.waas"", leap=0, stratum=2,
      precision=-18, rootdelay=37.550, rootdispersion=427.047, peer=40613,
      refid=172.20.62.191, reftime=0xd297a442.8b66c6de, poll=14,
      clock=0xd297d4bf.4a69be09, state=4, phase=2.927, frequency=25.968,
      jitter=3.460, sta",ntp
3306,tcp,"version=""ntpd 4.2.4p4-o Thu Feb  4 20:43:00 UTC 2010 (1)"",
      processor=""i386"", system=""Isilon OneFS/v5.5.4.21"", leap=0, stratum=14,
      precision=-19, rootdelay=0.000, rootdispersion=11.260, peer=60044,
      refid=A.B.C.D, reftime=0xd2c1c806.b32bca4f, poll=10,
      clock=0xd2c1c81b.d2869541,",ntp
3306,tcp,"system=""IPSO"", leap=3, stratum=16, rootdelay=0.00, rootdispersion=0.00,
      peer=0, refid=0.0.0.0, reftime=0x00000000.00000000, poll=4,
      clock=0xd2066990.82704000, phase=0.000, freq=0.00, error=0.00",ntp
3306,tcp,"system=""IPSO"", leap=0, stratum=3, rootdelay=121.57,
      rootdispersion=13.55, peer=29038, refid=A.B.C.D,
      reftime=0xd1e2ab9b.ac19b000, poll=7, clock=0xd1e2abf4.b8ef1000,
      phase=0.756, freq=27452.24, error=0.58",ntp
3306,tcp,"system=""UNIX/Solaris 2.x"", leap=3, stratum=16, rootdelay=0.00,
      rootdispersion=0.00, peer=0, refid=0.0.0.0, reftime=0x00000000.00000000,
      poll=4, clock=0xd23e08ab.ecd7f000, phase=0.000, freq=11392.00,
      error=0.00",ntp
3306,tcp,"system=""UNIX/Solaris 2.x"", leap=3, stratum=16, rootdelay=0.00,
      rootdispersion=0.00, peer=0, refid=0.0.0.0, reftime=0x00000000.00000000,
      poll=4, clock=0xd2353ae7.7bca8000, phase=0.000, freq=11392.00,
      error=0.00",ntp
3306,tcp,"version=""ntpd version = 4.2.0"", processor=""PHMNFP"",
      system=""OpenVMS/V8.3"", leap=0, stratum=4, precision=-10,
      rootdelay=56.458, rootdispersion=51.315, peer=53868, refid=A.B.C.D,
      reftime=0xd248836a.1af277e1, poll=10, clock=0xd2488581.0790e0a1,
      state=4, offset=-0.561, frequency=",ntp
3306,tcp,"version=""ntpd version = 4.2.0"", processor=""STHRN2"",
      system=""OpenVMS/V8.3-1H1"", leap=0, stratum=3, precision=-10,
      rootdelay=8.615, rootdispersion=80.724, peer=55037,
      refid=A.B.C.D, reftime=0xd1aa6b0e.bc19eb3b, poll=10,
      clock=0xd1aa6d19.d5a12600, state=4, offset=7.844, frequenc",ntp
3306,tcp,"version=""ntpd version = 4.1.0"", processor=""unknown"", system=""OpenVMS AXP""",ntp
3306,tcp,"version=""ntpd 4.1.1a@1.791 Fri Aug  8 04:08:19 PDT 2003 (1)"",
      processor=""i386"", system=""BIG-IPBIG-IP 4.5PTF-0"", leap=3, stratum=16,
      precision=-16, rootdelay=0.000, rootdispersion=103599.120, peer=0,
      refid=0.0.0.0, reftime=0x00000000.00000000, poll=4,
      clock=0xd20533b8.903aa79b",ntp
3306,tcp,"version=""ntpd 4.2.6p2-RC4@1.2180-o Sun Jun 13 02:56:12 UTC 2010 (2)"", processor, system=""/""",ntp
3306,tcp,550 EXPN not available,smtp
3306,tcp,252 VRFY not available,smtp
3306,tcp,250 <root> is deliverable,smtp
3306,tcp,550 <root> is not deliverable,smtp
3306,tcp,502 command is not active,smtp
3306,tcp,504 <foo>: Recipient address rejected: need fully-qualified address,smtp
3306,tcp,2ad2ad16d2ad2ad00042d42d000000332dc9cd7d90589195193c8bb05d84fa,tls
3306,tcp,2ad2ad16d2ad2ad22c2ad2ad2ad2adce2e4c8c53174ecbf5529ce7584d5518,tls
3306,tcp,2ad2ad16d2ad2ad22c42d42d000000d342d5966a57139eeaff9f8bc4841b25,tls
3306,tcp,29d29d15d29d29d21c29d29d29d29d10d7a07cb776562eccb97246005feba5,tls
3306,tcp,29d29d15d29d29d21c29d29d29d29de857600fcd9f89735d87c3704c4e141b,tls
3306,tcp,2ad2ad0002ad2ad0002ad2ad2ad2ad5bf44aec534289dfa8e33148b66cd6c3,tls
3306,tcp,2ad2ad0002ad2ad0002ad2ad2ad2ada9e96d3ba9f7903758a731e0fa01453d,tls
3306,tcp,00000000000000000042d42d0000009535d5979f591ae8e547c5e5743e5b64,tls
3306,tcp,29d29d15d29d29d00042d42d000000038eaaf490bec8dc33757f165ce01762,tls
3306,tcp,29d29d15d29d29d00042d42d00000068f5dc63852f94da932cd6b61b1cd9e3,tls
3306,tcp,29d29d15d29d29d21c42d42d000000790cb01ea78cc2a73fe8428d61afc0c8,tls
3306,tcp,29d29d15d29d29d21c42d42d000000bf85d79ff39d9f5079675604a74fc04b,tls
3306,tcp,2ad2ad16d2ad2ad22c2ad2ad2ad2ad7e5e7dc6f569c9c16238278a408347ef,tls
3306,tcp,07b08b09b21b21b07b07b08b07b21b23aeefb38b723c523befb314af6e95ac,tls
3306,tcp,07c08c09c21c21c07c07c08c07c21c23aeefb38b723c523befb314af6e95ac,tls
3306,tcp,07d14d16d21d21d00007d14d07d21d0ae59125bcd90b8876b50928af8f6cd4,tls
3306,tcp,07d14d16d21d21d00042d43d000000aa99ce74e2c6d013c745aa52b5cc042d,tls
3306,tcp,07d14d16d21d21d07c42d43d000000f50d155305214cf247147c43c0f1a823,tls
3306,tcp,07d14d16d21d21d07c42d41d00041d24a458a375eef0c576d23a7bab9a9fb1,tls
3306,tcp,07d14d16d21d21d00042d41d00041de5fb3038104f457d92ba02e9311512c2,tls
3306,tcp,04b02b00004b04b04b04b02b04b04b9674c6b4e623ae36cc2d998e99e2262e,tls
3306,tcp,06d06d07d06d06d06c06d06d06d06d7991b0b1ad2cbf06082e3b1a9dcaaa8d,tls
3306,tcp,0ed3dd16d25d00000042d43d000000e9435856b7ee99e87c06831602602f2d,tls
3306,tcp,21d14d00021d21d21c42d43d00041d320c989d4ed06a7e9d3133ba36bb2752,tls
3306,tcp,0bd14d0000bd0bd0000bd14d0bd0bd6b64279c20472e17718ddea38ab610fa,tls
3306,tcp,2ad2ad16d2ad2ad07c2ad2ad2ad2ad4271ee10d978b0aecbc22f1de60ab611,tls
3306,tcp,04d02d00004d04d04c04d02d04d04d9674c6b4e623ae36cc2d998e99e2262e,tls
3306,tcp,21d3fd00021d21d21c21d3fd21d21d89188428dae58757cf803176e9701156,tls
3306,tcp,21d14d00021d21d21c21d14d21d21d3e9a0dda94718e521eb7d1409c9e3601,tls
3306,tcp,2ad2ad0002ad2ad0002ad2ad2ad2ad755a2cec4b52fb1bce1ac7f1e48c8a7d,tls
3306,tcp,29d21b20d29d29d21c41d21b21b41d494e0df9532e75299f15ba73156cee38,tls
3306,tcp,21d14d00000000000021d14d21d21d16c46827964490e6024618c0a3d7d893,tls
3306,tcp,16d16d16d14d16d00016d16d16d16da6fda484e06f95db4f56339284c90672,tls
3306,tcp,27d27d27d00027d00041d41d00041dea7155aeeb5fe0855bcdf1e51aa692cd,tls
80,tcp,PHP/8.2.14,http
3306,tcp,login:,telnet
3306,tcp,Username:,telnet
3306,tcp,User:,telnet
3306,tcp,Password:,telnet
3306,tcp,Account:,telnet
3306,tcp,Connection refused,telnet
3306,tcp,VXNlciBBY2Nlc3MgVmVyaWZpY2F0aW9uDQoNClVzZXJuYW1lOgo=,telnet
3306,tcp,VXNlciBBY2Nlc3MgVmVyaWZpY2F0aW9uDQoNClBhc3N3b3JkOgo=,telnet
3306,tcp,"Password required, but none set",telnet
3306,tcp,TWlrcm9UaWsgdjUuMg0KTG9naW46Cg==,telnet
3306,tcp,TWlrcm9UaWsgdjYuNDIuMyAoc3RhYmxlKQ0KTG9naW46Cg==,telnet
3306,tcp,TWlrcm9UaWsgdjYuNDAuOCAoYnVnZml4KQ0KTG9naW46Cg==,telnet
3306,tcp,TWlrcm9UaWsgdjYuMzZyYzEyICh0ZXN0aW5nKQ0KTG9naW46Cg==,telnet
3306,tcp,TWlrcm9UaWsgdjYuNDIuOSAobG9uZy10ZXJtKQ0KTG9naW46Cg==,telnet
3306,tcp,WlhITiBIMTA4Tg0KTG9naW46Cg==,telnet
3306,tcp,WlhITiBIMjk4QSBWMS4xDQpMb2dpbjoK,telnet
3306,tcp,WlhITiBIMzY3Tg0KDUxvZ2luOgo=,telnet
3306,tcp,RjY2OA0KDUxvZ2luOgo=,telnet
3306,tcp,RjYxMlcNCg1Mb2dpbjoK,telnet
3306,tcp,"REQtV1JUIHYyNC1zcDIgbWluaSAoYykgMjAxMyBOZXdNZWRpYS1ORVQgR21iSA0KUmVsZWFzZ
      TogMDUvMjcvMTMgKFNWTiByZXZpc2lvbjogMjE2NzYpDQoNCkRELVdSVCBsb2dpbjoK",telnet
3306,tcp,"REQtV1JUIHYyNCBtaWNybyAoYykgMjAxMCBOZXdNZWRpYS1ORVQgR21iSA0KUmVsZWFzZTogM
      DgvMDcvMTAgKFNWTiByZXZpc2lvbjogMTQ4OTYpDQoNClByb2xpYW50IERMOTgwUjA3IFg2NT
      UwIDgtY29yZSA0UCBTQVMgbG9naW46Cg==",telnet
3306,tcp,"REQtV1JUIHYzLjAtcjM0ODg2TSBzdGQgKGMpIDIwMTggTmV3TWVkaWEtTkVUIEdtYkgNClJlb
      GVhc2U6IDAyLzEwLzE4DQoNCndpYnJhdGUgbG9naW46Cg==",telnet
3306,tcp,"REQtV1JUIHYzLjAtcjQwNTU5IHN0ZCAoYykgMjAxOSBOZXdNZWRpYS1ORVQgR21iSA0KUmVsZ
      WFzZTogMDgvMDYvMTkNCkJvYXJkOiBMaW5rc3lzIFdSVDMyMDBBQ00NCg0KREQtV1JUIGxvZ2
      luOgo=",telnet
3306,tcp,"VEQtVzg5NjBOIDUuMCBEU0wgTW9kZW0gUm91dGVyDQpBdXRob3JpemF0aW9uIGZhaWxlZCBhZ
      nRlciB0cnlpbmcgNSB0aW1lcyEhIS4NClBsZWFzZSBsb2dpbiBhZnRlciA0MTYgc2Vjb25kcy
      E=",telnet
3306,tcp,ZyXEL login:,telnet
3306,tcp,WnlYRUwgVkRTTCBSb3V0ZXINCkxvZ2luOgo=,telnet
3306,tcp,RGViaWFuIEdOVS9MaW51eCA5DQpzZXJ2ZXItMDEuMiBsb2dpbjoK,telnet
3306,tcp,RGViaWFuIEdOVS9MaW51eCA4DQpzZXJ2ZXItMDEuMiBsb2dpbjoK,telnet
3306,tcp,RGViaWFuIEdOVS9MaW51eCA3DQpzZXJ2ZXItMDEuMiBsb2dpbjoK,telnet
3306,tcp,RGViaWFuIEdOVS9MaW51eCA2LjANCnNlcnZlci0wMS4yIGxvZ2luOgo=,telnet
3306,tcp,RGViaWFuIEdOVS9MaW51eCA1LjANCnNlcnZlci0wMS4yIGxvZ2luOgo=,telnet
3306,tcp,RGViaWFuIEdOVS9MaW51eCA0LjANCnNlcnZlci0wMS4yIGxvZ2luOgo=,telnet
3306,tcp,RGViaWFuIEdOVS9MaW51eCAzLjENCnNlcnZlci0wMS4yIGxvZ2luOgo=,telnet
3306,tcp,VWJ1bnR1IDE2LjA0LjQgTFRTDQpzZXJ2ZXItMDEuMiBsb2dpbjoK,telnet
3306,tcp,VWJ1bnR1IDE3LjA0DQpuZ2lueCBsb2dpbjoK,telnet
3306,tcp,RGViaWFuIEdOVS9MaW51eCAyLjINCnNlcnZlci0wMS4yIGxvZ2luOgo=,telnet
3306,tcp,RGViaWFuIEdOVS9MaW51eCAyLjIgbG9jYWxob3N0LmxvY2FsZG9tYWluDQptb29uIGxvZ2luOgo=,telnet
3306,tcp,"Q2VudE9TIHJlbGVhc2UgNS45IChGaW5hbCkNCktlcm5lbCAyLjYuMTgtMzQ4LjYuMS5lbDUgb
      24gYW4gaTY4Ng0KbG9naW46Cg==",telnet
3306,tcp,"Q2VudE9TIHJlbGVhc2UgNi4xMCAoRmluYWwpDQpLZXJuZWwgMi42LjMyLTc1NC4yLjEuZWw2L
      ng4Nl82NCBvbiBhbiB4ODZfNjQNCnNlcnZlci0wMS4yIGxvZ2luOgo=",telnet
3306,tcp,RT-AC54U login:,telnet
3306,tcp,RT-AC68R login:,telnet
3306,tcp,AC1000 login:,telnet
3306,tcp,AC3000 login:,telnet
3306,tcp,Air5650 login:,telnet
3306,tcp,Air5650TT login:,telnet
3306,tcp,"QW1hem9uIExpbnV4IEFNSSByZWxlYXNlIDIwMTMuMDkNCktlcm5lbCAzLjQuNjgtNTkuOTcuY
      W16bjEueDg2XzY0IG9uIGFuIHg4Nl82NA0Kc2VydmVyLTAxLjIgbG9naW46Cg==",telnet
3306,tcp,"VGlNT1MtQy0xMi4wLlIxMiBjcG0vaG9wczY0IEFMQ0FURUwgU1IgNzc1MCBDb3B5cmlnaHQgK
      GMpIDIwMDAtMjAxNSBBbGNhdGVsLUx1Y2VudC4NDQpCYW5uZXIgU2hvcnRlbmVkIEZvciANDQ
      pCcmV2aXR5DQpMb2dpbjoK",telnet
3306,tcp,"VGlNT1MtQy0xNC4wLlI1IGNwbS9ob3BzNjQgTm9raWEgNzc1MCBTUiBDb3B5cmlnaHQgKGMpI
      DIwMDAtMjAxNiBOb2tpYS4NDQpCYW5uZXIgU2hvcnRlbmVkIEZvciANDQpCcmV2aXR5DQpMb2
      dpbjoK",telnet
3306,tcp,"VGlNT1MtQy0xNC4wLlIxMCBjcG0vaG9wczY0IE5va2lhIDc5NTAgWFJTIENvcHlyaWdodCAoY
      ykgMjAwMC0yMDE3IE5va2lhLg0NCkJhbm5lciBTaG9ydGVuZWQgRm9yIA0NCkJyZXZpdHkNCk
      xvZ2luOgo=",telnet
3306,tcp,"VGlNT1MtQi04LjAuUjEyIGJvdGgvaG9wcyBOb2tpYSBTQVMtTXhwIDIyRjJDIDRTRlArIDcyM
      TAgQ29weXJpZ2h0IChjKSAyMDAwLTIwMTcgTm9raWEuDQ0KQmFubmVyIFNob3J0ZW5lZCBGb3
      IgDQ0KQnJldml0eQ0KTG9naW46Cg==",telnet
3306,tcp,"VGlNT1MtQi05LjAuUjkgYm90aC9tcGMgTm9raWEgU0FTLU0gMjRGIDJYRlAgNzIxMCBDb3B5c
      mlnaHQgKGMpIDIwMDAtMjAxNyBOb2tpYS4NDQpCYW5uZXIgU2hvcnRlbmVkIEZvciANDQpCcm
      V2aXR5DQpMb2dpbjoK",telnet
3306,tcp,"R3JhbmRzdHJlYW0gSFQ4MTIgQ29tbWFuZCBTaGVsbCBDb3B5cmlnaHQgMjAwNi0yMDE3DQpQY
      XNzd29yZDoK",telnet
3306,tcp,"R3JhbmRzdHJlYW0gSFQtNTAyICBWMi4wQSBDb21tYW5kIFNoZWxsIENvcHlyaWdodCAyMDA2L
      TIwMTQNClBhc3N3b3JkOgo=",telnet
3306,tcp,"R3JhbmRzdHJlYW0gR1hXLTQwMDggIFYxLjVBIENvbW1hbmQgU2hlbGwgQ29weXJpZ2h0IDIwM
      DYtMjAxNQ0KUGFzc3dvcmQ6Cg==",telnet
3306,tcp,"R3JhbmRzdHJlYW0gR1hXNDIxNiAgVjIuM0IgQ29tbWFuZCBTaGVsbCBDb3B5cmlnaHQgMjAxN
      Q0KUGFzc3dvcmQ6Cg==",telnet
3306,tcp,"R3JhbmRzdHJlYW0gR1hWMzY3NF9GSERfVkYgICAgU2hlbGwgQ29tbWFuZC5Db3B5aWdodCAyM
      DExLTIwMTQNClVzZXJuYW1lOgo=",telnet
3306,tcp,"V2VsY29tZSB0byBQb2x5Y29tIFJNWCA1MDAgKENPUCkgQ29uc29sZSBVdGlsaXR5DQoNQ29we
      XJpZ2h0IChDKSAyMDA4LTIwMTAgUE9MWUNPTQ0KDQ0KDVBhc3N3b3JkOgo=",telnet
3306,tcp,"V2VsY29tZSB0byBQb2x5Y29tIFJNWCAxMDAwQyAoQ09QKSBDb25zb2xlIFV0aWxpdHkNCg1Db
      3B5cmlnaHQgKEMpIDIwMDgtMjAxMiBQT0xZQ09NDQoNDQoNUGFzc3dvcmQ6Cg==",telnet
3306,tcp,"SGksIG15IG5hbWUgaXMgOiAgICAgU29tZXRoaW5nIFBpdHkNCkhlcmUgaXMgd2hhdCBJIGtub
      3cgYWJvdXQgbXlzZWxmOg0KTW9kZWw6ICAgICAgICAgICAgICAgVlNYIDYwMDBBDQpTZXJpYW
      wgTnVtYmVyOiAgICAgICAwMDA3MDkwNkZDMzRGNg0KU29mdHdhcmUgVmVyc2lvbjogICAgUmV
      sZWFzZSA5LjAuNi4yLTEwMyAtIDA0U2VwMjAxMSAyMToyNw0KQnVpbGQgSW5",telnet
3306,tcp,"UG9seWNvbSBDb21tYW5kIFNoZWxsDQ0KWENPTSBob3N0OiAgICBsb2NhbGhvc3QgcG9ydDogN
      DEyMQ0NClRUWSBuYW1lOiAgICAgL2Rldi9wdHMvMA0NClNlc3Npb24gdHlwZTogdGVsbmV0DQ
      0KTkNGDQpOQ0YNCjIwMTgtMDgtMTUgMTg6MDM6MTAgREVCVUcK",telnet
3306,tcp,"V2VsY29tZSB0byB0aGUgV2luZG93cyBDRSBUZWxuZXQgU2VydmljZSBvbiBXRUJCT1gxNTAwM
      DAwMDANCg0KbG9naW46Cg==",telnet
3306,tcp,"V2VsY29tZSB0byB0aGUgV2luZG93cyBDRSBUZWxuZXQgU2VydmljZSBvbiBNWS1DRS1ERVZJQ
      0UNCg0KbG9naW46Cg==",telnet
3306,tcp,"SFAgSmV0RGlyZWN0DQpQYXNzd29yZCBpcyBub3Qgc2V0DQoNClBsZWFzZSB0eXBlICJtZW51I
      iBmb3IgdGhlIE1FTlUgc3lzdGVtLCANCm9yICI/IiBmb3IgaGVscCwgb3IgIi8iIGZvciBjdX
      JyZW50IHNldHRpbmdzLg0KPgo=",telnet
3306,tcp,SFAgSmV0RGlyZWN0DQoNCkVudGVyIHVzZXJuYW1lOgo=,telnet
3306,tcp,JWNvbm5lY3Rpb24gY2xvc2VkIGJ5IHJlbW90ZSBob3N0IQ==,telnet
3306,tcp,"V2VsY29tZSBWaXNpdGluZyBIdWF3ZWkgSG9tZSBHYXRld2F5DQpDb3B5cmlnaHQgYnkgSHVhd
      2VpIFRlY2hub2xvZ2llcyBDby4sIEx0ZC4NCg0KTG9naW46Cg==",telnet
3306,tcp,"V2FybmluZzogVGVsbmV0IGlzIG5vdCBhIHNlY3VyZSBwcm90b2NvbCwgYW5kIGl0IGlzIHJlY
      29tbWVuZGVkIHRvIHVzZSBTdGVsbmV0Lg0KDQpMb2dpbiBhdXRoZW50aWNhdGlvbg0KDQoNCl
      VzZXJuYW1lOgo=",telnet
3306,tcp,"LS0tLS0tLS0tLS0tLS0tLS0tLS0tLS0tLS0tLS0tLS0tLS0tLS0tLS0tLS0tLS0tLS0tLS0tL
      S0tLS0tLS0tLS0tLS0tLS0NCkNpc2NvIENvbmZpZ3VyYXRpb24gUHJvZmVzc2lvbmFsIChDaX
      NjbyBDUCkgaXMgaW5zdGFsbGVkIG9uIHRoaXMgZGV2aWNlLiANClRoaXMgZmVhdHVyZSByZXF
      1aXJlcyB0aGUgb25lLXRpbWUgdXNlIG9mIHRoZSB1c2VybmFtZQo=",telnet
3306,tcp,"Q2F0YWx5c3QgMTkwMCBNYW5hZ2VtZW50IENvbnNvbGUNCkNvcHlyaWdodCAoYykgQ2lzY28gU
      3lzdGVtcywgSW5jLiAgMTk5My0xOTk4DQpBbGwgcmlnaHRzIHJlc2VydmVkLg0KRW50ZXJwcm
      lzZSBFZGl0aW9uIFNvZnR3YXJlDQpFdGhlcm5ldCBBZGRyZXNzOiAgICAgIDAwLUFBLTE5LTM
      4LUFBLTAwDQoNClBDQSBOdW1iZXI6ICAgICAgICAgICAgNzMtMzFBQS1BQQ0",telnet
3306,tcp,192.0.0.64 login:,telnet
3306,tcp,UmVtb3RlIE1hbmFnZW1lbnQgQ29uc29sZQ0KbG9naW46Cg==,telnet
3306,tcp,FGT60C3G13001111 login:,telnet
3306,tcp,KWS-1043N login:,telnet
3306,tcp,SMCD3GN2-BIZ login:,telnet
3306,tcp,ADB-4820CD login:,telnet
3306,tcp,IMDVRS login:,telnet
3306,tcp,Ruijie login:,telnet
3306,tcp,V2VsY29tZSB0byBNaWNyb3NvZnQgVGVsbmV0IFNlcnZpY2UgDQoKDWxvZ2luOgo=,telnet
3306,tcp,QkNNOTYzMjY4IEJyb2FkYmFuZCBSb3V0ZXINCkxvZ2luOgo=,telnet
3306,tcp,QkNNOTYzMjY4IEJyb2FkYmFuZCBSb3V0ZXINClRlbG5ldCBpcyBEaXNhYmxlZCBpbiBXQU4gU2lkZQo=,telnet
3306,tcp,"QkNNOTYzMTggQnJvYWRiYW5kIFJvdXRlcg0KPT09PT09PT09PT09PT09PT09PT09PT09PT09P
      T09PT09PT09PT09PT09PT09PT09PT09PQ0KICAgICogKiAgICAgICAgICogKiAqICogICAgIC
      AqICogKiAqICAgICAgKiAqICogKiAgIA0KICAgICAgKiAgICAgICAgICogICAgICAgICAgICA
      gICAgICAqICAgICAgKiAgICAgKiAgIA0KICAgICAgKiAgICAgICAgICogKiA",telnet
3306,tcp,"QkNNOTYzMjggQnJvYWRiYW5kIFJvdXRlcg0KTWF4aW11bSBudW1iZXIgb2YgaW5jb3JyZWN0I
      GFjY291bnQgZW50cmllcyBleGNlZWRlZC4K",telnet
3306,tcp,"QkNNOTY4MTYgQnJvYWRiYW5kIFJvdXRlcg0KU29ycnksIHlvdSBuZWVkIHRvIHdhaXQgZm9yI
      DExOSBzZWNvbmQgYmVmb3JlIG5leHQgbG9naW4gYXR0ZW1wdC4K",telnet
3306,tcp,"TlBvcnQgTlA2NjEwLTMyDQAKQ29uc29sZSB0ZXJtaW5hbCB0eXBlICgxOiBhbnNpL3Z0MTAwLC
     AyOiB2dDUyKSA6IDE=",telnet
3306,tcp,"TW9kZWwgbmFtZSAgICAgICA6IE5Qb3J0IElBLTUyNTANAApNQUMgYWRkcmVzcyAgICAgIDogM
      DA6OTA6RTg6QUE6QUE6QUENAApTZXJpYWwgTm8uICAgICAgIDogMjgxDQAKRmlybXdhcmUgdm
      Vyc2lvbiA6IDEuNiBCdWlsZCAxNzA2MDYxNg0AClN5c3RlbSB1cHRpbWUgICAgOiAzMSBkYXl
      zLCAwNmg6MDNtOjQ1cw0ACg0AClBsZWFzZSBrZXlpbiB5b3VyIHBhc3N3b3J",telnet
3306,tcp,"TW9kZWwgbmFtZSAgICAgICA6IE5Qb3J0IDU2MTAtOC1EVA0ACk1BQyBhZGRyZXNzICAgICAgO
      iAwMDo5MDpFODpBQTpBQTpBQQ0AClNlcmlhbCBOby4gICAgICAgOiA5NTIyDQAKRmlybXdhcm
      UgdmVyc2lvbiA6IDIuMiBCdWlsZCAxMTA5MDYxMw0AClN5c3RlbSB1cHRpbWUgICAgOiA4IGR
      heXMsIDAyaDoxMW06NDRzDQAKDQAKUGxlYXNlIGtleWluIHlvdXIgcGFzc3d",telnet
3306,tcp,"TW9kZWwgbmFtZSAgICAgICA6IE5Q
      b3J0IDUxMTBBDQoNClBsZWFzZSBrZXlpbiB5b3VyIHVzZXJuYW1lOgo=",telnet
3306,tcp,"TW9kZWwgbmFtZSAgICAgICA6IE1HYXRlIE1CMzE4MA0ACk1BQyBhZGRyZXNzICAgICAgOiAwM
      Do5MDpFODpBQTpBQTpBQQ0AClNlcmlhbCBOby4gICAgICAgOiA5NDc0DQAKRmlybXdhcmUgdm
      Vyc2lvbiA6IDEuMiBCdWlsZCAwOTEwMTkxMw0AClN5c3RlbSB1cHRpbWUgICAgOiAxNSBkYXl
      zLCAxNmg6MzdtOjQ4cw0ACg0AClBsZWFzZSBrZXlpbiB5b3VyIHBhc3N3b3J",telnet
3306,tcp,"TW9kZWwgbmFtZSAgICAgICA6IE5FLTQxMTBTDQAKTUFDIGFkZHJlc3MgICAgICA6IDAwOjkwO
      kU4OkFBOkFBOkFBDQAKU2VyaWFsIE5vICAgICAgICA6IDM2MTYNAApGaXJtd2FyZSB2ZXJzaW
      9uIDogNC4xIEJ1aWxkIDA3MDYxNTE3DQAKDQAKUGxlYXNlIGtleWluIHlvdXIgcGFzc3dvcmQ6",telnet
3306,tcp,TW9kZWwgbmFtZSAgICAgICA6IE5FLTQxMTBTDQpNQUMgYWRkcmVzcyAgICAgIDogMDA6OTA6RTg6QUE6QUE6QUENClNlcmlhbCBObyAgICAgICAgOiAwMDANCkZpcm13YXJlIHZlcnNpb24gOiAxLjUuMg0KDQpQbGVhc2Uga2V5aW4geW91ciBwYXNzd29yZDoK,telnet
3306,tcp,"TW9kZWwgbmFtZSAgICAgICAgICA6IE1paU5lUG9ydCBFMg0KU2VyaWFsIE5vLiAgICAgICAgI
      CA6IDk5OTkNCkRldmljZSBuYW1lICAgICAgICAgOiBNaWlOZVBvcnRfRTJfNDA2NA0KRmlybX
      dhcmUgdmVyc2lvbiAgICA6IDEuMy4zNiBCdWlsZCAxNTAzMTYxNQ0KRXRoZXJuZXQgTUFDIGF
      kZHJlc3M6IDAwOjkwOkU4OjVBOjkyOkZGDQoNClBsZWFzZSBrZXlpbiB5b3V",telnet
3306,tcp,EDR-G903 login:,telnet
3306,tcp,EDR-G902 login:,telnet
3306,tcp,UmVkIEhhdCBMaW51eCByZWxlYXNlIDkgKFNocmlrZSlcbktlcm5lbCAyLjQuMjAtOCBvbiBhbiBpNjg2XG5sb2dpbjo=,telnet
3306,tcp,"UmVkIEhhdCBFbnRlcnByaXNlIExpbnV4IEVTIHJlbGVhc2UgMyAoVGFyb29uIFVwZGF0ZSA5KQpLZXJuZWwgMi40LjIxLTQ3Lk
      VMIG9uIGFuIHg4Nl82NApsb2dpbjo=",telnet
3306,tcp,"UmVkIEhhdCBFbnRlcnByaXNlIExpbnV4IEFTIHJlbGVhc2UgNS44IChUaWthbmdhKQpLZXJuZWwgM
      i42LjE4LTMwOC4xMS4xLmVsNSBvbiBhbiB4ODZfNjQKbG9naW46",telnet
3306,tcp,"UmVkIEhhdCBFbnRlcnByaXNlIExpbnV4IFdTIHJlbGVhc2UgMi4xIChUYW1wY
      SkgCktlcm5lbCAyLjQuOS1lLjQwc21wIG9uIGFuIGk2ODYgCmxvZ2luOiA=",telnet
3306,tcp,RmVkb3JhIENvcmUgcmVsZWFzZSAxIChZYXJyb3cpCktlcm5lbCAyLjQuMjAtMTMuOWVuc2ltLTMuNS4wLTEzIG9uIGFuIGk2ODYKbG9naW46,telnet
3306,tcp,V2VsY29tZSB0byBTdVNFIExpbnV4IDcuMCAoaTM4NikgLSBLZXJuZWwgMi4yLjE2LVJBSUQgKDApLiAyVkcwMjkwMzcgCgpsb2dpbjo=,telnet
3306,tcp,"VHVyYm9saW51eCBBcHBsaWFuY2VTZXJ2ZXIgNC4wIChBdGxhczIpIExpbnV4IDIuNi4zMi00MzEuMjMuMy5lbDYueDg
     2XzY0IG9uIGEgeDg2XzY0IChzZW55bzE5MXg4OS5kaWdpdGFsaW5rLm5lLmpwKSBUVFk6IDEyOjE1IG9uIFR1ZXNkYX
     ksIDAyIE9jdG9iZXIgMjAxOCBsb2dpbjog",telnet
3306,tcp,VW5peFdhcmUgMi4xLjMgKHByb2ZpbCkgKHB0cy8zKQoKCgpsb2dpbjog,telnet
3306,tcp,"TWljcm9zb2Z0IChSKSBXaW5kb3dzIE5UIChUTSkgVmVyc2lvbiA0LjAwIChCdWlsZCAxMzgxKQpXZWxj
      b21lIHRvIE1pY3Jvc29mdCBUZWxuZXQgU2VydmljZSAKVGVsbmV0IFNlcnZlciBCdWlsZCA1LjAwLjk5MDM0LjEKCmxvZ2luOiA=",telnet
3306,tcp,V2VsY29tZS4gVHlwZSByZXR1cm4sIGVudGVyIHBhc3N3b3JkIGF0ICMgcHJvbXB0Cg==,telnet
3306,tcp,TkRTMTI2MEhFLVRMSSBDb3B5cmlnaHQgYnkgQVJFU0NPTSAyMDAyCgoKClBhc3N3b3JkOgo=,telnet
3306,tcp,V2VsY29tZSB0byBWaWV3U3RhdGlvbgoKUGFzc3dvcmQ6,telnet
3306,tcp,Rmxvd1BvaW50LzIyMDAgU0RTTCBbQVRNXSBSb3V0ZXIgZnAyMjAwLTEyIHYzLjAuMiBSZWFkeQpMb2dpbjog,telnet
3306,tcp,"R2xvYmVzcGFuVmlyYXRhIEluYy4sIFNvZnR3YXJlIFJlbGVhc2UgMi4xLjA0MDQwN2EzX3VfZV9BCgpDb3B5cmlnaHQgKG
      MpIDIwMDEtMjAwMyBieSBHbG9iZXNwYW5WaXJhdGEsIEluYy4KCgpsb2dpbjog",telnet
3306,tcp,VxWorks login:,telnet
3306,tcp,"KioqKioqKioqKioqKioqKioqKioqKioqKioqKioqKioqKioqKioqKioqKioqXG5cblxuKiBDb3B5cmlnaHQgKG
      MpIDIwMDMgTm9ydGVsIE5ldHdvcmtzLCBJbmMuICAqXG5cblxuKiBBbGwgUmlnaHRzIFJlc2VydmVkICAgICAg
      ICAgICAgICAgICAgICAgICAqXG5cblxuKiBQYXNzcG9ydCA4MDEwICAgICAgICAgICAgICAgICAgICAgICAgIC
      AgICAqXG5cblxuKiBTb2Z",telnet
3306,tcp,"SVBTTy9pMzg2IChCSi1JREMtRlcyKSAodHR5cDcpCgoKClRoaXMgc3lzdGVtIGlzIGZvciBhdXRob3Jpem
     VkIHVzZSBvbmx5LgoKCgoKCgoKbG9naW46IA==",telnet
3306,tcp,"Iy0tLS0tLS0tLS0tLS0tLS0tLS0tLS0tLS0tLS0tLS0tLS0tLS0tLS0tLS0tLS0tLS0tLS0tLS0tLS0tLS0tLS0
      tLS0tLS0tCiMgVGFzbWFuIE5ldHdvcmtzIEluYy4gVGVsbmV0IExvZ2luCiMtLS0tLS0tLS0tLS0tLS0tLS0tLS
      0tLS0tLS0tLS0tLS0tLS0tLS0tLS0tLS0tLS0tLS0tLS0tLS0tLS0tLS0tLS0tLS0tLQpFc2NhcGUgY2hhcmFjd
      GVyIGlzICdeXScuCgo",telnet
3306,tcp,"V2VsY29tZSB0byBHZW1hZGVwdCBMb2dpc3RpY3MgUkYgU2VydmVyCihDKSBDb3B5cmlnaHQgMTk5NC0yMDEyIFB
      yYWdtYSBTeXN0ZW1zLCBJbmMuCgpsb2dpbiBuYW1lOiA=",telnet
3306,tcp,"QXBwbGljYXRpb24gUmVxdWlyZWQuIE5vIEluc3RhbGxhdGlvbiBEZWZhdWx0ICAgICAgICA
     gICAgICAgICAgICAgICAgICAgICAgICAgIApFbnRlciBBcHBsaWNhdGlvbiBOYW1lOg==",telnet
3306,tcp,"VGhpcyBjb3B5IG9mIHRoZSBBdGFtYW4gVENQIFJlbW90ZSBMb2dvbiBTZXJ2aWNlcyBpcyByZWdpc3RlcmVkIG
      FzIGxpY2Vuc2VkIHRvOgoJRUNJMi9ERE1TCgpBY2NvdW50IE5hbWU6IA==",telnet
3306,tcp,Q29iYWx0IExpbnV4IHJlbGVhc2UgNi4wIChTaGlua2Fuc2VuKQpLZXJuZWwgMi4yLjE2QzM3X0lJSSBvbiBhbiBpNTg2CmxvZ2luOiA=,telnet
3306,tcp,Q2hlY2sgUG9pbnQgRmlyZVdhbGwtMSBhdXRoZW50aWNhdGVkIFRlbG5ldCBzZXJ2ZXIgcnVubmluZyBvbiBnYWF0ZHJmMgoKVXNlcjog,telnet
3306,tcp,UmFwdG9yIEZpcmV3YWxsIFNlY3VyZSBHYXRld2F5LgoKSG9zdG5hbWU6IA==,telnet
3306,tcp,VU5JWChyKSBTeXN0ZW0gViBSZWxlYXNlIDQuMCAoVGhlLVNlcnZlcikKCgoKbG9naW46IA==,telnet
3306,tcp,"U2VhdHRsZSBDb21tdW5pdHkgTmV0d29yayBTdW4gU29sYXJpcyAxLjEuMS5CClBsZWFzZSBsb2dpbiBhcyAndml
      zaXRvcicgaWYgeW91IGFyZSBhIHZpc2l0b3IKCgpTdW5PUyBVTklYIChzY24pCgoKCmxvZ2luOg==",telnet
3306,tcp,RGlnaXRhbCBVTklYIChqb3VybmFsKSAodHR5cDIpCgoKCmxvZ2luOiA=,telnet
3306,tcp,Q29tcGFxIFRydTY0IFVOSVggVjUuMUIgKFJldi4gMjY1MCkgKGRvY2FscGhhKSAocHRzLzExKQoKCgoKCmxvZ2luOg==,telnet
3306,tcp,SFAtVVggY3RvdXQgQi4xMS4xMSBVIDkwMDAvODAwICh0YykKCmxvZ2luOiA=,telnet
3306,tcp,RGF0YSBPTlRBUCAoczUwMC4pCmxvZ2luOiA=,telnet
3306,tcp,"IFdlbGNvbWUgdG8gT3BlblZNUyAoVE0pIEFscGhhIE9wZXJhdGluZyBTeXN0Z
      W0sIFZlcnNpb24gVjguNCAgICAgLSBOT1Q3MAoKClVzZXJuYW1lOiA=",telnet
3306,tcp,U0NPIE9wZW5TZXJ2ZXIoVE0pIFJlbGVhc2UgNSAoYm9tZGlhLmNvLnphKSAodHR5cDYpCgpsb2dpbjo=,telnet
3306,tcp,JSBVc2VybmFtZTogIHRpbWVvdXQgZXhwaXJlZCE=,telnet
3306,tcp,V2VsY29tZSB0byBNS1MgVGVsbmV0IFNlcnZlciBWZXJzaW9uIDQuNzAuMDAwMC4KbG9naW46IA==,telnet
3306,tcp,"Sorry, this system is engaged.",telnet
3306,tcp,VEVMTkVUIHNlc3Npb24gbm93IGluIEVTVEFCTElTSEVEIHN0YXRlCgpHRU8tMDAzIGxvZ2luOiA=,telnet
3306,tcp,"Q09ORVhBTlQgU1lTVEVNUywgSU5DLiBBQ0NFU1MgUlVOTkVSIEFEU0wgQ09OU09MRSBQ
      T1JUPj4+TE9HT04gUEFTU1dPUkQ+My4yNyoqKioqKg==",telnet
3306,tcp,"U3lzdGVtIGFkbWluaXN0cmF0b3IgaXMgY29ubmVjdGluZyBmcm9tIDU0LjM5LjE3My44NgoKUmVqZWN0IH
      RoZSBjb25uZWN0aW9uIHJlcXVlc3QgISEh",telnet
3306,tcp,MjIwIGtpbGxlcjA5IEZUUCBzZXJ2ZXIgKFZlcnNpb24gNi40L09wZW5CU0QvTGludXgtZnRwZC0wLjE3KSByZWFkeS4K,telnet
3306,tcp,RnJlZUJTRC9hbWQ2NCAobXMuZ3ltc3Bncy5jeikgKHB0cy8wKQoKCgpsb2dpbjo=,telnet
3306,tcp,TmV0QlNEL21lc3NpbWlwcyAoKSAodHR5cDMpCgpsb2dpbjog,telnet
3306,tcp,SVJJWCAoYXJ0ZW1pcy5iaW9sLnVvYS5ncikKCgoKbG9naW46IA==,telnet
3306,tcp,"LS0tLS0tLS0tLS0tLS0tLS0tLS0tLS0tLS0tLS0tLS0tLS0tLS0tLS0tLS0tLS0tLS0tLS0tLS0tLS0tLS0tL
      S0tLS0tLQpFUyAxMDE3MCBTeXN0ZW0gU29mdHdhcmUsIFZlcnNpb24gOS4zLjAuNApSaXZlcnN0b25lIE5ldH
      dvcmtzLCBJbmMuLCBDb3B5cmlnaHQgKGMpIDIwMDAtMjAwMy4gQWxsIHJpZ2h0cyByZXNlcnZlZC4KU3lzdGV
      tIHN0YXJ0ZWQgb24gMjAxOC0",telnet
3306,tcp,"LS0tLS0tLS0tLS0tLS0tLS0tLS0tLS0tLS0tLS0tLS0tLS0tLS0tLS0tLS0tLS0tLS0tLS0tLS0tLS0tLS0tL
      S0tLS0tLQpSUyA4MDAwIFN5c3RlbSBTb2Z0d2FyZSwgVmVyc2lvbiA5LjMuMC41ClJpdmVyc3RvbmUgTmV0d2
      9ya3MsIEluYy4sIENvcHlyaWdodCAoYykgMjAwMC0yMDA0LiBBbGwgcmlnaHRzIHJlc2VydmVkLgpTeXN0ZW0
      gc3RhcnRlZCBvbiAyMDE4LTE",telnet
3306,tcp,"PT09PT09PT09PT09PT09PT09PT09PT09PT09PT09PT09PT09PT09PT09PT09PT09PT09PT09P
      T09PT09PT09PT09PT09PT09PT09PT09CkhQIEo0MTIxQSBQcm9DdXJ2ZSBTd2l0Y2ggNDAwME
      0KRmlybXdhcmUgcmV2aXNpb24gdjIuMi4zCgpDb3B5cmlnaHQgKEMpIDE5OTEtMjAwNCBIZXd
      sZXR0LVBhY2thcmQgQ28uIEFsbCBSaWdodHMgUmVzZXJ2ZWQuCgogICAgICA",telnet
3306,tcp,"Kz09PT09PT09PT09PT09PT09PT09PT09PT09PT09PT09PT09PT09PT09PT09PT09PT09PT09PT09PT09PT0
      9PT09PT09PT09PT09PT0rCnwgICAgICAgICAgICBbIENvbm5lY3RVUFMgV2ViL1NOTVAgQ2FyZCBDb25maW
      d1cmF0aW9uIFV0aWxpdHkgXSAgICAgICAgICAgICAgfAorPT09PT09PT09PT09PT09PT09PT09PT09PT09P
      T09PT09PT09PT09PT09PT09PT09PT0",telnet
3306,tcp,"SW1hZ2lzdGljcyBpbTM1MTEvaW00NTExIFZlciAwMS4wMC4yMCBURUxORVQgc2VydmVyLgpDb3B5cmlnaH
      QoYykgMjAwMS0yMDA1LCBzaWxleCB0ZWNobm9sb2d5LCBJbmMuCmxvZ2luOiA=",telnet
3306,tcp,TlJHIE1haW50ZW5hbmNlIFNoZWxsLiAgIAoKVXNlciBhY2Nlc3MgdmVyaWZpY2F0aW9uLgoKbG9naW46,telnet
3306,tcp,"U0hBUlAgQVItTTM1MVUgVmVyIDAxLjAwLjE4IFRFTE5FVCBzZXJ2ZXIuCkNvcHlyaWdodChjKSAyMDAx
      LTIwMDUsIHNpbGV4IHRlY2hub2xvZ3ksIEluYy4KbG9naW46IA==",telnet
3306,tcp,"U0hBUlAgTVgtMzYxME4gVmVyIDAxLjA1LjAwLjBvLjE4IFRFTE5FVCBzZXJ2ZXIuCkNvcHlyaWdodC
      hDKSAyMDA1LSAgICAgU0hBUlAgQ09SUE9SQVRJT04KQ29weXJpZ2h0KEMpIDIwMDUtICAgICBzaWxl
      eCB0ZWNobm9sb2d5LCBJbmMuCmxvZ2luOiA=",telnet
3306,tcp,"KioqKioqKioqKioqKioqKioqKioqKioqKioqKioqKioqKipcbiogV2VsY29tZSB0byBNRUxDTyBQc
      mludCBTZXJ2ZXIgKlxuKiBUZWxuZXQgQ29uc29sZSAqXG4qKioqKioqKioqKioqKioqKioqKioqKi
      oqKioqKioqKioqKlxuIFxuU2VydmVyIE5hbWU6IFBTLUIwNEU4RVxuU2VydmVyIE1vZGVsOiBMUFY
      gMiAtIFRYIDFcbkYgLyBXIFZlcnNpb246IDIuMDAgSiBcbk1",telnet
3306,tcp,QUlYIFZlcnNpb24gNgpDb3B5cmlnaHQgSUJNIENvcnBvcmF0aW9uLCAxOTgyLCAyMDA3Lgpsb2dpbjogCg==,telnet
3306,tcp,Q0lNQyBEZWJ1ZyBGaXJtd2FyZSBVdGlsaXR5IFNoZWxsCmZha2UtdWNzLWRldmljZS0zLTEtcCBsb2dpbjogCg==,telnet
3306,tcp,"SFAgUHJvTGlhbnQgQkwgZS1DbGFzcyBJbnRlZ3JhdGVkIEFkbWluaXN0cmF0b3IgdjIuMDAKICAgICAgI
      CAgQ29weXJpZ2h0IDIwMDUgSGV3bGV0dC1QYWNrYXJkIERldmVsb3BtZW50IEdyb3VwLCBMLlAuCgogIC
      AgICAgICAtLS0tLS0tLS0tLS0tLS0tLS0tLS0tLS0tLS0tLS0tLS0tLS0tLS0tLS0tLS0tLS0tLS0tLS0
      tLS0tLS0tLS0tLS0tLS0tLS0tLS0tLQogICA",telnet
3306,tcp,"UG93ZXIgTWVhc3VyZW1lbnQgTHRkLiBNZXRlciBJT04gNzMzMFYyNzEgRVRIIEVUSDczMzBWMjcyCg1TZ
      XJpYWwjOiBQQi0wMjA0QTA1OC0xMQoNCg1sb2dpbjo=",telnet
3306,tcp,"R1cyNSB2MS4yLjEgLSBJbnRlbGxpZ2VudCBQb3dlciBNZXRlcnMgR1BSUyBHYXRld2F5Cg1EZXZlbG9wZ
      WQgYnkgU2F0ZWxpdGVjaCBTLkEgZm9yIEVTRyBEaWxlYwoNRW50ZXIgcGFzc3dvcmQ6",telnet
3306,tcp,"UkRLIChBIFlvY3RvIFByb2plY3QgYmFzZWQgRGlzdHJvKSAyLjAgRG9jc2lzLUdhdGV3YXkNC
      g0NCg1Eb2NzaXMtR2F0ZXdheSBsb2dpbjo=",telnet
3306,tcp,"UkRLIChBIFlvY3RvIFByb2plY3QgYmFzZWQgRGlzdHJvKSAyLjAgQnVzaW5lc3MNCg0NCg1Cd
      XNpbmVzcyBsb2dpbjoK",telnet
3306,tcp,UklDT0ggTWFpbnRlbmFuY2UgU2hlbGwuICAgCg1Vc2VyIGFjY2VzcyB2ZXJpZmljYXRpb24uCg1sb2dpbjo=,telnet
3306,tcp,UHJlY2lzZS9SVENTIHYyLjkwLjAwIFRlbG5ldCBzZXJ2ZXIKCgpTZXJ2aWNlIFBvcnQgTWFuYWdlciBBY3RpdmUKCjxFc2M+IEVuZHMgU2Vzc2lvbgoKroot,telnet
3306,tcp,"S2VlbmV0aWNPUyB2ZXJzaW9uIDMuMDQuQy42LjAtMCwgY29weXJpZ2h0IChjKSAyMDEwLTIwM
      jAgS2VlbmV0aWMgTHRkLg0KDQpMb2dpbjoK",telnet
3306,tcp,"KioqKioqKioqKioqKioqKioqKioqKioqKioqKioqKioqKioqKioqKioqKioqKioqKioqKioqK
      ioqKioqKioqKioqKioqKioqKioqKioqDQoqIENvcHlyaWdodCAoYykgMjAwNC0yMDE3IE5ldy
      BIM0MgVGVjaG5vbG9naWVzIENvLiwgTHRkLiBBbGwgcmlnaHRzIHJlc2VydmVkLioNCiogV2l
      0aG91dCB0aGUgb3duZXIncyBwcmlvciB3cml0dGVuIGNvbnNlbnQsICAgICA",telnet
3306,tcp,"KioqKioqKioqKioqKioqKioqKioqKioqKioqKioqKioqKioqKioqKioqKioqKiogCiAgICoqKi
      oqKioqKioqKioqKioqKioqKioqKioqKioqKioqKioqKioqKioqKioqKiogCiAgICoqKiojIyMq
      KioqKioqIyMjIyoqKioqIyMjIyMjIyoqKioqKioqKioqKioqIAogICAqKiMjKioqIyMqKioqIy
      MqKiMjKioqKiMjKioqKiMjKioqKioqKioqKioqIAogICAqKiojIyoqKio",telnet
3306,tcp,"KioqKioqKioqKioqKioqKioqKioqKioqKioqKioqKioqKioqKioqKioqKioqKiogCiAgICoqKi
      oqKioqKioqKioqKioqKioqKioqKioqKioqKioqKioqKioqKioqKioqKiogCiAgICoqKiojIyMq
      KioqKioqIyMjIyoqKioqIyMjIyMjIyoqKioqKioqKioqKioqIAogICAqKiMjKioqIyMqKioqIy
      MqKiMjKioqKiMjKioqKiMjKioqKioqKioqKioqIAogICAqKiojIyoqKio",telnet
3306,tcp,"VURQL1RDUC9JUCBTdGFjazogQUNUIFZpZGVvIHNlY3VyaXR5DQpWNS44DQpX
      ZWxjb21lIGNvbm5lY3Rpb24gOiAxOTIuMTY4LjAuMTo2MTMwMA0KDQpQYXNz
      d29yZDog",telnet
3306,tcp,Novus Telnet Interface (v2.00.01),telnet
3306,tcp,New Telnet Console Client Attached.,telnet
3306,tcp,UPS SYSTEMS SNMP/Web agent Configuration menu,telnet
3306,tcp,Welcome to AutoDome 800 HD 1.2.3.4 from 5.6.7.8,telnet
3306,tcp,Welcome to FLEXIDOME NDC-455-P 1.2.3.4 from 5.6.7.8,telnet
3306,tcp,RDL-3000 Ellipse     (c) Copyright 2010-2016  Redline Communications Inc.,telnet
3306,tcp,Connect-OW     (c) Copyright 2010-2016  Redline Communications Inc.,telnet
3306,tcp,Connect-OWS     (c) Copyright 2010-2016  Redline Communications Inc.,telnet
3306,tcp,Vaddio VNG 1.6+snapshot-20170720 vaddio-doccam-54-10-EC-31-2A-19,telnet
3306,tcp,(FL WLAN 510X),telnet
3306,tcp,Welcome to i.CanDoIt BAS-700 ReMOTE I/O v2.47x,telnet
3306,tcp,Welcome to the MRV Communications' LX Series Server,telnet
3306,tcp,"KioqIExhbnRyb25peCBVRFMxMTAwLUlBUCBEZXZpY2UgU2VydmVyICoqKgpN
      QUMgYWRkcmVzcyAwMDgwQTNCRDAwMDAKClNvZnR3YXJlIHZlcnNpb24gVjYu
      MTEuMC4wICgxNTA1MTQpIFVEUzExMDAKCgpQcmVzcyBFbnRlciBmb3IgU2V0
      dXAgTW9kZQo=",telnet
3306,tcp,"KioqIExhbnRyb25peCBVbml2ZXJzYWwgRGV2aWNlIFNlcnZlciAqKioKU2Vy
      aWFsIE51bWJlciA2NDUxMDAwICBNQUMgYWRkcmVzcyAwMDoyMDo0QTo2NDow
      MDowMAoKU29mdHdhcmUgdmVyc2lvbiAwNC41ICgwMTEwMjUpCgpQcmVzcyBF
      bnRlciB0byBnbyBpbnRvIFNldHVwIE1vZGUK",telnet
3306,tcp,TAU-8 login:,telnet
3306,tcp,TAU-2M.IP login:,telnet
3306,tcp,"DQ0KDQoNKioqKioqKioqKioqKioqKioqKioqKioqKioqKioqKioqKioqKioqKioqKioNCg0qI
      CAgICAgICAgICAgV2VsY29tZSB0byBTTUcxMDE2TSAgICAgICAgICAgKg0KDSoqKioqKioqKi
      oqKioqKioqKioqKioqKioqKioqKioqKioqKioqKioqKioqDQoNDQoNZm9vLmJhci5iYXogbG9
      naW46IA==",telnet
3306,tcp,eltex-nv101 login:,telnet
3306,tcp,eltex-nv102 login:,telnet
3306,tcp,"T:{""BeerTemp"":null,""BeerSet"":null,""BeerAnn"":null,""FridgeTemp"":null,""FridgeSet"":null,""FridgeAnn"":null,""State"":0}",telnet
3306,tcp,"V2VsY29tZSB0byB0aGUgU0lHTUEgU3BlY3RydW0gRGlhZ25vc3RpYyBUZXJtaW5hbA0KDQpXa
      XJlbGVzcyBCYXR0ZXJ5IE1vZHVsZSAoODAyLjExYS9iL2cvbikNCk1BQyBBZGRyZXNzOiAwMC
      00MC05ZC0xMi0zNC01NiBTVzogMjAgRDI5DQpTaWdtYSBTcGVjdHJ1bSBTTjogMTIzNDU2NyB
      TVzogdjguMDAuMDENClJhZGlvIHVwIHNpbmNlOiBGcmkgTWFyICAxIDAzOjE",telnet
22,tcp,ArrayOS,ssh
22,tcp,RomSShell_4.62,ssh
22,tcp,DraySSH_2.0,ssh
22,tcp,mpSSH_0.0.1,ssh
22,tcp,Serv-U_7.4.0.1,ssh
22,tcp,WS_FTP-SSH_6.1.1,ssh
22,tcp,WS_FTP-SSH_7.0,ssh
22,tcp,IPSSH-6.9.0,ssh
22,tcp,OpenSSH_2.3.0 green@FreeBSD.org 20010321,ssh
22,tcp,OpenSSH_2.3.0 FreeBSD localisations 20010713,ssh
22,tcp,OpenSSH_2.9 FreeBSD localisations 20011202,ssh
22,tcp,OpenSSH_3.4p1 FreeBSD 20020702,ssh
22,tcp,OpenSSH_2.9 FreeBSD localisations 20020307,ssh
22,tcp,OpenSSH_3.4p1 FreeBSD-20020702,ssh
22,tcp,OpenSSH_3.5p1 FreeBSD-20030201,ssh
22,tcp,OpenSSH_3.5p1 FreeBSD-20030924,ssh
22,tcp,OpenSSH_3.5p1 FreeBSD-20060930,ssh
22,tcp,OpenSSH_3.5p1 FreeBSD-20021029,ssh
22,tcp,OpenSSH_3.6.1p1 FreeBSD-20030423,ssh
22,tcp,OpenSSH_3.6.1p1 FreeBSD-20030924,ssh
22,tcp,OpenSSH_3.8.1p1 FreeBSD-20040419,ssh
22,tcp,OpenSSH_3.8.1p1 FreeBSD-20060123,ssh
22,tcp,OpenSSH_4.2p1 FreeBSD-20050903,ssh
22,tcp,OpenSSH_4.5p1 FreeBSD-20061110,ssh
22,tcp,OpenSSH_5.1p1 FreeBSD-20080901,ssh
22,tcp,OpenSSH_5.2p1 FreeBSD-20090522,ssh
22,tcp,OpenSSH_5.4p1 FreeBSD-20100308,ssh
22,tcp,OpenSSH_5.4p1_hpn13v11 FreeBSD-20100308,ssh
22,tcp,OpenSSH_6.1_hpn13v11 FreeBSD-20120901,ssh
22,tcp,OpenSSH_5.8p2_hpn13v11 FreeBSD-20110503,ssh
22,tcp,OpenSSH_6.2_hpn13v11 FreeBSD-20130515,ssh
22,tcp,OpenSSH_6.6.1_hpn13v11 FreeBSD-20140420,ssh
22,tcp,OpenSSH_6.4_hpn13v11 FreeBSD-20131111,ssh
22,tcp,OpenSSH_7.2 FreeBSD-20160310,ssh
22,tcp,OpenSSH_7.3 FreeBSD-20170902,ssh
22,tcp,OpenSSH_7.2 FreeBSD-20161230,ssh
22,tcp,OpenSSH_7.5 FreeBSD-20170903,ssh
22,tcp,OpenSSH_7.8 FreeBSD-20180909,ssh
22,tcp,OpenSSH_7.2 FreeBSD-20160311,ssh
22,tcp,OpenSSH_7.2 NetBSD-20100308,ssh
22,tcp,OpenSSH_4.4 NetBSD_Secure_Shell-20061114,ssh
22,tcp,OpenSSH_3.8.1p1 Debian-11ubuntu3,ssh
22,tcp,OpenSSH_3.9p1 Debian-1ubuntu2,ssh
22,tcp,OpenSSH_4.1p1 Debian-7ubuntu4,ssh
22,tcp,OpenSSH_4.2p1 Debian-7ubuntu3.1,ssh
22,tcp,OpenSSH_4.2p1 Debian-7ubuntu3.2,ssh
22,tcp,OpenSSH_4.3p2 Debian-8ubuntu1.4,ssh
22,tcp,OpenSSH_4.6p1 Debian-5ubuntu0.2,ssh
22,tcp,OpenSSH_4.6p1 Debian-5ubuntu0.5,ssh
22,tcp,OpenSSH_4.6p1 Debian-5ubuntu0.6,ssh
22,tcp,OpenSSH_4.6p1 Debian-5ubuntu0,ssh
22,tcp,OpenSSH_4.7p1 Debian-8ubuntu1.2,ssh
22,tcp,OpenSSH_4.7p1 Debian-8ubuntu3,ssh
22,tcp,OpenSSH_5.1p1 Debian-3ubuntu1,ssh
22,tcp,OpenSSH_5.1p1 Debian-5ubuntu1,ssh
22,tcp,OpenSSH_5.1p1 Debian-6ubuntu2,ssh
22,tcp,OpenSSH_5.3p1 Debian-3ubuntu3,ssh
22,tcp,OpenSSH_5.3p1 Debian-3ubuntu4,ssh
22,tcp,OpenSSH_5.3p1 Debian-3ubuntu5,ssh
22,tcp,OpenSSH_5.3p1 Debian-3ubuntu6,ssh
22,tcp,OpenSSH_5.3p1 Debian-3ubuntu7,ssh
22,tcp,OpenSSH_5.3p1 Debian-3ubuntu7.1,ssh
22,tcp,OpenSSH_5.5p1 Debian-4ubuntu4,ssh
22,tcp,OpenSSH_5.5p1 Debian-4ubuntu5,ssh
22,tcp,OpenSSH_5.5p1 Debian-4ubuntu6,ssh
22,tcp,OpenSSH_5.8p1 Debian-1ubuntu3,ssh
22,tcp,OpenSSH_5.8p1 Debian-7ubuntu1,ssh
22,tcp,OpenSSH_5.9p1 Debian-5ubuntu1,ssh
22,tcp,OpenSSH_5.9p1 Debian-5ubuntu1.4,ssh
22,tcp,OpenSSH_6.0p1 Debian-3ubuntu1,ssh
22,tcp,OpenSSH_6.0p1 Debian-3ubuntu1.2,ssh
22,tcp,OpenSSH_6.1p1 Debian-4,ssh
22,tcp,OpenSSH_6.2p2 Ubuntu-6unbuntu0.4,ssh
22,tcp,OpenSSH_6.2p2 Ubuntu-6,ssh
22,tcp,OpenSSH_6.1_hpn13v11,ssh
22,tcp,OpenSSH_5.8p1-hpn13v11,ssh
22,tcp,OpenSSH_5.8p1-hpn14v9,ssh
22,tcp,OpenSSH_6.6p1 Ubuntu-2ubuntu1,ssh
22,tcp,OpenSSH_6.6.1p1 Ubuntu-2ubuntu2,ssh
22,tcp,OpenSSH_6.6.1p1 Ubuntu-2ubuntu2.13,ssh
22,tcp,OpenSSH_6.6.1p1 Ubuntu-8,ssh
22,tcp,OpenSSH_6.7p1 Ubuntu-5ubuntu1,ssh
22,tcp,OpenSSH_6.7p1 Ubuntu-5ubuntu1.4,ssh
22,tcp,OpenSSH_6.9p1 Ubuntu-2,ssh
22,tcp,OpenSSH_6.9p1 Ubuntu-2ubuntu0.2,ssh
22,tcp,OpenSSH_7.2p2 Ubuntu-4ubuntu2.7,ssh
22,tcp,OpenSSH_7.2p2 Ubuntu-4ubuntu1,ssh
22,tcp,OpenSSH_7.2p2 Ubuntu-4,ssh
22,tcp,OpenSSH_7.3p1 Ubuntu-1,ssh
22,tcp,OpenSSH_7.4p1 Ubuntu-10,ssh
22,tcp,OpenSSH_7.5p1 Ubuntu-10ubuntu0.1,ssh
22,tcp,OpenSSH_7.5p1 Ubuntu-10,ssh
22,tcp,OpenSSH_7.6p1 Ubuntu-4ubuntu0.3,ssh
22,tcp,OpenSSH_7.6p1 Ubuntu-4,ssh
22,tcp,OpenSSH_7.7p1 Ubuntu-4,ssh
22,tcp,OpenSSH_7.7p1 Ubuntu-4ubuntu0.3,ssh
22,tcp,OpenSSH_7.9p1 Ubuntu-10,ssh
22,tcp,OpenSSH_8.0p1 Ubuntu-6build1,ssh
22,tcp,OpenSSH_8.2p1 Ubuntu-4ubuntu0.1,ssh
22,tcp,OpenSSH_8.2p1 Ubuntu-4,ssh
22,tcp,OpenSSH_8.3p1 Ubuntu-1,ssh
22,tcp,OpenSSH_7.6p1 Ubuntu-2,ssh
22,tcp,OpenSSH_7.2p3 Ubuntu-4ubuntu2.2,ssh
22,tcp,OpenSSH_3.4p1 Debian 1:3.4p1-1.woody.3,ssh
22,tcp,OpenSSH_3.8.1p1 Debian-8.sarge.4,ssh
22,tcp,OpenSSH_4.3p2 Debian-9,ssh
22,tcp,OpenSSH_4.3p2 Debian-9etch3,ssh
22,tcp,OpenSSH_5.1p1 Debian-5,ssh
22,tcp,OpenSSH_5.5p1 Debian-6+squeeze4,ssh
22,tcp,OpenSSH_5.5p1 Debian-26+squeeze7,ssh
22,tcp,OpenSSH_5.8p1 Debian-4~squeeze+1,ssh
22,tcp,OpenSSH_5.5p1 Debian-6,ssh
22,tcp,OpenSSH_6.0p1 Debian-4+deb7u2,ssh
22,tcp,OpenSSH_6.0p1 Debian-4,ssh
22,tcp,OpenSSH_6.0p1 Debian-4+deb7u1,ssh
22,tcp,OpenSSH_6.6.1p1 Debian-4~bpo70+1,ssh
22,tcp,OpenSSH_6.4p1 Debian-1~bpo70+2,ssh
22,tcp,OpenSSH_6.7p1 Debian-5+deb8u2,ssh
22,tcp,OpenSSH_6.7p1 Debian-5+deb8u1~ui80+7,ssh
22,tcp,OpenSSH_6.7p1 Debian-5+deb8u8,ssh
22,tcp,OpenSSH_7.4p1 Debian-10+deb9u1,ssh
22,tcp,OpenSSH_6.0p1 Debian-4+deb9u6,ssh
22,tcp,OpenSSH_7.9p1 Debian-10,ssh
22,tcp,OpenSSH_7.9p1 Debian-10+deb10u1,ssh
22,tcp,OpenSSH_7.9p1 Debian-10+deb10u2,ssh
22,tcp,OpenSSH_7.9p1 Debian-10+deb10u6,ssh
22,tcp,OpenSSH_8.1p1 Debian-1,ssh
22,tcp,OpenSSH_8.1p1 Debian-1+deb11u1,ssh
22,tcp,OpenSSH_9.2p1 Debian-2+deb12u3,ssh
22,tcp,OpenSSH_4.3p2 Debian-5~bpo.1,ssh
22,tcp,OpenSSH_4.2p1 Debian-4bpo1,ssh
22,tcp,OpenSSH_7.4p1 Debian-10,ssh
22,tcp,OpenSSH_6.7p1 Raspbian-5+deb8u1,ssh
22,tcp,OpenSSH_6.7p1 Raspbian-5+deb8u2,ssh
22,tcp,OpenSSH_7.4p1 Raspbian-10+deb9u1,ssh
22,tcp,OpenSSH_7.4p1 Raspbian-10+deb9u7,ssh
22,tcp,OpenSSH_7.4p1 Raspbian-9+deb9u1,ssh
22,tcp,OpenSSH_7.9p1 Raspbian-10,ssh
22,tcp,OpenSSH_7.9p1 Raspbian-10+deb10u1,ssh
22,tcp,OpenSSH_7.9p1 Raspbian-10+deb10u2+rpt1,ssh
22,tcp,OpenSSH_8.1p1 Raspbian-1,ssh
22,tcp,OpenSSH_8.1p1 Raspbian-1+deb11u1,ssh
22,tcp,OpenSSH_7.5p1 Raspbian-10,ssh
22,tcp,OpenSSH_6.9p1 Raspbian-3,ssh
22,tcp,OpenSSH_3.4p1+CAN-2004-0175,ssh
22,tcp,OpenSSH_2.3.0_Mikrotik_v2.9,ssh
22,tcp,OpenSSH_4.3-HipServ,ssh
22,tcp,OpenSSH_for_Windows_7.7,ssh
22,tcp,OpenSSH_3.8 in DesktopAuthority 7.1.091,ssh
22,tcp,OpenSSH_5.9 FIPS,ssh
22,tcp,OpenSSH_6.2 PKIX FIPS,ssh
22,tcp,OpenSSH_3.8.1p1 FIPS,ssh
22,tcp,OpenSSH_5.9p1,ssh
22,tcp,OpenSSH_5.9,ssh
22,tcp,OpenSSH_3.8.1p1,ssh
22,tcp,OpenSSH_6.6.1,ssh
22,tcp,OpenSSH,ssh
22,tcp,Cisco-1.25,ssh
22,tcp,CISCO_WLC,ssh
22,tcp,Cleo Harmony/5.5.0.3 SSH FTP server,ssh
22,tcp,Cleo VLProxy/3.2 SSH FTP server,ssh
22,tcp,Sun_SSH_1.1,ssh
22,tcp,SSH Protocol Compatible Server SCS 2.0,ssh
22,tcp,NetScreen,ssh
22,tcp,HUAWEI-1.5,ssh
22,tcp,HUAWEI-UMG8900,ssh
22,tcp,HUAWEI-VRP-3.10,ssh
22,tcp,HUAWEI_VRPV8.0,ssh
22,tcp,1.36_sshlib GlobalSCAPE,ssh
22,tcp,1.82_sshlib Globalscape,ssh
22,tcp,1.36 sshlib: GlobalScape,ssh
22,tcp,1.78 sshlib: WinSSHD 4.15a,ssh
22,tcp,1.03 FlowSsh: WinSSHD 5.09,ssh
22,tcp,1.07 FlowSsh: WinSSHD 5.20: free only for personal non-commercial use,ssh
22,tcp,5.21 FlowSsh: Bitvise SSH Server (WinSSHD) 6.03: free only for personal non-commercial use,ssh
22,tcp,9.99 FlowSsh: Bitvise SSH Server (WinSSHD),ssh
22,tcp,9.99 FlowSsh: Bitvise SSH Server (WinSSHD) : free only for personal non-commercial use,ssh
22,tcp,1.29 sshlib: MOVEit DMZ SSH 3.0.5.0,ssh
22,tcp,MOVEit Transfer SFTP,ssh
22,tcp,paramiko_2.1.3 501 command not implemented ERROR,ssh
22,tcp,paramiko_2.1.4,ssh
22,tcp,Pragma SecureShell 3.0,ssh
22,tcp,Pragma FortressSSH 5.0.9.2031,ssh
22,tcp,Pragma FortressSSH 5.0.9.2680 [10.10.10.10],ssh
22,tcp,RebexSSH_1.0.5.25508,ssh
22,tcp,RGOS_SSH_1.0,ssh
22,tcp,RGOS_PK3223,ssh
22,tcp,VShell_3_6_2_446 VShell,ssh
22,tcp,VShell_Special_Edition_2_5_0_204 VShell,ssh
22,tcp,1.0.2 VShell,ssh
22,tcp,WRQReflectionForSecureIT_6.1 Build 21,ssh
22,tcp,WRQReflectionforSecureIT_8.2 Build 117,ssh
22,tcp,3.2.3 F-Secure SSH Windows NT Server,ssh
22,tcp,6.4.12.353 SSH Tectia Server,ssh
22,tcp,3.2.9.1 SSH Secure Shell (non-commercial),ssh
22,tcp,4.0.3 SSH Secure Shell,ssh
22,tcp,4.4.2.3 SSH Secure Shell,ssh
22,tcp,4.0.3 SSH Secure Shell Windows NT Server,ssh
22,tcp,ARRIS_0.50,ssh
22,tcp,Mocana SSH 5.3.1,ssh
22,tcp,Mocana SSH,ssh
22,tcp,FreSSH.0.8,ssh
22,tcp,RomCliSecure_4.12,ssh
22,tcp,Process Software SSH 6.1.5.0 MultiNet,ssh
22,tcp,dropbear,ssh
22,tcp,dropbear_2015.67,ssh
22,tcp,dropbear_0.49,ssh
22,tcp,lancom,ssh
22,tcp,Comware-5.20.105,ssh
22,tcp,Comware-5.20,ssh
22,tcp,Data ONTAP SSH 1.0,ssh
22,tcp,3.2.0 SSH Secure Shell OpenVMS V5.5,ssh
22,tcp,2.4.1 SSH Secure Shell OpenVMS V1.0,ssh
22,tcp,3.2.0 SSH Secure Shell OpenVMS V5.5 VMS_sftp_version 3,ssh
22,tcp,3.2.0 SSH OpenVMS V5.5 VMS_sftp_version 3,ssh
22,tcp,3.2.0 SSH Secure Shell Tru64 UNIX,ssh
22,tcp,ROSSSH,ssh
22,tcp,xlightftpd_release_3.8.3.6.1,ssh
22,tcp,libssh-0.6.0,ssh
22,tcp,libssh_0.8.0,ssh
22,tcp,WeOnlyDo 1.2.7,ssh
22,tcp,WeOnlyDo 2.0.1,ssh
22,tcp,WeOnlyDo 2.5.4,ssh
22,tcp,WeOnlyDo 2.2.9 (FIPS),ssh
22,tcp,WeOnlyDo 2.4.3 (FIPS),ssh
22,tcp,Zyxel SSH server,ssh
3306,tcp,org.freedesktop.Avahi.cookie=1023312927,mdns
3306,tcp,CCProxy NNTP Service,nntp
3306,tcp,blah Lyris ListManager NNTP Service ready (posting ok).,nntp
3306,tcp,NNTP Service 5.00.0984 Version: 5.0.2195.7034 Posting Allowed,nntp
3306,tcp,NNTP Service 5.00.0984 Version: 5.0.2195.5329 Posting Allowed,nntp
3306,tcp,NNTP Service 6.0.3790.3959 Version: 6.0.3790.3959 Posting Allowed,nntp
3306,tcp,NNTP Service 6.0.3790.206 Version: 6.0.3790.206 Posting Allowed,nntp
3306,tcp,NNTP Service Microsoft. Internet Services 5.00 Version: 5.0.2068.0 Posting Allowed,nntp
3306,tcp,NNTP Service Microsoft. Internet Services 5.00.7515. Version: 5.0.0.7515 Posting Allowed,nntp
3306,tcp,NNTP Service Microsoft. Internet Services 5.5 Version: 5.5.1726.0 Posting Allowed,nntp
3306,tcp,Kerio Connect 9.2.3 NNTP server ready,nntp
3306,tcp,Kerio Connect 9.2.6 patch 2 NNTP server ready,nntp
3306,tcp,Kerio MailServer 6.7.3 NNTP server ready,nntp
3306,tcp,NNTP server ready (no posting),nntp
3306,tcp,NNTP server ready,nntp
3306,tcp,0x0900003D:Null Team YATE:3.3.2 (OpenH323 v1.19.0),h323
3306,tcp,0xb5002331:ViewStation 7.0:Release 7.5.4 - 04 Mar 2005,h323
3306,tcp,none,dns
3306,tcp,null,dns
3306,tcp,unknown,dns
3306,tcp,no version,dns
3306,tcp,9.8.2rc1-RedHat-9.8.2-0.62.rc1.el6_9.2,dns
3306,tcp,9.9.4-RedHat-9.9.4-38.el7_3.3,dns
3306,tcp,9.3.6-P1-RedHat-9.3.6-25.P1.el5_11.12,dns
3306,tcp,9.9.1-P3-RedHat-9.9.1.P3.el6,dns
3306,tcp,9.9.3-rpz2+rl.13208.13-P2-RedHat-9.9.3-4.P2.el6,dns
3306,tcp,9.7.3-P3-RedHat-9.7.3-2.el6_1.P3.3,dns
3306,tcp,9.8.2rc1-RedHat-9.8.2-0.47.rc1.el6,dns
3306,tcp,9.10.4-P8-RedHat-9.10.4-4.P8.fc25,dns
3306,tcp,9.9.3-rl.13207.22-P2-RedHat-9.9.3-5.P2.fc19,dns
3306,tcp,9.5.2-RedHat-9.5.2-1.fc10,dns
3306,tcp,9.8.2rc1-RedHat-9.8.2-0.37.rc1.45.amzn1,dns
3306,tcp,9.7.3-P3-RedHat-9.7.3-2.11.amzn1,dns
3306,tcp,9.9.9-P3-RedHat-9.9.9-2.1.alios6,dns
3306,tcp,9.8.2rc1-RedHat-9.8.2-0.23.rc1.2.alios6.1,dns
3306,tcp,9.9.10-P2-RedHat-9.9.10-P2,dns
3306,tcp,9.9.5-RedHat-9.9.5-1,dns
3306,tcp,9.8.2rc1-RedHat-9.8.2-0.10.rc1.1,dns
3306,tcp,9.9.5-11ubuntu1.1-Ubuntu,dns
3306,tcp,9.10.3-P4-10.1ubuntu5-Ubuntu,dns
3306,tcp,9.9.3-rpz2+rl.13214.22-P2-Ubuntu-1:9.9.3.dfsg.P2-4ubuntu1.1,dns
3306,tcp,9.10.3-P4-Ubuntu,dns
3306,tcp,9.9.5-3-Ubuntu,dns
3306,tcp,9.9.5-4.3-Ubuntu,dns
3306,tcp,9.9.5-3+zentyal-Ubuntu,dns
3306,tcp,9.9.5-3-zentyal1-Ubuntu,dns
3306,tcp,9.9.3-rpz2+rl.13214.22-P2-Ubuntu-2:9.9.3.dfsg.P2-4ubuntu1.1+zentyal12,dns
3306,tcp,9.11.5-P4-5.1+deb10u1-Debian,dns
3306,tcp,9.9.5-9+deb8u11-Debian,dns
3306,tcp,9.9.5-9+deb8u6A~4.2.0.201702281603-Debian,dns
3306,tcp,9.9.5-9wheezy1-Debian,dns
3306,tcp,9.10.3-P4-Debian,dns
3306,tcp,9.9.5-12.1-Debian,dns
3306,tcp,9.9.5-4-Debian,dns
3306,tcp,9.8.4-rpz2+rl005.12-P1,dns
3306,tcp,9.9.3-rpz2+rl.156.01-P2,dns
3306,tcp,DNS Server BIND 9.6-ESV-R7-P2,dns
3306,tcp,9.7.0-P1,dns
3306,tcp,9.4.2-P2.1,dns
3306,tcp,9.9.5-W1,dns
3306,tcp,9.2.2rc1,dns
3306,tcp,9.4.2-P2-W2,dns
3306,tcp,9.5.0b1,dns
3306,tcp,8.2.2-P5,dns
3306,tcp,BIND 8.2.2-P5,dns
3306,tcp,9.6-ESV-R11-P2,dns
3306,tcp,9.6.-ESV-R6,dns
3306,tcp,9.6-ESV,dns
3306,tcp,8.4.7-REL-NOESW,dns
3306,tcp,8.3.7-REL,dns
3306,tcp,8.2.2-P5-NOESW,dns
3306,tcp,dnsmasq-2.40,dns
3306,tcp,dnsmasq-2.51.2,dns
3306,tcp,dnsmasq-2.63rc6,dns
3306,tcp,dnsmasq-2.76test8,dns
3306,tcp,dnsmasq-2.76-1-ubnt2,dns
3306,tcp,dnsmasq-2.15-OpenDNS-1,dns
3306,tcp,dnsmasq-UNKNOWN,dns
3306,tcp,dnsmasq-,dns
3306,tcp,dnsmasq,dns
3306,tcp,PowerDNS Recursor 3.6.2 (jenkins@autotest.powerdns.com built 20141031140810 mockbuild@),dns
3306,tcp,PowerDNS Recursor 3.7.4-rc1 (jenkins@autotest.powerdns.com built 20170120211656 root@foo-bar.foo.baz),dns
3306,tcp,PowerDNS Recursor 4.0.4 (built Apr 13 2017 09:59:06 by root@oof-e.baz.foo.bar),dns
3306,tcp,PowerDNS Recursor 4.0.4,dns
3306,tcp,PowerDNS Recursor 4.0.0-alpha2,dns
3306,tcp,PowerDNS Recursor 3.5.3 $Id$,dns
3306,tcp,PowerDNS Recursor 3.2 $Id: pdns_recursor.cc 1538 2010-03-06 11:39:03Z ahu $,dns
3306,tcp,PowerDNS Recursor,dns
3306,tcp,PowerDNS Authoritative Server 3.4.19 (jenkins@autotest.powerdns.com built 20160102220341 root@),dns
3306,tcp,PowerDNS Authoritative Server 3.4.10 (jenkins@autotest.powerdns.com built 20170306160718 root@foo-bar.foo.baz),dns
3306,tcp,PowerDNS Authoritative Server 3.3 (jenkins@autotest.powerdns.com built 20150306160718 root@foo-bar.foo.baz),dns
3306,tcp,PowerDNS Authoritative Server 3.3-rc2 (jenkins@autotest.powerdns.com built 20130627120406 root@foo-bar.foo.baz),dns
3306,tcp,PowerDNS Authoritative Server 3.4.10 (jenkins@autotest.powerdns.com built  @),dns
3306,tcp,PowerDNS Authoritative Server 4.0.4 (built Jul 26 2017 15:04:27 by root@FreeBSD:11:amd64-default-job-03),dns
3306,tcp,PowerDNS Authoritative Server 4.0.0-rc2 (built Jul  4 2016 15:44:39 by root@foo-bar.baz),dns
3306,tcp,PowerDNS Authoritative Server 4.0.0-alpha2 (built Feb 01 2016 00:12:05 by buildbot@baz),dns
3306,tcp,PowerDNS Authoritative Server 4.0.0-beta1 (built Feb 01 2016 00:00:00 by buildbot@baz),dns
3306,tcp,PowerDNS Authoritative Server 0.0.g56d692a (built Feb 25 2017 13:10:19 by root@foo-bar.baz),dns
3306,tcp,PowerDNS Authoritative Server 4.2.0-rc2.995.master.g8cc411dc4 (built Nov  6 2019 11:48:12 by root@foo-bar.baz),dns
3306,tcp,PowerDNS Authoritative Server 4.0.0,dns
3306,tcp,PowerDNS Authoritative Server 4.0.0-alpha2,dns
3306,tcp,Served by POWERDNS 2.9.22 $Id: packethandler.cc 1321 2008-12-06 19:44:36Z ahu $,dns
3306,tcp,Served by PowerDNS - https://www.powerdns.com/,dns
3306,tcp,Served by PowerDNS - http://www.powerdns.com,dns
3306,tcp,Nominum Vantio 4.3.0.2,dns
3306,tcp,Nominum Vantio CacheServe 7.2.1.3,dns
3306,tcp,Nominum Vantio 5.4.5.1 (build 114872),dns
3306,tcp,Nominum ANS 5.4.0.0,dns
3306,tcp,Nominum ANSPremier 5.4.0.0,dns
3306,tcp,NSD 3.2.18,dns
3306,tcp,NSD 4.0.0b5,dns
3306,tcp,NSD 4,dns
3306,tcp,unbound 1.4.22,dns
3306,tcp,unbound,dns
3306,tcp,9.11.5-P4-5.1+deb10u1-Raspbian,dns
3306,tcp,9.9.5-9+deb8u7-Raspbian,dns
3306,tcp,BIND 9.9.5-9+deb8u11-Raspbian,dns
3306,tcp,9.10.3-P4-Raspbian,dns
3306,tcp,Knot DNS 1.6.0,dns
3306,tcp,Knot DNS 2.5.0-dev,dns
3306,tcp,UltraDNS Resolver,dns
3306,tcp,UltraDNS TLD Platform - www.ultradns.com,dns
3306,tcp,Microsoft DNS 10.0.14393 (383900CE),dns
3306,tcp,Microsoft DNS 6.3.9600 (25804825),dns
3306,tcp,Microsoft DNS 6.2.9200 (23F04000),dns
3306,tcp,Microsoft DNS 6.1.7601 (1DB15CD4),dns
3306,tcp,Microsoft DNS 6.1.7601,dns
3306,tcp,Microsoft DNS 6.1.7600 (1DB04228),dns
3306,tcp,Microsoft DNS 6.0.6100 (2AEF76E),dns
3306,tcp,Microsoft DNS 6.0.6003 (1773501D),dns
3306,tcp,Microsoft DNS 6.0.6002 (17724D35),dns
3306,tcp,Microsoft DNS 6.0.6001 (17714726),dns
3306,tcp,Microsoft DNS 5.2.3790 (ECE135D),dns
3306,tcp,DNSServer,dns
3306,tcp,"Incognito DNS Service 6.4.4.2 (built Aug 10 2015) [up=15d30902s, ser=9876]",dns
3306,tcp,djbdns 1.05,dns
3306,tcp,djbdns-1.05,dns
3306,tcp,DjbDNS 1.05,dns
3306,tcp,DJBDNS,dns
3306,tcp,djbdns,dns
3306,tcp,rbldnsd 0.997a (23 Jul 2013),dns
3306,tcp,rbldnsd 0.996a-0.1 (01 Apr 2008),dns
3306,tcp,rbldnsd 0.998/WGC (31 Dec 2015),dns
3306,tcp,ALU DNS 6.2 Build 22,dns
3306,tcp,ALU DNS 6.2 Build 9,dns
3306,tcp,DraytekDNS-v1.2.3006,dns
3306,tcp,Atlas Anchor 0.1,dns
3306,tcp,ZyWALL DNS,dns
3306,tcp,Array SmartDNS,dns
3306,tcp,gdnsd,dns
3306,tcp,Hi:  Thu Aug 17 23:29:10 2017,dns
3306,tcp,Hi: Lookup=VERSION.BIND Date=Thu Aug 17 23:53:10 UTC 2017,dns
3306,tcp,Meta IP DNS - BIND V8.2.7-REL (Build 31),dns
3306,tcp,Meta IP/DNS V4.1 - BIND V8.1.2 (Build 4704 ),dns
3306,tcp,CleanBrowsing v1.5a - dns-edge-usa-west-sunnyvale-p,dns
3306,tcp,CleanBrowsing v1.4a - dns-edge-usa-west-sunnyvale.cleanbrowsing.org,dns
3306,tcp,dnsmasq-pi-hole-2.80,dns
3306,tcp,Q9-P-6.0,dns
3306,tcp,keweonDNS v.9.63.7201,dns
3306,tcp,Version: recursive-main/22386077,dns
3306,tcp,503 5.5.0 Not accepting any command except QUIT,smtp
3306,tcp,PHP/7.0.30,apache
3306,tcp,Perl/,apache
3306,tcp,mod_access/1.2.3,apache
3306,tcp,mod_access/,apache
3306,tcp,mod_access_compat/1.2.3,apache
3306,tcp,mod_access_compat/,apache
3306,tcp,mod_actions/1.2.3,apache
3306,tcp,mod_actions/,apache
3306,tcp,mod_alias/1.2.3,apache
3306,tcp,mod_alias/,apache
3306,tcp,mod_allowmethods/1.2.3,apache
3306,tcp,mod_allowmethods/,apache
3306,tcp,mod_asis/1.2.3,apache
3306,tcp,mod_asis/,apache
3306,tcp,mod_auth/1.2.3,apache
3306,tcp,mod_auth/,apache
3306,tcp,mod_auth_anon/1.2.3,apache
3306,tcp,mod_auth_anon/,apache
3306,tcp,mod_auth_basic/1.2.3,apache
3306,tcp,mod_auth_basic/,apache
3306,tcp,mod_auth_dbm/1.2.3,apache
3306,tcp,mod_auth_dbm/,apache
3306,tcp,mod_auth_digest/1.2.3,apache
3306,tcp,mod_auth_digest/,apache
3306,tcp,mod_auth_form/1.2.3,apache
3306,tcp,mod_auth_form/,apache
3306,tcp,mod_auth_ldap/1.2.3,apache
3306,tcp,mod_auth_ldap/,apache
3306,tcp,mod_auth_oracle/1.2.3,apache
3306,tcp,mod_auth_oracle/,apache
3306,tcp,mod_auth_pgsql/1.2.3,apache
3306,tcp,mod_auth_pgsql/,apache
3306,tcp,mod_auth_radius/1.2.3,apache
3306,tcp,mod_auth_radius/,apache
3306,tcp,mod_authn_alias/1.2.3,apache
3306,tcp,mod_authn_alias/,apache
3306,tcp,mod_authn_anon/1.2.3,apache
3306,tcp,mod_authn_anon/,apache
3306,tcp,mod_authn_core/1.2.3,apache
3306,tcp,mod_authn_core/,apache
3306,tcp,mod_authn_dbd/1.2.3,apache
3306,tcp,mod_authn_dbd/,apache
3306,tcp,mod_authn_dbm/1.2.3,apache
3306,tcp,mod_authn_dbm/,apache
3306,tcp,mod_authn_default/1.2.3,apache
3306,tcp,mod_authn_default/,apache
3306,tcp,mod_authn_file/1.2.3,apache
3306,tcp,mod_authn_file/,apache
3306,tcp,mod_authn_socache/1.2.3,apache
3306,tcp,mod_authn_socache/,apache
3306,tcp,mod_authnz_fcgi/1.2.3,apache
3306,tcp,mod_authnz_fcgi/,apache
3306,tcp,mod_authnz_ldap/1.2.3,apache
3306,tcp,mod_authnz_ldap/,apache
3306,tcp,mod_authz_core/1.2.3,apache
3306,tcp,mod_authz_core/,apache
3306,tcp,mod_authz_dbd/1.2.3,apache
3306,tcp,mod_authz_dbd/,apache
3306,tcp,mod_authz_dbm/1.2.3,apache
3306,tcp,mod_authz_dbm/,apache
3306,tcp,mod_authz_default/1.2.3,apache
3306,tcp,mod_authz_default/,apache
3306,tcp,mod_authz_groupfile/1.2.3,apache
3306,tcp,mod_authz_groupfile/,apache
3306,tcp,mod_authz_host/1.2.3,apache
3306,tcp,mod_authz_host/,apache
3306,tcp,mod_authz_owner/1.2.3,apache
3306,tcp,mod_authz_owner/,apache
3306,tcp,mod_authz_user/1.2.3,apache
3306,tcp,mod_authz_user/,apache
3306,tcp,mod_autoindex/1.2.3,apache
3306,tcp,mod_autoindex/,apache
3306,tcp,mod_brotli/1.2.3,apache
3306,tcp,mod_brotli/,apache
3306,tcp,mod_buffer/1.2.3,apache
3306,tcp,mod_buffer/,apache
3306,tcp,mod_cache/1.2.3,apache
3306,tcp,mod_cache/,apache
3306,tcp,mod_cache_disk/1.2.3,apache
3306,tcp,mod_cache_disk/,apache
3306,tcp,mod_cache_socache/1.2.3,apache
3306,tcp,mod_cache_socache/,apache
3306,tcp,mod_cern_meta/1.2.3,apache
3306,tcp,mod_cern_meta/,apache
3306,tcp,mod_cgi/1.2.3,apache
3306,tcp,mod_cgi/,apache
3306,tcp,mod_cgid/1.2.3,apache
3306,tcp,mod_cgid/,apache
3306,tcp,mod_charset_lite/1.2.3,apache
3306,tcp,mod_charset_lite/,apache
3306,tcp,mod_data/1.2.3,apache
3306,tcp,mod_data/,apache
3306,tcp,mod_dav/1.2.3,apache
3306,tcp,mod_dav/,apache
3306,tcp,mod_dav_fs/1.2.3,apache
3306,tcp,mod_dav_fs/,apache
3306,tcp,mod_dav_lock/1.2.3,apache
3306,tcp,mod_dav_lock/,apache
3306,tcp,mod_dav_svn/1.2.3,apache
3306,tcp,mod_dav_svn/,apache
3306,tcp,mod_dbd/1.2.3,apache
3306,tcp,mod_dbd/,apache
3306,tcp,mod_deflate/1.2.3,apache
3306,tcp,mod_deflate/,apache
3306,tcp,mod_dialup/1.2.3,apache
3306,tcp,mod_dialup/,apache
3306,tcp,mod_dir/1.2.3,apache
3306,tcp,mod_dir/,apache
3306,tcp,mod_disk_cache/1.2.3,apache
3306,tcp,mod_disk_cache/,apache
3306,tcp,mod_dontdothat/1.2.3,apache
3306,tcp,mod_dontdothat/,apache
3306,tcp,mod_dumpio/1.2.3,apache
3306,tcp,mod_dumpio/,apache
3306,tcp,mod_echo/1.2.3,apache
3306,tcp,mod_echo/,apache
3306,tcp,mod_env/1.2.3,apache
3306,tcp,mod_env/,apache
3306,tcp,mod_example/1.2.3,apache
3306,tcp,mod_example/,apache
3306,tcp,mod_example_hooks/1.2.3,apache
3306,tcp,mod_example_hooks/,apache
3306,tcp,mod_expires/1.2.3,apache
3306,tcp,mod_expires/,apache
3306,tcp,mod_ext_filter/1.2.3,apache
3306,tcp,mod_ext_filter/,apache
3306,tcp,mod_fcgid/1.2.3,apache
3306,tcp,mod_fcgid/,apache
3306,tcp,mod_file_cache/1.2.3,apache
3306,tcp,mod_file_cache/,apache
3306,tcp,mod_filter/1.2.3,apache
3306,tcp,mod_filter/,apache
3306,tcp,mod_frontpage/1.2.3,apache
3306,tcp,mod_frontpage/,apache
3306,tcp,mod_gzip/1.2.3,apache
3306,tcp,mod_gzip/,apache
3306,tcp,mod_headers/1.2.3,apache
3306,tcp,mod_headers/,apache
3306,tcp,mod_heartbeat/1.2.3,apache
3306,tcp,mod_heartbeat/,apache
3306,tcp,mod_heartmonitor/1.2.3,apache
3306,tcp,mod_heartmonitor/,apache
3306,tcp,mod_http2/1.2.3,apache
3306,tcp,mod_http2/,apache
3306,tcp,mod_ident/1.2.3,apache
3306,tcp,mod_ident/,apache
3306,tcp,mod_imagemap/1.2.3,apache
3306,tcp,mod_imagemap/,apache
3306,tcp,mod_imap/1.2.3,apache
3306,tcp,mod_imap/,apache
3306,tcp,mod_include/1.2.3,apache
3306,tcp,mod_include/,apache
3306,tcp,mod_info/1.2.3,apache
3306,tcp,mod_info/,apache
3306,tcp,mod_isapi/1.2.3,apache
3306,tcp,mod_isapi/,apache
3306,tcp,mod_jk/1.2.3,apache
3306,tcp,mod_jk/,apache
3306,tcp,mod_jk2/1.2.3,apache
3306,tcp,mod_jk2/,apache
3306,tcp,mod_lbmethod_bybusyness/1.2.3,apache
3306,tcp,mod_lbmethod_bybusyness/,apache
3306,tcp,mod_lbmethod_byrequests/1.2.3,apache
3306,tcp,mod_lbmethod_byrequests/,apache
3306,tcp,mod_lbmethod_bytraffic/1.2.3,apache
3306,tcp,mod_lbmethod_bytraffic/,apache
3306,tcp,mod_lbmethod_heartbeat/1.2.3,apache
3306,tcp,mod_lbmethod_heartbeat/,apache
3306,tcp,mod_ldap/1.2.3,apache
3306,tcp,mod_ldap/,apache
3306,tcp,mod_log_config/1.2.3,apache
3306,tcp,mod_log_config/,apache
3306,tcp,mod_log_debug/1.2.3,apache
3306,tcp,mod_log_debug/,apache
3306,tcp,mod_log_forensic/1.2.3,apache
3306,tcp,mod_log_forensic/,apache
3306,tcp,mod_logio/1.2.3,apache
3306,tcp,mod_logio/,apache
3306,tcp,mod_lua/1.2.3,apache
3306,tcp,mod_lua/,apache
3306,tcp,mod_macro/1.2.3,apache
3306,tcp,mod_macro/,apache
3306,tcp,mod_md/1.2.3,apache
3306,tcp,mod_md/,apache
3306,tcp,mod_mem_cache/1.2.3,apache
3306,tcp,mod_mem_cache/,apache
3306,tcp,mod_mime/1.2.3,apache
3306,tcp,mod_mime/,apache
3306,tcp,mod_mime_magic/1.2.3,apache
3306,tcp,mod_mime_magic/,apache
3306,tcp,mod_negotiation/1.2.3,apache
3306,tcp,mod_negotiation/,apache
3306,tcp,mod_nw_ssl/1.2.3,apache
3306,tcp,mod_nw_ssl/,apache
3306,tcp,mod_perl/1.2.3,apache
3306,tcp,mod_perl/,apache
3306,tcp,mod_privileges/1.2.3,apache
3306,tcp,mod_privileges/,apache
3306,tcp,mod_proxy/1.2.3,apache
3306,tcp,mod_proxy/,apache
3306,tcp,mod_proxy_ajp/1.2.3,apache
3306,tcp,mod_proxy_ajp/,apache
3306,tcp,mod_proxy_balancer/1.2.3,apache
3306,tcp,mod_proxy_balancer/,apache
3306,tcp,mod_proxy_connect/1.2.3,apache
3306,tcp,mod_proxy_connect/,apache
3306,tcp,mod_proxy_express/1.2.3,apache
3306,tcp,mod_proxy_express/,apache
3306,tcp,mod_proxy_fcgi/1.2.3,apache
3306,tcp,mod_proxy_fcgi/,apache
3306,tcp,mod_proxy_fdpass/1.2.3,apache
3306,tcp,mod_proxy_fdpass/,apache
3306,tcp,mod_proxy_ftp/1.2.3,apache
3306,tcp,mod_proxy_ftp/,apache
3306,tcp,mod_proxy_hcheck/1.2.3,apache
3306,tcp,mod_proxy_hcheck/,apache
3306,tcp,mod_proxy_html/1.2.3,apache
3306,tcp,mod_proxy_html/,apache
3306,tcp,mod_proxy_http/1.2.3,apache
3306,tcp,mod_proxy_http/,apache
3306,tcp,mod_proxy_http2/1.2.3,apache
3306,tcp,mod_proxy_http2/,apache
3306,tcp,mod_proxy_scgi/1.2.3,apache
3306,tcp,mod_proxy_scgi/,apache
3306,tcp,mod_proxy_uwsgi/1.2.3,apache
3306,tcp,mod_proxy_uwsgi/,apache
3306,tcp,mod_proxy_wstunnel/1.2.3,apache
3306,tcp,mod_proxy_wstunnel/,apache
3306,tcp,mod_python/1.2.3,apache
3306,tcp,mod_python/,apache
3306,tcp,mod_ratelimit/1.2.3,apache
3306,tcp,mod_ratelimit/,apache
3306,tcp,mod_reflector/1.2.3,apache
3306,tcp,mod_reflector/,apache
3306,tcp,mod_remoteip/1.2.3,apache
3306,tcp,mod_remoteip/,apache
3306,tcp,mod_reqtimeout/1.2.3,apache
3306,tcp,mod_reqtimeout/,apache
3306,tcp,mod_request/1.2.3,apache
3306,tcp,mod_request/,apache
3306,tcp,mod_rewrite/1.2.3,apache
3306,tcp,mod_rewrite/,apache
3306,tcp,mod_sed/1.2.3,apache
3306,tcp,mod_sed/,apache
3306,tcp,mod_session/1.2.3,apache
3306,tcp,mod_session/,apache
3306,tcp,mod_session_cookie/1.2.3,apache
3306,tcp,mod_session_cookie/,apache
3306,tcp,mod_session_crypto/1.2.3,apache
3306,tcp,mod_session_crypto/,apache
3306,tcp,mod_session_dbd/1.2.3,apache
3306,tcp,mod_session_dbd/,apache
3306,tcp,mod_setenvif/1.2.3,apache
3306,tcp,mod_setenvif/,apache
3306,tcp,mod_slotmem_plain/1.2.3,apache
3306,tcp,mod_slotmem_plain/,apache
3306,tcp,mod_slotmem_shm/1.2.3,apache
3306,tcp,mod_slotmem_shm/,apache
3306,tcp,mod_so/1.2.3,apache
3306,tcp,mod_so/,apache
3306,tcp,mod_socache_dbm/1.2.3,apache
3306,tcp,mod_socache_dbm/,apache
3306,tcp,mod_socache_dc/1.2.3,apache
3306,tcp,mod_socache_dc/,apache
3306,tcp,mod_socache_memcache/1.2.3,apache
3306,tcp,mod_socache_memcache/,apache
3306,tcp,mod_socache_shmcb/1.2.3,apache
3306,tcp,mod_socache_shmcb/,apache
3306,tcp,mod_speling/1.2.3,apache
3306,tcp,mod_speling/,apache
3306,tcp,mod_ssl/1.2.3,apache
3306,tcp,mod_ssl/,apache
3306,tcp,mod_status/1.2.3,apache
3306,tcp,mod_status/,apache
3306,tcp,mod_substitute/1.2.3,apache
3306,tcp,mod_substitute/,apache
3306,tcp,mod_suexec/1.2.3,apache
3306,tcp,mod_suexec/,apache
3306,tcp,mod_unique_id/1.2.3,apache
3306,tcp,mod_unique_id/,apache
3306,tcp,mod_unixd/1.2.3,apache
3306,tcp,mod_unixd/,apache
3306,tcp,mod_userdir/1.2.3,apache
3306,tcp,mod_userdir/,apache
3306,tcp,mod_usertrack/1.2.3,apache
3306,tcp,mod_usertrack/,apache
3306,tcp,mod_version/1.2.3,apache
3306,tcp,mod_version/,apache
3306,tcp,mod_vhost_alias/1.2.3,apache
3306,tcp,mod_vhost_alias/,apache
3306,tcp,mod_watchdog/1.2.3,apache
3306,tcp,mod_watchdog/,apache
3306,tcp,mod_wsgi/1.2.3,apache
3306,tcp,mod_wsgi/,apache
3306,tcp,mod_xml2enc/1.2.3,apache
3306,tcp,mod_xml2enc/,apache
3306,tcp,Phusion_Passenger/1.1,apache
3306,tcp,Windows NT 4.0,smb
3306,tcp,Windows 95,smb
3306,tcp,Windows 98,smb
3306,tcp,Windows 5.0,smb
3306,tcp,Windows 5.1,smb
3306,tcp,Windows 6.1,smb
3306,tcp,Windows XP 2600 Service Pack 1,smb
3306,tcp,Windows XP 2600,smb
3306,tcp,Windows XP Home Edition,smb
3306,tcp,Windows XP Professional,smb
3306,tcp,Windows Server 2003 R2 3790 Service Pack 2,smb
3306,tcp,"Windows Server 2003 R2 3790 Service Pack 2, v.2825",smb
3306,tcp,Windows Server 2003 3790,smb
3306,tcp,Windows Server 2003,smb
3306,tcp,"Windows Server 2003 3790 Service Pack 1, v.3309",smb
3306,tcp,Windows Server 2003 3790 Service Pack 2,smb
3306,tcp,Windows Server 2008,smb
3306,tcp,Windows Server (R) 2008 Enterprise without Hyper-V 6001 Service Pack 1,smb
3306,tcp,"Windows Server (R) 2008 Enterprise 6002 Service Pack 2, v.275",smb
3306,tcp,Windows (R) Web Server 2008 6002 Service Pack 2,smb
3306,tcp,Windows (R) Web Server 2008 6002,smb
3306,tcp,Windows Server 2008 HPC Edition 7601 Service Pack 1,smb
3306,tcp,Windows Server 2008 HPC Edition 7600,smb
3306,tcp,Windows Server 2008 R2 Enterprise 7601 Service Pack 1,smb
3306,tcp,Windows Server 2008 R2 Standard 7601 Service Pack 1,smb
3306,tcp,Windows Server 2008 R2 Enterprise 7600,smb
3306,tcp,Windows Server 2008 R2 Standard 7600,smb
3306,tcp,Windows Server 2008 R2 Datacenter 7600,smb
3306,tcp,Windows Web Server 2008 R2 7601 Service Pack 1,smb
3306,tcp,Windows Web Server 2008 R2 7600,smb
3306,tcp,Windows Storage Server 2008 R2 Essentials 7601 Service Pack 1,smb
3306,tcp,Hyper-V Server 7601 Service Pack 1,smb
3306,tcp,Windows Server 2019 Standard 17763,smb
3306,tcp,Windows Server 2019 Standard Evaluation 17763,smb
3306,tcp,Windows Server 2019 Datacenter 17763,smb
3306,tcp,Windows Server 2019 Essentials 17763,smb
3306,tcp,Hyper-V Server 2019  17763,smb
3306,tcp,Windows Server 2016 Datacenter 14393,smb
3306,tcp,Windows Server 2016 Standard Evaluation 14393,smb
3306,tcp,Windows Server 2016 Technical Preview 4 Essentials 10586,smb
3306,tcp,Windows Storage Server 2016 Standard 14393,smb
3306,tcp,Hyper-V Server 2016 14393,smb
3306,tcp,Windows Vista (TM) Home Premium 6002 Service Pack 2,smb
3306,tcp,Windows Vista (TM) Home Premium 6000,smb
3306,tcp,Windows 7 Enterprise 7601 Service Pack 1,smb
3306,tcp,Windows 7 Starter 7601 Service Pack 1,smb
3306,tcp,"Windows 7 Ultimate 7601 Service Pack 1, v.178",smb
3306,tcp,Windows 7 7601 Service Pack 1,smb
3306,tcp,Windows 7 Enterprise 7600,smb
3306,tcp,Windows 8.1 Enterprise 9600,smb
3306,tcp,Windows 8 Enterprise 9200,smb
3306,tcp,Windows 8 9200,smb
3306,tcp,Windows Server 2012 R2 Standard 9600 Service Pack 1,smb
3306,tcp,Windows Server 2012 R2 Standard 9600,smb
3306,tcp,Windows Storage Server 2012 R2 Standard 9600,smb
3306,tcp,Windows Storage Server 2012 R2 Workgroup 9600,smb
3306,tcp,Windows Storage Server 2012 R2 Essentials 9600,smb
3306,tcp,Hyper-V Server 2012 R2 9600,smb
3306,tcp,Windows Server 2012 Standard 9200 Service Pack 1,smb
3306,tcp,Windows Server 2012 Standard 9200,smb
3306,tcp,Windows Storage Server 2012 Standard 9200,smb
3306,tcp,Windows Storage Server 2012 Workgroup 9200,smb
3306,tcp,Hyper-V Server 2012 9200,smb
3306,tcp,Windows MultiPoint Server 2012 Premium 9201 Service Pack 1,smb
3306,tcp,Windows MultiPoint Server 2012 Premium 9200,smb
3306,tcp,Windows 10 Enterprise Insider Preview 10130,smb
3306,tcp,Windows 10 Enterprise 10130,smb
3306,tcp,Windows 10 Mobile Enterprise 10130,smb
3306,tcp,Windows 10 Mobile 10130,smb
3306,tcp,Windows 10 Home 10130,smb
3306,tcp,Windows 10 Education 10130,smb
3306,tcp,Windows 10 Professional 10130,smb
3306,tcp,Windows 10 Enterprise N 2015 LTSB 10240,smb
3306,tcp,Windows 10 Enterprise 2016 LTSB Evaluation 14393,smb
3306,tcp,VxWorks,smb
3306,tcp,OS/400 V4R5M0,smb
3306,tcp,OS400 V5R4M5,smb
3306,tcp,I5OS V6R1M1,smb
3306,tcp,Apple Base Station,smb
3306,tcp,EMC-SNAS:T7.1.80.7,smb
3306,tcp,Netreon OS 1.0,smb
3306,tcp,axai9876,smb
3306,tcp,i3dg9876,smb
3306,tcp,m8dw9876,smb
3306,tcp,m8dy9876,smb
3306,tcp,m8fb9876,smb
3306,tcp,m8hp9876,smb
3306,tcp,m8ir9876,smb
3306,tcp,m8li9876,smb
3306,tcp,m8mo9876,smb
3306,tcp,m8o19876,smb
3306,tcp,m8ro9876,smb
3306,tcp,m8sc9876,smb
3306,tcp,m8so9876,smb
3306,tcp,m8su9876,smb
3306,tcp,m8sx9876,smb
3306,tcp,m8ul9876,smb
3306,tcp,m8un9876,smb
3306,tcp,m8wi9876,smb
3306,tcp,Unix,smb
3306,tcp,"214-This is ArGoSoft Mail Server, Version 1.4 (1.4.0.3)",smtp
3306,tcp,"214-To report bug, send mail to support@argosoft.com",smtp
3306,tcp,214 qmail home page: http://pobox.com/~djb/qmail.html,smtp
3306,tcp,502 5.3.0 Sendmail 8.11.2 -- HELP not implemented,smtp
